,TOA5,DAY 1,DAY 2,DAY 3,DAY 4,DAY 5,DAY 6,DAY 7,DAY 8,DAY 9,DAY 10,DAY 11,DAY 12,DAY 13,DAY 14,DAY 15,DAY 16,DAY 17,DAY 18,DAY 19,DAY 20,DAY 21,DAY 22,DAY 23,DAY 24,DAY 25
0,00:00:00,0.0,0.0,0.0,0.0,0.0,0.0,0.0,0.0,0.0,0.0,0.0,0.0,0.0,0.0,0.0,0.0,0.0,0.0,0.0,0.0,0.0,0.0,0.0,0.0,0.0
1,00:01:00,0.0,0.0,0.0,0.0,0.0,0.0,0.0,0.0,0.0,0.0,0.0,0.0,0.0,0.0,0.0,0.0,0.0,0.0,0.0,0.0,0.0,0.0,0.0,0.0,0.0
2,00:02:00,0.0,0.0,0.0,0.0,0.0,0.0,0.0,0.0,0.0,0.0,0.0,0.0,0.0,0.0,0.0,0.0,0.0,0.0,0.0,0.0,0.0,0.0,0.0,0.0,0.0
3,00:03:00,0.0,0.0,0.0,0.0,0.0,0.0,0.0,0.0,0.0,0.0,0.0,0.0,0.0,0.0,0.0,0.0,0.0,0.0,0.0,0.0,0.0,0.0,0.0,0.0,0.0
4,00:04:00,0.0,0.0,0.0,0.0,0.0,0.0,0.0,0.0,0.0,0.0,0.0,0.0,0.0,0.0,0.0,0.0,0.0,0.0,0.0,0.0,0.0,0.0,0.0,0.0,0.0
5,00:05:00,0.0,0.0,0.0,0.0,0.0,0.0,0.0,0.0,0.0,0.0,0.0,0.0,0.0,0.0,0.0,0.0,0.0,0.0,0.0,0.0,0.0,0.0,0.0,0.0,0.0
6,00:06:00,0.0,0.0,0.0,0.0,0.0,0.0,0.0,0.0,0.0,0.0,0.0,0.0,0.0,0.0,0.0,0.0,0.0,0.0,0.0,0.0,0.0,0.0,0.0,0.0,0.0
7,00:07:00,0.0,0.0,0.0,0.0,0.0,0.0,0.0,0.0,0.0,0.0,0.0,0.0,0.0,0.0,0.0,0.0,0.0,0.0,0.0,0.0,0.0,0.0,0.0,0.0,0.0
8,00:08:00,0.0,0.0,0.0,0.0,0.0,0.0,0.0,0.0,0.0,0.0,0.0,0.0,0.0,0.0,0.0,0.0,0.0,0.0,0.0,0.0,0.0,0.0,0.0,0.0,0.0
9,00:09:00,0.0,0.0,0.0,0.0,0.0,0.0,0.0,0.0,0.0,0.0,0.0,0.0,0.0,0.0,0.0,0.0,0.0,0.0,0.0,0.0,0.0,0.0,0.0,0.0,0.0
10,00:10:00,0.0,0.0,0.0,0.0,0.0,0.0,0.0,0.0,0.0,0.0,0.0,0.0,0.0,0.0,0.0,0.0,0.0,0.0,0.0,0.0,0.0,0.0,0.0,0.0,0.0
11,00:11:00,0.0,0.0,0.0,0.0,0.0,0.0,0.0,0.0,0.0,0.0,0.0,0.0,0.0,0.0,0.0,0.0,0.0,0.0,0.0,0.0,0.0,0.0,0.0,0.0,0.0
12,00:12:00,0.0,0.0,0.0,0.0,0.0,0.0,0.0,0.0,0.0,0.0,0.0,0.0,0.0,0.0,0.0,0.0,0.0,0.0,0.0,0.0,0.0,0.0,0.0,0.0,0.0
13,00:13:00,0.0,0.0,0.0,0.0,0.0,0.0,0.0,0.0,0.0,0.0,0.0,0.0,0.0,0.0,0.0,0.0,0.0,0.0,0.0,0.0,0.0,0.0,0.0,0.0,0.0
14,00:14:00,0.0,0.0,0.0,0.0,0.0,0.0,0.0,0.0,0.0,0.0,0.0,0.0,0.0,0.0,0.0,0.0,0.0,0.0,0.0,0.0,0.0,0.0,0.0,0.0,0.0
15,00:15:00,0.0,0.0,0.0,0.0,0.0,0.0,0.0,0.0,0.0,0.0,0.0,0.0,0.0,0.0,0.0,0.0,0.0,0.0,0.0,0.0,0.0,0.0,0.0,0.0,0.0
16,00:16:00,0.0,0.0,0.0,0.0,0.0,0.0,0.0,0.0,0.0,0.0,0.0,0.0,0.0,0.0,0.0,0.0,0.0,0.0,0.0,0.0,0.0,0.0,0.0,0.0,0.0
17,00:17:00,0.0,0.0,0.0,0.0,0.0,0.0,0.0,0.0,0.0,0.0,0.0,0.0,0.0,0.0,0.0,0.0,0.0,0.0,0.0,0.0,0.0,0.0,0.0,0.0,0.0
18,00:18:00,0.0,0.0,0.0,0.0,0.0,0.0,0.0,0.0,0.0,0.0,0.0,0.0,0.0,0.0,0.0,0.0,0.0,0.0,0.0,0.0,0.0,0.0,0.0,0.0,0.0
19,00:19:00,0.0,0.0,0.0,0.0,0.0,0.0,0.0,0.0,0.0,0.0,0.0,0.0,0.0,0.0,0.0,0.0,0.0,0.0,0.0,0.0,0.0,0.0,0.0,0.0,0.0
20,00:20:00,0.0,0.0,0.0,0.0,0.0,0.0,0.0,0.0,0.0,0.0,0.0,0.0,0.0,0.0,0.0,0.0,0.0,0.0,0.0,0.0,0.0,0.0,0.0,0.0,0.0
21,00:21:00,0.0,0.0,0.0,0.0,0.0,0.0,0.0,0.0,0.0,0.0,0.0,0.0,0.0,0.0,0.0,0.0,0.0,0.0,0.0,0.0,0.0,0.0,0.0,0.0,0.0
22,00:22:00,0.0,0.0,0.0,0.0,0.0,0.0,0.0,0.0,0.0,0.0,0.0,0.0,0.0,0.0,0.0,0.0,0.0,0.0,0.0,0.0,0.0,0.0,0.0,0.0,0.0
23,00:23:00,0.0,0.0,0.0,0.0,0.0,0.0,0.0,0.0,0.0,0.0,0.0,0.0,0.0,0.0,0.0,0.0,0.0,0.0,0.0,0.0,0.0,0.0,0.0,0.0,0.0
24,00:24:00,0.0,0.0,0.0,0.0,0.0,0.0,0.0,0.0,0.0,0.0,0.0,0.0,0.0,0.0,0.0,0.0,0.0,0.0,0.0,0.0,0.0,0.0,0.0,0.0,0.0
25,00:25:00,0.0,0.0,0.0,0.0,0.0,0.0,0.0,0.0,0.0,0.0,0.0,0.0,0.0,0.0,0.0,0.0,0.0,0.0,0.0,0.0,0.0,0.0,0.0,0.0,0.0
26,00:26:00,0.0,0.0,0.0,0.0,0.0,0.0,0.0,0.0,0.0,0.0,0.0,0.0,0.0,0.0,0.0,0.0,0.0,0.0,0.0,0.0,0.0,0.0,0.0,0.0,0.0
27,00:27:00,0.0,0.0,0.0,0.0,0.0,0.0,0.0,0.0,0.0,0.0,0.0,0.0,0.0,0.0,0.0,0.0,0.0,0.0,0.0,0.0,0.0,0.0,0.0,0.0,0.0
28,00:28:00,0.0,0.0,0.0,0.0,0.0,0.0,0.0,0.0,0.0,0.0,0.0,0.0,0.0,0.0,0.0,0.0,0.0,0.0,0.0,0.0,0.0,0.0,0.0,0.0,0.0
29,00:29:00,0.0,0.0,0.0,0.0,0.0,0.0,0.0,0.0,0.0,0.0,0.0,0.0,0.0,0.0,0.0,0.0,0.0,0.0,0.0,0.0,0.0,0.0,0.0,0.0,0.0
30,00:30:00,0.0,0.0,0.0,0.0,0.0,0.0,0.0,0.0,0.0,0.0,0.0,0.0,0.0,0.0,0.0,0.0,0.0,0.0,0.0,0.0,0.0,0.0,0.0,0.0,0.0
31,00:31:00,0.0,0.0,0.0,0.0,0.0,0.0,0.0,0.0,0.0,0.0,0.0,0.0,0.0,0.0,0.0,0.0,0.0,0.0,0.0,0.0,0.0,0.0,0.0,0.0,0.0
32,00:32:00,0.0,0.0,0.0,0.0,0.0,0.0,0.0,0.0,0.0,0.0,0.0,0.0,0.0,0.0,0.0,0.0,0.0,0.0,0.0,0.0,0.0,0.0,0.0,0.0,0.0
33,00:33:00,0.0,0.0,0.0,0.0,0.0,0.0,0.0,0.0,0.0,0.0,0.0,0.0,0.0,0.0,0.0,0.0,0.0,0.0,0.0,0.0,0.0,0.0,0.0,0.0,0.0
34,00:34:00,0.0,0.0,0.0,0.0,0.0,0.0,0.0,0.0,0.0,0.0,0.0,0.0,0.0,0.0,0.0,0.0,0.0,0.0,0.0,0.0,0.0,0.0,0.0,0.0,0.0
35,00:35:00,0.0,0.0,0.0,0.0,0.0,0.0,0.0,0.0,0.0,0.0,0.0,0.0,0.0,0.0,0.0,0.0,0.0,0.0,0.0,0.0,0.0,0.0,0.0,0.0,0.0
36,00:36:00,0.0,0.0,0.0,0.0,0.0,0.0,0.0,0.0,0.0,0.0,0.0,0.0,0.0,0.0,0.0,0.0,0.0,0.0,0.0,0.0,0.0,0.0,0.0,0.0,0.0
37,00:37:00,0.0,0.0,0.0,0.0,0.0,0.0,0.0,0.0,0.0,0.0,0.0,0.0,0.0,0.0,0.0,0.0,0.0,0.0,0.0,0.0,0.0,0.0,0.0,0.0,0.0
38,00:38:00,0.0,0.0,0.0,0.0,0.0,0.0,0.0,0.0,0.0,0.0,0.0,0.0,0.0,0.0,0.0,0.0,0.0,0.0,0.0,0.0,0.0,0.0,0.0,0.0,0.0
39,00:39:00,0.0,0.0,0.0,0.0,0.0,0.0,0.0,0.0,0.0,0.0,0.0,0.0,0.0,0.0,0.0,0.0,0.0,0.0,0.0,0.0,0.0,0.0,0.0,0.0,0.0
40,00:40:00,0.0,0.0,0.0,0.0,0.0,0.0,0.0,0.0,0.0,0.0,0.0,0.0,0.0,0.0,0.0,0.0,0.0,0.0,0.0,0.0,0.0,0.0,0.0,0.0,0.0
41,00:41:00,0.0,0.0,0.0,0.0,0.0,0.0,0.0,0.0,0.0,0.0,0.0,0.0,0.0,0.0,0.0,0.0,0.0,0.0,0.0,0.0,0.0,0.0,0.0,0.0,0.0
42,00:42:00,0.0,0.0,0.0,0.0,0.0,0.0,0.0,0.0,0.0,0.0,0.0,0.0,0.0,0.0,0.0,0.0,0.0,0.0,0.0,0.0,0.0,0.0,0.0,0.0,0.0
43,00:43:00,0.0,0.0,0.0,0.0,0.0,0.0,0.0,0.0,0.0,0.0,0.0,0.0,0.0,0.0,0.0,0.0,0.0,0.0,0.0,0.0,0.0,0.0,0.0,0.0,0.0
44,00:44:00,0.0,0.0,0.0,0.0,0.0,0.0,0.0,0.0,0.0,0.0,0.0,0.0,0.0,0.0,0.0,0.0,0.0,0.0,0.0,0.0,0.0,0.0,0.0,0.0,0.0
45,00:45:00,0.0,0.0,0.0,0.0,0.0,0.0,0.0,0.0,0.0,0.0,0.0,0.0,0.0,0.0,0.0,0.0,0.0,0.0,0.0,0.0,0.0,0.0,0.0,0.0,0.0
46,00:46:00,0.0,0.0,0.0,0.0,0.0,0.0,0.0,0.0,0.0,0.0,0.0,0.0,0.0,0.0,0.0,0.0,0.0,0.0,0.0,0.0,0.0,0.0,0.0,0.0,0.0
47,00:47:00,0.0,0.0,0.0,0.0,0.0,0.0,0.0,0.0,0.0,0.0,0.0,0.0,0.0,0.0,0.0,0.0,0.0,0.0,0.0,0.0,0.0,0.0,0.0,0.0,0.0
48,00:48:00,0.0,0.0,0.0,0.0,0.0,0.0,0.0,0.0,0.0,0.0,0.0,0.0,0.0,0.0,0.0,0.0,0.0,0.0,0.0,0.0,0.0,0.0,0.0,0.0,0.0
49,00:49:00,0.0,0.0,0.0,0.0,0.0,0.0,0.0,0.0,0.0,0.0,0.0,0.0,0.0,0.0,0.0,0.0,0.0,0.0,0.0,0.0,0.0,0.0,0.0,0.0,0.0
50,00:50:00,0.0,0.0,0.0,0.0,0.0,0.0,0.0,0.0,0.0,0.0,0.0,0.0,0.0,0.0,0.0,0.0,0.0,0.0,0.0,0.0,0.0,0.0,0.0,0.0,0.0
51,00:51:00,0.0,0.0,0.0,0.0,0.0,0.0,0.0,0.0,0.0,0.0,0.0,0.0,0.0,0.0,0.0,0.0,0.0,0.0,0.0,0.0,0.0,0.0,0.0,0.0,0.0
52,00:52:00,0.0,0.0,0.0,0.0,0.0,0.0,0.0,0.0,0.0,0.0,0.0,0.0,0.0,0.0,0.0,0.0,0.0,0.0,0.0,0.0,0.0,0.0,0.0,0.0,0.0
53,00:53:00,0.0,0.0,0.0,0.0,0.0,0.0,0.0,0.0,0.0,0.0,0.0,0.0,0.0,0.0,0.0,0.0,0.0,0.0,0.0,0.0,0.0,0.0,0.0,0.0,0.0
54,00:54:00,0.0,0.0,0.0,0.0,0.0,0.0,0.0,0.0,0.0,0.0,0.0,0.0,0.0,0.0,0.0,0.0,0.0,0.0,0.0,0.0,0.0,0.0,0.0,0.0,0.0
55,00:55:00,0.0,0.0,0.0,0.0,0.0,0.0,0.0,0.0,0.0,0.0,0.0,0.0,0.0,0.0,0.0,0.0,0.0,0.0,0.0,0.0,0.0,0.0,0.0,0.0,0.0
56,00:56:00,0.0,0.0,0.0,0.0,0.0,0.0,0.0,0.0,0.0,0.0,0.0,0.0,0.0,0.0,0.0,0.0,0.0,0.0,0.0,0.0,0.0,0.0,0.0,0.0,0.0
57,00:57:00,0.0,0.0,0.0,0.0,0.0,0.0,0.0,0.0,0.0,0.0,0.0,0.0,0.0,0.0,0.0,0.0,0.0,0.0,0.0,0.0,0.0,0.0,0.0,0.0,0.0
58,00:58:00,0.0,0.0,0.0,0.0,0.0,0.0,0.0,0.0,0.0,0.0,0.0,0.0,0.0,0.0,0.0,0.0,0.0,0.0,0.0,0.0,0.0,0.0,0.0,0.0,0.0
59,00:59:00,0.0,0.0,0.0,0.0,0.0,0.0,0.0,0.0,0.0,0.0,0.0,0.0,0.0,0.0,0.0,0.0,0.0,0.0,0.0,0.0,0.0,0.0,0.0,0.0,0.0
60,01:00:00,0.0,0.0,0.0,0.0,0.0,0.0,0.0,0.0,0.0,0.0,0.0,0.0,0.0,0.0,0.0,0.0,0.0,0.0,0.0,0.0,0.0,0.0,0.0,0.0,0.0
61,01:01:00,0.0,0.0,0.0,0.0,0.0,0.0,0.0,0.0,0.0,0.0,0.0,0.0,0.0,0.0,0.0,0.0,0.0,0.0,0.0,0.0,0.0,0.0,0.0,0.0,0.0
62,01:02:00,0.0,0.0,0.0,0.0,0.0,0.0,0.0,0.0,0.0,0.0,0.0,0.0,0.0,0.0,0.0,0.0,0.0,0.0,0.0,0.0,0.0,0.0,0.0,0.0,0.0
63,01:03:00,0.0,0.0,0.0,0.0,0.0,0.0,0.0,0.0,0.0,0.0,0.0,0.0,0.0,0.0,0.0,0.0,0.0,0.0,0.0,0.0,0.0,0.0,0.0,0.0,0.0
64,01:04:00,0.0,0.0,0.0,0.0,0.0,0.0,0.0,0.0,0.0,0.0,0.0,0.0,0.0,0.0,0.0,0.0,0.0,0.0,0.0,0.0,0.0,0.0,0.0,0.0,0.0
65,01:05:00,0.0,0.0,0.0,0.0,0.0,0.0,0.0,0.0,0.0,0.0,0.0,0.0,0.0,0.0,0.0,0.0,0.0,0.0,0.0,0.0,0.0,0.0,0.0,0.0,0.0
66,01:06:00,0.0,0.0,0.0,0.0,0.0,0.0,0.0,0.0,0.0,0.0,0.0,0.0,0.0,0.0,0.0,0.0,0.0,0.0,0.0,0.0,0.0,0.0,0.0,0.0,0.0
67,01:07:00,0.0,0.0,0.0,0.0,0.0,0.0,0.0,0.0,0.0,0.0,0.0,0.0,0.0,0.0,0.0,0.0,0.0,0.0,0.0,0.0,0.0,0.0,0.0,0.0,0.0
68,01:08:00,0.0,0.0,0.0,0.0,0.0,0.0,0.0,0.0,0.0,0.0,0.0,0.0,0.0,0.0,0.0,0.0,0.0,0.0,0.0,0.0,0.0,0.0,0.0,0.0,0.0
69,01:09:00,0.0,0.0,0.0,0.0,0.0,0.0,0.0,0.0,0.0,0.0,0.0,0.0,0.0,0.0,0.0,0.0,0.0,0.0,0.0,0.0,0.0,0.0,0.0,0.0,0.0
70,01:10:00,0.0,0.0,0.0,0.0,0.0,0.0,0.0,0.0,0.0,0.0,0.0,0.0,0.0,0.0,0.0,0.0,0.0,0.0,0.0,0.0,0.0,0.0,0.0,0.0,0.0
71,01:11:00,0.0,0.0,0.0,0.0,0.0,0.0,0.0,0.0,0.0,0.0,0.0,0.0,0.0,0.0,0.0,0.0,0.0,0.0,0.0,0.0,0.0,0.0,0.0,0.0,0.0
72,01:12:00,0.0,0.0,0.0,0.0,0.0,0.0,0.0,0.0,0.0,0.0,0.0,0.0,0.0,0.0,0.0,0.0,0.0,0.0,0.0,0.0,0.0,0.0,0.0,0.0,0.0
73,01:13:00,0.0,0.0,0.0,0.0,0.0,0.0,0.0,0.0,0.0,0.0,0.0,0.0,0.0,0.0,0.0,0.0,0.0,0.0,0.0,0.0,0.0,0.0,0.0,0.0,0.0
74,01:14:00,0.0,0.0,0.0,0.0,0.0,0.0,0.0,0.0,0.0,0.0,0.0,0.0,0.0,0.0,0.0,0.0,0.0,0.0,0.0,0.0,0.0,0.0,0.0,0.0,0.0
75,01:15:00,0.0,0.0,0.0,0.0,0.0,0.0,0.0,0.0,0.0,0.0,0.0,0.0,0.0,0.0,0.0,0.0,0.0,0.0,0.0,0.0,0.0,0.0,0.0,0.0,0.0
76,01:16:00,0.0,0.0,0.0,0.0,0.0,0.0,0.0,0.0,0.0,0.0,0.0,0.0,0.0,0.0,0.0,0.0,0.0,0.0,0.0,0.0,0.0,0.0,0.0,0.0,0.0
77,01:17:00,0.0,0.0,0.0,0.0,0.0,0.0,0.0,0.0,0.0,0.0,0.0,0.0,0.0,0.0,0.0,0.0,0.0,0.0,0.0,0.0,0.0,0.0,0.0,0.0,0.0
78,01:18:00,0.0,0.0,0.0,0.0,0.0,0.0,0.0,0.0,0.0,0.0,0.0,0.0,0.0,0.0,0.0,0.0,0.0,0.0,0.0,0.0,0.0,0.0,0.0,0.0,0.0
79,01:19:00,0.0,0.0,0.0,0.0,0.0,0.0,0.0,0.0,0.0,0.0,0.0,0.0,0.0,0.0,0.0,0.0,0.0,0.0,0.0,0.0,0.0,0.0,0.0,0.0,0.0
80,01:20:00,0.0,0.0,0.0,0.0,0.0,0.0,0.0,0.0,0.0,0.0,0.0,0.0,0.0,0.0,0.0,0.0,0.0,0.0,0.0,0.0,0.0,0.0,0.0,0.0,0.0
81,01:21:00,0.0,0.0,0.0,0.0,0.0,0.0,0.0,0.0,0.0,0.0,0.0,0.0,0.0,0.0,0.0,0.0,0.0,0.0,0.0,0.0,0.0,0.0,0.0,0.0,0.0
82,01:22:00,0.0,0.0,0.0,0.0,0.0,0.0,0.0,0.0,0.0,0.0,0.0,0.0,0.0,0.0,0.0,0.0,0.0,0.0,0.0,0.0,0.0,0.0,0.0,0.0,0.0
83,01:23:00,0.0,0.0,0.0,0.0,0.0,0.0,0.0,0.0,0.0,0.0,0.0,0.0,0.0,0.0,0.0,0.0,0.0,0.0,0.0,0.0,0.0,0.0,0.0,0.0,0.0
84,01:24:00,0.0,0.0,0.0,0.0,0.0,0.0,0.0,0.0,0.0,0.0,0.0,0.0,0.0,0.0,0.0,0.0,0.0,0.0,0.0,0.0,0.0,0.0,0.0,0.0,0.0
85,01:25:00,0.0,0.0,0.0,0.0,0.0,0.0,0.0,0.0,0.0,0.0,0.0,0.0,0.0,0.0,0.0,0.0,0.0,0.0,0.0,0.0,0.0,0.0,0.0,0.0,0.0
86,01:26:00,0.0,0.0,0.0,0.0,0.0,0.0,0.0,0.0,0.0,0.0,0.0,0.0,0.0,0.0,0.0,0.0,0.0,0.0,0.0,0.0,0.0,0.0,0.0,0.0,0.0
87,01:27:00,0.0,0.0,0.0,0.0,0.0,0.0,0.0,0.0,0.0,0.0,0.0,0.0,0.0,0.0,0.0,0.0,0.0,0.0,0.0,0.0,0.0,0.0,0.0,0.0,0.0
88,01:28:00,0.0,0.0,0.0,0.0,0.0,0.0,0.0,0.0,0.0,0.0,0.0,0.0,0.0,0.0,0.0,0.0,0.0,0.0,0.0,0.0,0.0,0.0,0.0,0.0,0.0
89,01:29:00,0.0,0.0,0.0,0.0,0.0,0.0,0.0,0.0,0.0,0.0,0.0,0.0,0.0,0.0,0.0,0.0,0.0,0.0,0.0,0.0,0.0,0.0,0.0,0.0,0.0
90,01:30:00,0.0,0.0,0.0,0.0,0.0,0.0,0.0,0.0,0.0,0.0,0.0,0.0,0.0,0.0,0.0,0.0,0.0,0.0,0.0,0.0,0.0,0.0,0.0,0.0,0.0
91,01:31:00,0.0,0.0,0.0,0.0,0.0,0.0,0.0,0.0,0.0,0.0,0.0,0.0,0.0,0.0,0.0,0.0,0.0,0.0,0.0,0.0,0.0,0.0,0.0,0.0,0.0
92,01:32:00,0.0,0.0,0.0,0.0,0.0,0.0,0.0,0.0,0.0,0.0,0.0,0.0,0.0,0.0,0.0,0.0,0.0,0.0,0.0,0.0,0.0,0.0,0.0,0.0,0.0
93,01:33:00,0.0,0.0,0.0,0.0,0.0,0.0,0.0,0.0,0.0,0.0,0.0,0.0,0.0,0.0,0.0,0.0,0.0,0.0,0.0,0.0,0.0,0.0,0.0,0.0,0.0
94,01:34:00,0.0,0.0,0.0,0.0,0.0,0.0,0.0,0.0,0.0,0.0,0.0,0.0,0.0,0.0,0.0,0.0,0.0,0.0,0.0,0.0,0.0,0.0,0.0,0.0,0.0
95,01:35:00,0.0,0.0,0.0,0.0,0.0,0.0,0.0,0.0,0.0,0.0,0.0,0.0,0.0,0.0,0.0,0.0,0.0,0.0,0.0,0.0,0.0,0.0,0.0,0.0,0.0
96,01:36:00,0.0,0.0,0.0,0.0,0.0,0.0,0.0,0.0,0.0,0.0,0.0,0.0,0.0,0.0,0.0,0.0,0.0,0.0,0.0,0.0,0.0,0.0,0.0,0.0,0.0
97,01:37:00,0.0,0.0,0.0,0.0,0.0,0.0,0.0,0.0,0.0,0.0,0.0,0.0,0.0,0.0,0.0,0.0,0.0,0.0,0.0,0.0,0.0,0.0,0.0,0.0,0.0
98,01:38:00,0.0,0.0,0.0,0.0,0.0,0.0,0.0,0.0,0.0,0.0,0.0,0.0,0.0,0.0,0.0,0.0,0.0,0.0,0.0,0.0,0.0,0.0,0.0,0.0,0.0
99,01:39:00,0.0,0.0,0.0,0.0,0.0,0.0,0.0,0.0,0.0,0.0,0.0,0.0,0.0,0.0,0.0,0.0,0.0,0.0,0.0,0.0,0.0,0.0,0.0,0.0,0.0
100,01:40:00,0.0,0.0,0.0,0.0,0.0,0.0,0.0,0.0,0.0,0.0,0.0,0.0,0.0,0.0,0.0,0.0,0.0,0.0,0.0,0.0,0.0,0.0,0.0,0.0,0.0
101,01:41:00,0.0,0.0,0.0,0.0,0.0,0.0,0.0,0.0,0.0,0.0,0.0,0.0,0.0,0.0,0.0,0.0,0.0,0.0,0.0,0.0,0.0,0.0,0.0,0.0,0.0
102,01:42:00,0.0,0.0,0.0,0.0,0.0,0.0,0.0,0.0,0.0,0.0,0.0,0.0,0.0,0.0,0.0,0.0,0.0,0.0,0.0,0.0,0.0,0.0,0.0,0.0,0.0
103,01:43:00,0.0,0.0,0.0,0.0,0.0,0.0,0.0,0.0,0.0,0.0,0.0,0.0,0.0,0.0,0.0,0.0,0.0,0.0,0.0,0.0,0.0,0.0,0.0,0.0,0.0
104,01:44:00,0.0,0.0,0.0,0.0,0.0,0.0,0.0,0.0,0.0,0.0,0.0,0.0,0.0,0.0,0.0,0.0,0.0,0.0,0.0,0.0,0.0,0.0,0.0,0.0,0.0
105,01:45:00,0.0,0.0,0.0,0.0,0.0,0.0,0.0,0.0,0.0,0.0,0.0,0.0,0.0,0.0,0.0,0.0,0.0,0.0,0.0,0.0,0.0,0.0,0.0,0.0,0.0
106,01:46:00,0.0,0.0,0.0,0.0,0.0,0.0,0.0,0.0,0.0,0.0,0.0,0.0,0.0,0.0,0.0,0.0,0.0,0.0,0.0,0.0,0.0,0.0,0.0,0.0,0.0
107,01:47:00,0.0,0.0,0.0,0.0,0.0,0.0,0.0,0.0,0.0,0.0,0.0,0.0,0.0,0.0,0.0,0.0,0.0,0.0,0.0,0.0,0.0,0.0,0.0,0.0,0.0
108,01:48:00,0.0,0.0,0.0,0.0,0.0,0.0,0.0,0.0,0.0,0.0,0.0,0.0,0.0,0.0,0.0,0.0,0.0,0.0,0.0,0.0,0.0,0.0,0.0,0.0,0.0
109,01:49:00,0.0,0.0,0.0,0.0,0.0,0.0,0.0,0.0,0.0,0.0,0.0,0.0,0.0,0.0,0.0,0.0,0.0,0.0,0.0,0.0,0.0,0.0,0.0,0.0,0.0
110,01:50:00,0.0,0.0,0.0,0.0,0.0,0.0,0.0,0.0,0.0,0.0,0.0,0.0,0.0,0.0,0.0,0.0,0.0,0.0,0.0,0.0,0.0,0.0,0.0,0.0,0.0
111,01:51:00,0.0,0.0,0.0,0.0,0.0,0.0,0.0,0.0,0.0,0.0,0.0,0.0,0.0,0.0,0.0,0.0,0.0,0.0,0.0,0.0,0.0,0.0,0.0,0.0,0.0
112,01:52:00,0.0,0.0,0.0,0.0,0.0,0.0,0.0,0.0,0.0,0.0,0.0,0.0,0.0,0.0,0.0,0.0,0.0,0.0,0.0,0.0,0.0,0.0,0.0,0.0,0.0
113,01:53:00,0.0,0.0,0.0,0.0,0.0,0.0,0.0,0.0,0.0,0.0,0.0,0.0,0.0,0.0,0.0,0.0,0.0,0.0,0.0,0.0,0.0,0.0,0.0,0.0,0.0
114,01:54:00,0.0,0.0,0.0,0.0,0.0,0.0,0.0,0.0,0.0,0.0,0.0,0.0,0.0,0.0,0.0,0.0,0.0,0.0,0.0,0.0,0.0,0.0,0.0,0.0,0.0
115,01:55:00,0.0,0.0,0.0,0.0,0.0,0.0,0.0,0.0,0.0,0.0,0.0,0.0,0.0,0.0,0.0,0.0,0.0,0.0,0.0,0.0,0.0,0.0,0.0,0.0,0.0
116,01:56:00,0.0,0.0,0.0,0.0,0.0,0.0,0.0,0.0,0.0,0.0,0.0,0.0,0.0,0.0,0.0,0.0,0.0,0.0,0.0,0.0,0.0,0.0,0.0,0.0,0.0
117,01:57:00,0.0,0.0,0.0,0.0,0.0,0.0,0.0,0.0,0.0,0.0,0.0,0.0,0.0,0.0,0.0,0.0,0.0,0.0,0.0,0.0,0.0,0.0,0.0,0.0,0.0
118,01:58:00,0.0,0.0,0.0,0.0,0.0,0.0,0.0,0.0,0.0,0.0,0.0,0.0,0.0,0.0,0.0,0.0,0.0,0.0,0.0,0.0,0.0,0.0,0.0,0.0,0.0
119,01:59:00,0.0,0.0,0.0,0.0,0.0,0.0,0.0,0.0,0.0,0.0,0.0,0.0,0.0,0.0,0.0,0.0,0.0,0.0,0.0,0.0,0.0,0.0,0.0,0.0,0.0
120,02:00:00,0.0,0.0,0.0,0.0,0.0,0.0,0.0,0.0,0.0,0.0,0.0,0.0,0.0,0.0,0.0,0.0,0.0,0.0,0.0,0.0,0.0,0.0,0.0,0.0,0.0
121,02:01:00,0.0,0.0,0.0,0.0,0.0,0.0,0.0,0.0,0.0,0.0,0.0,0.0,0.0,0.0,0.0,0.0,0.0,0.0,0.0,0.0,0.0,0.0,0.0,0.0,0.0
122,02:02:00,0.0,0.0,0.0,0.0,0.0,0.0,0.0,0.0,0.0,0.0,0.0,0.0,0.0,0.0,0.0,0.0,0.0,0.0,0.0,0.0,0.0,0.0,0.0,0.0,0.0
123,02:03:00,0.0,0.0,0.0,0.0,0.0,0.0,0.0,0.0,0.0,0.0,0.0,0.0,0.0,0.0,0.0,0.0,0.0,0.0,0.0,0.0,0.0,0.0,0.0,0.0,0.0
124,02:04:00,0.0,0.0,0.0,0.0,0.0,0.0,0.0,0.0,0.0,0.0,0.0,0.0,0.0,0.0,0.0,0.0,0.0,0.0,0.0,0.0,0.0,0.0,0.0,0.0,0.0
125,02:05:00,0.0,0.0,0.0,0.0,0.0,0.0,0.0,0.0,0.0,0.0,0.0,0.0,0.0,0.0,0.0,0.0,0.0,0.0,0.0,0.0,0.0,0.0,0.0,0.0,0.0
126,02:06:00,0.0,0.0,0.0,0.0,0.0,0.0,0.0,0.0,0.0,0.0,0.0,0.0,0.0,0.0,0.0,0.0,0.0,0.0,0.0,0.0,0.0,0.0,0.0,0.0,0.0
127,02:07:00,0.0,0.0,0.0,0.0,0.0,0.0,0.0,0.0,0.0,0.0,0.0,0.0,0.0,0.0,0.0,0.0,0.0,0.0,0.0,0.0,0.0,0.0,0.0,0.0,0.0
128,02:08:00,0.0,0.0,0.0,0.0,0.0,0.0,0.0,0.0,0.0,0.0,0.0,0.0,0.0,0.0,0.0,0.0,0.0,0.0,0.0,0.0,0.0,0.0,0.0,0.0,0.0
129,02:09:00,0.0,0.0,0.0,0.0,0.0,0.0,0.0,0.0,0.0,0.0,0.0,0.0,0.0,0.0,0.0,0.0,0.0,0.0,0.0,0.0,0.0,0.0,0.0,0.0,0.0
130,02:10:00,0.0,0.0,0.0,0.0,0.0,0.0,0.0,0.0,0.0,0.0,0.0,0.0,0.0,0.0,0.0,0.0,0.0,0.0,0.0,0.0,0.0,0.0,0.0,0.0,0.0
131,02:11:00,0.0,0.0,0.0,0.0,0.0,0.0,0.0,0.0,0.0,0.0,0.0,0.0,0.0,0.0,0.0,0.0,0.0,0.0,0.0,0.0,0.0,0.0,0.0,0.0,0.0
132,02:12:00,0.0,0.0,0.0,0.0,0.0,0.0,0.0,0.0,0.0,0.0,0.0,0.0,0.0,0.0,0.0,0.0,0.0,0.0,0.0,0.0,0.0,0.0,0.0,0.0,0.0
133,02:13:00,0.0,0.0,0.0,0.0,0.0,0.0,0.0,0.0,0.0,0.0,0.0,0.0,0.0,0.0,0.0,0.0,0.0,0.0,0.0,0.0,0.0,0.0,0.0,0.0,0.0
134,02:14:00,0.0,0.0,0.0,0.0,0.0,0.0,0.0,0.0,0.0,0.0,0.0,0.0,0.0,0.0,0.0,0.0,0.0,0.0,0.0,0.0,0.0,0.0,0.0,0.0,0.0
135,02:15:00,0.0,0.0,0.0,0.0,0.0,0.0,0.0,0.0,0.0,0.0,0.0,0.0,0.0,0.0,0.0,0.0,0.0,0.0,0.0,0.0,0.0,0.0,0.0,0.0,0.0
136,02:16:00,0.0,0.0,0.0,0.0,0.0,0.0,0.0,0.0,0.0,0.0,0.0,0.0,0.0,0.0,0.0,0.0,0.0,0.0,0.0,0.0,0.0,0.0,0.0,0.0,0.0
137,02:17:00,0.0,0.0,0.0,0.0,0.0,0.0,0.0,0.0,0.0,0.0,0.0,0.0,0.0,0.0,0.0,0.0,0.0,0.0,0.0,0.0,0.0,0.0,0.0,0.0,0.0
138,02:18:00,0.0,0.0,0.0,0.0,0.0,0.0,0.0,0.0,0.0,0.0,0.0,0.0,0.0,0.0,0.0,0.0,0.0,0.0,0.0,0.0,0.0,0.0,0.0,0.0,0.0
139,02:19:00,0.0,0.0,0.0,0.0,0.0,0.0,0.0,0.0,0.0,0.0,0.0,0.0,0.0,0.0,0.0,0.0,0.0,0.0,0.0,0.0,0.0,0.0,0.0,0.0,0.0
140,02:20:00,0.0,0.0,0.0,0.0,0.0,0.0,0.0,0.0,0.0,0.0,0.0,0.0,0.0,0.0,0.0,0.0,0.0,0.0,0.0,0.0,0.0,0.0,0.0,0.0,0.0
141,02:21:00,0.0,0.0,0.0,0.0,0.0,0.0,0.0,0.0,0.0,0.0,0.0,0.0,0.0,0.0,0.0,0.0,0.0,0.0,0.0,0.0,0.0,0.0,0.0,0.0,0.0
142,02:22:00,0.0,0.0,0.0,0.0,0.0,0.0,0.0,0.0,0.0,0.0,0.0,0.0,0.0,0.0,0.0,0.0,0.0,0.0,0.0,0.0,0.0,0.0,0.0,0.0,0.0
143,02:23:00,0.0,0.0,0.0,0.0,0.0,0.0,0.0,0.0,0.0,0.0,0.0,0.0,0.0,0.0,0.0,0.0,0.0,0.0,0.0,0.0,0.0,0.0,0.0,0.0,0.0
144,02:24:00,0.0,0.0,0.0,0.0,0.0,0.0,0.0,0.0,0.0,0.0,0.0,0.0,0.0,0.0,0.0,0.0,0.0,0.0,0.0,0.0,0.0,0.0,0.0,0.0,0.0
145,02:25:00,0.0,0.0,0.0,0.0,0.0,0.0,0.0,0.0,0.0,0.0,0.0,0.0,0.0,0.0,0.0,0.0,0.0,0.0,0.0,0.0,0.0,0.0,0.0,0.0,0.0
146,02:26:00,0.0,0.0,0.0,0.0,0.0,0.0,0.0,0.0,0.0,0.0,0.0,0.0,0.0,0.0,0.0,0.0,0.0,0.0,0.0,0.0,0.0,0.0,0.0,0.0,0.0
147,02:27:00,0.0,0.0,0.0,0.0,0.0,0.0,0.0,0.0,0.0,0.0,0.0,0.0,0.0,0.0,0.0,0.0,0.0,0.0,0.0,0.0,0.0,0.0,0.0,0.0,0.0
148,02:28:00,0.0,0.0,0.0,0.0,0.0,0.0,0.0,0.0,0.0,0.0,0.0,0.0,0.0,0.0,0.0,0.0,0.0,0.0,0.0,0.0,0.0,0.0,0.0,0.0,0.0
149,02:29:00,0.0,0.0,0.0,0.0,0.0,0.0,0.0,0.0,0.0,0.0,0.0,0.0,0.0,0.0,0.0,0.0,0.0,0.0,0.0,0.0,0.0,0.0,0.0,0.0,0.0
150,02:30:00,0.0,0.0,0.0,0.0,0.0,0.0,0.0,0.0,0.0,0.0,0.0,0.0,0.0,0.0,0.0,0.0,0.0,0.0,0.0,0.0,0.0,0.0,0.0,0.0,0.0
151,02:31:00,0.0,0.0,0.0,0.0,0.0,0.0,0.0,0.0,0.0,0.0,0.0,0.0,0.0,0.0,0.0,0.0,0.0,0.0,0.0,0.0,0.0,0.0,0.0,0.0,0.0
152,02:32:00,0.0,0.0,0.0,0.0,0.0,0.0,0.0,0.0,0.0,0.0,0.0,0.0,0.0,0.0,0.0,0.0,0.0,0.0,0.0,0.0,0.0,0.0,0.0,0.0,0.0
153,02:33:00,0.0,0.0,0.0,0.0,0.0,0.0,0.0,0.0,0.0,0.0,0.0,0.0,0.0,0.0,0.0,0.0,0.0,0.0,0.0,0.0,0.0,0.0,0.0,0.0,0.0
154,02:34:00,0.0,0.0,0.0,0.0,0.0,0.0,0.0,0.0,0.0,0.0,0.0,0.0,0.0,0.0,0.0,0.0,0.0,0.0,0.0,0.0,0.0,0.0,0.0,0.0,0.0
155,02:35:00,0.0,0.0,0.0,0.0,0.0,0.0,0.0,0.0,0.0,0.0,0.0,0.0,0.0,0.0,0.0,0.0,0.0,0.0,0.0,0.0,0.0,0.0,0.0,0.0,0.0
156,02:36:00,0.0,0.0,0.0,0.0,0.0,0.0,0.0,0.0,0.0,0.0,0.0,0.0,0.0,0.0,0.0,0.0,0.0,0.0,0.0,0.0,0.0,0.0,0.0,0.0,0.0
157,02:37:00,0.0,0.0,0.0,0.0,0.0,0.0,0.0,0.0,0.0,0.0,0.0,0.0,0.0,0.0,0.0,0.0,0.0,0.0,0.0,0.0,0.0,0.0,0.0,0.0,0.0
158,02:38:00,0.0,0.0,0.0,0.0,0.0,0.0,0.0,0.0,0.0,0.0,0.0,0.0,0.0,0.0,0.0,0.0,0.0,0.0,0.0,0.0,0.0,0.0,0.0,0.0,0.0
159,02:39:00,0.0,0.0,0.0,0.0,0.0,0.0,0.0,0.0,0.0,0.0,0.0,0.0,0.0,0.0,0.0,0.0,0.0,0.0,0.0,0.0,0.0,0.0,0.0,0.0,0.0
160,02:40:00,0.0,0.0,0.0,0.0,0.0,0.0,0.0,0.0,0.0,0.0,0.0,0.0,0.0,0.0,0.0,0.0,0.0,0.0,0.0,0.0,0.0,0.0,0.0,0.0,0.0
161,02:41:00,0.0,0.0,0.0,0.0,0.0,0.0,0.0,0.0,0.0,0.0,0.0,0.0,0.0,0.0,0.0,0.0,0.0,0.0,0.0,0.0,0.0,0.0,0.0,0.0,0.0
162,02:42:00,0.0,0.0,0.0,0.0,0.0,0.0,0.0,0.0,0.0,0.0,0.0,0.0,0.0,0.0,0.0,0.0,0.0,0.0,0.0,0.0,0.0,0.0,0.0,0.0,0.0
163,02:43:00,0.0,0.0,0.0,0.0,0.0,0.0,0.0,0.0,0.0,0.0,0.0,0.0,0.0,0.0,0.0,0.0,0.0,0.0,0.0,0.0,0.0,0.0,0.0,0.0,0.0
164,02:44:00,0.0,0.0,0.0,0.0,0.0,0.0,0.0,0.0,0.0,0.0,0.0,0.0,0.0,0.0,0.0,0.0,0.0,0.0,0.0,0.0,0.0,0.0,0.0,0.0,0.0
165,02:45:00,0.0,0.0,0.0,0.0,0.0,0.0,0.0,0.0,0.0,0.0,0.0,0.0,0.0,0.0,0.0,0.0,0.0,0.0,0.0,0.0,0.0,0.0,0.0,0.0,0.0
166,02:46:00,0.0,0.0,0.0,0.0,0.0,0.0,0.0,0.0,0.0,0.0,0.0,0.0,0.0,0.0,0.0,0.0,0.0,0.0,0.0,0.0,0.0,0.0,0.0,0.0,0.0
167,02:47:00,0.0,0.0,0.0,0.0,0.0,0.0,0.0,0.0,0.0,0.0,0.0,0.0,0.0,0.0,0.0,0.0,0.0,0.0,0.0,0.0,0.0,0.0,0.0,0.0,0.0
168,02:48:00,0.0,0.0,0.0,0.0,0.0,0.0,0.0,0.0,0.0,0.0,0.0,0.0,0.0,0.0,0.0,0.0,0.0,0.0,0.0,0.0,0.0,0.0,0.0,0.0,0.0
169,02:49:00,0.0,0.0,0.0,0.0,0.0,0.0,0.0,0.0,0.0,0.0,0.0,0.0,0.0,0.0,0.0,0.0,0.0,0.0,0.0,0.0,0.0,0.0,0.0,0.0,0.0
170,02:50:00,0.0,0.0,0.0,0.0,0.0,0.0,0.0,0.0,0.0,0.0,0.0,0.0,0.0,0.0,0.0,0.0,0.0,0.0,0.0,0.0,0.0,0.0,0.0,0.0,0.0
171,02:51:00,0.0,0.0,0.0,0.0,0.0,0.0,0.0,0.0,0.0,0.0,0.0,0.0,0.0,0.0,0.0,0.0,0.0,0.0,0.0,0.0,0.0,0.0,0.0,0.0,0.0
172,02:52:00,0.0,0.0,0.0,0.0,0.0,0.0,0.0,0.0,0.0,0.0,0.0,0.0,0.0,0.0,0.0,0.0,0.0,0.0,0.0,0.0,0.0,0.0,0.0,0.0,0.0
173,02:53:00,0.0,0.0,0.0,0.0,0.0,0.0,0.0,0.0,0.0,0.0,0.0,0.0,0.0,0.0,0.0,0.0,0.0,0.0,0.0,0.0,0.0,0.0,0.0,0.0,0.0
174,02:54:00,0.0,0.0,0.0,0.0,0.0,0.0,0.0,0.0,0.0,0.0,0.0,0.0,0.0,0.0,0.0,0.0,0.0,0.0,0.0,0.0,0.0,0.0,0.0,0.0,0.0
175,02:55:00,0.0,0.0,0.0,0.0,0.0,0.0,0.0,0.0,0.0,0.0,0.0,0.0,0.0,0.0,0.0,0.0,0.0,0.0,0.0,0.0,0.0,0.0,0.0,0.0,0.0
176,02:56:00,0.0,0.0,0.0,0.0,0.0,0.0,0.0,0.0,0.0,0.0,0.0,0.0,0.0,0.0,0.0,0.0,0.0,0.0,0.0,0.0,0.0,0.0,0.0,0.0,0.0
177,02:57:00,0.0,0.0,0.0,0.0,0.0,0.0,0.0,0.0,0.0,0.0,0.0,0.0,0.0,0.0,0.0,0.0,0.0,0.0,0.0,0.0,0.0,0.0,0.0,0.0,0.0
178,02:58:00,0.0,0.0,0.0,0.0,0.0,0.0,0.0,0.0,0.0,0.0,0.0,0.0,0.0,0.0,0.0,0.0,0.0,0.0,0.0,0.0,0.0,0.0,0.0,0.0,0.0
179,02:59:00,0.0,0.0,0.0,0.0,0.0,0.0,0.0,0.0,0.0,0.0,0.0,0.0,0.0,0.0,0.0,0.0,0.0,0.0,0.0,0.0,0.0,0.0,0.0,0.0,0.0
180,03:00:00,0.0,0.0,0.0,0.0,0.0,0.0,0.0,0.0,0.0,0.0,0.0,0.0,0.0,0.0,0.0,0.0,0.0,0.0,0.0,0.0,0.0,0.0,0.0,0.0,0.0
181,03:01:00,0.0,0.0,0.0,0.0,0.0,0.0,0.0,0.0,0.0,0.0,0.0,0.0,0.0,0.0,0.0,0.0,0.0,0.0,0.0,0.0,0.0,0.0,0.0,0.0,0.0
182,03:02:00,0.0,0.0,0.0,0.0,0.0,0.0,0.0,0.001,0.0,0.0,0.0,0.0,0.0,0.0,0.0,0.0,0.0,0.0,0.0,0.0,0.0,0.0,0.0,0.0,0.0
183,03:03:00,0.0,0.0,0.0,0.0,0.0,0.0,0.0,0.0,0.0,0.0,0.0,0.0,0.0,0.0,0.0,0.0,0.0,0.0,0.0,0.0,0.0,0.0,0.0,0.0,0.0
184,03:04:00,0.0,0.0,0.0,0.0,0.0,0.0,0.0,0.0,0.0,0.0,0.0,0.0,0.0,0.0,0.0,0.0,0.0,0.0,0.0,0.0,0.0,0.0,0.0,0.0,0.0
185,03:05:00,0.0,0.0,0.0,0.0,0.0,0.0,0.0,0.0,0.0,0.0,0.0,0.0,0.0,0.0,0.0,0.0,0.0,0.0,0.0,0.0,0.0,0.0,0.0,0.0,0.0
186,03:06:00,0.0,0.0,0.0,0.0,0.0,0.0,0.0,0.0,0.0,0.0,0.0,0.0,0.0,0.0,0.0,0.0,0.0,0.0,0.0,0.0,0.0,0.0,0.0,0.0,0.0
187,03:07:00,0.0,0.0,0.0,0.0,0.0,0.0,0.0,0.0,0.0,0.0,0.0,0.0,0.0,0.0,0.0,0.0,0.0,0.0,0.0,0.0,0.0,0.0,0.0,0.0,0.0
188,03:08:00,0.0,0.0,0.0,0.0,0.0,0.0,0.0,0.0,0.0,0.0,0.0,0.0,0.0,0.0,0.0,0.0,0.0,0.0,0.0,0.0,0.0,0.0,0.0,0.0,0.0
189,03:09:00,0.0,0.0,0.0,0.0,0.0,0.0,0.0,0.0,0.0,0.0,0.0,0.0,0.0,0.0,0.0,0.0,0.0,0.0,0.0,0.0,0.0,0.0,0.0,0.0,0.0
190,03:10:00,0.0,0.0,0.0,0.0,0.0,0.0,0.0,0.0,0.0,0.0,0.0,0.0,0.0,0.0,0.0,0.0,0.0,0.0,0.0,0.0,0.0,0.0,0.0,0.0,0.0
191,03:11:00,0.0,0.0,0.0,0.0,0.0,0.0,0.0,0.0,0.0,0.0,0.0,0.0,0.0,0.0,0.0,0.0,0.0,0.0,0.0,0.0,0.0,0.0,0.0,0.0,0.0
192,03:12:00,0.0,0.0,0.0,0.0,0.0,0.0,0.0,0.0,0.0,0.0,0.0,0.0,0.0,0.0,0.0,0.0,0.0,0.0,0.0,0.0,0.0,0.0,0.0,0.0,0.0
193,03:13:00,0.0,0.0,0.0,0.0,0.0,0.0,0.0,0.0,0.0,0.0,0.0,0.0,0.0,0.0,0.0,0.0,0.0,0.0,0.0,0.0,0.0,0.0,0.0,0.0,0.0
194,03:14:00,0.0,0.0,0.0,0.0,0.0,0.0,0.0,0.0,0.0,0.0,0.0,0.0,0.0,0.0,0.0,0.0,0.0,0.0,0.0,0.0,0.0,0.0,0.0,0.0,0.0
195,03:15:00,0.0,0.0,0.0,0.0,0.0,0.0,0.0,0.0,0.0,0.0,0.0,0.0,0.0,0.0,0.0,0.0,0.0,0.0,0.0,0.0,0.0,0.0,0.0,0.0,0.0
196,03:16:00,0.0,0.0,0.0,0.0,0.0,0.0,0.0,0.0,0.0,0.0,0.0,0.0,0.0,0.0,0.0,0.0,0.0,0.0,0.0,0.0,0.0,0.0,0.0,0.0,0.0
197,03:17:00,0.0,0.0,0.0,0.0,0.0,0.0,0.0,0.0,0.0,0.0,0.0,0.0,0.0,0.0,0.0,0.0,0.0,0.0,0.0,0.0,0.0,0.0,0.0,0.0,0.0
198,03:18:00,0.0,0.0,0.0,0.0,0.0,0.0,0.0,0.0,0.0,0.0,0.0,0.0,0.0,0.0,0.0,0.0,0.0,0.0,0.0,0.0,0.0,0.0,0.0,0.0,0.0
199,03:19:00,0.0,0.0,0.0,0.0,0.0,0.0,0.0,0.0,0.0,0.0,0.0,0.0,0.0,0.0,0.0,0.0,0.0,0.0,0.0,0.0,0.0,0.0,0.0,0.0,0.0
200,03:20:00,0.0,0.0,0.0,0.0,0.0,0.0,0.0,0.0,0.0,0.0,0.0,0.0,0.0,0.0,0.0,0.0,0.0,0.0,0.0,0.0,0.0,0.0,0.0,0.0,0.0
201,03:21:00,0.0,0.0,0.0,0.0,0.0,0.0,0.0,0.0,0.0,0.0,0.0,0.0,0.0,0.0,0.0,0.0,0.0,0.0,0.0,0.0,0.0,0.0,0.0,0.0,0.0
202,03:22:00,0.0,0.0,0.0,0.0,0.0,0.0,0.0,0.0,0.0,0.0,0.0,0.0,0.0,0.0,0.0,0.0,0.0,0.0,0.0,0.0,0.0,0.0,0.0,0.0,0.0
203,03:23:00,0.0,0.0,0.0,0.0,0.0,0.0,0.0,0.0,0.0,0.0,0.0,0.0,0.0,0.0,0.0,0.0,0.0,0.0,0.0,0.0,0.0,0.0,0.0,0.0,0.0
204,03:24:00,0.0,0.0,0.0,0.0,0.0,0.0,0.0,0.0,0.0,0.0,0.0,0.0,0.0,0.0,0.0,0.0,0.0,0.0,0.0,0.0,0.0,0.0,0.0,0.0,0.0
205,03:25:00,0.0,0.0,0.0,0.0,0.0,0.0,0.0,0.0,0.0,0.0,0.0,0.0,0.0,0.0,0.0,0.0,0.0,0.0,0.0,0.0,0.0,0.0,0.0,0.0,0.0
206,03:26:00,0.0,0.0,0.0,0.0,0.0,0.0,0.0,0.0,0.0,0.0,0.0,0.0,0.0,0.0,0.0,0.0,0.0,0.0,0.0,0.0,0.0,0.0,0.0,0.0,0.0
207,03:27:00,0.0,0.0,0.0,0.0,0.0,0.0,0.0,0.0,0.0,0.0,0.0,0.0,0.0,0.0,0.0,0.0,0.0,0.0,0.0,0.0,0.0,0.0,0.0,0.0,0.0
208,03:28:00,0.0,0.0,0.0,0.0,0.0,0.0,0.0,0.0,0.0,0.0,0.0,0.0,0.0,0.0,0.0,0.0,0.0,0.0,0.0,0.0,0.0,0.0,0.0,0.0,0.0
209,03:29:00,0.0,0.0,0.0,0.0,0.0,0.0,0.0,0.0,0.0,0.0,0.0,0.0,0.0,0.0,0.0,0.0,0.0,0.0,0.0,0.0,0.0,0.0,0.0,0.0,0.0
210,03:30:00,0.0,0.0,0.0,0.0,0.0,0.0,0.0,0.0,0.0,0.0,0.0,0.0,0.0,0.0,0.0,0.0,0.0,0.0,0.0,0.0,0.0,0.0,0.0,0.0,0.0
211,03:31:00,0.0,0.0,0.0,0.0,0.0,0.0,0.0,0.0,0.0,0.0,0.0,0.0,0.0,0.0,0.0,0.0,0.0,0.0,0.0,0.0,0.0,0.0,0.0,0.0,0.0
212,03:32:00,0.0,0.0,0.0,0.0,0.0,0.0,0.0,0.0,0.0,0.0,0.0,0.0,0.0,0.0,0.0,0.0,0.0,0.0,0.0,0.0,0.0,0.0,0.0,0.0,0.0
213,03:33:00,0.0,0.0,0.0,0.0,0.0,0.0,0.0,0.0,0.0,0.0,0.0,0.0,0.0,0.0,0.0,0.0,0.0,0.0,0.0,0.0,0.0,0.0,0.0,0.0,0.0
214,03:34:00,0.0,0.0,0.0,0.0,0.0,0.0,0.0,0.0,0.0,0.0,0.0,0.0,0.0,0.0,0.0,0.0,0.0,0.0,0.0,0.0,0.0,0.0,0.0,0.0,0.0
215,03:35:00,0.0,0.0,0.0,0.0,0.0,0.0,0.0,0.059,0.0,0.0,0.0,0.0,0.0,0.0,0.0,0.0,0.0,0.0,0.0,0.0,0.0,0.0,0.0,0.0,0.0
216,03:36:00,0.0,0.0,0.0,0.0,0.0,0.0,0.0,0.0,0.0,0.0,0.0,0.0,0.0,0.0,0.0,0.0,0.0,0.0,0.0,0.0,0.0,0.0,0.0,0.0,0.0
217,03:37:00,0.0,0.0,0.0,0.0,0.0,0.0,0.0,0.0,0.0,0.0,0.0,0.0,0.0,0.0,0.0,0.0,0.0,0.0,0.0,0.0,0.0,0.0,0.0,0.0,0.0
218,03:38:00,0.0,0.0,0.0,0.0,0.0,0.0,0.0,0.0,0.0,0.0,0.0,0.0,0.0,0.0,0.0,0.0,0.0,0.0,0.0,0.0,0.0,0.0,0.0,0.0,0.0
219,03:39:00,0.0,0.0,0.0,0.0,0.0,0.0,0.0,0.0,0.0,0.0,0.0,0.0,0.0,0.0,0.0,0.0,0.0,0.0,0.0,0.0,0.0,0.0,0.0,0.0,0.0
220,03:40:00,0.0,0.0,0.0,0.0,0.0,0.0,0.0,0.0,0.0,0.0,0.0,0.0,0.0,0.0,0.0,0.0,0.0,0.0,0.0,0.0,0.0,0.0,0.0,0.0,0.0
221,03:41:00,0.0,0.0,0.0,0.0,0.0,0.0,0.0,0.0,0.0,0.0,0.0,0.0,0.0,0.0,0.0,0.0,0.0,0.0,0.0,0.0,0.0,0.0,0.0,0.0,0.0
222,03:42:00,0.0,0.0,0.0,0.0,0.0,0.0,0.0,0.0,0.0,0.0,0.0,0.0,0.0,0.0,0.0,0.0,0.0,0.0,0.0,0.0,0.0,0.0,0.0,0.0,0.0
223,03:43:00,0.0,0.0,0.0,0.0,0.0,0.0,0.0,0.0,0.0,0.0,0.0,0.0,0.0,0.0,0.0,0.0,0.0,0.0,0.0,0.0,0.0,0.0,0.0,0.0,0.0
224,03:44:00,0.0,0.0,0.0,0.0,0.0,0.0,0.0,0.0,0.0,0.0,0.0,0.0,0.0,0.0,0.0,0.0,0.0,0.0,0.0,0.0,0.0,0.0,0.0,0.0,0.0
225,03:45:00,0.0,0.0,0.0,0.0,0.0,0.0,0.0,0.0,0.0,0.0,0.0,0.0,0.0,0.0,0.0,0.0,0.0,0.0,0.0,0.0,0.0,0.0,0.0,0.0,0.0
226,03:46:00,0.0,0.0,0.0,0.0,0.0,0.0,0.0,0.0,0.0,0.0,0.0,0.0,0.0,0.0,0.0,0.0,0.0,0.0,0.0,0.0,0.0,0.0,0.0,0.0,0.0
227,03:47:00,0.0,0.0,0.0,0.0,0.0,0.0,0.0,0.0,0.0,0.0,0.0,0.0,0.0,0.0,0.0,0.0,0.0,0.0,0.0,0.0,0.0,0.0,0.0,0.0,0.0
228,03:48:00,0.0,0.0,0.0,0.0,0.0,0.0,0.0,0.0,0.0,0.0,0.0,0.0,0.0,0.0,0.0,0.0,0.0,0.0,0.0,0.0,0.0,0.0,0.0,0.0,0.0
229,03:49:00,0.0,0.0,0.0,0.0,0.0,0.0,0.0,0.0,0.0,0.0,0.0,0.0,0.0,0.0,0.0,0.0,0.0,0.0,0.0,0.0,0.0,0.0,0.0,0.0,0.0
230,03:50:00,0.0,0.0,0.0,0.0,0.0,0.0,0.0,0.0,0.0,0.0,0.0,0.0,0.0,0.0,0.0,0.0,0.0,0.0,0.0,0.0,0.0,0.0,0.0,0.0,0.0
231,03:51:00,0.0,0.0,0.0,0.0,0.0,0.0,0.0,0.0,0.0,0.0,0.0,0.0,0.0,0.0,0.0,0.0,0.0,0.0,0.0,0.0,0.0,0.0,0.0,0.0,0.0
232,03:52:00,0.0,0.0,0.0,0.0,0.0,0.0,0.0,0.0,0.0,0.0,0.0,0.0,0.0,0.0,0.0,0.0,0.0,0.0,0.0,0.0,0.0,0.0,0.0,0.0,0.0
233,03:53:00,0.0,0.0,0.0,0.0,0.0,0.0,0.0,0.0,0.0,0.0,0.0,0.0,0.0,0.0,0.0,0.0,0.0,0.0,0.0,0.0,0.0,0.0,0.0,0.0,0.0
234,03:54:00,0.0,0.0,0.0,0.0,0.0,0.0,0.0,0.0,0.0,0.0,0.0,0.0,0.0,0.0,0.0,0.0,0.0,0.0,0.0,0.0,0.0,0.0,0.0,0.0,0.0
235,03:55:00,0.0,0.0,0.0,0.0,0.0,0.0,0.0,0.0,0.0,0.0,0.0,0.0,0.0,0.0,0.0,0.0,0.0,0.0,0.0,0.0,0.0,0.0,0.0,0.0,0.0
236,03:56:00,0.0,0.0,0.0,0.0,0.0,0.0,0.0,0.0,0.0,0.0,0.0,0.0,0.0,0.0,0.0,0.0,0.0,0.0,0.0,0.0,0.0,0.0,0.0,0.0,0.0
237,03:57:00,0.0,0.0,0.0,0.0,0.0,0.0,0.0,0.0,0.0,0.0,0.0,0.0,0.0,0.0,0.0,0.0,0.0,0.0,0.0,0.0,0.0,0.0,0.0,0.0,0.0
238,03:58:00,0.0,0.0,0.0,0.0,0.0,0.0,0.0,0.0,0.0,0.0,0.0,0.0,0.0,0.0,0.0,0.0,0.0,0.0,0.0,0.0,0.0,0.0,0.0,0.0,0.0
239,03:59:00,0.0,0.0,0.0,0.0,0.0,0.0,0.0,0.0,0.0,0.0,0.0,0.0,0.0,0.0,0.0,0.0,0.0,0.0,0.0,0.0,0.0,0.0,0.0,0.0,0.0
240,04:00:00,0.0,0.0,0.0,0.0,0.0,0.0,0.0,0.0,0.0,0.0,0.0,0.0,0.0,0.0,0.0,0.0,0.0,0.0,0.0,0.0,0.0,0.0,0.0,0.0,0.0
241,04:01:00,0.0,0.0,0.0,0.0,0.0,0.0,0.0,0.0,0.0,0.0,0.0,0.0,0.0,0.0,0.0,0.0,0.0,0.0,0.0,0.0,0.0,0.0,0.0,0.0,0.0
242,04:02:00,0.0,0.0,0.0,0.0,0.0,0.0,0.0,0.0,0.0,0.0,0.0,0.0,0.0,0.0,0.0,0.0,0.0,0.0,0.0,0.0,0.0,0.0,0.0,0.0,0.0
243,04:03:00,0.0,0.0,0.0,0.0,0.0,0.0,0.0,0.0,0.0,0.0,0.0,0.0,0.0,0.0,0.0,0.0,0.0,0.0,0.0,0.0,0.0,0.0,0.0,0.0,0.0
244,04:04:00,0.0,0.0,0.0,0.0,0.0,0.0,0.0,0.0,0.0,0.0,0.0,0.0,0.0,0.0,0.0,0.0,0.0,0.0,0.0,0.0,0.0,0.0,0.0,0.0,0.0
245,04:05:00,0.0,0.0,0.0,0.0,0.0,0.0,0.0,0.0,0.0,0.0,0.0,0.0,0.0,0.0,0.0,0.0,0.0,0.0,0.0,0.0,0.0,0.0,0.0,0.0,0.0
246,04:06:00,0.0,0.0,0.0,0.0,0.0,0.0,0.0,0.0,0.0,0.0,0.0,0.0,0.0,0.0,0.0,0.0,0.0,0.0,0.0,0.0,0.0,0.0,0.0,0.0,0.0
247,04:07:00,0.0,0.0,0.0,0.0,0.0,0.0,0.0,0.0,0.0,0.0,0.0,0.0,0.0,0.0,0.0,0.0,0.0,0.0,0.0,0.0,0.0,0.0,0.0,0.0,0.0
248,04:08:00,0.0,0.0,0.0,0.0,0.0,0.0,0.0,0.0,0.0,0.0,0.0,0.0,0.0,0.0,0.0,0.0,0.0,0.0,0.0,0.0,0.0,0.0,0.0,0.0,0.0
249,04:09:00,0.0,0.0,0.0,0.0,0.0,0.0,0.0,0.0,0.0,0.0,0.0,0.0,0.0,0.0,0.0,0.0,0.0,0.0,0.0,0.0,0.0,0.0,0.0,0.0,0.0
250,04:10:00,0.0,0.0,0.0,0.0,0.0,0.0,0.0,0.0,0.0,0.0,0.0,0.0,0.0,0.0,0.0,0.0,0.0,0.0,0.0,0.0,0.0,0.0,0.0,0.0,0.0
251,04:11:00,0.0,0.0,0.0,0.0,0.0,0.0,0.0,0.0,0.0,0.0,0.0,0.0,0.0,0.0,0.0,0.0,0.0,0.0,0.0,0.0,0.0,0.0,0.0,0.0,0.0
252,04:12:00,0.0,0.0,0.0,0.0,0.0,0.0,0.0,0.0,0.0,0.0,0.0,0.0,0.0,0.0,0.0,0.0,0.0,0.0,0.0,0.0,0.0,0.0,0.0,0.0,0.0
253,04:13:00,0.0,0.0,0.0,0.0,0.0,0.0,0.0,0.0,0.0,0.0,0.0,0.0,0.0,0.0,0.0,0.0,0.0,0.0,0.0,0.0,0.0,0.0,0.0,0.0,0.0
254,04:14:00,0.0,0.0,0.0,0.0,0.0,0.0,0.0,0.0,0.0,0.0,0.0,0.0,0.0,0.0,0.0,0.0,0.0,0.0,0.0,0.0,0.0,0.0,0.0,0.0,0.0
255,04:15:00,0.0,0.0,0.0,0.0,0.0,0.0,0.0,0.0,0.0,0.0,0.0,0.0,0.0,0.0,0.0,0.0,0.0,0.0,0.0,0.0,0.0,0.0,0.0,0.0,0.0
256,04:16:00,0.0,0.0,0.0,0.0,0.0,0.0,0.0,0.0,0.0,0.0,0.0,0.0,0.0,0.0,0.0,0.0,0.0,0.0,0.0,0.0,0.0,0.0,0.0,0.0,0.0
257,04:17:00,0.0,0.0,0.0,0.0,0.0,0.0,0.0,0.0,0.0,0.0,0.0,0.0,0.0,0.0,0.0,0.0,0.0,0.0,0.0,0.0,0.0,0.0,0.0,0.0,0.0
258,04:18:00,0.0,0.0,0.0,0.0,0.0,0.0,0.0,0.0,0.0,0.0,0.0,0.0,0.0,0.0,0.0,0.0,0.0,0.0,0.0,0.0,0.0,0.0,0.0,0.0,0.0
259,04:19:00,0.0,0.0,0.0,0.0,0.0,0.0,0.0,0.0,0.0,0.0,0.0,0.0,0.0,0.0,0.0,0.0,0.0,0.0,0.0,0.0,0.0,0.0,0.0,0.0,0.0
260,04:20:00,0.0,0.0,0.0,0.0,0.0,0.0,0.0,0.0,0.0,0.0,0.0,0.0,0.0,0.0,0.0,0.0,0.0,0.0,0.0,0.0,0.0,0.0,0.0,0.0,0.0
261,04:21:00,0.0,0.0,0.0,0.0,0.0,0.0,0.0,0.0,0.0,0.0,0.0,0.0,0.0,0.0,0.0,0.0,0.0,0.0,0.0,0.0,0.0,0.0,0.0,0.0,0.0
262,04:22:00,0.0,0.0,0.0,0.0,0.0,0.0,0.0,0.0,0.0,0.0,0.0,0.0,0.0,0.0,0.0,0.0,0.0,0.0,0.0,0.0,0.0,0.0,0.0,0.0,0.0
263,04:23:00,0.0,0.0,0.0,0.0,0.0,0.0,0.0,0.0,0.0,0.0,0.0,0.0,0.0,0.0,0.0,0.0,0.0,0.0,0.0,0.0,0.0,0.0,0.0,0.0,0.0
264,04:24:00,0.0,0.0,0.0,0.0,0.0,0.0,0.0,0.0,0.0,0.0,0.0,0.0,0.0,0.0,0.0,0.0,0.0,0.0,0.0,0.0,0.0,0.0,0.0,0.0,0.0
265,04:25:00,0.0,0.0,0.0,0.0,0.0,0.0,0.0,0.0,0.0,0.0,0.0,0.0,0.0,0.0,0.0,0.0,0.0,0.0,0.0,0.0,0.0,0.0,0.0,0.0,0.0
266,04:26:00,0.0,0.0,0.0,0.0,0.0,0.0,0.0,0.0,0.0,0.0,0.0,0.0,0.0,0.0,0.0,0.0,0.0,0.0,0.0,0.0,0.0,0.0,0.0,0.0,0.0
267,04:27:00,0.0,0.0,0.0,0.0,0.0,0.0,0.0,0.0,0.0,0.0,0.0,0.0,0.0,0.0,0.0,0.0,0.0,0.0,0.0,0.0,0.0,0.0,0.0,0.0,0.0
268,04:28:00,0.0,0.0,0.0,0.0,0.0,0.0,0.0,0.0,0.0,0.0,0.0,0.0,0.0,0.0,0.0,0.0,0.0,0.0,0.0,0.0,0.0,0.0,0.0,0.0,0.0
269,04:29:00,0.0,0.0,0.0,0.0,0.0,0.0,0.0,0.0,0.0,0.0,0.0,0.0,0.0,0.0,0.0,0.0,0.0,0.0,0.0,0.0,0.0,0.0,0.0,0.0,0.0
270,04:30:00,0.0,0.0,0.0,0.0,0.0,0.0,0.0,0.0,0.0,0.0,0.0,0.0,0.0,0.0,0.0,0.0,0.0,0.0,0.0,0.0,0.0,0.0,0.0,0.0,0.0
271,04:31:00,0.0,0.0,0.0,0.0,0.0,0.0,0.0,0.0,0.0,0.0,0.0,0.0,0.0,0.0,0.0,0.0,0.0,0.0,0.0,0.0,0.0,0.0,0.0,0.0,0.0
272,04:32:00,0.0,0.0,0.0,0.0,0.0,0.0,0.0,0.0,0.0,0.0,0.0,0.0,0.0,0.0,0.0,0.0,0.0,0.0,0.0,0.0,0.0,0.0,0.0,0.0,0.0
273,04:33:00,0.0,0.0,0.0,0.0,0.0,0.0,0.0,0.0,0.0,0.0,0.0,0.0,0.0,0.0,0.0,0.0,0.0,0.0,0.0,0.0,0.0,0.0,0.0,0.0,0.0
274,04:34:00,0.0,0.0,0.0,0.0,0.0,0.0,0.0,0.0,0.0,0.0,0.0,0.0,0.0,0.0,0.0,0.0,0.0,0.0,0.0,0.0,0.0,0.0,0.0,0.0,0.0
275,04:35:00,0.0,0.0,0.0,0.0,0.0,0.0,0.0,0.0,0.0,0.0,0.0,0.0,0.0,0.0,0.0,0.0,0.0,0.0,0.0,0.0,0.0,0.0,0.0,0.0,0.0
276,04:36:00,0.0,0.0,0.0,0.0,0.0,0.0,0.0,0.0,0.0,0.0,0.0,0.0,0.0,0.0,0.0,0.0,0.0,0.0,0.0,0.0,0.0,0.0,0.0,0.0,0.0
277,04:37:00,0.0,0.0,0.0,0.0,0.0,0.0,0.0,0.0,0.0,0.0,0.0,0.0,0.0,0.0,0.0,0.0,0.0,0.0,0.0,0.0,0.0,0.0,0.0,0.0,0.0
278,04:38:00,0.0,0.0,0.0,0.0,0.0,0.0,0.0,0.0,0.0,0.0,0.0,0.0,0.0,0.0,0.0,0.0,0.0,0.0,0.0,0.0,0.0,0.0,0.0,0.0,0.0
279,04:39:00,0.0,0.0,0.0,0.0,0.0,0.0,0.0,0.0,0.0,0.0,0.0,0.0,0.0,0.0,0.0,0.0,0.0,0.0,0.0,0.0,0.0,0.0,0.0,0.0,0.0
280,04:40:00,0.0,0.0,0.0,0.0,0.0,0.0,0.0,0.0,0.0,0.0,0.0,0.0,0.0,0.0,0.0,0.0,0.0,0.0,0.0,0.0,0.0,0.0,0.0,0.0,0.0
281,04:41:00,0.0,0.0,0.0,0.0,0.0,0.0,0.0,0.0,0.0,0.0,0.0,0.0,0.0,0.0,0.0,0.0,0.0,0.0,0.0,0.0,0.0,0.0,0.0,0.0,0.0
282,04:42:00,0.0,0.0,0.0,0.0,0.0,0.0,0.0,0.0,0.0,0.0,0.0,0.0,0.0,0.0,0.0,0.0,0.0,0.0,0.0,0.0,0.0,0.0,0.0,0.0,0.0
283,04:43:00,0.0,0.0,0.0,0.0,0.0,0.0,0.0,0.0,0.0,0.0,0.0,0.0,0.0,0.0,0.0,0.0,0.0,0.0,0.0,0.0,0.0,0.0,0.0,0.0,0.0
284,04:44:00,0.0,0.0,0.0,0.0,0.0,0.0,0.0,0.0,0.0,0.0,0.0,0.0,0.0,0.0,0.0,0.0,0.0,0.0,0.0,0.0,0.0,0.0,0.0,0.0,0.0
285,04:45:00,0.0,0.0,0.0,0.0,0.0,0.0,0.0,0.0,0.0,0.0,0.0,0.0,0.0,0.0,0.0,0.0,0.0,0.0,0.0,0.0,0.0,0.0,0.0,0.0,0.0
286,04:46:00,0.0,0.0,0.0,0.0,0.0,0.0,0.0,0.0,0.0,0.0,0.0,0.0,0.0,0.0,0.0,0.0,0.0,0.0,0.0,0.0,0.0,0.0,0.0,0.0,0.0
287,04:47:00,0.0,0.0,0.0,0.0,0.0,0.0,0.0,0.0,0.0,0.0,0.0,0.0,0.0,0.0,0.0,0.0,0.0,0.0,0.0,0.0,0.0,0.0,0.0,0.0,0.0
288,04:48:00,0.0,0.0,0.0,0.0,0.0,0.0,0.0,0.0,0.0,0.0,0.0,0.0,0.0,0.0,0.0,0.0,0.0,0.0,0.0,0.0,0.0,0.0,0.0,0.0,0.0
289,04:49:00,0.0,0.0,0.0,0.0,0.0,0.0,0.0,0.0,0.0,0.0,0.0,0.0,0.0,0.0,0.0,0.0,0.0,0.0,0.0,0.0,0.0,0.0,0.0,0.0,0.0
290,04:50:00,0.0,0.0,0.0,0.0,0.0,0.0,0.0,0.0,0.0,0.0,0.0,0.0,0.0,0.0,0.0,0.0,0.0,0.0,0.0,0.0,0.0,0.0,0.0,0.0,0.0
291,04:51:00,0.0,0.0,0.0,0.0,0.0,0.0,0.0,0.0,0.0,0.0,0.0,0.0,0.0,0.0,0.0,0.0,0.0,0.0,0.0,0.0,0.0,0.0,0.0,0.0,0.0
292,04:52:00,0.0,0.0,0.0,0.0,0.0,0.0,0.0,0.0,0.0,0.0,0.0,0.0,0.0,0.0,0.0,0.0,0.0,0.0,0.0,0.0,0.0,0.0,0.0,0.0,0.0
293,04:53:00,0.0,0.0,0.0,0.0,0.0,0.0,0.0,0.0,0.0,0.0,0.0,0.0,0.0,0.0,0.0,0.0,0.0,0.0,0.0,0.0,0.0,0.0,0.0,0.0,0.0
294,04:54:00,0.0,0.0,0.0,0.0,0.0,0.0,0.0,0.0,0.0,0.0,0.0,0.0,0.0,0.0,0.0,0.0,0.0,0.0,0.0,0.0,0.0,0.0,0.0,0.0,0.0
295,04:55:00,0.0,0.0,0.0,0.0,0.0,0.0,0.0,0.0,0.0,0.0,0.0,0.0,0.0,0.0,0.0,0.0,0.0,0.0,0.0,0.0,0.0,0.0,0.0,0.0,0.0
296,04:56:00,0.0,0.0,0.0,0.0,0.0,0.0,0.0,0.0,0.0,0.0,0.0,0.0,0.0,0.0,0.0,0.0,0.0,0.0,0.0,0.0,0.0,0.0,0.0,0.0,0.0
297,04:57:00,0.0,0.0,0.0,0.0,0.0,0.0,0.0,0.0,0.0,0.0,0.0,0.0,0.0,0.0,0.0,0.0,0.0,0.0,0.0,0.0,0.0,0.0,0.0,0.0,0.0
298,04:58:00,0.0,0.0,0.0,0.0,0.0,0.0,0.0,0.0,0.0,0.0,0.0,0.0,0.0,0.0,0.0,0.0,0.0,0.0,0.0,0.0,0.0,0.0,0.0,0.0,0.0
299,04:59:00,0.0,0.0,0.0,0.0,0.0,0.0,0.0,0.0,0.0,0.0,0.0,0.0,0.0,0.0,0.0,0.0,0.0,0.0,0.0,0.0,0.0,0.0,0.0,0.0,0.0
300,05:00:00,0.0,0.0,0.0,0.0,0.0,0.0,0.0,0.0,0.0,0.0,0.0,0.0,0.0,0.0,0.0,0.0,0.0,0.0,0.0,0.0,0.0,0.0,0.0,0.0,0.0
301,05:01:00,0.0,0.0,0.0,0.0,0.0,0.0,0.0,0.0,0.0,0.0,0.0,0.0,0.0,0.0,0.0,0.0,0.0,0.0,0.0,0.0,0.0,0.0,0.0,0.0,0.0
302,05:02:00,0.0,0.0,0.0,0.0,0.0,0.0,0.0,0.0,0.0,0.0,0.0,0.0,0.0,0.0,0.0,0.0,0.0,0.0,0.0,0.0,0.0,0.0,0.0,0.0,0.0
303,05:03:00,0.0,0.0,0.0,0.0,0.0,0.0,0.0,0.0,0.0,0.0,0.0,0.0,0.0,0.0,0.0,0.0,0.0,0.0,0.0,0.0,0.0,0.0,0.0,0.0,0.0
304,05:04:00,0.0,0.0,0.0,0.0,0.0,0.0,0.0,0.0,0.0,0.0,0.0,0.0,0.0,0.0,0.0,0.0,0.0,0.0,0.0,0.0,0.0,0.0,0.0,0.0,0.0
305,05:05:00,0.0,0.0,0.0,0.0,0.0,0.0,0.0,0.0,0.0,0.0,0.0,0.0,0.0,0.0,0.0,0.0,0.0,0.0,0.0,0.0,0.0,0.0,0.0,0.0,0.0
306,05:06:00,0.0,0.0,0.0,0.0,0.0,0.0,0.0,0.0,0.0,0.0,0.0,0.0,0.0,0.0,0.0,0.0,0.0,0.0,0.0,0.0,0.0,0.0,0.0,0.0,0.0
307,05:07:00,0.0,0.0,0.0,0.0,0.0,0.0,0.0,0.0,0.0,0.0,0.0,0.0,0.0,0.0,0.0,0.0,0.0,0.0,0.0,0.0,0.0,0.0,0.0,0.0,0.0
308,05:08:00,0.0,0.0,0.0,0.0,0.0,0.0,0.0,0.0,0.0,0.0,0.0,0.0,0.0,0.0,0.0,0.0,0.0,0.0,0.0,0.0,0.0,0.0,0.0,0.0,0.0
309,05:09:00,0.0,0.0,0.0,0.0,0.0,0.0,0.0,0.0,0.0,0.0,0.0,0.0,0.0,0.0,0.0,0.0,0.0,0.0,0.0,0.0,0.0,0.0,0.0,0.0,0.0
310,05:10:00,0.0,0.0,0.0,0.0,0.0,0.0,0.0,0.0,0.0,0.0,0.0,0.0,0.0,0.0,0.0,0.0,0.0,0.0,0.0,0.0,0.0,0.0,0.0,0.0,0.0
311,05:11:00,0.0,0.0,0.0,0.0,0.0,0.0,0.0,0.0,0.0,0.0,0.0,0.0,0.0,0.0,0.0,0.0,0.0,0.0,0.0,0.0,0.0,0.0,0.0,0.0,0.0
312,05:12:00,0.0,0.0,0.0,0.0,0.0,0.0,0.0,0.0,0.0,0.0,0.0,0.0,0.0,0.0,0.0,0.0,0.0,0.0,0.0,0.0,0.0,0.0,0.0,0.0,0.0
313,05:13:00,0.0,0.0,0.0,0.0,0.0,0.0,0.0,0.0,0.0,0.0,0.0,0.0,0.0,0.0,0.0,0.0,0.0,0.0,0.0,0.0,0.0,0.0,0.0,0.0,0.0
314,05:14:00,0.0,0.0,0.0,0.0,0.0,0.0,0.0,0.0,0.0,0.0,0.0,0.0,0.0,0.0,0.0,0.0,0.0,0.0,0.0,0.0,0.0,0.0,0.0,0.0,0.0
315,05:15:00,0.0,0.0,0.0,0.0,0.0,0.0,0.0,0.0,0.0,0.0,0.0,0.0,0.0,0.0,0.0,0.0,0.0,0.0,0.0,0.0,0.0,0.0,0.0,0.0,0.0
316,05:16:00,0.0,0.0,0.0,0.0,0.0,0.0,0.0,0.0,0.0,0.0,0.0,0.0,0.0,0.0,0.0,0.0,0.0,0.0,0.0,0.0,0.0,0.0,0.0,0.0,0.0
317,05:17:00,0.0,0.0,0.0,0.0,0.0,0.0,0.0,0.0,0.0,0.0,0.0,0.0,0.0,0.0,0.0,0.0,0.0,0.0,0.0,0.0,0.0,0.0,0.0,0.0,0.0
318,05:18:00,0.0,0.0,0.0,0.0,0.0,0.0,0.0,0.0,0.0,0.0,0.0,0.0,0.0,0.0,0.0,0.0,0.0,0.0,0.0,0.0,0.0,0.0,0.0,0.0,0.0
319,05:19:00,0.0,0.0,0.0,0.0,0.0,0.0,0.0,0.0,0.0,0.0,0.0,0.0,0.0,0.0,0.0,0.0,0.0,0.0,0.0,0.0,0.0,0.0,0.0,0.0,0.0
320,05:20:00,0.0,0.0,0.0,0.0,0.0,0.0,0.0,0.0,0.0,0.0,0.0,0.0,0.0,0.0,0.0,0.0,0.0,0.0,0.0,0.0,0.0,0.0,0.0,0.0,0.0
321,05:21:00,0.0,0.0,0.0,0.0,0.0,0.0,0.0,0.039,0.0,0.0,0.0,0.0,0.0,0.0,0.0,0.0,0.0,0.0,0.0,0.0,0.0,0.0,0.0,0.0,0.0
322,05:22:00,0.0,0.0,0.0,0.0,0.0,0.0,0.0,0.022,0.0,0.0,0.0,0.0,0.0,0.0,0.0,0.0,0.0,0.0,0.0,0.0,0.0,0.0,0.0,0.0,0.0
323,05:23:00,0.0,0.0,0.0,0.0,0.0,0.0,0.0,0.0,0.0,0.0,0.0,0.0,0.0,0.0,0.0,0.0,0.0,0.0,0.0,0.0,0.0,0.0,0.0,0.0,0.0
324,05:24:00,0.0,0.0,0.0,0.0,0.0,0.0,0.0,0.0,0.0,0.0,0.0,0.0,0.0,0.0,0.0,0.0,0.0,0.0,0.0,0.0,0.0,0.0,0.0,0.0,0.0
325,05:25:00,0.0,0.0,0.0,0.0,0.0,0.0,0.0,0.0,0.0,0.0,0.0,0.0,0.0,0.0,0.0,0.0,0.0,0.0,0.0,0.0,0.0,0.0,0.0,0.0,0.0
326,05:26:00,0.0,0.0,0.0,0.0,0.0,0.0,0.0,0.0,0.0,0.0,0.0,0.0,0.0,0.0,0.0,0.0,0.0,0.0,0.0,0.0,0.0,0.0,0.0,0.0,0.0
327,05:27:00,0.0,0.0,0.0,0.0,0.0,0.0,0.0,0.0,0.0,0.0,0.0,0.0,0.0,0.0,0.0,0.0,0.0,0.0,0.0,0.0,0.0,0.0,0.0,0.0,0.0
328,05:28:00,0.0,0.0,0.0,0.0,0.0,0.0,0.0,0.0,0.0,0.0,0.0,0.0,0.0,0.0,0.0,0.0,0.0,0.0,0.0,0.0,0.0,0.0,0.0,0.0,0.0
329,05:29:00,0.0,0.0,0.0,0.0,0.0,0.0,0.0,0.0,0.0,0.0,0.0,0.0,0.0,0.0,0.0,0.0,0.0,0.0,0.0,0.0,0.0,0.0,0.0,0.0,0.0
330,05:30:00,0.0,0.0,0.0,0.0,0.0,0.0,0.0,0.0,0.0,0.0,0.0,0.0,0.0,0.0,0.0,0.0,0.0,0.0,0.0,0.0,0.0,0.0,0.0,0.0,0.0
331,05:31:00,0.0,0.0,0.0,0.0,0.0,0.0,0.0,0.0,0.0,0.0,0.0,0.0,0.0,0.0,0.0,0.0,0.0,0.0,0.0,0.0,0.0,0.0,0.0,0.0,0.0
332,05:32:00,0.0,0.0,0.0,0.0,0.0,0.0,0.0,0.0,0.0,0.0,0.0,0.0,0.0,0.0,0.0,0.0,0.0,0.0,0.0,0.0,0.0,0.0,0.0,0.0,0.0
333,05:33:00,0.0,0.0,0.0,0.0,0.0,0.0,0.0,0.0,0.0,0.0,0.0,0.0,0.0,0.0,0.0,0.0,0.0,0.0,0.0,0.0,0.0,0.0,0.0,0.0,0.0
334,05:34:00,0.0,0.0,0.0,0.0,0.0,0.0,0.0,0.0,0.0,0.0,0.0,0.0,0.0,0.0,0.0,0.0,0.0,0.0,0.0,0.0,0.0,0.0,0.0,0.0,0.0
335,05:35:00,0.0,0.0,0.0,0.0,0.0,0.0,0.0,0.0,0.0,0.0,0.0,0.0,0.0,0.0,0.0,0.0,0.0,0.0,0.0,0.0,0.0,0.0,0.0,0.0,0.0
336,05:36:00,0.0,0.0,0.0,0.0,0.0,0.0,0.0,0.0,0.0,0.0,0.0,0.0,0.0,0.0,0.0,0.0,0.0,0.0,0.0,0.0,0.0,0.0,0.0,0.0,0.0
337,05:37:00,0.0,0.0,0.0,0.0,0.0,0.0,0.0,0.0,0.0,0.0,0.0,0.0,0.0,0.0,0.0,0.0,0.0,0.0,0.0,0.0,0.0,0.0,0.0,0.0,0.0
338,05:38:00,0.0,0.0,0.0,0.0,0.0,0.0,0.0,0.0,0.0,0.0,0.0,0.0,0.0,0.0,0.0,0.0,0.0,0.0,0.0,0.0,0.0,0.0,0.0,0.0,0.0
339,05:39:00,0.0,0.0,0.0,0.0,0.0,0.0,0.0,0.0,0.0,0.0,0.0,0.0,0.0,0.0,0.0,0.0,0.0,0.0,0.0,0.0,0.0,0.0,0.0,0.0,0.0
340,05:40:00,0.0,0.0,0.0,0.0,0.0,0.0,0.0,0.0,0.0,0.0,0.0,0.0,0.0,0.0,0.0,0.0,0.0,0.0,0.0,0.0,0.0,0.0,0.0,0.0,0.0
341,05:41:00,0.0,0.0,0.0,0.0,0.0,0.0,0.0,0.0,0.0,0.0,0.0,0.0,0.0,0.0,0.0,0.0,0.0,0.0,0.0,0.0,0.0,0.0,0.0,0.0,0.0
342,05:42:00,0.0,0.0,0.0,0.0,0.0,0.0,0.0,0.0,0.0,0.0,0.0,0.0,0.0,0.0,0.0,0.0,0.0,0.0,0.0,0.0,0.0,0.0,0.0,0.0,0.0
343,05:43:00,0.0,0.0,0.0,0.0,0.0,0.0,0.0,0.0,0.0,0.0,0.0,0.0,0.0,0.0,0.0,0.0,0.0,0.0,0.0,0.0,0.0,0.0,0.0,0.0,0.0
344,05:44:00,0.0,0.0,0.0,0.0,0.0,0.0,0.0,0.0,0.0,0.0,0.0,0.0,0.0,0.0,0.0,0.0,0.0,0.0,0.0,0.0,0.0,0.0,0.0,0.0,0.0
345,05:45:00,0.0,0.0,0.0,0.0,0.0,0.0,0.0,0.0,0.0,0.0,0.0,0.0,0.0,0.0,0.0,0.0,0.0,0.0,0.0,0.0,0.0,0.0,0.0,0.0,0.0
346,05:46:00,0.0,0.0,0.0,0.0,0.0,0.0,0.0,0.0,0.0,0.0,0.0,0.0,0.0,0.0,0.0,0.0,0.0,0.0,0.0,0.0,0.0,0.0,0.0,0.0,0.0
347,05:47:00,0.0,0.0,0.0,0.0,0.0,0.0,0.0,0.0,0.0,0.0,0.0,0.0,0.0,0.0,0.0,0.0,0.0,0.0,0.0,0.0,0.0,0.0,0.0,0.0,0.0
348,05:48:00,0.0,0.0,0.0,0.0,0.0,0.0,0.0,0.0,0.0,0.0,0.0,0.0,0.0,0.0,0.0,0.0,0.0,0.0,0.0,0.0,0.0,0.0,0.0,0.0,0.0
349,05:49:00,0.0,0.0,0.0,0.0,0.0,0.0,0.0,0.0,0.0,0.0,0.0,0.0,0.0,0.0,0.0,0.0,0.0,0.0,0.0,0.0,0.0,0.0,0.0,0.0,0.0
350,05:50:00,0.0,0.0,0.0,0.0,0.0,0.0,0.0,0.0,0.0,0.0,0.0,0.0,0.0,0.0,0.0,0.0,0.0,0.0,0.0,0.0,0.0,0.0,0.0,0.0,0.0
351,05:51:00,0.0,0.0,0.0,0.0,0.0,0.0,0.0,0.0,0.0,0.0,0.0,0.0,0.0,0.0,0.0,0.0,0.0,0.0,0.0,0.0,0.0,0.0,0.0,0.0,0.0
352,05:52:00,0.0,0.0,0.0,0.0,0.0,0.0,0.0,0.0,0.0,0.0,0.0,0.0,0.0,0.0,0.0,0.0,0.0,0.0,0.0,0.0,0.0,0.0,0.0,0.0,0.0
353,05:53:00,0.0,0.0,0.0,0.0,0.0,0.0,0.0,0.0,0.0,0.0,0.0,0.0,0.0,0.0,0.0,0.0,0.0,0.0,0.0,0.0,0.0,0.0,0.0,0.0,0.0
354,05:54:00,0.0,0.0,0.0,0.0,0.0,0.0,0.0,0.0,0.0,0.0,0.0,0.0,0.0,0.0,0.0,0.0,0.0,0.0,0.0,0.0,0.0,0.0,0.0,0.0,0.0
355,05:55:00,0.0,0.0,0.0,0.0,0.0,0.0,0.0,0.0,0.0,0.0,0.0,0.0,0.0,0.0,0.0,0.0,0.0,0.0,0.0,0.0,0.0,0.0,0.0,0.0,0.0
356,05:56:00,0.0,0.0,0.0,0.0,0.0,0.0,0.0,0.0,0.0,0.0,0.0,0.0,0.0,0.0,0.0,0.0,0.0,0.0,0.0,0.0,0.0,0.0,0.0,0.0,0.0
357,05:57:00,0.0,0.0,0.0,0.0,0.0,0.0,0.0,0.0,0.0,0.0,0.0,0.0,0.0,0.0,0.0,0.0,0.0,0.0,0.0,0.0,0.0,0.0,0.0,0.0,0.0
358,05:58:00,0.0,0.0,0.0,0.0,0.0,0.0,0.0,0.0,0.0,0.0,0.0,0.0,0.0,0.0,0.0,0.0,0.0,0.0,0.0,0.0,0.0,0.0,0.0,0.0,0.0
359,05:59:00,0.0,0.0,0.0,0.0,0.0,0.0,0.0,0.0,0.0,0.0,0.0,0.0,0.0,0.0,0.0,0.0,0.0,0.0,0.0,0.0,0.0,0.0,0.0,0.0,0.0
360,06:00:00,0.0,0.0,0.0,0.0,0.0,0.0,0.0,0.0,0.0,0.0,0.0,0.0,0.0,0.0,0.0,0.0,0.0,0.0,0.0,0.0,0.0,0.0,0.0,0.0,0.0
361,06:01:00,0.0,0.0,0.0,0.0,0.0,0.0,0.0,0.0,0.0,0.0,0.0,0.0,0.0,0.0,0.0,0.0,0.0,0.0,0.0,0.0,0.0,0.0,0.0,0.0,0.0
362,06:02:00,0.0,0.0,0.0,0.0,0.0,0.0,0.0,0.0,0.0,0.0,0.0,0.0,0.0,0.0,0.0,0.0,0.0,0.0,0.0,0.0,0.0,0.0,0.0,0.0,0.0
363,06:03:00,0.0,0.0,0.0,0.0,0.0,0.0,0.0,0.0,0.0,0.0,0.0,0.0,0.0,0.0,0.0,0.0,0.0,0.0,0.0,0.0,0.0,0.0,0.0,0.0,0.0
364,06:04:00,0.0,0.0,0.0,0.0,0.0,0.0,0.0,0.0,0.0,0.0,0.0,0.0,0.0,0.0,0.0,0.0,0.0,0.0,0.0,0.0,0.0,0.0,0.0,0.0,0.0
365,06:05:00,0.0,0.0,0.0,0.0,0.0,0.0,0.0,0.0,0.0,0.0,0.0,0.0,0.0,0.0,0.0,0.0,0.0,0.0,0.0,0.0,0.0,0.0,0.0,0.0,0.0
366,06:06:00,0.0,0.0,0.0,0.0,0.0,0.0,0.0,0.0,0.0,0.0,0.0,0.0,0.0,0.0,0.0,0.0,0.0,0.0,0.0,0.0,0.0,0.0,0.0,0.0,0.0
367,06:07:00,0.0,0.0,0.0,0.0,0.0,0.0,0.0,0.0,0.0,0.0,0.0,0.0,0.0,0.0,0.0,0.0,0.0,0.0,0.0,0.0,0.0,0.0,0.0,0.0,0.0
368,06:08:00,0.0,0.0,0.0,0.0,0.0,0.0,0.0,0.0,0.0,0.0,0.0,0.0,0.0,0.0,0.0,0.0,0.0,0.0,0.0,0.0,0.0,0.0,0.0,0.0,0.0
369,06:09:00,0.0,0.0,0.0,0.0,0.0,0.0,0.0,0.0,0.0,0.0,0.0,0.0,0.0,0.0,0.0,0.0,0.0,0.0,0.0,0.0,0.0,0.0,0.0,0.0,0.0
370,06:10:00,0.0,0.0,0.0,0.0,0.0,0.0,0.0,0.0,0.0,0.0,0.0,0.0,0.0,0.0,0.0,0.0,0.0,0.0,0.0,0.0,0.0,0.0,0.0,0.0,0.0
371,06:11:00,0.0,0.0,0.0,0.0,0.0,0.0,0.0,0.0,0.0,0.0,0.0,0.0,0.0,0.0,0.0,0.0,0.0,0.0,0.0,0.0,0.0,0.0,0.0,0.0,0.0
372,06:12:00,0.0,0.0,0.0,0.0,0.0,0.0,0.0,0.0,0.0,0.0,0.0,0.0,0.0,0.0,0.0,0.0,0.0,0.0,0.0,0.0,0.0,0.0,0.0,0.0,0.0
373,06:13:00,0.0,0.0,0.0,0.0,0.0,0.0,0.0,0.0,0.0,0.0,0.0,0.0,0.0,0.0,0.0,0.0,0.0,0.0,0.0,0.0,0.0,0.0,0.0,0.0,0.0
374,06:14:00,0.0,0.0,0.0,0.0,0.0,0.0,0.0,0.0,0.0,0.0,0.0,0.0,0.0,0.0,0.0,0.0,0.0,0.0,0.0,0.0,0.0,0.0,0.0,0.0,0.0
375,06:15:00,0.0,0.0,0.0,0.0,0.0,0.0,0.0,0.0,0.0,0.0,0.0,0.0,0.0,0.0,0.0,0.0,0.0,0.0,0.0,0.0,0.0,0.0,0.0,0.0,0.0
376,06:16:00,0.0,0.0,0.0,0.0,0.0,0.0,0.0,0.0,0.0,0.0,0.0,0.0,0.0,0.0,0.0,0.0,0.0,0.0,0.0,0.0,0.0,0.0,0.0,0.0,0.0
377,06:17:00,0.0,0.0,0.0,0.0,0.0,0.0,0.0,0.0,0.0,0.0,0.0,0.0,0.0,0.0,0.0,0.0,0.0,0.0,0.0,0.0,0.0,0.0,0.0,0.0,0.0
378,06:18:00,0.0,0.0,0.0,0.0,0.0,0.0,0.0,0.0,0.0,0.0,0.0,0.0,0.0,0.0,0.0,0.0,0.0,0.0,0.0,0.0,0.0,0.0,0.0,0.0,0.0
379,06:19:00,0.0,0.0,0.0,0.0,0.0,0.0,0.0,0.0,0.0,0.0,0.0,0.0,0.0,0.0,0.0,0.0,0.0,0.0,0.0,0.0,0.0,0.0,0.0,0.0,0.0
380,06:20:00,0.0,0.0,0.0,0.0,0.0,0.0,0.0,0.0,0.0,0.0,0.0,0.0,0.0,0.0,0.0,0.0,0.0,0.0,0.0,0.0,0.0,0.0,0.0,0.0,0.0
381,06:21:00,0.0,0.0,0.0,0.0,0.0,0.0,0.0,0.0,0.0,0.0,0.0,0.0,0.0,0.0,0.0,0.0,0.0,0.0,0.0,0.0,0.0,0.0,0.0,0.0,0.0
382,06:22:00,0.0,0.0,0.0,0.0,0.0,0.0,0.0,0.0,0.0,0.0,0.0,0.0,0.0,0.0,0.0,0.0,0.0,0.0,0.0,0.0,0.0,0.0,0.0,0.0,0.0
383,06:23:00,0.0,0.0,0.0,0.0,0.0,0.0,0.0,0.0,0.0,0.0,0.0,0.0,0.0,0.0,0.0,0.0,0.0,0.0,0.0,0.0,0.0,0.0,0.0,0.0,0.0
384,06:24:00,0.0,0.0,0.0,0.0,0.0,0.0,0.0,0.0,0.0,0.0,0.0,0.0,0.0,0.0,0.0,0.0,0.0,0.0,0.0,0.0,0.0,0.0,0.0,0.0,0.0
385,06:25:00,0.0,0.0,0.0,0.0,0.0,0.0,0.0,0.0,0.0,0.0,0.0,0.0,0.0,0.0,0.0,0.0,0.0,0.0,0.0,0.0,0.0,0.0,0.0,0.0,0.0
386,06:26:00,0.0,0.0,0.0,0.0,0.0,0.0,0.0,0.0,0.0,0.0,0.0,0.0,0.0,0.0,0.0,0.0,0.0,0.0,0.0,0.0,0.0,0.0,0.0,0.0,0.0
387,06:27:00,0.0,0.0,0.0,0.0,0.0,0.0,0.0,0.0,0.0,0.0,0.0,0.0,0.079,0.0,0.0,0.0,0.0,0.0,0.0,0.0,0.0,0.0,0.0,0.0,0.0
388,06:28:00,0.0,0.0,0.0,0.0,0.0,0.0,0.0,0.0,0.0,0.0,0.0,0.0,0.018,0.0,0.0,0.0,0.0,0.0,0.0,0.0,0.0,0.0,0.0,0.0,0.0
389,06:29:00,0.0,0.0,0.0,0.0,0.0,0.0,0.0,0.0,0.0,0.0,0.0,0.0,0.0,0.0,0.0,0.0,0.0,0.0,0.0,0.0,0.0,0.0,0.0,0.0,0.0
390,06:30:00,0.0,0.0,0.0,0.0,0.0,0.0,0.0,0.0,0.0,0.0,0.0,0.0,0.0,0.0,0.0,0.0,0.0,0.0,0.0,0.0,0.0,0.0,0.0,0.0,0.0
391,06:31:00,0.0,0.0,0.0,0.0,0.0,0.0,0.0,0.0,0.0,0.0,0.0,0.0,0.0,0.0,0.0,0.0,0.0,0.0,0.0,0.0,0.0,0.0,0.0,0.0,0.0
392,06:32:00,0.0,0.0,0.0,0.0,0.0,0.0,0.0,0.0,0.0,0.0,0.0,0.0,0.0,0.0,0.0,0.0,0.0,0.0,0.0,0.0,0.0,0.0,0.0,0.0,0.0
393,06:33:00,0.0,0.0,0.0,0.0,0.0,0.0,0.0,0.0,0.0,0.0,0.0,0.0,0.0,0.0,0.0,0.0,0.0,0.0,0.0,0.0,0.0,0.0,0.0,0.0,0.0
394,06:34:00,0.0,0.0,0.0,0.0,0.0,0.0,0.0,0.0,0.0,0.0,0.0,0.0,0.0,0.0,0.0,0.0,0.0,0.0,0.0,0.0,0.0,0.0,0.0,0.0,0.0
395,06:35:00,0.0,0.0,0.0,0.0,0.0,0.0,0.0,0.0,0.0,0.0,0.0,0.0,0.0,0.0,0.0,0.0,0.0,0.0,0.0,0.0,0.0,0.0,0.0,0.0,0.0
396,06:36:00,0.0,0.0,0.0,0.0,0.0,0.0,0.0,0.0,0.0,0.0,0.0,0.0,0.0,0.0,0.0,0.0,0.0,0.0,0.0,0.0,0.0,0.0,0.0,0.0,0.0
397,06:37:00,0.0,0.0,0.0,0.0,0.0,0.0,0.0,0.0,0.0,0.0,0.0,0.0,0.0,0.0,0.0,0.0,0.0,0.0,0.0,0.0,0.0,0.0,0.0,0.0,0.0
398,06:38:00,0.0,0.0,0.0,0.0,0.0,0.0,0.0,0.0,0.0,0.0,0.0,0.0,0.0,0.0,0.0,0.0,0.0,0.0,0.0,0.0,0.0,0.0,0.0,0.0,0.0
399,06:39:00,0.0,0.0,0.0,0.0,0.0,0.0,0.0,0.0,0.0,0.0,0.0,0.0,0.0,0.0,0.0,0.0,0.0,0.0,0.0,0.0,0.0,0.0,0.0,0.0,0.0
400,06:40:00,0.0,0.0,0.0,0.0,0.0,0.0,0.0,0.0,0.0,0.0,0.0,0.0,0.0,0.0,0.0,0.0,0.0,0.0,0.0,0.0,0.0,0.0,0.0,0.0,0.0
401,06:41:00,0.0,0.0,0.0,0.0,0.0,0.0,0.0,0.0,0.0,0.0,0.0,0.0,0.0,0.0,0.0,0.0,0.0,0.0,0.0,0.0,0.0,0.0,0.0,0.0,0.0
402,06:42:00,0.0,0.0,0.0,0.0,0.0,0.0,0.0,0.0,0.0,0.0,0.0,0.0,0.0,0.0,0.0,0.0,0.0,0.0,0.0,0.0,0.0,0.0,0.0,0.0,0.0
403,06:43:00,0.0,0.0,0.0,0.0,0.0,0.0,0.0,0.0,0.0,0.0,0.0,0.0,0.0,0.0,0.0,0.0,0.0,0.0,0.0,0.0,0.0,0.0,0.0,0.0,0.0
404,06:44:00,0.0,0.0,0.0,0.0,0.0,0.0,0.0,0.0,0.0,0.0,0.0,0.0,0.0,0.0,0.0,0.0,0.0,0.0,0.0,0.0,0.0,0.0,0.0,0.0,0.0
405,06:45:00,0.0,0.0,0.0,0.0,0.0,0.0,0.0,0.0,0.0,0.0,0.0,0.0,0.0,0.0,0.0,0.0,0.0,0.0,0.0,0.0,0.0,0.0,0.0,0.0,0.0
406,06:46:00,0.0,0.0,0.0,0.0,0.0,0.0,0.0,0.0,0.0,0.0,0.0,0.0,0.0,0.0,0.0,0.0,0.0,0.0,0.0,0.0,0.0,0.0,0.0,0.0,0.0
407,06:47:00,0.0,0.0,0.0,0.0,0.0,0.0,0.0,0.0,0.0,0.0,0.0,0.0,0.0,0.0,0.0,0.0,0.0,0.0,0.0,0.0,0.0,0.0,0.0,0.0,0.0
408,06:48:00,0.0,0.0,0.0,0.0,0.0,0.0,0.0,0.0,0.0,0.0,0.0,0.0,0.0,0.0,0.0,0.0,0.0,0.0,0.0,0.0,0.0,0.0,0.0,0.0,0.0
409,06:49:00,0.0,0.0,0.0,0.0,0.0,0.0,0.0,0.0,0.0,0.0,0.0,0.0,0.0,0.0,0.0,0.0,0.0,0.0,0.0,0.0,0.0,0.0,0.0,0.0,0.0
410,06:50:00,0.0,0.0,0.0,0.0,0.0,0.0,0.0,0.0,0.0,0.0,0.0,0.0,0.0,0.0,0.0,0.0,0.0,0.0,0.0,0.0,0.0,0.0,0.0,0.0,0.0
411,06:51:00,0.0,0.0,0.0,0.0,0.0,0.0,0.0,0.0,0.0,0.0,0.0,0.0,0.0,0.0,0.0,0.0,0.0,0.0,0.0,0.0,0.0,0.0,0.0,0.0,0.0
412,06:52:00,0.0,0.0,0.0,0.0,0.0,0.0,0.0,0.0,0.0,0.0,0.0,0.0,0.0,0.0,0.0,0.0,0.0,0.0,0.0,0.0,0.0,0.0,0.0,0.0,0.0
413,06:53:00,0.0,0.0,0.0,0.0,0.0,0.0,0.0,0.0,0.0,0.0,0.0,0.0,0.005,0.0,0.0,0.0,0.0,0.0,0.0,0.0,0.0,0.0,0.0,0.0,0.0
414,06:54:00,0.0,0.0,0.0,0.0,0.0,0.0,0.0,0.0,0.0,0.0,0.0,0.0,0.044,0.0,0.0,0.0,0.0,0.0,0.0,0.0,0.0,0.0,0.0,0.0,0.0
415,06:55:00,0.0,0.0,0.0,0.0,0.0,0.0,0.0,0.0,0.0,0.0,0.0,0.0,0.0,0.0,0.0,0.0,0.0,0.0,0.0,0.0,0.0,0.0,0.0,0.0,0.0
416,06:56:00,0.0,0.0,0.0,0.0,0.0,0.0,0.0,0.0,0.0,0.0,0.0,0.0,0.0,0.0,0.0,0.0,0.0,0.0,0.0,0.0,0.0,0.0,0.0,0.0,0.107
417,06:57:00,0.0,0.0,0.0,0.0,0.0,0.0,0.0,0.0,0.0,0.0,0.0,0.0,0.0,0.0,0.0,0.0,0.0,0.0,0.0,0.0,0.0,0.0,0.0,0.124,0.754
418,06:58:00,0.0,0.0,0.0,0.0,0.0,0.0,0.0,0.0,0.0,0.0,0.0,0.0,0.026,0.0,0.0,0.0,0.0,0.0,0.0,0.0,0.0,0.0,0.015,0.772,1.419
419,06:59:00,0.0,0.0,0.0,0.0,0.0,0.0,0.0,0.0,0.0,0.0,0.0,0.0,0.116,0.0,0.0,0.0,0.0,0.0,0.0,0.013,0.015,0.252,0.389,1.391,1.988
420,07:00:00,0.0,0.0,0.0,0.0,0.0,0.0,0.0,0.0,0.0,0.0,0.0,0.0,0.107,0.0,0.0,0.0,0.0,0.0,0.028,0.24,0.548,0.669,0.916,1.957,2.303
421,07:01:00,0.0,0.0,0.0,0.0,0.0,0.0,0.0,0.0,0.0,0.0,0.0,0.0,0.151,0.0,0.0,0.0,0.047,0.146,0.62,0.817,1.413,1.292,1.554,2.63,2.945
422,07:02:00,0.0,0.0,0.0,0.0,0.0,0.0,0.0,0.0,0.0,0.0,0.0,0.0,0.289,0.0,0.002,0.04,0.519,0.694,0.807,1.318,2.007,2.26,2.22,3.564,3.66
423,07:03:00,0.0,0.0,0.0,0.0,0.0,0.0,0.0,0.0,0.0,0.0,0.0,0.0,0.656,0.0,0.318,0.561,1.135,1.308,1.498,2.027,2.679,2.946,2.877,4.467,4.458
424,07:04:00,0.0,0.0,0.0,0.0,0.0,0.0,0.417,0.026,0.0,0.0,0.0,0.0,0.585,0.0,0.85,1.077,1.91,2.21,2.148,2.7,3.625,4.077,3.596,5.257,4.851
425,07:05:00,0.0,0.0,0.0,0.0,0.0,0.0,1.651,0.239,0.0,0.0,0.0,0.0,0.47,0.06,1.248,1.558,2.522,2.875,2.505,3.552,4.487,5.152,4.718,6.006,5.587
426,07:06:00,0.001,0.0,0.0,0.0,0.0,0.0,2.997,0.441,0.0,0.042,0.0,0.0,0.653,0.448,1.778,2.263,3.186,3.768,3.225,4.519,5.333,6.397,6.141,6.955,6.51
427,07:07:00,0.046,0.003,0.0,0.0,0.0,0.0,3.599,0.528,0.204,0.264,0.169,0.366,0.733,0.786,2.484,3.228,4.027,4.658,4.123,5.303,6.213,7.284,7.158,7.779,7.308
428,07:08:00,0.222,0.242,0.0,0.0,0.0,0.0,4.229,0.714,0.665,0.565,0.242,1.171,0.751,1.301,3.056,4.237,4.941,5.758,4.973,6.232,7.15,8.23,8.39,8.79,7.88
429,07:09:00,0.654,0.69,0.0,0.137,0.09,0.283,4.555,0.802,0.99,1.197,0.498,1.766,1.092,1.924,3.867,5.188,5.809,6.759,6.056,7.077,8.24,9.25,9.71,9.92,8.91
430,07:10:00,1.045,1.165,0.0,0.327,0.571,1.168,4.592,0.935,1.378,1.858,1.093,2.429,1.332,2.477,4.676,6.22,6.589,7.674,6.988,8.07,9.14,10.31,10.78,10.94,9.87
431,07:11:00,1.723,1.558,0.169,0.848,1.138,1.705,4.9,1.207,1.987,2.301,1.998,3.299,1.378,3.207,5.619,7.333,7.662,8.68,7.489,9.1,9.88,11.5,11.82,11.88,10.73
432,07:12:00,2.261,2.082,0.974,1.365,1.822,1.97,5.164,1.503,2.522,2.718,2.65,4.299,1.418,3.996,6.639,8.31,8.95,9.72,8.28,10.09,10.74,12.69,12.97,12.73,11.59
433,07:13:00,2.466,2.495,1.642,1.719,2.587,2.175,5.461,1.737,3.079,3.067,3.317,5.317,1.736,4.98,7.455,9.4,9.82,10.85,9.28,11.11,11.76,13.84,14.41,13.51,12.21
434,07:14:00,3.192,2.854,2.121,2.306,3.252,2.797,5.949,2.095,3.627,3.671,3.808,5.997,2.023,5.507,8.43,10.36,10.74,12.01,10.21,12.03,12.64,14.88,15.43,14.15,12.79
435,07:15:00,3.774,3.502,2.701,2.779,3.902,2.702,6.819,2.485,4.363,4.328,4.3,6.829,2.447,6.571,9.11,11.55,11.91,13.39,11.01,13.1,13.55,15.88,16.74,15.06,13.53
436,07:16:00,4.299,4.444,3.059,3.392,4.49,4.248,8.05,2.989,5.253,5.048,4.905,8.45,2.878,8.06,9.91,12.46,13.09,14.58,12.0,13.96,14.47,16.99,17.95,16.13,14.32
437,07:17:00,4.818,5.148,3.5,4.042,5.294,5.247,9.53,3.456,6.106,5.851,6.04,9.78,3.47,8.71,10.7,13.44,14.22,15.86,12.79,14.84,15.34,18.18,19.32,17.09,15.15
438,07:18:00,5.429,6.077,3.938,4.648,6.219,6.594,10.74,3.83,6.904,6.742,6.86,11.04,3.942,9.01,11.43,14.53,15.32,16.91,13.55,15.68,16.15,19.37,20.66,17.95,15.71
439,07:19:00,6.39,7.167,4.581,5.304,7.323,7.481,11.84,4.255,7.868,7.298,7.335,12.21,4.268,9.26,12.15,15.67,16.41,18.01,14.43,16.61,16.99,20.58,21.98,18.97,16.38
440,07:20:00,7.123,8.26,5.287,5.835,8.0,8.47,12.61,4.775,8.81,8.14,8.11,13.1,4.798,10.63,12.97,16.97,17.38,19.05,15.28,17.38,17.89,21.83,23.34,19.86,17.03
441,07:21:00,7.971,9.6,6.253,6.767,8.9,9.25,13.4,5.582,9.73,8.9,8.85,14.08,4.908,12.36,13.82,18.21,18.46,20.3,16.24,18.25,18.62,23.02,24.39,20.66,17.56
442,07:22:00,8.93,11.12,6.872,7.822,9.98,10.53,14.03,6.577,10.35,9.67,9.43,15.62,5.179,14.46,14.75,19.41,19.64,21.41,17.12,19.15,19.44,24.11,25.55,21.57,18.24
443,07:23:00,10.07,12.45,7.547,8.83,11.24,11.82,14.62,6.772,11.24,10.41,9.82,17.49,5.398,15.88,15.54,20.47,20.75,22.46,17.8,20.0,20.28,25.19,26.56,22.47,18.97
444,07:24:00,10.95,13.37,8.27,9.57,12.18,12.75,15.99,7.257,11.96,10.97,10.42,19.63,6.19,17.05,16.29,21.38,21.83,23.55,18.55,20.92,20.99,26.21,28.02,23.11,19.61
445,07:25:00,11.77,14.29,8.8,10.12,12.73,13.58,17.11,7.771,12.79,11.59,11.21,20.81,7.337,18.07,17.18,22.38,22.76,24.75,19.48,21.96,21.88,27.61,29.53,23.86,20.23
446,07:26:00,12.45,15.34,9.17,10.65,13.65,14.49,18.26,8.52,13.54,12.34,12.29,21.72,7.626,19.1,18.2,23.5,23.66,25.84,20.65,23.15,22.85,28.71,30.7,24.77,20.85
447,07:27:00,12.84,16.11,9.17,11.2,14.83,15.36,19.37,8.51,14.21,13.02,13.27,23.13,7.719,20.17,19.06,24.05,24.61,27.0,21.72,23.97,24.17,29.94,31.93,25.4,21.72
448,07:28:00,13.47,16.98,9.67,11.66,15.8,16.36,20.46,7.967,15.17,13.52,13.85,25.94,7.356,21.0,19.4,24.88,25.47,28.15,22.18,24.59,25.18,30.88,32.86,26.17,22.4
449,07:29:00,14.25,17.91,10.42,12.29,16.76,17.34,21.7,7.908,15.79,14.15,14.03,28.94,7.358,22.74,19.94,26.57,26.73,29.2,23.0,25.65,25.84,32.02,33.79,26.91,22.82
450,07:30:00,14.93,18.78,11.59,12.99,17.82,18.39,22.77,8.41,16.65,15.09,14.81,31.47,7.742,24.32,21.14,27.84,27.97,30.37,23.74,26.51,26.22,33.15,34.67,27.91,23.47
451,07:31:00,15.46,19.75,12.34,13.47,18.66,19.17,23.12,9.45,17.29,16.02,15.83,34.04,8.57,24.99,22.37,29.44,29.35,31.32,24.66,26.94,26.44,34.25,35.82,28.59,24.13
452,07:32:00,16.12,20.55,12.84,14.13,19.68,20.1,22.63,10.38,17.9,16.22,15.83,36.47,9.75,25.4,23.81,30.96,30.5,32.52,25.47,27.91,26.98,35.29,36.83,28.88,24.57
453,07:33:00,16.89,21.47,13.26,14.76,20.73,21.07,22.39,11.31,18.73,16.4,15.97,37.95,11.08,26.17,24.66,32.08,31.33,33.57,26.29,28.61,27.64,36.07,37.93,29.32,25.02
454,07:34:00,17.24,22.41,13.85,15.16,21.87,22.11,22.22,12.14,19.12,16.56,16.43,39.18,11.97,27.5,24.83,32.59,32.21,34.47,26.92,29.33,28.29,37.21,39.12,30.27,25.49
455,07:35:00,17.98,23.27,14.5,16.0,22.67,22.99,22.34,12.85,19.44,16.77,16.92,40.78,13.32,28.46,25.67,33.51,33.31,35.4,27.79,30.36,29.1,38.47,40.17,31.19,25.87
456,07:36:00,18.49,24.14,15.15,16.9,23.37,24.0,23.89,13.59,20.15,17.72,17.08,42.08,15.82,29.18,26.37,34.18,34.58,36.51,28.75,31.18,29.92,39.41,41.17,31.79,26.04
457,07:37:00,19.12,24.93,15.47,17.56,24.53,25.02,25.54,14.21,20.76,18.37,17.65,43.7,17.96,30.21,26.47,34.85,35.89,37.86,29.49,31.72,30.69,40.36,42.28,32.4,26.63
458,07:38:00,19.54,25.7,15.94,17.83,25.66,26.03,26.92,14.96,21.39,18.73,18.21,46.21,18.64,30.86,27.72,36.83,36.57,38.64,30.21,32.68,31.43,41.29,43.43,33.06,27.42
459,07:39:00,20.27,26.7,16.49,18.36,26.55,26.92,28.12,15.58,21.95,19.19,18.68,47.03,18.33,30.3,29.95,37.92,36.93,39.4,30.93,33.38,32.15,42.39,44.41,33.46,27.89
460,07:40:00,20.93,27.6,17.01,18.9,27.5,27.84,29.4,16.18,22.62,19.98,19.13,47.04,18.33,30.07,29.67,38.24,37.56,40.47,31.88,34.29,32.85,43.58,45.46,34.22,28.57
461,07:41:00,21.58,28.41,17.6,19.39,28.44,28.67,29.72,16.38,23.36,20.73,19.42,48.68,19.27,30.61,29.39,38.97,38.7,41.94,33.13,35.31,33.6,44.81,46.59,34.71,29.11
462,07:42:00,22.11,29.38,18.11,19.83,29.23,29.63,29.98,16.72,24.08,21.41,19.96,51.83,19.98,30.53,30.99,41.62,39.98,43.5,34.86,40.15,36.63,46.25,47.75,35.78,34.64
463,07:43:00,22.68,30.42,18.51,20.09,29.93,30.58,30.04,16.9,24.79,22.14,20.44,55.33,21.02,31.4,32.62,44.99,46.69,55.43,57.05,76.58,57.36,50.66,58.24,65.25,87.8
464,07:44:00,23.32,31.04,19.0,20.42,30.71,31.51,30.08,17.02,25.28,22.58,20.96,57.85,21.7,31.62,47.37,70.17,80.4,90.1,99.3,115.2,94.3,81.8,96.0,123.3,146.7
465,07:45:00,23.96,31.88,19.55,20.9,31.29,31.99,30.71,16.94,25.84,23.05,21.76,59.01,21.79,34.33,88.3,104.1,109.1,110.1,116.3,123.0,127.5,114.5,120.4,143.5,156.9
466,07:46:00,24.24,32.54,19.65,21.41,32.07,33.05,32.02,17.9,26.2,23.59,22.28,58.82,20.95,37.0,115.8,113.9,115.0,114.5,120.7,126.6,137.0,121.0,124.4,147.1,161.0
467,07:47:00,24.56,33.15,20.21,22.04,32.71,33.9,33.44,24.82,26.65,24.24,23.03,58.17,19.75,42.87,122.2,118.0,118.9,118.3,124.8,130.5,140.6,123.9,128.3,150.6,165.5
468,07:48:00,25.19,33.95,20.47,22.56,33.3,34.75,34.82,30.56,27.06,24.43,23.79,56.65,19.23,65.69,126.3,121.7,122.9,122.0,128.9,134.6,144.4,127.2,132.1,153.9,170.0
469,07:49:00,25.74,34.94,21.07,22.97,34.32,35.6,37.25,25.5,27.65,24.96,26.24,57.27,20.27,100.5,130.4,125.7,127.0,126.2,133.1,138.5,148.7,131.2,135.3,158.2,174.8
470,07:50:00,26.15,35.65,21.47,23.37,35.61,36.55,39.66,26.57,28.41,29.27,54.56,59.41,22.26,113.6,134.0,130.1,130.7,130.3,137.4,142.0,153.1,135.6,139.5,162.4,179.6
471,07:51:00,26.51,36.5,21.84,24.0,36.9,37.77,41.72,39.6,37.02,62.87,105.7,61.5,24.58,118.0,137.8,134.1,134.4,134.7,141.4,145.4,157.8,139.6,144.2,166.5,183.8
472,07:52:00,26.96,37.39,22.36,24.92,38.21,39.04,45.03,48.67,77.8,113.3,137.8,63.24,26.58,121.5,141.3,137.8,138.1,139.1,145.2,149.2,162.5,143.2,148.4,171.0,188.7
473,07:53:00,27.72,38.56,22.7,25.42,39.74,43.97,67.45,47.44,123.4,137.3,145.4,63.96,28.18,124.7,145.4,141.1,142.2,143.6,148.9,153.3,167.3,146.6,152.1,175.5,194.0
474,07:54:00,28.21,39.59,23.22,26.9,49.36,71.82,109.8,53.52,139.4,141.8,149.1,65.07,29.89,127.7,149.9,144.8,146.5,147.4,152.6,157.7,171.3,150.6,156.1,180.0,198.9
475,07:55:00,28.52,41.14,30.76,52.48,78.95,109.2,140.6,50.73,143.4,145.1,153.0,66.45,30.17,131.1,154.2,148.5,150.5,151.2,156.4,161.6,175.6,154.4,159.7,183.9,203.8
476,07:56:00,37.55,91.2,73.38,102.1,108.1,125.7,154.2,47.84,147.9,149.7,156.7,67.85,28.34,133.7,158.8,152.4,155.4,154.9,160.4,165.8,179.8,158.4,163.4,187.8,208.7
477,07:57:00,146.8,241.1,128.3,134.6,118.5,130.6,164.8,54.31,152.8,154.1,160.4,68.79,25.48,137.4,163.7,156.5,161.3,158.8,164.4,169.9,183.6,162.8,166.7,192.4,213.4
478,07:58:00,340.0,380.0,150.5,142.4,122.6,134.1,175.0,73.37,156.6,157.7,164.3,69.72,23.41,141.6,167.9,160.8,166.5,162.5,168.3,174.3,187.3,167.8,170.1,196.8,218.0
479,07:59:00,447.9,421.9,155.8,146.6,126.0,137.7,185.3,105.6,159.5,161.6,168.3,70.82,22.06,145.2,172.2,165.4,171.7,166.4,172.2,178.2,191.6,172.2,173.8,201.0,222.5
480,08:00:00,466.0,431.7,160.1,150.8,129.4,141.5,194.5,126.4,164.2,165.1,171.9,71.99,21.51,149.1,176.6,169.7,176.3,170.5,175.9,182.9,195.4,175.9,177.8,205.1,227.6
481,08:01:00,471.0,438.5,163.9,154.8,133.0,145.2,202.4,129.7,169.1,168.9,175.7,74.35,21.1,152.6,180.7,173.9,180.1,174.0,179.9,187.5,198.7,180.1,183.5,209.7,232.8
482,08:02:00,476.9,445.3,167.9,159.2,137.1,148.8,208.5,110.1,172.7,171.8,179.5,78.44,21.14,156.0,184.6,178.3,183.9,178.1,184.4,191.8,203.4,183.9,188.1,215.1,237.0
483,08:03:00,486.0,451.6,171.5,163.3,142.1,152.3,213.2,101.0,177.3,174.8,183.4,82.1,21.23,159.2,188.3,182.3,188.3,182.0,188.6,195.9,207.9,188.7,192.2,219.7,241.9
484,08:04:00,491.6,458.5,175.5,167.3,147.1,155.6,199.3,96.0,181.6,179.2,187.4,84.7,21.39,163.2,191.3,186.4,192.7,185.8,193.1,200.1,212.2,193.3,196.6,223.6,246.2
485,08:05:00,498.9,466.6,179.5,171.2,151.3,159.0,181.0,108.0,184.7,183.4,191.9,84.2,21.24,167.1,196.0,190.1,196.6,189.3,197.6,204.8,217.2,198.0,200.6,227.7,250.8
486,08:06:00,504.8,473.3,183.9,175.5,155.3,162.6,137.1,122.9,187.5,186.8,196.5,82.6,21.61,170.5,200.5,194.5,200.0,193.8,202.6,209.5,222.0,202.2,205.0,231.5,255.8
487,08:07:00,510.5,480.5,187.5,179.3,159.5,166.0,111.0,151.6,191.9,191.4,200.8,82.7,22.84,174.2,205.0,198.3,203.2,197.9,207.1,214.3,227.0,205.9,209.1,235.8,260.4
488,08:08:00,517.0,488.6,191.8,183.6,162.9,169.5,92.5,170.0,196.4,195.8,204.7,83.8,25.06,178.1,210.0,202.2,206.9,201.9,211.5,219.0,231.3,209.5,212.0,240.1,264.3
489,08:09:00,522.9,495.9,196.1,187.7,166.5,173.6,87.9,165.4,200.8,200.0,208.6,87.5,26.99,182.5,214.7,206.4,210.6,206.3,215.7,223.4,235.3,212.6,215.3,244.7,268.4
490,08:10:00,525.2,502.9,200.2,191.6,170.2,177.9,88.7,154.4,203.3,205.0,212.8,95.0,28.72,187.1,219.1,210.5,214.2,210.9,220.0,228.1,239.1,216.3,219.4,249.8,273.5
491,08:11:00,532.1,510.3,204.4,195.4,174.4,182.1,94.8,103.1,205.2,208.4,217.8,99.4,30.29,191.5,222.8,214.6,218.3,214.8,224.4,232.0,243.2,220.3,224.8,254.1,278.2
492,08:12:00,541.2,517.0,208.8,198.9,178.6,186.1,96.6,81.7,210.7,213.0,222.1,99.9,33.26,195.2,226.6,219.0,221.9,219.2,229.0,235.1,247.7,224.8,229.7,257.7,283.0
493,08:13:00,546.6,522.8,212.9,202.3,182.2,190.2,94.4,78.5,217.8,216.6,225.1,97.9,37.12,198.1,231.0,223.3,225.4,223.1,233.7,239.2,253.4,230.0,233.1,262.3,286.8
494,08:14:00,554.1,528.8,217.2,206.1,186.2,194.4,102.0,69.73,222.2,221.1,228.2,93.5,40.41,201.9,236.0,227.3,229.7,227.8,238.4,243.9,258.6,234.4,237.9,267.1,290.9
495,08:15:00,558.3,534.8,221.3,210.4,190.3,198.5,102.4,68.46,226.1,225.1,233.9,89.6,40.86,206.1,240.3,231.2,234.4,232.1,242.6,248.5,262.6,239.4,243.5,271.7,295.1
496,08:16:00,563.6,541.0,225.4,214.5,194.6,202.7,96.6,79.51,228.5,229.9,239.1,88.4,39.69,209.9,244.5,235.2,238.5,237.6,247.3,253.4,266.1,243.2,247.8,275.7,300.2
497,08:17:00,568.3,545.1,229.3,218.4,198.4,207.2,98.2,95.7,232.7,234.3,244.0,88.2,39.72,214.0,248.4,239.1,243.9,242.4,251.8,258.4,270.3,247.5,252.0,280.2,304.1
498,08:18:00,573.0,549.4,233.4,222.5,202.4,211.4,116.3,110.3,237.7,239.0,249.0,87.4,40.49,218.8,253.0,244.0,246.8,246.9,256.7,262.9,274.6,252.4,256.3,284.5,308.2
499,08:19:00,578.6,553.0,237.6,226.4,206.6,215.3,137.5,124.6,241.9,243.3,252.7,88.1,41.94,222.4,257.0,248.3,250.1,251.0,261.0,267.5,279.4,257.1,261.9,288.0,312.3
500,08:20:00,584.5,556.8,241.6,230.4,210.8,218.8,221.7,137.3,244.9,248.8,255.2,89.8,43.4,227.1,259.9,252.8,254.5,254.5,265.2,272.4,283.6,261.8,268.0,292.5,316.2
501,08:21:00,588.4,562.3,245.4,234.8,215.3,222.6,257.8,142.1,250.3,252.9,258.2,94.1,45.46,231.9,264.8,256.7,259.9,257.0,268.0,277.6,288.8,266.2,274.1,296.9,321.3
502,08:22:00,594.8,566.5,249.4,239.7,219.5,226.3,256.3,143.6,257.2,258.3,261.9,97.6,47.48,236.4,269.3,260.5,263.8,261.3,272.1,282.7,294.1,271.9,278.8,301.8,326.4
503,08:23:00,601.7,570.9,253.7,244.8,223.5,230.4,253.5,137.1,261.8,263.2,268.0,98.6,49.78,240.5,274.9,264.8,267.6,264.7,275.8,287.0,298.8,275.6,283.1,305.5,331.5
504,08:24:00,603.9,574.7,257.5,249.5,226.5,234.4,252.5,125.3,266.1,266.3,274.6,100.4,52.22,244.5,277.5,267.6,274.2,269.3,280.1,292.6,305.0,280.3,286.9,310.6,336.7
505,08:25:00,607.3,579.7,261.5,254.1,230.8,238.3,253.0,115.7,269.6,270.7,281.4,103.4,55.79,249.2,282.7,271.1,277.9,272.4,283.6,297.8,310.5,284.4,289.7,316.7,340.8
506,08:26:00,613.1,584.7,265.0,258.5,234.8,241.4,254.2,102.8,273.8,275.7,285.2,105.2,59.42,254.3,287.8,274.3,282.5,277.9,287.6,303.2,314.6,289.7,292.7,322.5,344.6
507,08:27:00,617.2,588.8,269.9,263.6,238.7,244.3,256.5,95.7,278.7,279.2,288.4,106.1,63.76,259.0,292.3,278.7,286.8,282.7,292.1,307.5,319.3,295.1,297.7,326.8,350.1
508,08:28:00,620.3,592.6,274.4,267.3,244.0,247.9,259.2,97.8,283.4,282.7,292.6,108.6,67.74,263.4,298.0,282.5,291.9,285.2,297.2,310.9,324.3,299.1,302.4,330.6,355.5
509,08:29:00,628.1,597.8,279.2,272.0,247.4,252.2,262.9,104.7,286.9,286.5,296.7,111.2,70.14,267.9,302.6,287.2,296.1,287.7,302.8,315.3,329.9,302.8,306.4,335.3,359.7
510,08:30:00,634.8,603.8,284.3,277.4,252.2,256.0,267.0,115.7,292.4,291.2,302.1,112.4,72.32,273.7,308.4,291.6,299.6,292.1,308.1,320.2,333.7,305.8,310.2,339.7,363.6
511,08:31:00,642.3,609.9,288.4,282.6,256.7,259.4,271.1,127.3,296.9,295.7,307.7,116.5,72.79,277.8,312.2,295.2,305.4,296.1,312.1,324.3,337.1,308.9,314.4,344.0,367.7
512,08:32:00,647.9,616.5,293.2,287.9,260.7,263.6,274.5,131.9,302.4,300.8,312.3,118.7,72.56,282.2,316.9,299.6,309.3,300.1,316.0,328.1,340.1,312.1,319.5,349.8,372.0
513,08:33:00,650.6,621.3,297.6,292.1,265.2,267.6,278.0,121.8,306.5,305.5,317.0,114.9,71.99,287.1,321.8,304.2,312.9,304.3,319.3,332.8,345.6,316.2,324.4,354.7,376.1
514,08:34:00,656.2,626.4,301.9,297.0,270.0,271.5,281.2,96.5,312.0,309.8,319.1,109.6,71.47,291.7,325.8,307.9,316.3,308.9,324.8,336.9,351.2,321.7,330.3,358.6,379.5
515,08:35:00,660.5,629.8,306.0,301.8,274.3,275.6,285.1,80.4,318.8,313.9,322.2,105.9,70.25,296.1,328.7,310.4,321.4,313.8,330.2,340.5,356.8,326.8,333.9,363.3,383.7
516,08:36:00,666.4,634.5,310.2,306.5,278.7,279.4,288.7,85.5,322.4,317.9,326.5,104.7,68.35,299.9,333.0,313.5,324.3,318.7,335.2,344.9,361.6,330.3,336.8,367.5,388.7
517,08:37:00,668.6,638.0,313.7,310.0,281.9,283.6,293.3,97.6,322.4,321.2,330.5,105.9,66.87,304.1,338.4,317.2,326.3,323.6,340.2,349.1,365.9,333.4,341.8,371.9,395.4
518,08:38:00,673.2,641.7,317.8,313.8,285.3,287.4,298.1,107.8,328.1,325.0,335.6,108.3,66.93,307.3,343.2,319.8,329.5,329.1,345.2,353.9,369.8,337.5,345.3,375.4,401.2
519,08:39:00,677.9,646.9,322.5,318.3,288.7,291.5,302.5,129.9,332.6,329.5,340.2,111.5,67.43,311.5,347.7,324.8,334.2,334.7,349.9,359.2,374.0,340.9,349.0,379.6,404.6
520,08:40:00,682.4,651.1,326.8,322.4,292.5,296.0,307.3,164.7,338.9,333.7,345.0,113.3,68.06,315.9,351.3,329.8,339.1,339.8,354.7,362.7,378.9,346.5,352.4,384.3,408.3
521,08:41:00,687.5,654.4,331.1,326.1,296.7,299.9,311.0,184.1,344.2,337.8,348.7,113.8,67.79,320.6,356.6,334.1,342.6,342.7,359.5,367.5,383.8,351.9,357.8,389.1,413.8
522,08:42:00,692.4,662.4,335.0,329.5,300.1,303.3,315.1,192.3,348.4,342.0,352.1,121.0,67.32,324.7,361.5,339.3,346.3,346.5,363.2,372.7,388.1,357.0,362.3,393.0,418.6
523,08:43:00,694.2,667.7,338.5,333.7,305.5,307.3,318.6,223.1,352.4,345.9,356.5,128.7,67.19,328.1,366.5,344.4,350.5,350.0,366.8,377.3,394.4,359.9,366.3,398.7,423.0
524,08:44:00,698.0,672.6,342.2,337.8,310.1,311.4,322.0,222.4,354.5,349.1,359.7,133.5,66.12,333.0,369.6,348.9,355.1,354.0,371.2,381.8,398.0,362.1,371.2,403.3,427.1
525,08:45:00,704.3,677.4,345.8,341.3,314.1,314.8,328.3,228.4,360.6,354.6,363.1,139.4,64.96,337.8,374.3,353.2,358.3,360.1,373.7,386.4,402.4,366.4,376.6,408.9,430.6
526,08:46:00,707.9,679.7,349.3,345.4,317.9,318.0,335.2,222.8,363.0,357.5,366.8,144.0,63.6,343.6,379.8,358.9,362.6,363.8,378.1,390.2,406.3,371.7,381.4,413.2,435.7
527,08:47:00,708.8,682.6,353.4,349.0,321.2,321.2,341.2,205.4,369.0,363.2,371.0,144.8,61.88,347.5,383.8,363.7,365.8,368.1,380.6,394.6,407.7,377.6,384.2,416.7,439.8
528,08:48:00,713.5,686.9,358.0,352.7,324.8,325.6,347.4,184.9,372.3,367.7,373.1,144.7,61.77,351.0,388.9,366.7,369.7,372.3,385.7,398.8,412.0,383.5,387.6,421.4,445.3
529,08:49:00,715.7,692.9,362.4,356.3,327.4,328.7,353.7,171.2,378.3,373.1,378.1,141.5,63.34,355.3,391.4,371.4,374.7,378.0,390.1,404.3,415.2,387.1,391.3,424.6,450.2
530,08:50:00,720.6,697.0,367.5,360.6,331.7,332.3,357.5,159.5,382.1,375.4,383.1,132.9,67.54,358.9,394.9,376.5,380.0,380.6,392.0,409.3,418.5,390.4,396.8,427.2,453.2
531,08:51:00,728.1,701.4,372.9,364.8,335.9,336.4,360.1,160.9,383.1,380.1,389.2,131.6,74.3,362.5,398.9,381.0,384.4,382.7,395.2,412.1,423.0,392.8,400.7,431.9,455.3
532,08:52:00,733.2,704.2,377.4,368.4,341.5,340.1,363.5,170.7,388.5,384.3,394.4,132.2,81.7,366.9,403.1,384.7,389.1,386.3,401.0,416.7,427.4,395.2,403.7,436.9,459.9
533,08:53:00,734.4,708.6,382.3,371.8,344.8,343.8,368.6,176.2,391.6,389.4,399.7,130.3,90.4,373.3,409.5,389.6,393.3,390.5,405.4,420.4,432.1,397.8,408.3,444.5,463.1
534,08:54:00,738.3,712.1,387.6,374.6,348.5,347.6,373.4,175.7,395.6,394.5,403.0,130.7,98.9,377.4,413.2,392.7,397.6,394.4,409.9,424.9,434.9,401.5,414.2,449.8,465.9
535,08:55:00,740.6,717.1,391.9,379.8,354.3,352.4,378.4,181.4,397.8,398.5,406.8,139.0,104.9,381.3,417.2,396.7,402.5,399.2,415.3,427.0,439.3,406.8,419.6,453.0,469.1
536,08:56:00,746.9,722.4,397.0,383.7,359.3,357.4,384.5,199.9,403.5,403.2,412.6,146.8,106.9,384.8,421.6,398.6,405.7,405.8,421.0,430.7,444.3,411.5,425.5,457.8,474.7
537,08:57:00,750.5,726.0,400.4,387.8,364.1,361.6,389.9,203.0,410.9,408.1,418.1,147.5,106.4,388.8,427.3,402.9,410.8,411.8,424.3,435.3,449.4,414.8,428.2,463.4,481.6
538,08:58:00,755.3,731.0,404.3,392.2,368.7,366.2,395.6,184.6,413.8,412.6,421.5,146.0,105.4,392.8,430.6,407.0,415.2,415.2,427.3,441.1,455.5,416.7,431.6,469.2,487.7
539,08:59:00,756.0,735.1,408.4,395.8,373.8,370.0,403.0,171.0,420.2,416.5,425.5,146.0,104.3,396.6,434.1,411.4,418.5,419.3,432.5,444.9,459.9,420.6,435.9,473.8,491.9
540,09:00:00,756.9,737.8,412.2,400.0,377.2,375.0,407.3,161.6,421.5,419.8,429.0,141.9,103.7,400.6,439.9,416.8,422.1,422.8,436.0,447.6,463.3,424.7,439.6,476.7,497.9
541,09:01:00,760.1,742.7,416.7,404.1,381.1,378.7,411.7,153.5,424.8,422.9,433.4,137.4,103.7,404.2,445.7,421.0,427.1,426.9,439.5,451.3,464.8,429.6,443.8,480.1,501.8
542,09:02:00,768.9,746.6,421.9,407.6,385.4,384.0,414.8,149.6,430.7,427.5,439.9,140.9,105.1,409.5,449.2,424.1,431.6,430.7,443.6,455.4,467.8,434.2,448.9,485.9,505.6
543,09:03:00,773.4,750.6,426.6,411.5,389.7,387.7,417.7,141.2,433.7,431.7,446.1,145.4,106.7,413.3,452.6,427.9,436.3,434.2,451.1,459.9,472.8,439.4,453.2,489.9,508.8
544,09:04:00,773.9,755.0,431.8,415.2,394.9,392.3,420.9,143.6,435.9,436.1,448.2,148.0,109.5,418.1,457.0,431.7,441.3,437.3,455.4,463.3,477.3,445.5,457.0,493.4,507.4
545,09:05:00,778.1,758.5,436.6,418.7,399.5,396.2,425.8,148.0,444.0,439.1,448.6,153.2,112.3,422.1,459.9,435.0,445.7,444.2,456.5,466.3,480.1,449.6,461.6,496.6,512.3
546,09:06:00,780.0,760.5,440.6,422.4,404.4,399.9,430.5,149.5,443.3,442.7,452.9,163.9,114.6,425.3,464.8,437.3,450.1,447.9,461.1,471.3,483.0,453.0,466.9,501.6,517.0
547,09:07:00,781.6,764.6,444.2,429.3,407.2,403.4,433.0,146.1,449.0,448.2,459.6,170.4,117.6,429.5,468.4,441.0,454.5,448.8,463.8,476.7,488.9,457.6,471.0,504.7,523.4
548,09:08:00,785.3,768.9,448.7,434.6,410.5,407.3,436.0,143.7,453.7,452.0,464.4,173.8,120.0,436.2,474.6,445.3,457.9,453.7,467.3,481.2,493.9,462.4,475.3,507.2,528.3
549,09:09:00,788.3,771.9,453.0,437.7,414.3,411.6,441.8,145.7,456.5,457.0,467.9,172.2,121.1,439.7,478.8,450.2,459.7,458.8,472.4,486.9,497.7,465.4,478.9,513.3,531.5
550,09:10:00,789.6,776.2,456.6,440.0,418.3,415.8,446.0,147.5,460.4,460.8,473.3,171.3,123.1,442.7,483.0,455.5,463.6,463.9,478.3,487.8,502.3,469.6,482.6,518.7,535.8
551,09:11:00,795.0,780.8,460.3,444.0,422.0,420.5,449.2,148.2,460.7,462.6,475.7,174.0,125.9,446.6,486.9,462.1,468.7,467.8,484.2,491.1,507.1,473.1,486.0,524.5,540.2
552,09:12:00,797.7,785.9,462.7,448.2,426.8,425.6,453.2,155.2,458.8,465.5,476.9,176.2,127.7,449.6,489.6,465.1,470.1,471.9,487.6,496.2,511.7,475.3,490.6,528.9,545.0
553,09:13:00,802.0,789.0,467.2,451.8,431.6,430.2,457.5,174.7,462.6,469.3,480.7,177.8,129.5,454.1,493.3,468.1,472.0,478.3,491.5,498.3,515.2,477.4,495.5,534.7,546.6
554,09:14:00,805.0,789.8,472.8,454.0,434.8,434.6,458.1,202.6,469.3,475.5,486.2,178.3,132.4,456.1,497.6,472.7,478.7,482.8,496.8,503.6,519.1,482.0,498.7,537.6,546.7
555,09:15:00,810.0,791.5,476.7,456.3,436.8,440.5,465.1,216.2,476.0,480.0,489.7,177.4,134.1,465.2,501.3,478.7,485.2,485.0,502.1,505.6,522.5,486.8,504.9,542.6,548.7
556,09:16:00,815.0,796.0,482.0,460.6,439.9,444.1,383.2,196.3,482.3,488.0,495.4,175.4,135.2,472.5,506.0,485.1,488.5,488.6,505.1,507.8,526.4,492.2,510.6,545.9,552.8
557,09:17:00,818.0,798.8,485.3,467.0,444.6,448.1,457.8,181.4,488.0,493.3,499.9,173.0,137.0,474.5,509.8,490.5,491.6,494.0,506.6,512.4,528.7,497.9,513.0,548.6,560.0
558,09:18:00,818.0,803.0,487.8,471.0,449.8,451.6,451.9,188.3,496.9,495.0,499.5,170.0,137.6,477.0,512.8,491.9,495.4,498.5,508.7,520.4,531.8,503.7,514.5,553.7,567.7
559,09:19:00,820.0,807.0,491.1,472.8,453.6,455.8,393.9,200.0,500.4,498.7,504.0,171.4,137.1,479.8,517.0,494.7,500.2,502.1,515.5,527.9,534.4,508.4,518.1,559.7,571.4
560,09:20:00,825.0,812.0,496.2,477.6,458.2,459.8,486.7,194.8,500.2,505.6,511.3,176.0,136.5,484.9,521.8,494.9,504.1,504.1,520.5,531.9,538.3,512.4,523.2,562.9,573.4
561,09:21:00,827.0,816.0,500.0,483.9,462.3,463.4,447.7,188.7,502.9,511.8,515.0,172.9,136.5,488.8,526.1,498.7,509.4,507.5,527.5,536.5,539.7,513.2,526.8,567.1,576.2
562,09:22:00,831.0,816.0,504.3,487.8,466.0,468.9,492.4,192.7,521.6,514.6,519.8,169.9,138.2,493.0,529.2,503.9,514.9,511.3,531.0,540.8,543.6,519.6,531.8,571.6,581.8
563,09:23:00,833.0,819.0,509.0,491.6,468.6,473.0,493.2,187.6,528.7,515.8,522.8,164.7,139.5,495.4,534.4,509.8,518.3,512.4,533.5,542.7,547.2,524.2,537.1,573.7,585.8
564,09:24:00,836.0,817.0,514.7,495.9,471.5,477.7,498.6,193.9,531.2,518.3,523.9,169.8,140.3,501.4,539.8,513.0,521.5,516.6,536.9,548.9,552.3,529.3,537.9,578.6,592.0
565,09:25:00,839.0,818.0,518.2,500.2,477.3,481.6,500.8,229.9,535.6,525.7,528.3,169.5,140.8,504.3,544.3,513.5,522.5,522.5,539.7,554.1,555.7,533.3,540.2,583.5,597.7
566,09:26:00,840.0,822.0,520.8,502.9,481.4,486.6,504.6,272.6,537.2,527.1,533.4,172.0,140.2,506.8,546.8,518.8,522.3,529.2,544.3,557.5,561.1,539.3,543.4,588.5,600.4
567,09:27:00,842.0,824.0,524.8,507.1,484.1,490.4,508.8,265.3,536.0,528.6,538.9,174.3,140.2,513.5,550.5,525.7,524.0,533.6,549.0,557.3,565.8,541.1,547.4,591.9,605.4
568,09:28:00,848.0,829.0,528.5,509.7,489.3,492.4,512.0,228.0,540.0,529.2,544.7,176.7,141.7,518.5,554.0,530.3,529.5,538.0,554.7,559.5,570.2,545.0,554.3,596.4,608.4
569,09:29:00,853.0,834.0,530.9,515.1,493.6,495.6,515.7,212.0,548.5,532.7,546.9,180.2,144.1,521.2,558.5,531.7,534.4,542.5,558.2,564.7,573.0,547.6,558.9,602.3,612.4
570,09:30:00,856.0,838.0,535.8,518.5,495.6,499.2,519.2,220.1,548.4,543.2,550.1,177.5,147.3,527.5,565.4,533.0,539.4,548.6,561.9,567.4,574.3,550.9,562.0,607.1,617.7
571,09:31:00,856.0,838.0,541.5,521.3,498.2,504.1,521.8,230.2,548.3,548.1,550.5,178.8,151.4,531.2,566.8,536.1,543.6,551.6,562.8,571.0,579.4,555.1,564.2,611.5,620.8
572,09:32:00,858.0,841.0,543.9,529.1,502.3,508.8,525.4,236.4,553.8,548.1,553.1,181.6,154.7,534.3,571.5,538.4,549.0,556.7,567.9,578.8,581.8,558.3,567.6,612.5,619.5
573,09:33:00,857.0,845.0,549.0,531.8,506.8,512.4,528.9,243.9,553.0,554.5,559.7,176.1,157.2,539.7,576.0,538.5,549.5,561.1,571.2,582.0,583.7,562.7,573.4,616.0,623.8
574,09:34:00,863.0,848.0,552.5,534.6,512.0,515.3,532.4,270.5,553.4,556.8,564.4,185.3,160.0,542.6,579.9,545.1,549.2,561.5,574.3,582.5,586.7,567.4,574.4,618.6,626.4
575,09:35:00,866.0,852.0,555.6,539.1,516.8,518.8,536.4,294.6,559.4,557.4,570.3,198.0,164.1,545.5,582.3,550.5,553.0,563.8,584.3,584.8,591.7,570.6,578.7,621.8,631.2
576,09:36:00,866.0,856.0,557.3,542.9,520.4,523.4,539.8,295.9,563.7,560.2,575.1,210.1,169.3,548.8,585.9,557.7,557.6,569.2,588.0,592.0,596.7,573.4,582.3,626.7,637.2
577,09:37:00,870.0,856.0,561.0,546.0,523.1,527.7,541.6,290.8,576.1,565.2,582.1,202.0,174.8,553.9,588.5,565.1,562.6,573.2,590.1,596.3,600.4,575.2,584.8,629.3,640.7
578,09:38:00,874.0,858.0,565.3,549.3,525.7,532.6,545.9,238.1,579.9,571.4,586.4,186.6,181.7,558.0,591.6,570.9,571.0,574.6,590.9,604.5,603.8,579.9,590.7,633.1,644.4
579,09:39:00,875.0,861.0,567.1,553.9,529.1,537.0,550.3,265.4,580.1,579.9,589.8,168.6,190.6,564.2,595.4,574.1,576.1,577.8,594.9,609.6,607.0,585.4,589.7,637.0,651.7
580,09:40:00,879.0,865.0,567.8,559.9,533.1,539.6,552.5,326.9,585.1,583.2,591.8,166.6,202.1,567.5,598.7,576.2,578.2,582.5,601.6,611.4,610.9,587.1,593.3,640.8,657.1
581,09:41:00,880.0,869.0,570.5,565.1,538.0,543.4,554.7,313.6,585.5,584.9,595.3,174.2,215.3,568.4,603.0,577.4,576.5,586.9,604.2,616.2,613.7,589.0,599.3,644.6,655.3
582,09:42:00,882.0,870.0,576.0,567.8,540.7,547.1,555.7,279.4,581.7,582.3,599.8,186.3,227.0,572.1,607.2,580.5,579.6,590.0,607.3,616.8,617.4,590.0,606.0,647.5,657.3
583,09:43:00,882.0,872.0,579.5,571.5,542.8,551.5,558.7,265.9,587.1,583.9,602.5,196.0,235.6,575.0,612.8,585.1,585.6,589.4,605.8,618.1,621.3,596.2,606.6,653.3,661.1
584,09:44:00,884.0,873.0,584.8,575.4,546.2,555.4,565.6,235.9,593.8,591.1,607.7,201.2,242.4,580.0,617.3,590.9,591.2,592.7,607.3,622.2,624.6,600.9,611.4,660.1,660.5
585,09:45:00,886.0,874.0,588.5,578.4,552.0,558.7,573.2,202.4,589.7,597.6,610.6,197.9,248.5,586.1,620.0,595.5,595.0,593.2,613.9,626.5,628.3,602.1,615.7,661.9,659.8
586,09:46:00,889.0,876.0,592.2,582.1,555.9,561.7,576.5,219.9,600.6,604.0,612.5,185.4,254.4,591.1,622.0,594.1,596.7,594.6,619.8,630.1,633.4,604.5,618.4,665.9,666.1
587,09:47:00,891.0,877.0,596.6,586.5,560.9,566.0,578.4,243.2,607.8,606.5,616.1,178.1,261.4,594.7,625.1,594.7,599.1,597.5,620.6,632.4,636.7,608.2,618.7,666.8,671.1
588,09:48:00,892.0,880.0,599.7,587.8,565.0,570.8,567.5,236.3,605.1,609.1,622.8,189.9,267.4,597.1,629.0,596.3,601.2,606.3,625.0,637.1,639.8,611.6,620.0,672.6,671.3
589,09:49:00,894.0,884.0,595.3,587.1,567.7,575.8,327.8,219.4,605.6,618.7,627.1,200.3,267.7,600.2,633.4,602.3,607.8,610.6,632.3,639.8,641.2,619.1,619.9,679.8,677.7
590,09:50:00,897.0,884.0,593.9,591.5,569.8,579.0,275.4,219.5,613.3,623.4,628.5,204.2,265.2,602.6,638.7,607.5,609.0,613.5,634.7,642.5,646.8,623.9,625.1,681.8,679.3
591,09:51:00,897.0,885.0,598.3,595.0,573.3,582.8,606.6,241.7,620.9,627.6,630.8,212.5,260.9,608.1,642.3,613.1,609.3,615.8,633.5,644.9,650.4,628.0,633.0,682.9,685.6
592,09:52:00,899.0,889.0,601.1,599.5,576.3,587.1,621.4,277.2,631.0,628.0,633.1,203.7,257.6,610.2,646.0,618.4,612.4,619.4,635.2,645.0,653.6,630.2,641.9,686.6,691.2
593,09:53:00,901.0,886.0,606.6,604.1,582.0,589.6,626.2,313.8,630.0,631.3,637.5,182.0,256.5,613.9,651.6,621.9,617.2,624.0,638.8,653.0,655.8,636.0,640.2,692.3,694.5
594,09:54:00,904.0,889.0,612.3,608.8,587.0,593.0,635.4,340.0,623.4,633.1,642.4,162.8,257.3,616.6,653.3,626.8,619.2,631.8,649.1,655.7,654.7,638.8,635.7,697.2,701.8
595,09:55:00,907.0,892.0,618.8,612.1,587.9,598.0,637.8,362.8,626.3,637.8,649.2,158.2,261.3,620.5,655.2,627.8,624.6,627.6,653.0,655.9,656.4,644.8,635.7,698.3,702.9
596,09:56:00,911.0,892.0,623.9,615.1,589.5,601.7,645.2,369.3,634.3,641.1,652.8,162.5,272.9,624.9,657.7,630.6,630.7,630.0,650.8,662.1,660.8,648.5,641.0,703.0,703.5
597,09:57:00,914.0,896.0,626.7,619.3,591.5,605.0,650.7,368.5,637.0,647.5,653.3,168.0,291.8,632.5,660.6,635.0,633.1,634.7,644.6,665.3,667.4,651.1,647.6,704.8,710.0
598,09:58:00,916.0,900.0,629.3,623.2,595.7,607.9,624.2,358.6,637.3,652.0,653.4,173.4,309.1,636.6,663.9,637.5,634.2,634.4,645.7,670.9,672.2,653.6,654.0,707.4,713.4
599,09:59:00,916.0,907.0,629.5,625.2,599.2,612.0,615.7,376.3,640.9,656.7,658.0,183.4,318.1,643.2,667.5,640.1,636.5,641.9,650.5,681.6,679.4,654.9,657.1,711.0,714.6
600,10:00:00,919.0,902.0,632.4,629.7,600.2,617.6,607.0,351.2,638.8,656.5,659.3,205.3,320.2,648.3,671.2,645.4,638.1,649.0,661.1,684.3,683.4,654.7,656.5,715.8,715.9
601,10:01:00,920.0,904.0,635.9,636.4,601.8,620.4,688.0,378.3,632.4,659.1,663.2,226.6,314.4,647.8,673.6,647.1,640.6,652.5,671.8,688.7,687.0,660.5,657.1,721.3,718.5
602,10:02:00,921.0,911.0,640.8,643.7,608.3,618.6,685.7,351.6,635.5,660.2,668.1,247.0,302.3,651.6,678.1,648.9,646.7,648.5,678.0,689.1,683.7,664.2,664.9,724.9,726.2
603,10:03:00,924.0,917.0,645.5,645.4,614.4,621.2,692.7,516.2,649.0,660.4,671.6,272.9,287.4,655.3,680.3,651.0,653.4,650.7,676.2,691.5,677.4,666.3,672.1,728.9,732.6
604,10:04:00,923.0,916.0,647.3,647.7,617.4,625.5,653.2,586.8,656.2,665.1,674.4,282.6,278.9,654.6,682.2,651.5,658.7,653.5,681.9,693.8,678.2,670.2,668.7,735.4,736.2
605,10:05:00,927.0,920.0,651.9,648.0,620.2,631.9,579.0,335.5,654.9,670.6,677.5,268.6,285.2,657.1,690.6,655.9,659.5,656.7,684.3,695.4,682.5,676.4,670.6,738.6,740.1
606,10:06:00,927.0,922.0,654.8,654.9,624.5,638.4,601.8,288.1,653.4,676.2,680.1,250.5,309.3,658.4,692.9,660.0,660.9,664.7,686.4,697.2,689.6,677.1,677.3,741.7,745.6
607,10:07:00,929.0,919.0,655.6,657.4,626.1,638.7,568.3,265.8,651.6,679.5,679.1,225.8,346.0,662.5,696.2,662.9,663.2,658.8,686.7,702.5,700.3,682.1,687.6,744.0,752.2
608,10:08:00,929.0,924.0,658.6,659.1,626.0,638.5,214.9,275.7,655.5,681.9,682.9,209.1,373.8,665.1,699.8,666.9,666.5,657.8,690.2,701.9,705.6,685.3,688.4,745.6,755.1
609,10:09:00,931.0,924.0,662.7,661.2,629.4,644.9,182.2,335.8,649.1,683.8,688.7,195.5,381.2,669.9,700.4,670.5,671.5,662.2,694.6,707.1,710.6,689.0,682.9,748.6,759.7
610,10:10:00,931.0,922.0,665.9,664.1,632.5,646.9,184.7,404.1,664.3,685.0,693.4,198.3,380.2,674.2,704.2,671.1,675.8,671.2,699.7,710.5,714.9,689.6,683.8,752.7,759.0
611,10:11:00,934.0,926.0,668.7,669.6,635.7,652.2,191.9,405.2,666.8,690.3,694.8,198.6,370.5,675.0,708.7,673.8,678.5,675.8,702.5,713.6,718.0,692.0,688.5,761.0,761.1
612,10:12:00,936.0,928.0,672.3,673.1,645.3,655.0,205.4,423.6,674.4,695.2,692.1,214.4,361.1,678.3,710.6,678.6,681.9,674.6,706.3,720.2,721.5,695.3,698.5,763.1,762.6
613,10:13:00,936.0,929.0,674.7,677.8,648.0,652.9,223.1,595.0,674.3,696.1,697.2,215.1,354.5,683.3,713.2,683.7,688.7,672.6,704.4,726.1,717.9,697.5,709.3,763.4,763.1
614,10:14:00,940.0,929.0,675.8,679.8,651.9,655.1,236.2,699.4,680.1,700.6,702.5,212.4,350.4,687.3,716.9,687.2,692.7,674.7,710.6,730.0,711.4,696.7,711.5,765.2,764.3
615,10:15:00,942.0,927.0,677.9,681.9,655.5,658.8,248.9,704.8,684.1,704.0,704.4,220.1,349.0,689.7,718.2,693.3,694.8,681.5,715.4,735.1,714.5,698.5,700.7,769.4,770.6
616,10:16:00,945.0,931.0,680.1,684.1,657.6,662.6,259.8,691.3,691.5,707.8,710.2,212.9,350.9,697.6,718.8,696.3,697.6,686.3,717.9,733.0,722.3,700.9,699.5,773.2,776.4
617,10:17:00,945.0,935.0,682.3,684.1,661.2,669.3,297.0,427.7,701.5,710.7,716.2,216.6,347.0,700.0,723.6,698.0,700.2,693.5,722.9,733.8,729.2,704.4,701.2,776.4,779.3
618,10:18:00,945.0,936.0,686.9,688.2,663.5,668.6,527.9,547.2,702.3,713.3,724.1,208.4,340.1,703.4,729.3,701.7,703.9,698.5,731.0,740.3,736.2,710.5,708.7,779.5,785.1
619,10:19:00,945.0,938.0,692.6,689.7,668.5,669.4,668.3,694.9,712.3,716.2,729.2,201.3,329.7,707.8,732.1,704.2,705.2,693.7,732.8,743.3,739.1,715.4,719.5,784.8,789.6
620,10:20:00,945.0,938.0,696.1,689.6,666.9,673.6,427.1,722.2,721.6,719.3,734.2,217.5,321.1,706.5,736.0,705.4,706.4,696.1,731.0,743.2,735.2,719.9,725.9,789.0,792.7
621,10:21:00,946.0,938.0,698.8,690.7,667.8,676.6,326.8,705.7,725.1,723.3,737.0,228.9,316.3,707.6,739.8,708.8,709.8,701.2,732.1,748.7,733.8,723.6,725.4,789.8,796.1
622,10:22:00,946.0,941.0,701.4,695.7,668.3,684.4,292.9,689.5,727.1,728.9,738.3,220.4,317.2,709.5,742.6,712.2,714.7,707.1,735.6,753.8,736.0,727.8,726.5,790.8,803.0
623,10:23:00,953.0,942.0,704.3,698.6,670.1,688.9,293.3,669.5,728.4,729.7,741.1,215.2,322.9,713.3,746.6,714.4,715.7,708.9,740.2,760.5,740.8,729.2,728.0,792.7,807.0
624,10:24:00,955.0,940.0,709.4,700.5,675.5,692.6,299.6,688.7,725.1,731.6,743.6,211.7,328.1,720.0,750.7,716.2,720.4,713.0,747.8,767.2,745.7,732.7,734.4,795.7,810.0
625,10:25:00,954.0,946.0,715.1,704.7,678.5,697.5,301.9,645.2,726.6,735.3,745.4,212.0,328.1,720.6,753.1,718.6,724.3,719.7,747.9,771.6,753.4,737.6,743.2,798.5,812.0
626,10:26:00,954.0,949.0,716.2,709.3,677.1,700.6,308.4,645.3,724.2,736.3,747.2,232.5,325.0,722.2,757.4,716.2,728.7,723.8,744.3,774.2,762.1,744.1,746.5,803.0,815.0
627,10:27:00,955.0,952.0,717.9,709.5,680.3,702.1,299.9,619.0,717.4,735.7,750.0,228.8,323.5,727.4,757.9,716.9,725.1,727.0,746.2,772.7,763.7,748.5,749.2,813.0,808.0
628,10:28:00,955.0,956.0,720.2,712.4,684.6,705.2,270.0,628.1,718.8,738.5,756.0,232.4,327.9,732.7,756.9,721.1,724.1,730.1,748.2,769.8,764.5,749.5,748.2,818.0,806.0
629,10:29:00,956.0,958.0,724.4,717.1,691.3,702.1,255.7,625.5,730.3,743.0,758.1,244.2,333.6,734.5,756.4,725.2,725.1,730.1,748.6,770.3,765.4,751.6,746.4,818.0,814.0
630,10:30:00,960.0,962.0,725.8,720.8,692.1,702.2,252.0,692.9,734.8,746.7,762.1,225.9,337.5,740.6,759.5,729.0,724.3,735.6,752.3,776.1,764.0,752.2,748.1,819.0,828.0
631,10:31:00,961.0,959.0,728.5,723.5,692.0,704.7,248.4,700.9,732.0,751.4,762.4,231.9,345.2,741.5,761.9,732.1,730.7,746.9,758.9,780.6,762.4,753.8,738.8,818.0,833.0
632,10:32:00,959.0,959.0,732.3,725.8,690.5,707.8,242.9,724.8,734.7,755.7,764.8,236.0,356.8,738.8,762.9,733.6,731.1,750.8,763.4,786.1,767.4,755.7,744.3,819.0,830.0
633,10:33:00,958.0,958.0,737.8,729.3,694.9,712.1,233.5,740.5,736.5,758.3,769.8,244.1,374.4,739.9,766.1,736.5,725.8,754.5,767.1,786.6,775.6,760.6,743.9,824.0,836.0
634,10:34:00,957.0,963.0,741.0,730.0,698.5,714.9,222.0,747.8,736.4,762.6,769.9,293.7,383.7,742.5,768.7,736.8,729.7,758.2,772.0,787.8,779.7,767.1,745.9,826.0,842.0
635,10:35:00,956.0,958.0,740.8,731.6,703.4,718.1,211.2,718.8,735.7,763.5,769.1,277.2,379.2,745.4,771.5,738.1,739.4,745.3,771.4,799.0,776.6,769.7,751.0,829.0,849.0
636,10:36:00,958.0,953.0,744.0,733.6,705.9,721.4,205.8,700.2,741.9,763.7,770.6,282.2,367.5,740.0,775.4,740.2,747.1,733.9,776.3,798.2,775.7,769.0,756.3,833.0,852.0
637,10:37:00,958.0,954.0,741.8,734.4,704.9,723.8,199.7,710.1,740.9,767.7,773.9,293.9,365.1,744.8,778.7,747.9,750.4,738.7,779.9,798.4,779.4,770.9,768.7,831.0,852.0
638,10:38:00,959.0,960.0,741.4,735.7,705.5,722.9,197.4,749.6,749.0,771.2,779.3,287.7,374.6,750.3,784.0,751.9,750.3,742.9,783.8,801.0,785.8,776.9,772.3,832.0,848.0
639,10:39:00,958.0,963.0,743.8,739.3,711.6,726.6,197.0,747.4,743.8,776.4,779.2,282.7,381.9,754.8,791.1,752.1,754.7,751.1,791.6,806.0,790.3,779.0,773.9,843.0,848.0
640,10:40:00,960.0,958.0,747.9,745.0,718.4,732.5,200.8,754.0,743.5,779.1,779.7,285.2,379.6,761.2,794.5,755.0,763.4,757.3,789.7,815.0,789.4,780.7,775.5,840.0,842.0
641,10:41:00,963.0,956.0,751.3,748.5,725.9,738.2,207.2,776.4,758.7,783.4,789.0,339.7,372.2,762.7,795.9,757.6,774.3,764.7,790.1,822.0,791.8,784.2,779.4,838.0,848.0
642,10:42:00,962.0,956.0,754.1,751.8,730.1,741.8,223.1,784.4,763.4,791.2,793.1,687.3,410.3,761.2,797.8,757.1,773.1,768.7,789.8,830.0,796.9,787.7,781.5,848.0,863.0
643,10:43:00,962.0,954.0,758.6,757.8,725.1,746.6,233.3,766.4,793.6,750.0,789.9,573.9,739.9,768.0,797.3,759.7,775.9,773.0,790.2,826.0,795.2,789.9,786.6,860.0,862.0
644,10:44:00,965.0,953.0,760.8,762.4,720.1,752.1,227.2,769.7,813.0,773.0,790.4,520.7,862.0,767.6,801.0,764.0,780.2,778.7,795.9,823.0,795.9,794.0,795.4,866.0,864.0
645,10:45:00,968.0,952.0,764.6,762.3,719.2,752.3,214.9,780.8,801.0,686.8,795.0,590.3,654.4,768.0,801.0,770.7,780.3,783.9,798.2,825.0,800.0,798.0,798.8,862.0,878.0
646,10:46:00,966.0,948.0,765.9,766.2,722.3,753.9,210.1,794.6,790.2,692.4,802.0,513.8,612.2,774.1,802.0,772.4,782.2,788.3,800.0,822.0,808.0,802.0,799.8,866.0,882.0
647,10:47:00,967.0,946.0,769.0,771.1,725.9,754.6,274.3,780.4,789.9,809.0,802.0,577.8,454.7,764.1,804.0,772.7,785.1,791.2,801.0,825.0,809.0,805.0,795.5,869.0,880.0
648,10:48:00,971.0,939.0,771.6,771.4,730.8,753.5,312.7,766.4,797.2,784.0,803.0,756.5,365.4,778.3,806.0,777.5,790.7,795.0,804.0,835.0,818.0,807.0,783.4,869.0,883.0
649,10:49:00,968.0,942.0,773.1,768.9,737.4,757.1,268.3,767.3,804.0,785.5,804.0,647.0,344.6,786.3,807.0,784.1,792.5,797.2,808.0,838.0,826.0,805.0,784.4,869.0,882.0
650,10:50:00,971.0,947.0,774.7,759.2,741.4,760.5,265.5,762.2,798.9,807.0,812.0,983.0,324.5,784.5,814.0,791.2,799.6,801.0,815.0,841.0,822.0,809.0,779.7,878.0,879.0
651,10:51:00,971.0,949.0,775.7,756.4,739.7,761.8,299.7,790.6,484.4,815.0,819.0,558.1,368.6,780.6,816.0,791.1,796.8,799.2,816.0,844.0,823.0,814.0,783.1,887.0,882.0
652,10:52:00,969.0,942.0,777.4,754.7,735.7,765.9,488.5,789.6,732.2,818.0,816.0,324.5,635.5,792.8,817.0,779.7,789.1,804.0,816.0,847.0,817.0,817.0,793.3,891.0,878.0
653,10:53:00,970.0,935.0,779.9,758.5,741.9,768.9,887.0,795.3,807.0,818.0,820.0,307.6,938.0,801.0,818.0,780.1,779.2,811.0,818.0,848.0,814.0,820.0,793.1,893.0,889.0
654,10:54:00,973.0,946.0,784.3,760.6,747.6,769.4,797.4,786.1,812.0,823.0,829.0,438.4,1026.0,802.0,819.0,788.1,777.0,813.0,817.0,850.0,806.0,823.0,792.0,894.0,896.0
655,10:55:00,971.0,972.0,787.0,766.9,748.4,773.2,527.3,788.6,816.0,824.0,834.0,365.5,1024.0,795.8,822.0,798.5,788.0,814.0,820.0,846.0,809.0,825.0,791.1,893.0,898.0
656,10:56:00,971.0,971.0,789.2,774.7,753.2,776.4,570.1,803.0,816.0,833.0,836.0,377.5,1016.0,790.8,822.0,798.8,799.7,816.0,829.0,850.0,817.0,826.0,793.1,893.0,904.0
657,10:57:00,972.0,975.0,791.4,779.0,759.3,779.4,461.5,799.6,805.0,838.0,832.0,369.8,981.0,796.9,822.0,798.8,811.0,818.0,839.0,856.0,820.0,831.0,801.0,892.0,908.0
658,10:58:00,971.0,969.0,795.2,786.1,762.1,785.3,276.4,797.4,807.0,838.0,831.0,356.7,829.0,804.0,826.0,796.3,817.0,819.0,844.0,863.0,828.0,833.0,803.0,894.0,910.0
659,10:59:00,970.0,961.0,795.9,789.7,758.9,786.9,264.0,779.5,829.0,800.0,834.0,383.1,863.0,807.0,829.0,802.0,821.0,823.0,845.0,868.0,835.0,836.0,808.0,897.0,907.0
660,11:00:00,973.0,954.0,793.1,789.2,755.0,786.8,304.3,809.0,823.0,850.0,836.0,372.8,919.0,803.0,832.0,804.0,818.0,826.0,849.0,872.0,845.0,838.0,812.0,901.0,914.0
661,11:01:00,971.0,957.0,794.5,787.3,748.7,790.7,542.7,805.0,827.0,828.0,838.0,362.0,752.6,794.5,833.0,804.0,808.0,825.0,855.0,876.0,855.0,838.0,822.0,904.0,919.0
662,11:02:00,971.0,975.0,796.7,783.2,758.7,791.8,825.0,844.0,820.0,824.0,837.0,327.4,576.2,796.3,836.0,804.0,786.2,828.0,857.0,879.0,866.0,844.0,832.0,900.0,922.0
663,11:03:00,971.0,979.0,803.0,782.8,768.6,793.1,824.0,846.0,845.0,858.0,843.0,432.5,775.2,811.0,837.0,808.0,786.8,830.0,845.0,879.0,868.0,849.0,838.0,904.0,916.0
664,11:04:00,973.0,976.0,806.0,787.3,781.5,792.1,717.1,844.0,853.0,880.0,843.0,383.5,932.0,819.0,843.0,813.0,784.7,837.0,847.0,877.0,863.0,850.0,845.0,910.0,920.0
665,11:05:00,974.0,974.0,811.0,790.8,793.8,791.5,670.0,853.0,859.0,827.0,849.0,421.4,925.0,819.0,847.0,819.0,794.5,843.0,849.0,877.0,843.0,855.0,845.0,909.0,929.0
666,11:06:00,974.0,970.0,813.0,798.9,788.2,790.6,667.2,889.0,864.0,905.0,851.0,429.0,918.0,816.0,848.0,823.0,786.1,840.0,852.0,878.0,833.0,858.0,836.0,910.0,937.0
667,11:07:00,984.0,975.0,811.0,806.0,784.2,790.0,866.0,865.0,869.0,891.0,846.0,652.0,875.0,818.0,849.0,823.0,796.8,846.0,853.0,887.0,836.0,857.0,833.0,914.0,938.0
668,11:08:00,983.0,971.0,811.0,809.0,780.5,791.7,876.0,877.0,866.0,868.0,847.0,586.5,788.5,828.0,853.0,817.0,815.0,850.0,853.0,891.0,844.0,856.0,840.0,921.0,938.0
669,11:09:00,980.0,974.0,816.0,814.0,781.3,796.2,880.0,895.0,865.0,841.0,850.0,609.4,635.3,832.0,857.0,822.0,821.0,849.0,858.0,894.0,856.0,861.0,835.0,914.0,931.0
670,11:10:00,979.0,976.0,821.0,812.0,785.4,803.0,881.0,891.0,863.0,817.0,856.0,628.4,840.0,824.0,859.0,826.0,823.0,850.0,865.0,897.0,855.0,867.0,829.0,923.0,928.0
671,11:11:00,979.0,983.0,826.0,812.0,800.0,806.0,893.0,900.0,867.0,897.0,864.0,457.9,670.5,827.0,861.0,830.0,827.0,851.0,870.0,893.0,854.0,864.0,832.0,936.0,923.0
672,11:12:00,981.0,990.0,829.0,813.0,807.0,810.0,902.0,891.0,872.0,747.6,866.0,436.8,627.9,834.0,861.0,832.0,832.0,855.0,869.0,894.0,856.0,863.0,852.0,937.0,924.0
673,11:13:00,980.0,990.0,830.0,813.0,806.0,813.0,905.0,873.0,879.0,743.1,862.0,422.4,515.7,825.0,865.0,829.0,839.0,858.0,868.0,893.0,859.0,862.0,869.0,936.0,954.0
674,11:14:00,978.0,986.0,827.0,814.0,803.0,815.0,904.0,887.0,886.0,811.0,864.0,376.8,450.3,822.0,868.0,833.0,841.0,854.0,874.0,894.0,868.0,867.0,872.0,937.0,967.0
675,11:15:00,980.0,980.0,828.0,815.0,806.0,818.0,895.0,897.0,885.0,812.0,873.0,371.7,605.9,834.0,863.0,836.0,843.0,857.0,874.0,894.0,867.0,870.0,875.0,935.0,961.0
676,11:16:00,978.0,975.0,829.0,817.0,807.0,822.0,889.0,810.0,880.0,842.0,879.0,342.0,890.0,845.0,860.0,843.0,845.0,865.0,876.0,898.0,871.0,873.0,870.0,936.0,958.0
677,11:17:00,977.0,976.0,831.0,821.0,813.0,827.0,890.0,912.0,878.0,882.0,875.0,341.8,687.4,858.0,855.0,849.0,845.0,875.0,881.0,905.0,862.0,880.0,860.0,936.0,958.0
678,11:18:00,973.0,981.0,834.0,827.0,817.0,828.0,891.0,705.4,879.0,660.6,877.0,322.1,783.7,859.0,854.0,852.0,850.0,872.0,887.0,902.0,863.0,879.0,849.0,944.0,964.0
679,11:19:00,970.0,980.0,832.0,831.0,825.0,825.0,900.0,430.9,879.0,883.0,882.0,338.1,846.0,848.0,860.0,851.0,855.0,871.0,888.0,903.0,868.0,887.0,855.0,953.0,969.0
680,11:20:00,968.0,980.0,832.0,830.0,836.0,821.0,909.0,595.9,830.0,894.0,881.0,384.0,876.0,839.0,863.0,844.0,857.0,871.0,881.0,898.0,884.0,891.0,860.0,960.0,970.0
681,11:21:00,963.0,980.0,833.0,828.0,833.0,823.0,919.0,913.0,839.0,890.0,886.0,482.2,879.0,838.0,867.0,832.0,845.0,864.0,884.0,907.0,901.0,891.0,868.0,967.0,970.0
682,11:22:00,964.0,979.0,839.0,831.0,830.0,830.0,925.0,925.0,841.0,890.0,889.0,664.3,879.0,843.0,868.0,831.0,840.0,870.0,883.0,915.0,909.0,891.0,873.0,961.0,977.0
683,11:23:00,967.0,981.0,840.0,833.0,833.0,830.0,929.0,953.0,927.0,894.0,895.0,622.9,878.0,842.0,869.0,839.0,837.0,871.0,887.0,921.0,917.0,890.0,873.0,954.0,989.0
684,11:24:00,963.0,981.0,842.0,833.0,833.0,833.0,937.0,961.0,930.0,896.0,895.0,535.8,879.0,849.0,868.0,838.0,842.0,875.0,882.0,918.0,899.0,890.0,871.0,955.0,986.0
685,11:25:00,960.0,981.0,843.0,831.0,842.0,837.0,945.0,954.0,930.0,900.0,896.0,879.0,883.0,862.0,863.0,835.0,844.0,879.0,883.0,914.0,880.0,895.0,869.0,961.0,984.0
686,11:26:00,961.0,976.0,842.0,835.0,849.0,844.0,950.0,925.0,922.0,899.0,894.0,848.0,880.0,871.0,865.0,839.0,845.0,876.0,886.0,910.0,879.0,899.0,857.0,962.0,980.0
687,11:27:00,963.0,979.0,846.0,838.0,850.0,849.0,965.0,921.0,916.0,835.0,894.0,516.9,877.0,876.0,870.0,842.0,847.0,867.0,890.0,918.0,887.0,897.0,858.0,960.0,978.0
688,11:28:00,965.0,987.0,857.0,843.0,878.0,858.0,973.0,926.0,909.0,888.0,897.0,519.0,879.0,876.0,873.0,852.0,849.0,859.0,894.0,921.0,894.0,895.0,866.0,971.0,981.0
689,11:29:00,964.0,990.0,858.0,845.0,889.0,860.0,902.0,981.0,919.0,902.0,903.0,538.4,885.0,872.0,876.0,862.0,848.0,858.0,893.0,921.0,902.0,893.0,887.0,971.0,999.0
690,11:30:00,960.0,989.0,860.0,848.0,860.0,853.0,981.0,887.0,936.0,905.0,912.0,514.9,886.0,861.0,880.0,858.0,849.0,872.0,896.0,922.0,911.0,893.0,903.0,970.0,1000.0
691,11:31:00,958.0,982.0,860.0,850.0,500.6,855.0,1009.0,551.5,939.0,881.0,910.0,565.6,886.0,853.0,882.0,861.0,848.0,883.0,898.0,919.0,923.0,899.0,914.0,968.0,1002.0
692,11:32:00,960.0,983.0,864.0,847.0,636.9,855.0,1022.0,943.0,937.0,905.0,912.0,525.2,897.0,848.0,883.0,860.0,826.0,884.0,901.0,914.0,921.0,903.0,918.0,972.0,1004.0
693,11:33:00,957.0,981.0,866.0,850.0,861.0,858.0,1019.0,921.0,937.0,904.0,916.0,511.7,898.0,847.0,883.0,869.0,843.0,878.0,907.0,911.0,918.0,904.0,913.0,967.0,1000.0
694,11:34:00,960.0,981.0,864.0,854.0,724.6,862.0,1029.0,917.0,937.0,928.0,913.0,518.4,899.0,848.0,887.0,877.0,867.0,886.0,912.0,909.0,915.0,907.0,912.0,965.0,999.0
695,11:35:00,959.0,979.0,864.0,855.0,534.6,865.0,956.0,909.0,940.0,931.0,914.0,496.2,902.0,853.0,892.0,882.0,869.0,907.0,915.0,912.0,924.0,906.0,923.0,970.0,1001.0
696,11:36:00,955.0,984.0,865.0,858.0,751.4,866.0,836.0,895.0,932.0,929.0,915.0,490.7,905.0,858.0,896.0,867.0,858.0,924.0,915.0,919.0,915.0,900.0,914.0,977.0,1001.0
697,11:37:00,957.0,977.0,864.0,858.0,892.0,864.0,1020.0,518.0,924.0,924.0,917.0,496.3,908.0,867.0,901.0,859.0,848.0,921.0,914.0,916.0,925.0,901.0,903.0,979.0,1001.0
698,11:38:00,958.0,984.0,866.0,857.0,761.4,869.0,1050.0,293.1,915.0,932.0,915.0,519.8,911.0,873.0,901.0,861.0,862.0,915.0,921.0,918.0,926.0,910.0,909.0,982.0,1003.0
699,11:39:00,958.0,982.0,867.0,858.0,928.0,866.0,569.0,523.1,919.0,932.0,917.0,581.0,909.0,871.0,900.0,873.0,868.0,922.0,927.0,921.0,928.0,913.0,909.0,981.0,1007.0
700,11:40:00,956.0,979.0,865.0,860.0,890.0,865.0,432.7,899.0,928.0,799.3,923.0,483.8,907.0,871.0,901.0,882.0,870.0,922.0,929.0,926.0,930.0,919.0,903.0,985.0,1012.0
701,11:41:00,956.0,975.0,868.0,863.0,447.2,863.0,649.5,943.0,931.0,775.7,924.0,479.5,903.0,877.0,902.0,887.0,856.0,921.0,929.0,929.0,934.0,923.0,902.0,988.0,1005.0
702,11:42:00,956.0,971.0,872.0,869.0,324.1,868.0,1077.0,968.0,924.0,845.0,926.0,468.0,912.0,877.0,901.0,888.0,858.0,924.0,929.0,928.0,930.0,925.0,909.0,992.0,1007.0
703,11:43:00,958.0,966.0,875.0,870.0,323.6,871.0,1099.0,961.0,920.0,870.0,924.0,498.2,919.0,881.0,901.0,889.0,870.0,925.0,927.0,923.0,930.0,923.0,921.0,989.0,1004.0
704,11:44:00,956.0,972.0,874.0,874.0,332.4,867.0,847.0,847.0,919.0,888.0,922.0,476.4,919.0,881.0,900.0,884.0,867.0,925.0,922.0,926.0,922.0,921.0,928.0,989.0,1002.0
705,11:45:00,958.0,976.0,875.0,880.0,337.5,870.0,738.4,938.0,917.0,904.0,925.0,475.9,918.0,882.0,897.0,888.0,873.0,904.0,926.0,931.0,908.0,923.0,925.0,989.0,1011.0
706,11:46:00,957.0,969.0,875.0,887.0,324.0,870.0,617.0,520.0,919.0,771.9,925.0,449.0,934.0,893.0,896.0,891.0,883.0,884.0,928.0,938.0,898.0,925.0,936.0,992.0,1018.0
707,11:47:00,956.0,966.0,872.0,892.0,311.7,873.0,829.0,482.0,926.0,936.0,924.0,420.1,932.0,897.0,901.0,896.0,896.0,902.0,922.0,952.0,889.0,925.0,974.0,990.0,1018.0
708,11:48:00,956.0,965.0,873.0,898.0,306.4,877.0,1033.0,384.8,935.0,880.0,923.0,446.9,933.0,892.0,904.0,902.0,899.0,923.0,924.0,953.0,891.0,929.0,946.0,987.0,1015.0
709,11:49:00,956.0,964.0,876.0,905.0,305.3,884.0,950.0,903.0,929.0,910.0,926.0,537.1,936.0,883.0,905.0,906.0,897.0,932.0,927.0,945.0,896.0,928.0,931.0,978.0,1015.0
710,11:50:00,957.0,961.0,877.0,908.0,306.5,880.0,385.6,903.0,935.0,792.2,928.0,468.5,950.0,881.0,905.0,913.0,897.0,917.0,931.0,956.0,909.0,932.0,923.0,975.0,1019.0
711,11:51:00,956.0,962.0,875.0,908.0,305.6,875.0,489.2,926.0,943.0,988.0,933.0,419.9,946.0,876.0,904.0,911.0,905.0,904.0,932.0,960.0,913.0,940.0,922.0,984.0,1008.0
712,11:52:00,957.0,934.0,871.0,908.0,307.5,878.0,983.0,915.0,945.0,965.0,938.0,418.3,957.0,879.0,904.0,913.0,913.0,916.0,928.0,956.0,919.0,941.0,926.0,993.0,1004.0
713,11:53:00,957.0,910.0,873.0,912.0,314.4,888.0,1002.0,887.0,950.0,968.0,939.0,460.7,976.0,885.0,907.0,917.0,903.0,933.0,930.0,959.0,933.0,940.0,934.0,996.0,1004.0
714,11:54:00,952.0,914.0,879.0,908.0,319.1,891.0,1086.0,647.5,955.0,1011.0,937.0,433.5,977.0,881.0,906.0,930.0,883.0,944.0,938.0,969.0,939.0,945.0,935.0,999.0,1007.0
715,11:55:00,948.0,917.0,878.0,911.0,324.0,892.0,1089.0,922.0,954.0,1011.0,936.0,426.5,1012.0,880.0,908.0,918.0,866.0,944.0,942.0,965.0,932.0,947.0,936.0,1001.0,1008.0
716,11:56:00,948.0,917.0,878.0,914.0,329.5,889.0,794.7,1004.0,951.0,825.0,933.0,426.2,990.0,884.0,912.0,914.0,873.0,943.0,943.0,954.0,922.0,943.0,931.0,999.0,1016.0
717,11:57:00,948.0,917.0,879.0,919.0,336.3,887.0,895.0,982.0,950.0,897.0,937.0,436.7,1016.0,888.0,917.0,915.0,877.0,955.0,944.0,953.0,923.0,941.0,926.0,1006.0,1019.0
718,11:58:00,948.0,915.0,880.0,922.0,342.5,886.0,991.0,994.0,948.0,977.0,940.0,472.8,1028.0,897.0,909.0,922.0,862.0,939.0,948.0,951.0,925.0,942.0,939.0,1008.0,1036.0
719,11:59:00,945.0,915.0,882.0,924.0,429.2,886.0,931.0,992.0,949.0,976.0,941.0,461.0,982.0,900.0,905.0,924.0,862.0,935.0,952.0,957.0,924.0,930.0,955.0,1012.0,1033.0
720,12:00:00,947.0,913.0,882.0,926.0,298.0,885.0,650.1,881.0,950.0,1020.0,944.0,427.3,815.0,904.0,905.0,931.0,859.0,941.0,952.0,960.0,927.0,915.0,974.0,1003.0,1025.0
721,12:01:00,944.0,914.0,882.0,930.0,282.3,889.0,618.9,330.1,950.0,1029.0,940.0,454.0,949.0,911.0,909.0,940.0,879.0,869.0,961.0,964.0,927.0,911.0,971.0,996.0,1033.0
722,12:02:00,941.0,910.0,880.0,930.0,280.0,892.0,384.8,193.2,951.0,1030.0,944.0,463.8,862.0,919.0,914.0,938.0,895.0,872.0,959.0,961.0,937.0,921.0,949.0,1000.0,1035.0
723,12:03:00,935.0,909.0,879.0,933.0,286.7,896.0,554.7,177.4,955.0,1009.0,949.0,427.4,414.0,919.0,910.0,933.0,903.0,946.0,960.0,954.0,950.0,932.0,941.0,993.0,1034.0
724,12:04:00,936.0,912.0,881.0,933.0,305.4,898.0,705.3,193.1,953.0,1015.0,947.0,409.6,651.7,919.0,911.0,933.0,906.0,983.0,962.0,956.0,942.0,919.0,941.0,992.0,1029.0
725,12:05:00,935.0,913.0,881.0,945.0,328.8,901.0,378.7,215.1,955.0,1034.0,944.0,419.2,880.0,923.0,913.0,938.0,904.0,996.0,960.0,961.0,946.0,923.0,937.0,995.0,1029.0
726,12:06:00,934.0,916.0,883.0,955.0,309.0,906.0,447.1,318.8,962.0,976.0,945.0,403.1,932.0,924.0,916.0,944.0,889.0,725.7,963.0,962.0,956.0,930.0,934.0,1002.0,1028.0
727,12:07:00,934.0,921.0,884.0,965.0,310.6,905.0,492.1,268.7,961.0,869.0,948.0,420.5,1017.0,930.0,914.0,953.0,894.0,605.2,972.0,959.0,964.0,928.0,941.0,1012.0,1019.0
728,12:08:00,931.0,925.0,892.0,971.0,306.9,908.0,968.0,217.7,958.0,752.2,946.0,393.1,944.0,941.0,913.0,954.0,881.0,636.2,986.0,952.0,980.0,927.0,948.0,1009.0,1018.0
729,12:09:00,931.0,927.0,896.0,973.0,299.8,907.0,363.6,233.3,956.0,791.1,944.0,372.8,914.0,957.0,911.0,960.0,883.0,640.7,992.0,953.0,992.0,942.0,940.0,1009.0,1026.0
730,12:10:00,927.0,924.0,899.0,974.0,293.4,902.0,297.8,274.5,956.0,797.3,949.0,370.9,878.0,965.0,911.0,946.0,917.0,575.5,983.0,951.0,1005.0,949.0,938.0,1015.0,1022.0
731,12:11:00,926.0,924.0,895.0,984.0,286.1,903.0,630.0,426.5,960.0,686.4,950.0,376.2,391.3,969.0,911.0,940.0,939.0,539.2,982.0,966.0,984.0,950.0,946.0,1015.0,1037.0
732,12:12:00,925.0,928.0,894.0,992.0,287.4,901.0,384.1,332.6,960.0,670.2,945.0,381.8,476.4,977.0,912.0,923.0,937.0,509.1,973.0,970.0,975.0,946.0,949.0,1009.0,1046.0
733,12:13:00,924.0,929.0,893.0,994.0,316.5,897.0,273.2,592.6,961.0,713.2,939.0,399.4,1047.0,985.0,911.0,924.0,938.0,444.8,965.0,967.0,967.0,945.0,938.0,1003.0,1042.0
734,12:14:00,922.0,934.0,888.0,991.0,340.7,895.0,248.8,347.8,961.0,526.3,940.0,422.5,1054.0,981.0,912.0,946.0,944.0,526.9,960.0,968.0,975.0,940.0,939.0,1011.0,1044.0
735,12:15:00,921.0,937.0,892.0,985.0,360.1,894.0,241.6,642.6,958.0,641.6,945.0,429.2,1076.0,983.0,914.0,952.0,942.0,1101.0,960.0,968.0,985.0,941.0,969.0,1011.0,1043.0
736,12:16:00,914.0,939.0,893.0,989.0,351.0,900.0,242.9,790.9,962.0,632.3,947.0,438.8,1067.0,982.0,918.0,940.0,950.0,1042.0,957.0,959.0,984.0,939.0,968.0,1019.0,1028.0
737,12:17:00,913.0,940.0,896.0,986.0,341.9,901.0,254.0,404.0,964.0,635.7,948.0,445.8,1091.0,987.0,911.0,923.0,957.0,548.8,963.0,969.0,1000.0,934.0,954.0,1026.0,1018.0
738,12:18:00,919.0,944.0,894.0,987.0,337.3,906.0,261.8,972.0,963.0,693.4,948.0,457.9,1099.0,988.0,909.0,922.0,961.0,582.9,955.0,960.0,1000.0,941.0,948.0,1024.0,1021.0
739,12:19:00,915.0,943.0,904.0,981.0,323.2,912.0,269.5,903.0,960.0,788.8,948.0,434.6,1010.0,994.0,911.0,936.0,955.0,582.1,954.0,956.0,996.0,947.0,950.0,1021.0,1036.0
740,12:20:00,912.0,941.0,911.0,978.0,315.2,911.0,265.6,931.0,963.0,793.8,957.0,419.4,1009.0,1004.0,911.0,945.0,951.0,559.0,948.0,968.0,1005.0,954.0,937.0,1022.0,1028.0
741,12:21:00,909.0,937.0,913.0,951.0,320.1,893.0,234.7,477.8,970.0,748.8,953.0,417.8,817.0,1015.0,907.0,960.0,967.0,668.8,950.0,980.0,991.0,938.0,943.0,1025.0,1023.0
742,12:22:00,908.0,936.0,915.0,956.0,330.5,890.0,211.0,317.1,969.0,766.2,948.0,427.8,761.6,1015.0,911.0,964.0,970.0,1096.0,952.0,982.0,996.0,933.0,955.0,1030.0,1016.0
743,12:23:00,908.0,937.0,919.0,959.0,356.0,894.0,222.5,232.7,968.0,738.6,945.0,436.9,666.4,1019.0,915.0,955.0,960.0,1199.0,957.0,982.0,1001.0,933.0,954.0,1034.0,1035.0
744,12:24:00,908.0,938.0,926.0,974.0,430.6,900.0,850.0,215.2,967.0,714.0,946.0,432.3,467.9,1022.0,913.0,962.0,942.0,1182.0,958.0,986.0,1014.0,948.0,963.0,1030.0,1044.0
745,12:25:00,903.0,936.0,921.0,984.0,494.2,910.0,964.0,272.4,962.0,755.4,949.0,440.5,292.4,1016.0,914.0,968.0,955.0,1167.0,960.0,987.0,1029.0,968.0,965.0,1030.0,1039.0
746,12:26:00,900.0,938.0,924.0,810.0,775.3,923.0,980.0,606.0,972.0,823.0,953.0,455.6,304.7,1017.0,907.0,980.0,933.0,1184.0,973.0,984.0,1013.0,969.0,958.0,1031.0,1037.0
747,12:27:00,898.0,937.0,925.0,536.5,444.6,929.0,756.9,509.9,972.0,739.4,949.0,467.1,324.4,1013.0,908.0,981.0,927.0,1173.0,986.0,979.0,995.0,968.0,945.0,1028.0,1041.0
748,12:28:00,898.0,939.0,922.0,685.8,456.2,925.0,569.1,876.0,959.0,851.0,948.0,516.6,317.7,1011.0,908.0,982.0,942.0,1162.0,987.0,974.0,988.0,972.0,935.0,1024.0,1039.0
749,12:29:00,899.0,933.0,924.0,313.1,376.0,925.0,401.3,844.0,960.0,809.0,950.0,498.4,357.5,956.0,911.0,984.0,941.0,1157.0,973.0,983.0,983.0,968.0,949.0,1022.0,1030.0
750,12:30:00,892.0,933.0,926.0,273.9,368.4,923.0,837.0,709.0,962.0,774.6,944.0,498.9,403.7,921.0,914.0,977.0,924.0,1180.0,969.0,975.0,978.0,971.0,981.0,1024.0,1022.0
751,12:31:00,891.0,931.0,931.0,253.7,376.8,924.0,485.7,706.0,963.0,709.3,949.0,498.2,366.4,869.0,917.0,970.0,925.0,1191.0,970.0,964.0,986.0,972.0,981.0,1029.0,1035.0
752,12:32:00,890.0,933.0,932.0,869.0,389.9,919.0,283.5,413.0,965.0,725.3,950.0,495.5,431.4,1026.0,914.0,963.0,912.0,1183.0,963.0,953.0,980.0,973.0,985.0,1029.0,1038.0
753,12:33:00,887.0,931.0,931.0,523.8,394.6,914.0,309.4,404.7,967.0,712.7,944.0,576.4,730.8,1024.0,912.0,961.0,251.3,1202.0,959.0,961.0,983.0,962.0,990.0,1030.0,1021.0
754,12:34:00,885.0,930.0,931.0,993.0,390.8,913.0,615.5,261.5,971.0,754.8,938.0,541.5,348.2,1020.0,911.0,954.0,207.7,1120.0,962.0,953.0,993.0,949.0,986.0,1029.0,1036.0
755,12:35:00,880.0,932.0,927.0,706.2,386.9,911.0,669.9,380.8,978.0,735.0,938.0,506.3,329.3,1022.0,915.0,955.0,256.5,893.0,952.0,956.0,992.0,954.0,1000.0,1022.0,1029.0
756,12:36:00,879.0,937.0,921.0,653.1,382.8,912.0,782.9,536.2,970.0,689.6,939.0,489.7,326.2,1019.0,921.0,940.0,931.0,536.6,942.0,952.0,982.0,958.0,987.0,1015.0,1022.0
757,12:37:00,878.0,934.0,927.0,295.9,380.0,903.0,341.1,642.8,968.0,693.8,943.0,471.6,309.6,1040.0,921.0,933.0,952.0,555.2,939.0,949.0,976.0,957.0,962.0,1013.0,1032.0
758,12:38:00,876.0,933.0,929.0,494.3,392.2,902.0,518.1,427.0,974.0,696.0,943.0,448.0,303.2,1054.0,920.0,931.0,947.0,412.0,950.0,948.0,978.0,953.0,953.0,1016.0,1024.0
759,12:39:00,875.0,930.0,935.0,324.0,461.2,883.0,284.7,335.4,978.0,787.4,941.0,442.0,306.8,1075.0,922.0,928.0,943.0,412.5,967.0,941.0,979.0,944.0,955.0,1018.0,1016.0
760,12:40:00,874.0,934.0,934.0,529.3,806.0,859.0,406.9,304.4,979.0,750.7,946.0,436.8,310.9,1092.0,927.0,940.0,947.0,401.3,970.0,926.0,982.0,940.0,951.0,1022.0,1028.0
761,12:41:00,871.0,938.0,930.0,407.4,655.0,813.0,391.6,254.1,983.0,787.1,946.0,412.9,313.4,1098.0,928.0,946.0,953.0,372.4,965.0,921.0,986.0,931.0,962.0,1022.0,1022.0
762,12:42:00,868.0,938.0,927.0,658.6,388.6,798.8,503.6,226.5,984.0,690.7,952.0,390.4,348.8,1101.0,928.0,936.0,950.0,380.0,955.0,919.0,1000.0,926.0,997.0,1021.0,1012.0
763,12:43:00,867.0,936.0,928.0,601.1,358.4,779.5,430.7,198.8,982.0,671.9,946.0,371.0,595.4,1093.0,927.0,921.0,961.0,385.1,965.0,955.0,1004.0,958.0,995.0,1021.0,1012.0
764,12:44:00,866.0,937.0,931.0,573.7,346.2,804.0,301.6,176.1,981.0,621.4,948.0,354.1,358.6,1082.0,924.0,928.0,970.0,392.7,969.0,960.0,1010.0,972.0,998.0,1021.0,1020.0
765,12:45:00,863.0,937.0,930.0,1013.0,344.7,871.0,283.0,162.9,986.0,788.0,951.0,335.9,341.6,1123.0,927.0,941.0,968.0,394.7,969.0,952.0,1012.0,962.0,1016.0,1027.0,1025.0
766,12:46:00,860.0,939.0,924.0,341.5,361.7,936.0,304.2,149.4,989.0,887.0,956.0,319.0,339.9,947.0,930.0,941.0,963.0,394.9,974.0,939.0,1002.0,959.0,1009.0,1032.0,1013.0
767,12:47:00,856.0,936.0,947.0,208.1,379.6,940.0,322.7,138.9,989.0,988.0,953.0,303.3,320.8,1024.0,928.0,942.0,961.0,399.3,977.0,935.0,991.0,965.0,987.0,1032.0,1016.0
768,12:48:00,855.0,934.0,962.0,196.7,413.1,935.0,321.5,131.5,990.0,1063.0,951.0,279.7,321.2,606.8,928.0,944.0,964.0,393.3,974.0,932.0,998.0,958.0,972.0,1026.0,1027.0
769,12:49:00,852.0,936.0,962.0,388.4,634.1,938.0,308.6,126.3,988.0,1020.0,948.0,262.7,335.6,517.2,924.0,953.0,968.0,387.6,972.0,945.0,1008.0,953.0,961.0,1026.0,1029.0
770,12:50:00,852.0,932.0,954.0,432.2,651.0,947.0,291.1,124.1,991.0,959.0,947.0,257.5,382.3,546.1,921.0,960.0,980.0,402.7,974.0,959.0,989.0,957.0,940.0,1028.0,1011.0
771,12:51:00,849.0,928.0,953.0,308.8,427.3,951.0,290.0,121.3,983.0,1055.0,945.0,262.4,431.2,428.2,923.0,960.0,995.0,421.7,973.0,943.0,981.0,960.0,928.0,1027.0,1016.0
772,12:52:00,844.0,933.0,955.0,805.0,427.0,953.0,296.2,125.1,980.0,1073.0,944.0,268.8,517.6,415.6,930.0,962.0,1003.0,417.5,971.0,944.0,971.0,950.0,838.0,1028.0,1038.0
773,12:53:00,842.0,932.0,943.0,726.6,413.1,962.0,306.1,137.5,985.0,832.0,942.0,267.0,418.1,636.3,928.0,953.0,1015.0,414.5,965.0,945.0,973.0,956.0,892.0,1021.0,1050.0
774,12:54:00,842.0,932.0,937.0,881.0,438.4,967.0,421.5,162.1,984.0,740.9,942.0,262.8,393.0,473.8,928.0,946.0,1019.0,613.7,961.0,947.0,975.0,961.0,916.0,1026.0,1040.0
775,12:55:00,840.0,932.0,934.0,457.8,630.0,974.0,719.1,185.8,987.0,729.4,945.0,254.4,374.9,407.7,927.0,940.0,1012.0,548.6,958.0,943.0,975.0,959.0,1023.0,1023.0,1038.0
776,12:56:00,840.0,934.0,936.0,673.7,590.4,978.0,288.8,209.7,981.0,744.8,943.0,254.5,375.7,415.0,931.0,941.0,1012.0,570.7,960.0,944.0,976.0,978.0,1013.0,1020.0,1016.0
777,12:57:00,839.0,934.0,935.0,828.0,416.1,980.0,241.3,207.0,978.0,818.0,944.0,269.3,379.3,447.2,930.0,938.0,1008.0,860.0,966.0,949.0,984.0,984.0,1012.0,1024.0,1004.0
778,12:58:00,836.0,929.0,933.0,799.3,374.4,985.0,229.6,175.3,977.0,1045.0,944.0,279.4,384.9,423.2,936.0,936.0,998.0,484.4,972.0,938.0,977.0,981.0,1003.0,1025.0,985.0
779,12:59:00,834.0,930.0,932.0,894.0,526.1,989.0,219.5,149.6,973.0,1089.0,942.0,276.4,395.0,412.0,936.0,944.0,985.0,463.3,967.0,923.0,981.0,975.0,999.0,1026.0,983.0
780,13:00:00,833.0,933.0,931.0,1011.0,518.1,984.0,212.8,137.1,974.0,1110.0,934.0,263.9,422.0,417.4,935.0,941.0,986.0,394.6,970.0,916.0,978.0,962.0,999.0,1026.0,984.0
781,13:01:00,831.0,934.0,935.0,850.0,916.0,982.0,212.1,130.2,973.0,987.0,938.0,248.5,443.5,535.3,937.0,938.0,990.0,369.0,971.0,963.0,984.0,922.0,994.0,1022.0,1025.0
782,13:02:00,826.0,939.0,938.0,620.0,388.3,988.0,216.4,134.5,970.0,899.0,939.0,233.3,416.1,671.0,938.0,945.0,1000.0,360.1,977.0,961.0,982.0,914.0,985.0,1021.0,1049.0
783,13:03:00,819.0,941.0,935.0,735.8,896.0,997.0,220.5,156.3,968.0,776.8,939.0,223.1,396.3,407.5,935.0,929.0,993.0,364.9,983.0,946.0,968.0,928.0,978.0,1024.0,1033.0
784,13:04:00,818.0,941.0,938.0,1070.0,816.0,1012.0,226.2,195.5,969.0,570.9,943.0,223.3,385.8,390.6,933.0,911.0,980.0,383.2,979.0,943.0,984.0,931.0,979.0,1024.0,1033.0
785,13:05:00,819.0,936.0,940.0,854.0,1004.0,1023.0,227.2,497.7,970.0,614.9,945.0,222.5,381.7,386.2,932.0,920.0,973.0,529.2,979.0,940.0,994.0,929.0,985.0,1022.0,1031.0
786,13:06:00,819.0,932.0,940.0,1017.0,916.0,1017.0,229.8,337.6,969.0,930.0,943.0,216.8,377.1,393.7,930.0,923.0,985.0,1084.0,980.0,947.0,1007.0,937.0,973.0,1013.0,1026.0
787,13:07:00,816.0,929.0,942.0,999.0,459.1,1035.0,228.4,555.3,965.0,1039.0,943.0,203.2,373.5,405.3,930.0,924.0,1000.0,972.0,978.0,948.0,1002.0,954.0,970.0,1006.0,1025.0
788,13:08:00,814.0,927.0,943.0,909.0,805.0,967.0,234.3,885.0,967.0,1096.0,942.0,192.4,367.2,635.9,926.0,925.0,590.4,818.0,978.0,941.0,992.0,965.0,964.0,1008.0,1026.0
789,13:09:00,810.0,925.0,942.0,1007.0,792.6,953.0,244.3,438.7,967.0,977.0,942.0,190.9,364.6,889.0,926.0,929.0,431.7,938.0,978.0,947.0,981.0,964.0,973.0,1013.0,1019.0
790,13:10:00,807.0,922.0,941.0,1008.0,841.0,891.0,256.5,720.8,969.0,978.0,938.0,191.4,358.9,425.0,925.0,930.0,566.1,598.0,974.0,960.0,965.0,948.0,986.0,1016.0,999.0
791,13:11:00,799.7,924.0,943.0,1002.0,778.4,840.0,282.4,319.0,963.0,971.0,935.0,191.8,360.9,427.7,924.0,928.0,601.8,728.8,972.0,953.0,966.0,939.0,982.0,1011.0,999.0
792,13:12:00,795.7,922.0,943.0,663.7,992.0,972.0,288.3,560.1,964.0,1022.0,934.0,191.8,370.1,396.6,925.0,936.0,936.0,527.3,970.0,952.0,969.0,944.0,976.0,1005.0,1003.0
793,13:13:00,795.4,917.0,944.0,703.0,594.2,600.9,227.2,774.1,966.0,1018.0,930.0,192.0,387.0,350.1,921.0,946.0,972.0,470.3,966.0,952.0,955.0,960.0,976.0,1004.0,999.0
794,13:14:00,788.8,915.0,942.0,725.6,391.0,744.9,213.1,863.0,962.0,954.0,925.0,195.2,381.5,320.1,919.0,945.0,962.0,928.0,967.0,957.0,946.0,969.0,992.0,1009.0,1002.0
795,13:15:00,787.3,920.0,939.0,643.8,590.5,573.6,209.8,865.0,960.0,881.0,927.0,200.2,385.2,302.6,911.0,947.0,955.0,1114.0,956.0,961.0,941.0,966.0,997.0,1008.0,997.0
796,13:16:00,787.3,921.0,939.0,519.3,829.0,748.2,213.6,872.0,968.0,1011.0,931.0,205.6,394.6,295.2,910.0,955.0,946.0,1128.0,964.0,973.0,944.0,973.0,984.0,1005.0,1000.0
797,13:17:00,783.1,919.0,933.0,816.0,400.7,466.7,216.1,790.6,963.0,1095.0,931.0,204.7,398.5,286.3,910.0,954.0,929.0,1139.0,969.0,978.0,943.0,983.0,978.0,1002.0,1006.0
798,13:18:00,781.9,918.0,936.0,690.8,302.3,560.2,230.4,291.5,968.0,1032.0,923.0,193.5,414.3,283.4,915.0,937.0,940.0,803.0,970.0,988.0,942.0,984.0,965.0,1002.0,1001.0
799,13:19:00,777.1,917.0,939.0,546.7,291.6,548.4,235.0,896.0,962.0,1064.0,927.0,181.7,437.1,279.8,915.0,943.0,962.0,1062.0,961.0,1003.0,948.0,988.0,956.0,1005.0,991.0
800,13:20:00,774.4,923.0,935.0,425.5,293.6,437.2,222.6,904.0,958.0,967.0,931.0,172.2,436.0,279.1,916.0,931.0,968.0,1032.0,952.0,999.0,951.0,990.0,956.0,999.0,980.0
801,13:21:00,771.7,925.0,929.0,530.0,301.4,377.1,214.8,343.0,959.0,962.0,928.0,164.7,393.7,269.1,924.0,918.0,973.0,872.0,951.0,1004.0,953.0,971.0,973.0,997.0,975.0
802,13:22:00,769.6,922.0,927.0,879.0,298.9,359.6,227.2,581.6,958.0,917.0,924.0,160.8,374.3,258.5,926.0,955.0,964.0,975.0,965.0,1006.0,942.0,954.0,981.0,998.0,982.0
803,13:23:00,767.7,917.0,928.0,909.0,293.0,353.6,237.6,965.0,959.0,858.0,934.0,161.6,366.3,248.3,925.0,945.0,971.0,848.0,964.0,1005.0,935.0,933.0,975.0,998.0,983.0
804,13:24:00,765.1,914.0,928.0,934.0,292.7,352.2,236.1,942.0,953.0,872.0,931.0,162.7,367.5,239.9,917.0,933.0,976.0,856.0,954.0,1006.0,929.0,927.0,974.0,992.0,989.0
805,13:25:00,756.8,911.0,928.0,860.0,297.4,350.0,223.3,931.0,947.0,932.0,929.0,164.4,361.6,236.8,918.0,925.0,975.0,981.0,947.0,1001.0,926.0,923.0,968.0,983.0,990.0
806,13:26:00,754.5,906.0,929.0,898.0,301.3,351.9,196.9,773.6,945.0,1015.0,924.0,167.2,361.1,233.6,916.0,922.0,967.0,994.0,941.0,995.0,925.0,934.0,962.0,974.0,987.0
807,13:27:00,752.3,907.0,930.0,906.0,296.8,353.7,178.4,495.1,934.0,971.0,929.0,171.7,349.6,228.9,911.0,928.0,969.0,393.3,927.0,993.0,925.0,943.0,954.0,983.0,986.0
808,13:28:00,748.2,904.0,927.0,912.0,326.6,356.8,178.8,540.9,931.0,929.0,934.0,179.4,351.0,227.8,912.0,928.0,986.0,626.2,923.0,995.0,926.0,946.0,953.0,985.0,987.0
809,13:29:00,746.8,903.0,924.0,910.0,439.9,359.0,190.7,819.0,950.0,756.5,935.0,186.7,353.1,230.0,912.0,925.0,976.0,412.0,929.0,991.0,931.0,935.0,954.0,994.0,979.0
810,13:30:00,748.0,900.0,923.0,904.0,949.0,353.8,209.1,765.3,952.0,999.0,934.0,191.0,353.2,235.9,909.0,915.0,972.0,521.8,921.0,987.0,930.0,921.0,951.0,996.0,973.0
811,13:31:00,748.0,902.0,924.0,909.0,956.0,347.0,221.1,865.0,956.0,1042.0,935.0,193.3,355.2,251.3,913.0,920.0,947.0,953.0,930.0,981.0,928.0,923.0,949.0,993.0,995.0
812,13:32:00,745.2,904.0,925.0,912.0,938.0,341.7,223.4,952.0,960.0,1048.0,931.0,191.9,355.6,272.5,916.0,913.0,915.0,884.0,937.0,981.0,932.0,920.0,953.0,998.0,1002.0
813,13:33:00,741.4,904.0,923.0,922.0,923.0,353.1,217.5,923.0,963.0,1045.0,919.0,191.7,351.4,292.5,914.0,905.0,945.0,497.8,943.0,982.0,932.0,913.0,954.0,1004.0,1001.0
814,13:34:00,738.3,900.0,919.0,930.0,913.0,393.5,290.7,959.0,965.0,1011.0,913.0,190.4,344.5,314.9,899.0,898.0,917.0,561.0,949.0,982.0,930.0,912.0,954.0,998.0,983.0
815,13:35:00,733.1,897.0,916.0,943.0,906.0,404.0,352.5,954.0,955.0,998.0,927.0,187.2,337.0,344.3,894.0,668.7,930.0,974.0,949.0,975.0,934.0,894.0,951.0,996.0,975.0
816,13:36:00,726.7,895.0,915.0,946.0,901.0,414.2,307.9,915.0,950.0,865.0,940.0,185.1,331.5,515.5,889.0,625.3,938.0,1004.0,944.0,971.0,941.0,882.0,943.0,991.0,960.0
817,13:37:00,726.1,892.0,909.0,939.0,904.0,402.9,296.9,733.2,928.0,877.0,944.0,188.2,330.6,450.4,887.0,690.6,924.0,972.0,935.0,969.0,944.0,874.0,942.0,991.0,955.0
818,13:38:00,720.2,892.0,906.0,928.0,907.0,447.9,285.8,274.4,904.0,406.4,946.0,198.3,335.4,389.1,890.0,833.0,897.0,705.0,935.0,966.0,962.0,870.0,941.0,987.0,965.0
819,13:39:00,718.0,894.0,909.0,437.1,901.0,602.2,376.4,273.8,957.0,287.3,947.0,214.4,354.7,375.2,882.0,817.0,881.0,784.9,935.0,962.0,964.0,862.0,931.0,986.0,974.0
820,13:40:00,711.5,891.0,907.0,879.0,905.0,1011.0,354.5,285.6,967.0,403.6,941.0,230.9,355.4,381.3,876.0,849.0,589.4,786.2,937.0,956.0,964.0,855.0,925.0,981.0,965.0
821,13:41:00,708.8,890.0,908.0,747.7,913.0,566.8,775.5,794.7,968.0,875.0,944.0,233.4,399.6,382.9,873.0,891.0,248.9,537.1,940.0,959.0,959.0,872.0,923.0,978.0,969.0
822,13:42:00,704.6,888.0,909.0,845.0,910.0,594.7,318.6,548.5,965.0,979.0,939.0,221.7,354.0,378.9,873.0,884.0,327.1,697.7,941.0,969.0,946.0,896.0,921.0,976.0,971.0
823,13:43:00,704.7,885.0,909.0,952.0,425.7,820.0,287.6,973.0,958.0,981.0,933.0,203.6,349.3,354.3,876.0,677.5,323.3,828.0,948.0,974.0,939.0,906.0,912.0,980.0,982.0
824,13:44:00,704.8,882.0,907.0,953.0,374.4,548.3,308.5,463.5,958.0,942.0,935.0,186.8,383.0,354.2,869.0,578.7,563.4,642.5,953.0,969.0,929.0,910.0,919.0,980.0,972.0
825,13:45:00,703.0,885.0,903.0,934.0,468.2,785.9,423.1,1007.0,964.0,845.0,942.0,175.1,632.1,341.6,865.0,874.0,316.0,770.1,955.0,967.0,924.0,914.0,937.0,981.0,975.0
826,13:46:00,698.5,884.0,900.0,913.0,324.6,448.3,581.6,923.0,962.0,722.1,941.0,166.2,478.2,333.7,867.0,824.0,268.3,460.9,956.0,961.0,920.0,903.0,917.0,982.0,972.0
827,13:47:00,694.3,879.0,900.0,881.0,337.9,366.2,553.1,729.3,958.0,732.2,933.0,162.6,376.2,339.6,867.0,826.0,801.0,762.2,955.0,958.0,911.0,903.0,886.0,979.0,968.0
828,13:48:00,691.1,876.0,899.0,894.0,383.2,336.0,309.5,666.0,954.0,913.0,931.0,164.0,427.8,358.2,864.0,840.0,937.0,875.0,954.0,960.0,902.0,898.0,868.0,973.0,971.0
829,13:49:00,687.8,873.0,901.0,908.0,351.5,324.8,245.5,646.4,949.0,997.0,937.0,169.7,385.8,649.0,863.0,543.9,940.0,920.0,956.0,962.0,896.0,892.0,901.0,975.0,976.0
830,13:50:00,681.5,873.0,900.0,917.0,303.3,317.7,199.1,468.6,941.0,849.0,762.9,178.0,591.5,1039.0,856.0,481.0,939.0,920.0,948.0,958.0,889.0,883.0,904.0,978.0,984.0
831,13:51:00,674.9,868.0,896.0,928.0,275.8,306.8,169.6,250.1,944.0,959.0,813.0,188.7,610.2,641.2,856.0,842.0,930.0,922.0,939.0,949.0,884.0,888.0,916.0,978.0,982.0
832,13:52:00,670.2,865.0,894.0,898.0,263.5,298.4,154.8,238.6,938.0,849.0,1003.0,202.5,415.3,699.0,846.0,909.0,926.0,895.0,937.0,944.0,876.0,885.0,922.0,979.0,977.0
833,13:53:00,669.1,864.0,892.0,911.0,257.9,289.6,148.4,234.6,933.0,1005.0,991.0,216.7,362.1,564.1,839.0,908.0,919.0,923.0,938.0,946.0,870.0,884.0,922.0,973.0,974.0
834,13:54:00,665.3,860.0,894.0,909.0,259.1,280.2,150.2,228.8,930.0,988.0,898.0,225.4,431.0,412.1,842.0,914.0,917.0,953.0,936.0,944.0,868.0,882.0,906.0,968.0,968.0
835,13:55:00,663.8,860.0,896.0,901.0,265.0,266.7,157.4,212.5,927.0,974.0,982.0,232.9,347.7,520.7,843.0,913.0,891.0,951.0,946.0,936.0,870.0,883.0,878.0,964.0,957.0
836,13:56:00,656.5,863.0,898.0,895.0,274.9,252.6,163.9,193.8,928.0,969.0,953.0,242.8,397.3,551.9,840.0,861.0,880.0,793.6,954.0,933.0,871.0,879.0,867.0,960.0,959.0
837,13:57:00,641.6,858.0,895.0,892.0,288.7,244.9,345.1,186.1,931.0,961.0,944.0,247.2,332.3,674.2,837.0,327.7,877.0,735.9,948.0,932.0,863.0,881.0,867.0,956.0,957.0
838,13:58:00,634.4,856.0,893.0,891.0,305.3,246.5,209.3,187.3,930.0,993.0,990.0,239.0,316.5,879.0,826.0,477.6,892.0,920.0,941.0,932.0,855.0,879.0,728.8,957.0,958.0
839,13:59:00,643.1,853.0,893.0,527.4,398.5,248.2,150.2,184.5,927.0,985.0,722.8,227.2,305.1,831.0,824.0,562.6,901.0,936.0,926.0,930.0,854.0,880.0,605.4,957.0,960.0
840,14:00:00,643.2,852.0,892.0,542.9,855.0,267.0,140.2,176.8,926.0,980.0,520.7,219.5,297.6,989.0,835.0,872.0,905.0,907.0,916.0,933.0,857.0,879.0,243.2,956.0,960.0
841,14:01:00,635.0,851.0,886.0,486.9,675.0,249.4,136.5,164.6,924.0,926.0,496.2,218.5,326.9,1040.0,836.0,924.0,900.0,900.0,904.0,933.0,858.0,882.0,232.6,957.0,955.0
842,14:02:00,630.5,849.0,883.0,723.2,720.6,248.9,136.3,142.7,920.0,891.0,528.1,222.0,299.1,1012.0,825.0,926.0,926.0,899.0,900.0,927.0,872.0,877.0,222.2,953.0,958.0
843,14:03:00,621.3,848.0,882.0,555.1,834.0,243.6,136.8,121.9,917.0,949.0,685.9,228.0,395.4,1074.0,816.0,931.0,926.0,884.0,900.0,927.0,875.0,860.0,215.5,947.0,953.0
844,14:04:00,598.3,843.0,878.0,589.9,420.7,232.5,137.8,108.6,910.0,947.0,672.6,241.1,329.8,1113.0,811.0,947.0,912.0,869.0,902.0,926.0,883.0,854.0,233.8,945.0,949.0
845,14:05:00,590.3,841.0,873.0,218.5,341.9,225.3,137.0,102.3,906.0,942.0,1046.0,253.4,335.2,1045.0,817.0,968.0,850.0,855.0,901.0,920.0,879.0,851.0,643.3,947.0,945.0
846,14:06:00,599.1,838.0,865.0,665.0,305.1,220.9,134.2,104.6,907.0,941.0,658.1,257.1,333.4,1111.0,823.0,964.0,505.8,824.0,906.0,916.0,876.0,849.0,918.0,947.0,951.0
847,14:07:00,591.2,837.0,868.0,746.8,281.6,219.5,134.2,117.8,905.0,923.0,769.2,250.0,348.9,1105.0,822.0,911.0,395.8,737.4,907.0,916.0,874.0,846.0,913.0,946.0,946.0
848,14:08:00,595.2,834.0,867.0,379.4,274.3,217.0,133.6,139.4,904.0,924.0,611.2,235.1,350.7,901.0,820.0,877.0,791.4,853.0,908.0,912.0,860.0,849.0,904.0,940.0,942.0
849,14:09:00,605.5,829.0,863.0,327.7,268.0,213.3,125.9,192.9,903.0,916.0,1068.0,222.8,344.8,867.0,823.0,987.0,795.2,854.0,917.0,908.0,847.0,841.0,905.0,937.0,939.0
850,14:10:00,610.9,829.0,863.0,602.7,260.8,210.3,117.8,215.7,900.0,868.0,750.6,216.3,356.6,1062.0,819.0,984.0,502.1,839.0,910.0,908.0,841.0,842.0,907.0,938.0,931.0
851,14:11:00,579.8,834.0,866.0,661.3,252.3,205.6,108.1,280.4,899.0,923.0,770.6,211.8,367.2,1021.0,828.0,968.0,751.2,843.0,908.0,910.0,838.0,843.0,909.0,936.0,931.0
852,14:12:00,528.9,834.0,868.0,318.6,252.8,196.7,99.0,801.0,897.0,930.0,935.0,207.4,353.9,992.0,826.0,975.0,839.0,823.0,905.0,907.0,842.0,840.0,908.0,938.0,927.0
853,14:13:00,533.5,828.0,862.0,680.0,253.8,185.6,93.0,941.0,892.0,918.0,741.7,201.7,332.6,739.3,825.0,660.6,424.7,602.3,897.0,905.0,836.0,837.0,897.0,934.0,926.0
854,14:14:00,568.4,822.0,861.0,680.0,250.0,178.3,86.7,976.0,885.0,920.0,792.0,190.4,304.7,373.2,823.0,908.0,239.3,325.7,896.0,896.0,836.0,845.0,895.0,930.0,923.0
855,14:15:00,546.5,820.0,863.0,660.1,245.7,174.2,81.4,1020.0,816.0,924.0,991.0,179.3,288.1,347.4,821.0,548.9,320.8,553.3,890.0,892.0,838.0,838.0,889.0,928.0,913.0
856,14:16:00,527.2,817.0,857.0,297.6,247.4,172.2,74.81,1029.0,880.0,922.0,976.0,174.2,279.7,270.2,819.0,723.5,713.3,657.3,885.0,892.0,837.0,835.0,886.0,924.0,910.0
857,14:17:00,547.8,816.0,851.0,239.6,256.3,174.1,67.59,989.0,876.0,918.0,658.6,174.9,283.1,239.6,820.0,651.3,809.0,687.2,887.0,895.0,839.0,832.0,887.0,921.0,918.0
858,14:18:00,556.7,817.0,852.0,756.4,282.8,173.1,62.46,978.0,875.0,911.0,951.0,180.9,290.8,231.5,818.0,757.6,672.3,778.7,884.0,891.0,836.0,839.0,884.0,919.0,917.0
859,14:19:00,564.9,818.0,853.0,905.0,365.6,174.6,60.02,961.0,886.0,907.0,958.0,188.5,292.8,233.6,812.0,867.0,454.2,705.4,880.0,886.0,837.0,835.0,865.0,917.0,908.0
860,14:20:00,570.5,817.0,852.0,859.0,277.2,177.4,58.7,950.0,896.0,904.0,1088.0,197.0,291.6,240.6,801.0,873.0,278.2,441.2,878.0,881.0,840.0,830.0,819.0,913.0,898.0
861,14:21:00,572.1,817.0,852.0,878.0,277.5,177.9,56.54,942.0,903.0,904.0,778.3,206.5,291.7,245.0,805.0,632.9,212.0,776.4,876.0,881.0,834.0,826.0,860.0,912.0,892.0
862,14:22:00,557.7,816.0,849.0,888.0,276.6,175.2,54.8,921.0,909.0,907.0,881.0,215.8,296.3,256.6,804.0,458.9,251.4,643.1,877.0,879.0,830.0,825.0,855.0,910.0,892.0
863,14:23:00,559.2,813.0,840.0,890.0,297.4,172.4,53.64,924.0,917.0,917.0,1091.0,222.7,304.7,254.0,798.7,331.3,208.7,260.6,878.0,871.0,828.0,825.0,863.0,910.0,892.0
864,14:24:00,561.8,808.0,836.0,888.0,265.7,168.4,53.3,866.0,921.0,921.0,1082.0,216.9,325.6,254.8,794.7,302.3,202.0,522.8,875.0,866.0,836.0,822.0,865.0,908.0,889.0
865,14:25:00,555.8,802.0,832.0,880.0,263.8,165.7,54.18,917.0,917.0,917.0,1009.0,203.2,436.6,253.4,794.4,377.1,236.8,704.7,872.0,864.0,837.0,826.0,862.0,908.0,887.0
866,14:26:00,553.6,805.0,831.0,879.0,270.2,165.2,54.67,932.0,916.0,928.0,995.0,194.0,364.3,259.9,797.3,375.5,264.8,802.0,872.0,867.0,834.0,829.0,864.0,901.0,893.0
867,14:27:00,550.9,804.0,831.0,913.0,277.2,164.2,54.86,925.0,914.0,927.0,908.0,191.1,345.4,273.1,792.7,408.6,397.9,832.0,875.0,870.0,837.0,823.0,866.0,896.0,888.0
868,14:28:00,544.5,798.7,831.0,926.0,294.9,163.3,55.0,905.0,913.0,916.0,923.0,190.8,334.1,288.2,794.7,564.0,387.3,668.6,890.0,868.0,835.0,815.0,870.0,891.0,873.0
869,14:29:00,538.9,792.3,827.0,911.0,301.6,162.9,55.03,893.0,905.0,880.0,1030.0,190.5,323.8,298.1,779.7,825.0,675.4,570.0,890.0,860.0,834.0,803.0,867.0,891.0,865.0
870,14:30:00,544.4,787.8,820.0,882.0,318.7,164.1,57.16,888.0,887.0,886.0,880.0,189.8,324.4,304.4,771.9,838.0,827.0,552.2,884.0,858.0,838.0,813.0,860.0,887.0,863.0
871,14:31:00,539.0,791.8,816.0,870.0,328.9,164.2,59.81,832.0,878.0,906.0,822.0,191.8,320.1,502.2,762.3,741.5,817.0,483.9,881.0,860.0,834.0,804.0,855.0,884.0,863.0
872,14:32:00,534.9,795.4,812.0,852.0,332.8,162.9,62.12,773.2,880.0,894.0,756.2,190.3,307.6,510.8,750.6,299.2,810.0,377.1,877.0,860.0,825.0,801.0,853.0,880.0,858.0
873,14:33:00,531.8,793.3,805.0,747.1,352.1,159.8,61.69,790.0,876.0,884.0,724.6,186.5,299.0,372.6,741.8,264.5,797.2,288.0,874.0,858.0,819.0,802.0,845.0,876.0,857.0
874,14:34:00,525.6,787.4,797.2,563.7,328.9,157.5,60.92,802.0,871.0,876.0,934.0,192.3,316.9,442.0,748.7,287.3,793.4,231.3,871.0,868.0,817.0,798.4,835.0,875.0,852.0
875,14:35:00,522.8,782.3,798.5,764.3,319.8,158.1,61.06,887.0,867.0,867.0,848.0,205.9,379.1,268.8,750.5,454.1,787.0,227.0,864.0,856.0,813.0,794.4,827.0,876.0,856.0
876,14:36:00,518.9,784.2,797.5,869.0,318.6,162.5,61.33,922.0,861.0,859.0,1025.0,228.2,393.1,245.3,760.0,518.9,796.2,262.6,858.0,846.0,807.0,800.0,831.0,872.0,857.0
877,14:37:00,515.1,782.2,790.6,872.0,362.0,170.8,60.53,928.0,815.0,854.0,1050.0,250.3,579.2,231.1,759.3,597.3,807.0,712.2,853.0,845.0,803.0,797.5,832.0,866.0,850.0
878,14:38:00,511.6,777.8,788.3,872.0,321.3,179.4,59.6,928.0,767.7,851.0,1020.0,267.3,378.4,217.0,761.8,766.4,814.0,759.4,846.0,842.0,808.0,787.5,827.0,862.0,858.0
879,14:39:00,505.1,773.6,787.1,868.0,320.6,184.5,59.15,915.0,748.6,849.0,1009.0,280.5,333.3,203.4,759.7,810.0,818.0,676.5,834.0,843.0,816.0,777.5,827.0,857.0,859.0
880,14:40:00,504.0,774.1,785.0,865.0,332.2,190.5,57.82,901.0,832.0,852.0,999.0,291.1,318.4,193.9,761.3,774.7,820.0,306.4,827.0,845.0,816.0,768.9,831.0,858.0,862.0
881,14:41:00,501.3,768.7,758.1,861.0,419.0,204.0,55.83,871.0,830.0,858.0,977.0,280.0,386.4,186.0,755.7,757.6,816.0,594.0,830.0,835.0,818.0,770.0,829.0,857.0,859.0
882,14:42:00,494.5,766.9,773.7,852.0,700.5,344.4,54.08,883.0,828.0,859.0,951.0,251.0,309.9,177.1,738.3,758.9,808.0,804.0,841.0,832.0,814.0,763.1,831.0,850.0,853.0
883,14:43:00,492.6,769.5,770.8,858.0,532.8,550.1,52.57,900.0,825.0,857.0,940.0,223.4,372.0,169.7,732.6,760.7,805.0,810.0,840.0,824.0,810.0,755.6,827.0,851.0,849.0
884,14:44:00,491.3,774.4,762.6,857.0,446.6,563.6,51.39,895.0,831.0,851.0,858.0,211.2,293.4,164.0,742.8,774.2,813.0,815.0,849.0,822.0,805.0,751.5,830.0,849.0,843.0
885,14:45:00,484.4,774.9,769.7,855.0,630.8,289.6,50.4,902.0,833.0,849.0,948.0,209.8,286.1,159.7,751.0,772.6,815.0,810.0,849.0,818.0,805.0,745.0,843.0,847.0,836.0
886,14:46:00,479.1,770.7,776.8,854.0,799.1,258.0,49.62,920.0,833.0,847.0,1017.0,209.5,283.0,152.5,753.8,773.2,810.0,718.3,840.0,811.0,799.8,737.8,845.0,845.0,837.0
887,14:47:00,476.3,768.8,774.2,851.0,817.0,236.6,49.67,919.0,831.0,848.0,1002.0,210.2,281.3,147.4,748.3,765.4,811.0,785.5,818.0,807.0,789.4,733.3,846.0,843.0,846.0
888,14:48:00,476.3,769.5,768.3,844.0,652.6,224.0,50.12,906.0,828.0,849.0,980.0,209.5,279.7,144.8,749.8,773.4,811.0,790.6,807.0,796.4,778.7,743.0,841.0,845.0,843.0
889,14:49:00,470.9,768.8,763.5,839.0,588.5,214.7,50.69,898.0,826.0,857.0,972.0,206.1,280.1,143.0,742.5,774.7,803.0,782.7,803.0,793.2,770.9,745.6,841.0,846.0,844.0
890,14:50:00,466.3,767.6,765.5,839.0,767.1,209.9,50.36,853.0,819.0,860.0,966.0,202.0,284.5,141.7,735.6,768.2,796.6,796.6,804.0,790.3,773.8,754.6,834.0,844.0,841.0
891,14:51:00,461.5,760.8,691.3,842.0,729.3,206.2,48.65,790.2,812.0,855.0,966.0,201.7,287.5,135.8,742.1,750.7,789.3,809.0,802.0,792.1,778.2,754.5,815.0,839.0,831.0
892,14:52:00,456.5,750.7,750.0,842.0,684.8,201.9,47.34,911.0,805.0,847.0,978.0,205.0,290.1,127.7,737.8,743.1,775.4,803.0,796.6,785.3,767.4,763.1,805.0,835.0,828.0
893,14:53:00,457.4,753.3,759.6,843.0,653.6,201.1,47.89,923.0,808.0,836.0,788.5,209.4,296.8,118.2,663.2,751.8,758.6,719.9,795.2,789.0,764.9,760.2,803.0,833.0,828.0
894,14:54:00,455.1,739.2,769.3,834.0,582.3,203.6,50.27,926.0,802.0,827.0,831.0,215.9,307.3,111.4,671.5,755.9,736.5,572.6,795.3,792.7,767.3,752.5,786.2,831.0,825.0
895,14:55:00,446.5,748.6,759.2,821.0,707.2,199.9,53.7,898.0,805.0,824.0,556.3,225.1,317.6,108.9,697.1,739.4,717.9,742.0,789.6,791.3,757.8,743.2,731.6,822.0,822.0
896,14:56:00,440.5,595.5,726.5,816.0,715.1,189.9,58.42,867.0,803.0,818.0,662.4,234.8,321.7,108.7,731.4,752.4,704.5,687.4,782.8,787.2,755.1,737.8,540.6,818.0,819.0
897,14:57:00,436.7,172.9,704.0,808.0,498.6,174.4,64.42,826.0,803.0,815.0,512.7,243.0,320.8,109.5,713.4,775.0,677.7,472.7,782.6,781.5,752.7,740.8,318.5,814.0,814.0
898,14:58:00,435.2,165.2,739.4,807.0,356.9,159.4,70.64,825.0,810.0,807.0,974.0,248.8,324.6,109.1,679.5,784.4,603.6,323.0,781.8,774.9,753.0,733.7,243.2,809.0,809.0
899,14:59:00,432.7,306.4,755.1,811.0,361.4,150.1,76.65,840.0,805.0,799.1,978.0,254.9,343.4,108.0,720.1,777.6,644.5,252.1,780.5,769.6,751.2,735.3,240.5,804.0,808.0
900,15:00:00,425.4,612.4,754.2,812.0,499.9,147.5,80.7,643.1,796.6,790.5,834.0,264.8,324.9,106.6,708.8,772.2,353.7,237.0,782.7,763.4,747.3,739.1,256.2,799.8,800.0
901,15:01:00,423.0,723.8,734.7,816.0,349.0,147.2,79.35,333.0,797.7,785.8,685.3,276.4,332.8,106.0,684.2,731.1,372.6,287.1,775.7,758.0,747.9,741.8,304.3,795.7,796.6
902,15:02:00,419.5,719.7,499.6,815.0,303.4,144.1,73.18,798.7,795.5,781.8,316.5,283.9,351.8,108.3,691.9,634.2,300.5,280.7,769.3,751.2,738.6,735.6,337.4,789.0,791.0
903,15:03:00,415.7,714.4,233.0,815.0,274.0,139.9,67.99,715.5,787.7,780.1,314.1,284.7,357.0,115.0,712.8,480.2,239.7,266.5,766.7,745.3,727.3,725.3,602.7,783.7,788.6
904,15:04:00,408.6,710.9,199.0,807.0,239.0,133.0,65.61,673.1,778.7,780.8,616.9,281.4,408.6,127.4,700.6,722.8,229.2,338.7,768.4,731.5,729.4,720.0,742.4,788.9,783.3
905,15:05:00,404.7,592.9,181.7,806.0,233.5,125.6,65.29,688.8,721.8,783.0,471.9,285.0,465.5,142.4,728.9,733.4,614.8,366.6,769.8,724.7,731.2,704.2,734.4,796.0,778.6
906,15:06:00,399.4,706.9,161.2,804.0,239.3,121.9,68.0,761.5,706.4,786.7,617.4,258.7,427.8,158.2,720.2,736.2,658.8,653.7,771.9,732.2,725.5,689.8,748.6,793.1,780.6
907,15:07:00,397.5,664.2,164.7,806.0,247.1,122.8,75.93,582.7,745.2,754.2,568.7,226.2,443.3,177.4,483.4,719.2,416.6,697.1,774.2,733.9,716.8,689.6,728.6,789.1,771.0
908,15:08:00,395.2,697.4,530.4,799.8,256.4,126.5,90.8,420.9,743.7,678.8,455.5,205.0,393.9,397.4,702.3,720.9,264.9,736.3,774.6,734.9,717.6,693.5,718.6,787.9,762.3
909,15:09:00,392.7,699.0,768.3,793.0,377.7,133.8,97.7,612.7,746.4,632.3,351.1,184.7,374.9,292.5,710.2,721.8,463.1,740.7,772.3,735.8,716.0,687.7,738.4,782.0,761.0
910,15:10:00,389.7,698.3,758.2,786.7,683.0,146.9,95.9,863.0,755.3,638.9,651.8,171.3,392.9,227.5,710.4,726.2,526.7,738.6,765.2,730.7,709.0,680.3,748.5,775.7,755.4
911,15:11:00,383.3,689.4,759.5,788.1,578.7,163.2,87.3,638.4,761.8,547.0,881.0,165.1,660.3,214.6,444.9,728.4,523.4,738.6,760.3,719.7,705.3,681.7,732.9,777.0,760.6
912,15:12:00,378.2,684.5,758.3,786.9,300.1,171.7,81.3,901.0,516.3,630.2,478.7,187.4,598.8,194.0,249.1,463.6,279.5,745.1,753.4,720.6,702.1,673.6,738.1,774.4,758.4
913,15:13:00,374.6,679.9,753.9,779.3,250.5,164.2,80.5,793.7,177.5,516.0,409.5,197.2,401.3,177.3,371.8,675.6,262.8,746.4,743.3,721.9,701.3,662.5,746.5,767.3,750.2
914,15:14:00,369.8,682.7,745.9,773.8,229.8,149.0,82.5,906.0,181.1,626.9,527.2,199.7,339.9,163.9,357.2,716.4,245.7,745.0,736.5,714.4,698.6,652.9,755.1,762.6,744.2
915,15:15:00,366.6,683.7,740.3,767.5,214.0,137.3,85.3,897.0,242.6,772.3,346.1,212.1,335.5,158.1,549.7,712.1,240.5,740.4,732.1,711.9,696.2,645.4,753.4,759.7,746.6
916,15:16:00,361.2,690.5,731.2,765.6,206.2,134.4,85.5,888.0,299.8,796.0,311.2,224.4,364.0,157.2,607.2,712.3,228.3,734.2,723.7,714.3,683.9,642.1,744.8,758.6,738.1
917,15:17:00,355.5,685.7,724.3,761.4,204.9,134.6,84.0,873.0,612.8,783.6,333.4,229.2,306.2,153.9,396.2,711.7,204.0,728.7,722.4,719.9,676.2,644.5,746.3,757.1,741.3
918,15:18:00,348.2,679.8,719.2,756.9,208.0,130.5,80.2,849.0,745.7,758.6,449.1,224.5,276.1,147.4,278.2,707.9,194.9,724.7,721.4,726.7,671.4,646.0,746.0,754.3,742.2
919,15:19:00,342.1,671.5,715.5,750.0,201.0,122.9,75.25,779.3,745.0,717.0,398.0,213.0,258.6,141.5,185.7,701.7,190.1,718.1,716.0,727.2,666.6,641.2,734.7,748.9,751.9
920,15:20:00,336.6,675.3,713.2,745.1,186.0,110.7,70.37,286.1,738.3,670.6,308.0,198.3,246.0,128.0,177.6,693.4,190.6,710.6,718.5,728.5,665.0,635.2,732.9,749.0,747.4
921,15:21:00,334.1,679.7,711.7,742.3,172.6,99.1,69.58,225.2,724.7,713.2,317.2,185.5,238.7,115.6,176.5,687.8,198.2,705.5,715.3,722.3,660.4,631.5,723.1,747.4,739.9
922,15:22:00,333.9,676.0,705.7,733.5,160.7,89.4,72.96,206.2,723.0,747.3,393.3,179.1,234.8,105.8,188.6,681.9,207.1,701.4,711.1,718.5,661.2,624.8,707.8,743.8,735.9
923,15:23:00,332.8,669.8,702.6,735.3,154.2,81.7,80.6,190.5,720.8,752.1,473.2,179.3,232.6,99.6,179.0,681.9,217.4,696.7,709.4,719.5,666.2,613.8,697.6,740.1,737.7
924,15:24:00,330.4,664.1,705.4,731.3,149.9,76.84,84.6,183.5,715.9,740.5,617.1,181.6,227.9,97.1,163.7,681.7,221.8,699.4,707.1,718.1,670.5,600.4,680.4,733.8,727.4
925,15:25:00,327.2,660.2,704.4,723.5,152.4,72.41,84.6,188.0,712.1,738.6,354.9,184.6,220.8,99.5,139.9,673.1,221.4,693.4,709.3,710.2,666.4,580.3,674.4,730.6,721.1
926,15:26:00,321.1,656.2,703.5,723.1,157.6,66.79,85.6,199.1,251.9,731.6,423.1,188.5,212.7,106.5,129.2,665.5,223.8,682.9,711.0,710.7,660.1,577.7,667.8,729.3,712.9
927,15:27:00,320.6,646.6,694.8,720.8,157.8,60.51,87.0,675.1,166.7,729.4,353.0,191.4,205.6,113.9,142.8,654.5,306.9,682.1,714.9,711.6,653.1,442.8,669.4,727.8,711.4
928,15:28:00,318.7,641.6,686.4,713.2,153.8,56.15,89.0,822.0,159.7,725.4,540.8,192.9,200.2,118.3,148.9,653.6,470.5,679.1,717.4,700.1,646.8,289.3,670.3,725.4,708.8
929,15:29:00,311.7,638.9,683.1,712.9,151.2,53.31,94.2,735.7,194.2,684.6,813.0,195.0,195.4,118.7,144.6,649.7,354.8,668.9,719.0,694.1,640.8,234.3,666.9,727.2,698.9
930,15:30:00,304.7,630.2,676.9,706.5,147.7,50.63,98.9,799.2,388.1,713.9,788.6,197.0,191.7,116.0,139.1,644.3,231.2,668.2,717.0,689.3,641.0,325.6,668.7,728.4,690.2
931,15:31:00,301.7,624.7,680.1,702.8,143.7,48.7,98.5,725.2,158.7,701.4,585.9,210.0,191.5,113.2,130.6,637.5,212.6,669.6,714.1,687.2,640.0,534.3,672.8,728.2,688.1
932,15:32:00,297.9,623.8,679.9,702.0,141.3,47.69,93.7,742.3,155.7,694.4,674.2,233.6,193.7,113.4,130.2,630.7,211.0,669.3,710.5,688.6,642.0,551.9,671.5,728.2,677.8
933,15:33:00,294.1,620.9,672.6,564.3,141.5,47.09,86.5,729.2,155.7,687.6,787.3,250.1,196.0,111.1,130.9,629.4,215.5,667.4,701.3,684.0,642.1,581.1,669.4,724.4,685.6
934,15:34:00,290.2,613.6,663.8,160.4,144.4,48.45,82.7,519.7,157.7,680.1,795.0,245.9,199.4,105.8,131.9,625.4,201.6,665.9,691.9,678.2,641.1,598.9,665.0,723.1,693.9
935,15:35:00,285.9,612.3,658.4,157.1,150.9,51.27,83.1,252.9,254.4,674.2,796.7,235.8,201.0,97.2,147.6,623.0,199.2,660.4,689.3,671.4,638.6,603.4,657.5,716.9,699.2
936,15:36:00,281.1,608.4,652.7,460.7,159.5,56.67,85.4,258.6,621.0,677.3,754.4,230.9,202.0,87.6,150.4,617.3,192.1,660.8,685.3,674.4,633.9,595.9,642.8,713.5,710.7
937,15:37:00,277.3,600.3,649.6,658.8,166.7,65.26,88.9,304.4,639.2,671.9,721.5,224.5,202.9,78.79,154.8,608.2,185.6,658.7,682.7,670.1,633.8,590.5,639.4,712.4,713.3
938,15:38:00,272.0,592.2,654.3,665.9,172.6,73.39,92.6,249.6,628.3,666.8,674.4,221.7,203.1,71.32,153.4,606.2,182.7,649.8,682.6,664.5,633.1,589.9,638.0,710.9,708.4
939,15:39:00,266.5,590.8,654.6,667.9,173.7,77.78,91.0,529.6,495.0,668.5,608.8,217.3,197.9,66.38,149.9,602.3,187.2,641.5,676.1,657.0,630.0,601.3,635.9,708.5,696.7
940,15:40:00,265.3,589.7,651.3,664.3,175.0,80.1,86.2,638.1,139.8,670.3,759.8,205.8,189.7,65.0,146.3,601.9,390.4,642.6,673.3,653.3,622.4,606.5,635.9,700.3,688.6
941,15:41:00,259.3,587.2,654.7,662.4,175.5,80.8,88.1,538.7,126.7,673.3,492.3,204.8,179.8,65.22,165.9,597.8,606.4,640.5,667.9,648.0,609.0,606.7,636.8,693.6,682.0
942,15:42:00,257.1,583.2,653.9,662.3,176.7,79.63,97.6,522.0,124.9,674.4,402.6,211.1,175.3,66.26,162.0,591.1,614.0,643.8,658.6,645.7,605.6,604.0,636.7,687.3,675.4
943,15:43:00,254.2,579.0,652.2,658.7,177.9,76.16,109.8,232.8,125.1,665.2,597.9,366.8,170.4,69.41,401.5,585.2,603.5,642.0,650.5,644.6,604.3,603.4,631.6,685.3,667.1
944,15:44:00,248.3,575.6,647.7,653.8,182.4,70.75,118.8,182.9,120.4,658.6,272.8,245.0,163.5,71.43,489.4,582.1,294.0,643.6,639.6,639.2,602.6,600.9,630.4,683.2,667.1
945,15:45:00,243.9,573.7,642.2,646.2,283.6,66.2,114.5,173.5,118.0,659.0,698.3,222.9,155.4,69.46,392.0,575.8,497.6,645.4,633.9,634.6,599.8,601.0,632.5,678.1,664.5
946,15:46:00,240.1,573.3,634.6,638.8,401.4,64.71,104.1,170.2,121.0,658.5,582.8,225.7,147.3,62.66,179.9,572.0,468.7,638.6,631.7,635.4,594.1,600.8,629.7,672.0,654.0
947,15:47:00,238.2,572.2,631.0,637.7,198.9,66.28,97.0,168.4,126.0,655.3,593.3,230.2,139.9,54.27,502.5,569.6,366.0,382.8,638.4,633.6,587.8,602.4,628.4,669.7,644.6
948,15:48:00,236.5,566.9,622.9,631.5,286.9,68.49,93.2,167.4,135.5,650.7,699.5,237.4,134.2,47.4,518.6,569.4,210.4,330.2,638.2,640.0,585.8,605.0,630.7,666.0,638.8
949,15:49:00,232.4,562.0,616.1,625.6,491.3,68.85,91.1,166.3,163.8,646.8,703.8,260.4,129.3,42.74,188.0,566.4,193.5,498.7,638.0,637.0,584.7,608.3,632.6,664.7,636.1
950,15:50:00,228.8,558.4,612.2,620.0,392.1,67.66,86.9,174.2,343.8,638.3,741.0,376.4,124.6,38.46,172.5,560.1,187.8,506.9,634.8,630.3,581.5,614.8,638.3,663.8,632.9
951,15:51:00,225.4,558.7,608.8,616.7,185.5,67.25,82.9,208.2,420.2,634.0,719.5,292.8,117.5,36.0,179.8,558.6,189.5,401.5,622.6,625.6,574.7,620.8,632.4,658.4,627.7
952,15:52:00,219.9,555.2,605.0,609.7,171.8,68.02,82.3,191.5,453.3,629.9,717.1,249.7,111.3,35.16,192.0,559.6,202.2,256.2,614.4,619.7,569.6,617.1,627.9,652.4,622.7
953,15:53:00,217.0,552.8,604.6,602.9,160.0,70.11,83.7,201.7,560.8,628.1,704.3,247.0,106.0,36.4,178.4,559.4,226.5,428.4,614.2,612.5,565.2,605.2,617.2,645.1,626.7
954,15:54:00,211.9,550.8,601.7,599.4,149.8,73.0,85.5,217.7,625.3,626.4,701.8,259.1,101.7,37.31,170.6,555.3,334.2,223.4,616.4,604.9,563.1,593.7,604.9,638.1,621.4
955,15:55:00,207.9,545.6,598.5,596.2,139.8,78.17,87.1,474.2,634.3,613.4,612.3,235.6,98.0,37.85,162.6,552.6,208.3,189.2,612.0,602.1,560.9,589.0,593.4,632.9,617.7
956,15:56:00,202.3,540.2,595.4,592.6,130.6,87.4,89.0,719.4,641.0,605.3,665.7,232.2,94.6,37.1,152.4,547.6,234.9,182.3,609.3,599.7,561.3,584.1,586.4,629.6,616.8
957,15:57:00,201.8,537.4,588.4,586.7,123.4,99.5,88.7,643.7,644.2,618.7,666.6,230.6,90.8,34.69,147.0,541.2,225.7,177.3,610.2,594.5,561.8,580.3,575.7,627.5,614.8
958,15:58:00,197.3,532.0,580.0,583.5,117.5,113.9,87.0,603.5,650.3,568.6,657.6,233.9,86.6,30.77,148.8,536.4,215.7,173.9,610.5,591.6,561.3,575.5,575.1,624.3,608.4
959,15:59:00,193.1,528.8,570.7,582.0,111.3,131.1,83.6,706.8,649.9,579.5,656.7,461.1,83.6,28.45,316.6,530.0,218.9,170.2,609.1,587.7,557.2,569.5,572.2,619.9,613.1
960,16:00:00,191.1,530.5,565.0,580.1,107.0,153.9,82.6,676.4,637.8,586.6,666.1,474.1,82.1,26.78,342.6,523.1,212.3,169.7,604.0,580.6,553.7,565.1,570.1,611.8,616.3
961,16:01:00,189.0,525.5,562.7,577.3,105.1,178.2,84.1,680.3,496.0,579.7,550.3,546.4,83.2,25.1,503.4,519.8,207.6,171.8,596.8,576.5,549.9,558.6,563.3,605.5,610.5
962,16:02:00,185.0,520.6,560.4,570.3,102.2,191.6,85.6,672.2,355.4,589.7,647.8,493.5,87.3,23.93,494.5,514.5,208.0,167.7,580.8,572.9,545.9,554.3,558.3,599.1,606.1
963,16:03:00,181.2,516.2,553.3,560.7,98.8,195.2,83.1,676.0,564.0,595.9,589.6,715.3,93.2,23.05,521.9,510.2,210.3,159.6,569.4,573.7,543.7,550.6,560.4,594.9,602.1
964,16:04:00,176.8,515.0,548.1,556.4,96.1,199.6,77.23,678.4,492.9,588.8,578.0,598.4,101.1,22.97,544.1,508.3,208.3,153.0,564.7,572.5,544.4,545.1,558.4,591.9,592.2
965,16:05:00,173.4,512.9,540.5,547.4,93.2,206.7,71.86,675.4,254.9,594.0,641.3,735.9,111.0,23.7,555.4,507.3,201.5,154.3,560.8,569.5,545.2,540.4,558.1,588.0,592.6
966,16:06:00,170.1,508.1,540.2,542.8,90.2,214.4,68.9,570.8,209.0,598.2,612.9,727.1,122.9,25.49,566.5,503.5,193.3,153.4,553.5,571.0,541.4,536.1,554.5,584.1,591.0
967,16:07:00,167.0,504.7,534.6,543.0,88.2,197.0,67.62,605.6,200.9,522.9,630.1,642.7,134.9,26.83,575.3,497.3,184.5,148.2,539.6,567.3,532.0,532.4,552.1,579.4,582.1
968,16:08:00,163.6,501.6,531.1,539.8,87.9,185.2,67.83,582.2,202.7,515.4,620.4,709.9,143.5,28.9,569.8,488.4,178.8,139.4,526.1,565.0,522.1,528.3,548.5,579.3,578.5
969,16:09:00,160.1,497.0,528.3,539.7,85.6,175.4,69.03,622.9,199.9,465.6,630.2,704.3,146.7,30.77,552.9,484.0,175.6,134.5,511.9,561.9,517.2,524.2,545.8,577.0,575.4
970,16:10:00,155.7,491.6,523.9,532.3,84.4,171.5,69.24,611.0,196.9,575.4,627.2,706.2,145.5,32.92,539.8,472.8,173.1,131.8,501.9,561.2,509.2,517.8,543.9,575.9,573.2
971,16:11:00,151.4,488.6,519.2,528.2,83.6,162.1,67.45,607.7,194.6,562.0,567.3,669.7,141.3,35.0,530.8,466.8,169.2,132.0,496.6,555.2,501.4,504.2,536.0,575.7,569.2
972,16:12:00,149.8,483.8,514.4,528.0,82.2,147.7,63.21,586.4,197.9,554.4,336.1,299.0,135.8,36.31,476.4,462.6,166.3,135.4,492.0,549.7,497.7,494.6,523.7,571.2,566.3
973,16:13:00,146.8,477.2,508.8,523.9,82.8,133.6,55.85,316.9,206.6,546.9,279.9,411.8,130.6,36.96,427.9,459.4,164.4,137.6,490.0,546.6,498.9,486.6,524.6,570.5,561.6
974,16:14:00,143.1,471.1,503.9,519.1,84.5,125.7,48.54,214.2,369.4,543.1,310.0,456.5,126.7,38.72,404.2,455.4,163.3,138.5,483.7,544.9,493.4,485.2,521.9,563.2,553.6
975,16:15:00,140.0,464.8,501.8,515.1,86.5,126.4,43.3,160.7,438.8,539.9,182.9,449.7,125.2,38.56,447.2,451.6,161.4,139.8,473.9,543.0,491.0,484.2,533.3,556.4,547.4
976,16:16:00,136.9,461.2,493.6,508.6,91.6,122.2,39.96,161.8,541.6,533.6,161.5,661.2,125.9,40.06,468.6,446.8,159.4,140.6,470.8,541.3,489.4,485.2,532.6,552.0,544.1
977,16:17:00,132.9,457.6,493.0,505.3,99.3,116.5,37.76,160.5,571.9,529.1,172.6,330.5,128.3,41.23,467.4,445.1,157.7,141.8,470.1,538.4,491.0,480.7,528.3,548.8,542.2
978,16:18:00,127.4,456.4,489.8,502.7,109.0,111.1,36.4,163.7,579.7,523.1,161.6,343.5,131.4,44.71,475.6,441.1,155.5,139.9,469.5,538.3,491.3,475.9,514.5,545.2,536.5
979,16:19:00,123.1,453.4,485.9,499.3,120.6,106.2,36.48,171.8,578.6,519.0,267.0,252.3,136.7,47.15,471.9,408.8,155.2,141.5,468.9,536.3,489.3,472.2,480.0,544.6,529.9
980,16:20:00,118.5,450.2,479.5,494.5,133.7,103.5,37.61,187.4,572.1,517.0,203.4,225.7,145.5,50.32,421.8,437.0,157.3,144.6,466.2,533.8,484.7,468.3,247.6,541.0,525.8
981,16:21:00,115.0,444.4,474.3,490.5,209.6,98.8,37.41,473.3,566.6,514.5,260.1,210.7,154.4,53.39,446.1,427.0,168.8,142.2,459.2,531.5,476.6,466.5,171.3,534.3,521.4
982,16:22:00,110.1,440.8,466.4,488.6,373.8,94.0,35.44,602.0,556.4,510.6,328.2,197.2,163.2,56.15,447.4,318.9,366.2,130.0,449.1,524.7,470.1,465.3,161.4,528.8,517.1
983,16:23:00,108.6,436.4,462.8,484.9,311.6,90.2,32.96,600.8,545.6,508.9,470.6,179.8,170.5,59.12,452.6,150.1,241.1,119.3,441.8,517.8,464.8,461.9,155.8,525.1,510.1
984,16:24:00,105.1,432.1,456.0,480.6,199.8,86.2,31.68,592.6,535.6,507.8,338.5,157.2,175.0,61.67,445.6,149.7,306.8,115.6,434.4,514.1,464.0,459.4,152.4,519.4,510.6
985,16:25:00,102.6,429.6,452.4,476.2,254.4,82.2,31.85,580.3,527.4,507.6,153.6,136.5,178.8,62.8,449.0,200.0,208.4,114.9,429.6,511.3,455.7,457.6,150.8,515.5,502.5
986,16:26:00,98.6,428.3,450.4,473.1,191.6,75.48,32.26,578.5,516.0,393.3,223.4,118.3,192.3,62.87,449.8,284.1,215.3,118.5,426.2,504.8,448.8,451.2,149.5,512.5,498.0
987,16:27:00,94.1,423.4,445.9,469.0,170.6,67.33,31.97,570.5,508.9,466.6,219.1,105.6,222.6,62.97,453.1,228.5,207.9,166.7,422.2,503.8,445.8,445.2,150.2,507.4,496.5
988,16:28:00,90.0,416.5,443.8,467.3,159.3,60.9,30.72,568.2,503.8,475.4,274.2,97.2,185.4,64.98,459.7,193.3,203.7,259.0,415.6,500.2,440.1,437.5,149.9,499.7,486.6
989,16:29:00,86.7,412.6,440.4,460.8,144.4,58.06,29.5,562.2,499.7,381.1,271.3,94.3,187.0,68.0,467.2,161.5,206.5,252.0,413.3,496.8,436.9,433.6,152.3,495.6,479.7
990,16:30:00,84.1,410.7,436.7,459.1,127.0,57.44,29.09,538.3,481.9,428.5,243.7,93.8,188.4,70.31,477.6,197.7,226.6,418.1,411.6,492.7,431.9,429.2,182.9,492.2,475.2
991,16:31:00,83.6,407.8,434.0,455.6,112.8,58.35,29.58,450.6,404.3,440.6,183.0,98.9,183.0,71.55,482.8,240.8,242.2,434.2,406.6,491.1,428.7,427.2,252.4,488.4,470.8
992,16:32:00,83.2,406.4,428.4,447.2,100.2,62.5,29.52,488.4,405.1,413.8,193.8,105.5,179.5,71.88,487.1,383.4,231.2,463.6,403.8,485.2,418.2,422.7,305.7,485.7,465.1
993,16:33:00,83.0,400.5,424.5,444.4,91.1,67.51,29.28,490.0,184.6,287.9,186.8,115.7,179.1,71.81,482.3,399.7,422.6,458.8,399.6,480.0,408.3,420.1,379.8,482.8,464.2
994,16:34:00,80.8,398.9,421.1,443.3,86.7,71.8,29.62,483.8,232.3,455.1,412.2,130.5,179.2,72.13,469.0,397.9,467.3,494.4,397.2,475.7,408.5,415.1,405.6,480.5,458.6
995,16:35:00,79.13,394.9,417.7,437.8,83.0,74.82,30.82,469.6,316.5,448.2,412.8,149.4,185.6,72.52,467.6,394.7,460.8,489.7,392.6,470.1,408.8,409.6,407.6,477.3,450.5
996,16:36:00,78.84,391.8,415.1,434.0,82.4,76.69,32.4,470.1,142.8,438.7,287.5,199.4,186.2,73.02,464.7,392.9,464.3,478.7,388.8,466.1,389.3,407.9,405.9,473.3,447.1
997,16:37:00,79.11,388.3,411.7,432.0,79.7,78.69,32.4,472.6,117.3,430.9,379.8,387.0,181.1,79.66,463.2,391.4,463.6,470.4,384.7,461.4,397.1,405.8,418.3,468.0,446.1
998,16:38:00,77.67,386.0,406.2,427.4,77.07,82.7,31.58,463.7,111.6,429.4,309.7,279.4,176.9,112.5,463.1,389.1,464.5,466.9,382.2,457.4,381.6,401.9,423.2,461.9,443.8
999,16:39:00,77.09,383.2,400.1,420.5,78.14,87.0,31.41,466.0,109.2,426.3,205.6,247.7,174.4,86.4,455.5,382.3,471.4,466.2,380.7,452.5,273.9,399.3,417.6,458.4,441.2
1000,16:40:00,75.77,378.8,395.0,417.5,78.44,89.0,32.85,474.6,111.8,423.8,273.5,223.4,173.1,114.2,446.1,375.2,469.0,458.0,374.6,449.0,163.0,396.6,415.2,453.4,438.4
1001,16:41:00,74.55,377.1,389.8,411.6,77.17,88.1,36.03,475.2,291.6,418.8,249.3,188.1,168.9,127.1,441.8,356.1,461.7,448.3,369.3,445.1,218.2,394.2,405.0,447.1,438.0
1002,16:42:00,75.95,373.3,385.1,405.1,74.8,86.7,40.33,479.0,360.0,417.0,133.6,179.7,161.6,96.5,443.2,359.1,446.0,441.3,363.5,439.1,322.5,389.5,402.1,443.0,436.2
1003,16:43:00,75.49,367.5,382.1,400.1,70.39,86.1,43.59,481.8,366.4,397.0,102.9,174.9,153.9,89.8,441.4,342.6,414.6,436.3,357.1,432.2,291.4,384.3,391.9,442.7,434.4
1004,16:44:00,73.61,364.9,379.1,395.4,63.54,85.6,44.85,478.0,380.3,402.2,67.65,167.3,147.2,83.9,440.1,357.1,390.7,437.3,353.2,429.1,299.9,378.9,384.9,438.0,432.6
1005,16:45:00,72.05,361.8,378.7,389.1,55.77,85.9,43.39,472.4,374.0,409.9,63.35,157.0,140.1,80.2,431.5,357.0,373.7,433.6,349.8,427.1,287.4,373.1,375.8,433.7,424.5
1006,16:46:00,71.57,359.0,379.2,386.0,49.1,86.1,40.92,400.7,271.4,403.2,69.82,143.6,131.8,78.65,428.6,357.2,369.8,403.6,344.8,425.4,246.0,367.4,365.3,429.3,418.1
1007,16:47:00,70.39,355.3,378.1,379.4,43.46,86.3,37.62,322.2,121.2,396.2,81.1,133.6,122.7,77.68,425.8,354.8,377.8,334.5,341.6,419.8,348.6,364.3,357.7,426.2,415.3
1008,16:48:00,71.18,352.7,373.5,375.1,39.85,85.2,34.12,227.6,276.9,393.1,91.3,123.8,115.7,76.8,424.7,352.3,393.2,414.1,338.6,414.2,359.0,362.7,357.7,421.2,416.4
1009,16:49:00,70.58,346.0,369.3,371.8,37.53,84.0,31.94,185.5,331.8,376.4,99.1,115.6,112.1,76.4,429.4,351.3,400.0,420.0,335.7,409.2,357.0,359.8,362.0,415.1,411.9
1010,16:50:00,69.11,343.3,364.8,367.4,35.46,82.9,31.81,131.3,368.0,393.1,100.1,109.8,115.5,75.52,434.5,351.1,395.9,418.3,332.0,403.1,356.0,356.2,361.3,409.7,410.8
1011,16:51:00,68.07,337.6,359.0,364.3,33.35,81.1,33.56,153.3,349.2,368.2,100.3,105.1,114.5,74.95,430.4,353.9,387.0,414.3,330.7,397.6,351.5,353.1,359.7,404.3,410.6
1012,16:52:00,69.09,334.9,352.9,362.8,32.45,81.0,35.8,316.5,349.6,324.4,103.1,102.9,96.4,75.18,427.6,356.1,377.4,405.2,326.6,393.3,348.7,351.0,356.9,402.3,411.7
1013,16:53:00,67.55,328.4,349.8,358.5,32.77,83.8,38.0,114.4,232.5,352.3,108.0,102.4,89.0,76.16,418.8,355.9,373.3,395.1,322.0,387.7,341.8,344.5,352.5,401.1,405.7
1014,16:54:00,67.12,320.9,346.1,351.3,34.34,88.6,40.87,114.7,129.9,358.0,115.6,102.4,83.0,76.98,415.6,354.3,369.6,385.9,317.2,383.8,334.8,339.7,350.1,396.6,400.3
1015,16:55:00,68.24,317.6,341.9,345.6,36.65,95.9,45.19,138.4,330.8,368.3,120.6,103.5,78.27,77.88,408.1,349.8,366.7,376.2,312.2,379.7,328.5,335.5,344.8,392.4,394.3
1016,16:56:00,69.21,313.3,338.5,341.9,38.76,105.2,54.8,369.6,334.2,365.3,121.3,104.0,74.67,78.3,395.5,344.5,358.1,370.7,307.7,374.9,318.2,332.6,340.2,385.4,389.0
1017,16:57:00,66.23,307.3,333.8,337.3,40.61,114.8,69.23,373.7,326.8,360.8,306.5,105.2,71.6,77.61,379.6,337.5,347.0,368.4,303.4,369.6,309.9,326.9,333.6,379.8,382.7
1018,16:58:00,65.88,301.3,329.7,331.8,42.21,122.2,84.3,373.4,318.6,352.7,376.9,105.1,67.71,75.64,369.6,300.6,338.5,363.7,298.6,364.8,302.2,318.8,322.2,375.6,379.4
1019,16:59:00,66.74,303.1,324.6,325.6,42.91,125.5,117.7,170.3,311.2,348.5,100.5,99.6,63.41,73.7,364.0,212.2,332.3,360.6,294.5,361.1,307.6,310.4,306.2,372.4,374.8
1020,17:00:00,64.69,298.8,320.5,321.6,42.96,124.6,179.3,101.4,305.4,341.6,75.09,94.3,58.85,71.93,360.6,177.6,331.5,354.8,288.7,356.7,303.9,301.3,297.2,366.8,370.8
1021,17:01:00,64.56,296.2,314.8,316.8,42.5,123.4,131.9,107.3,302.6,339.1,70.86,91.4,54.41,70.31,356.8,175.9,328.8,349.8,279.7,351.0,295.0,292.5,295.5,362.4,368.5
1022,17:02:00,64.27,292.8,309.4,311.5,41.37,123.7,136.4,115.5,297.4,314.0,65.0,89.5,50.23,69.03,348.1,176.4,332.8,344.8,273.4,345.9,297.3,292.0,298.9,360.5,364.7
1023,17:03:00,61.67,289.1,301.2,306.6,39.92,125.1,183.0,117.1,293.8,329.1,63.34,87.3,46.77,68.68,342.0,176.3,327.5,342.1,270.6,343.5,293.7,288.4,302.7,357.6,360.4
1024,17:04:00,59.2,286.1,297.3,299.3,38.34,126.5,112.3,110.7,292.8,317.2,59.78,84.2,44.67,68.94,336.9,174.7,322.2,338.1,266.4,340.2,287.8,284.0,301.3,354.7,356.3
1025,17:05:00,58.07,282.8,295.3,293.4,36.56,133.4,103.9,104.8,292.5,314.1,56.46,81.2,43.52,68.9,338.3,173.2,323.1,335.7,263.9,337.2,284.8,281.8,298.6,352.0,350.8
1026,17:06:00,57.32,278.8,293.1,288.2,34.9,138.4,98.0,101.8,294.0,314.4,56.98,79.98,42.57,68.03,344.8,171.6,318.7,328.6,260.1,333.6,279.6,277.7,295.0,346.6,347.0
1027,17:07:00,59.4,275.8,290.0,284.3,32.85,136.5,95.1,101.9,292.1,310.3,59.97,135.8,41.89,66.71,350.3,168.8,313.0,322.9,254.0,329.1,277.9,272.6,288.5,340.2,343.7
1028,17:08:00,59.36,272.1,284.7,282.3,30.56,131.2,95.9,103.6,288.2,306.4,62.76,189.2,41.55,65.26,352.7,165.2,312.0,320.1,238.5,323.5,270.7,268.7,280.6,336.0,339.1
1029,17:09:00,57.1,269.2,281.3,276.2,28.02,129.0,100.4,104.2,284.3,300.5,65.71,75.7,41.4,63.35,352.2,160.6,306.5,314.7,199.2,318.5,250.1,264.6,276.7,332.3,332.5
1030,17:10:00,56.08,263.9,277.2,274.0,25.25,128.7,104.1,103.9,282.4,295.2,69.6,72.46,41.74,60.77,346.5,154.5,301.7,308.8,164.3,313.6,149.1,257.6,275.4,328.1,326.4
1031,17:11:00,55.49,258.3,272.5,269.6,22.3,123.8,105.3,103.2,279.8,290.0,77.68,69.86,42.31,57.98,338.5,149.2,297.4,301.8,157.5,309.3,135.5,250.6,271.1,322.7,319.8
1032,17:12:00,54.25,254.0,266.4,263.3,19.76,112.6,105.2,100.5,276.5,285.1,90.7,67.88,43.4,56.38,334.2,145.9,294.7,296.3,114.4,305.1,235.2,243.2,268.2,316.9,315.7
1033,17:13:00,53.49,251.4,263.3,170.9,17.4,103.3,102.5,95.4,273.7,280.0,101.9,67.57,45.3,55.94,327.3,150.7,287.8,290.8,84.8,299.5,247.7,238.9,266.3,313.2,311.7
1034,17:14:00,54.34,246.6,258.1,63.34,15.42,95.6,97.2,88.8,271.6,277.1,107.2,66.71,46.77,56.16,321.9,196.1,267.5,286.5,78.81,294.8,236.8,233.8,259.3,308.0,311.4
1035,17:15:00,52.57,243.1,253.8,63.1,13.61,89.1,94.5,84.9,266.7,273.0,108.9,64.83,47.44,56.38,322.3,175.9,168.6,281.5,77.65,289.4,216.8,223.7,255.3,304.2,306.5
1036,17:16:00,52.96,238.8,250.0,62.78,12.13,83.8,95.4,82.3,259.9,268.2,108.4,63.48,47.75,55.84,321.3,153.4,136.6,277.7,77.87,283.2,230.0,210.0,257.0,296.1,301.1
1037,17:17:00,51.07,233.7,246.9,60.76,11.12,79.21,108.1,79.56,251.9,264.1,105.5,64.34,47.44,55.17,319.2,143.1,134.8,273.3,85.3,277.5,215.7,212.3,251.7,287.1,294.3
1038,17:18:00,49.14,229.9,241.2,61.17,10.48,73.88,129.6,76.14,246.0,231.8,103.5,66.39,47.33,52.67,319.9,139.9,156.6,268.7,131.4,273.3,221.5,207.7,240.5,276.9,288.8
1039,17:19:00,48.65,226.5,235.9,83.9,10.23,69.3,213.6,72.96,238.4,197.8,101.6,68.93,47.53,48.53,318.7,138.4,246.4,263.1,194.6,270.9,222.2,197.5,237.0,269.0,283.3
1040,17:20:00,47.55,222.3,232.0,106.8,10.24,65.17,239.7,71.3,229.9,245.4,98.9,69.43,47.67,43.78,317.9,136.2,244.2,256.9,212.2,266.5,218.6,155.9,210.3,263.4,278.8
1041,17:21:00,46.49,219.9,228.2,214.1,10.74,61.73,239.7,83.5,222.4,243.9,96.2,68.1,47.56,39.25,312.0,137.7,256.2,250.4,214.4,263.2,213.2,160.3,167.4,264.4,275.4
1042,17:22:00,46.82,215.4,222.3,221.1,11.61,58.33,239.0,199.1,217.0,237.6,93.1,63.47,47.47,35.27,302.2,190.5,251.1,246.8,215.4,257.7,170.4,181.0,157.0,262.1,270.1
1043,17:23:00,46.73,210.4,216.7,219.6,12.97,55.0,238.8,112.1,216.9,232.7,89.8,58.95,47.38,31.8,294.9,212.2,240.3,242.9,213.6,252.5,158.3,185.8,210.4,260.0,264.5
1044,17:24:00,46.77,206.3,213.0,219.8,14.87,52.41,239.8,79.76,214.8,227.8,85.7,53.97,46.6,28.52,290.5,214.5,214.1,239.2,211.7,248.0,184.8,183.9,219.2,255.9,259.3
1045,17:25:00,45.86,200.3,208.5,217.1,16.79,50.69,239.9,77.74,212.2,222.2,82.3,49.58,45.06,25.57,287.9,207.2,202.9,234.4,210.0,244.5,182.7,184.7,210.0,250.8,257.2
1046,17:26:00,43.33,176.3,203.6,168.2,19.22,49.84,239.5,76.78,206.4,219.4,80.5,47.15,43.36,22.96,285.1,202.8,180.2,231.3,206.4,240.6,146.3,182.1,198.7,243.4,253.2
1047,17:27:00,41.66,155.6,200.1,186.2,22.81,49.95,238.2,76.94,201.8,216.5,77.71,45.34,41.02,20.83,282.8,201.4,124.1,226.2,202.0,235.6,95.5,176.5,205.7,238.3,248.4
1048,17:28:00,42.72,165.7,196.4,206.8,27.93,49.87,234.6,78.06,197.9,211.1,75.68,44.15,38.57,19.38,280.0,195.9,91.8,222.5,199.0,231.8,124.7,162.9,207.6,233.7,245.6
1049,17:29:00,42.32,177.1,193.1,204.8,34.33,48.87,231.3,80.2,193.1,206.6,76.41,43.94,35.9,18.24,274.3,189.4,87.2,219.2,196.7,227.9,137.8,149.5,203.5,232.0,240.2
1050,17:30:00,41.67,154.4,187.8,201.1,43.64,47.24,214.0,80.4,188.4,203.5,77.1,45.26,32.71,16.89,268.5,185.9,85.0,214.5,193.2,221.8,143.0,156.0,200.3,228.7,234.1
1051,17:31:00,40.32,134.7,183.7,198.3,52.8,45.76,221.4,77.35,182.5,200.3,77.69,48.24,28.93,15.65,265.7,180.4,86.2,209.7,190.0,216.5,145.6,158.5,198.7,224.5,228.6
1052,17:32:00,41.23,148.7,180.7,192.9,66.07,44.63,220.0,73.71,176.0,197.6,79.23,50.52,24.45,14.79,265.9,173.5,117.1,207.0,184.1,212.5,79.25,157.5,195.7,218.8,225.3
1053,17:33:00,40.69,164.6,176.4,181.7,79.07,44.35,214.3,71.33,171.9,192.0,79.73,50.81,20.46,14.15,262.3,169.0,178.5,202.3,179.2,208.1,71.64,155.6,190.5,214.6,219.4
1054,17:34:00,39.41,164.7,172.1,187.2,91.7,45.08,211.8,93.9,169.7,188.0,81.2,47.52,18.21,13.88,257.2,165.7,172.3,198.1,176.1,203.6,70.58,152.2,174.6,209.3,215.7
1055,17:35:00,38.28,159.8,167.4,183.0,106.5,46.15,207.6,103.4,167.6,183.6,120.4,43.45,17.29,13.85,253.2,161.8,151.2,193.3,170.9,200.0,70.82,148.4,136.1,202.4,210.9
1056,17:36:00,37.19,156.1,162.9,161.6,117.2,47.68,201.1,71.45,163.1,179.0,148.2,40.84,17.16,13.2,248.6,156.5,114.3,189.5,166.4,195.8,71.86,145.1,167.9,197.3,208.2
1057,17:37:00,36.29,152.6,157.9,163.2,128.5,49.18,205.0,73.54,152.8,175.6,137.5,40.13,17.8,12.63,244.0,151.2,96.7,184.2,162.4,191.6,71.09,141.9,174.0,194.1,206.3
1058,17:38:00,35.99,149.2,153.6,158.7,136.8,50.04,202.1,75.04,125.2,172.5,110.9,38.83,18.67,12.34,241.4,145.8,117.6,180.4,158.5,186.5,71.72,137.9,172.7,191.3,203.6
1059,17:39:00,34.93,145.5,150.2,106.9,141.8,48.89,198.1,75.59,122.6,170.1,127.8,37.31,19.7,11.68,238.8,143.0,95.9,176.9,153.8,181.5,73.73,135.0,174.3,188.1,199.9
1060,17:40:00,33.87,140.2,146.4,77.59,145.2,45.27,194.1,73.76,64.91,166.9,222.8,35.73,20.85,10.96,235.1,138.9,72.98,173.7,148.9,177.3,77.68,132.1,172.5,183.0,196.4
1061,17:41:00,34.02,136.1,143.9,122.5,143.2,41.68,189.6,72.52,46.47,161.9,227.4,33.96,21.42,10.16,231.1,134.1,71.02,169.8,144.9,173.6,112.7,129.9,164.3,172.3,191.8
1062,17:42:00,33.82,131.8,140.8,135.7,157.9,38.49,187.3,70.23,43.38,157.5,211.3,32.46,21.27,9.15,223.8,129.7,68.77,166.0,141.2,168.1,131.9,128.8,155.8,157.6,185.0
1063,17:43:00,32.62,127.9,137.0,131.8,165.8,35.48,189.5,67.86,41.58,152.1,207.5,31.89,20.41,7.946,218.3,127.6,68.26,162.7,136.8,161.2,127.9,127.8,126.4,150.1,180.6
1064,17:44:00,31.52,123.6,133.7,127.9,196.9,31.86,189.7,64.73,40.43,147.6,196.5,32.12,18.86,6.641,214.3,124.9,110.3,158.0,134.3,156.1,114.0,126.5,66.74,141.8,175.8
1065,17:45:00,30.55,120.5,129.8,122.3,195.6,27.76,182.9,62.1,40.2,129.1,175.2,31.59,16.87,5.328,210.0,122.5,127.5,153.8,131.4,151.4,87.5,123.5,60.33,137.3,171.0
1066,17:46:00,29.03,117.6,125.6,116.6,159.1,24.09,174.4,59.84,38.33,76.97,110.6,30.9,15.03,4.547,204.8,119.1,129.6,148.8,128.1,147.4,66.52,119.9,58.9,136.5,166.6
1067,17:47:00,28.33,113.8,121.3,113.6,164.9,20.84,128.1,57.61,36.94,45.78,65.56,31.68,13.27,4.086,197.6,115.5,127.3,144.2,123.4,144.6,63.59,117.3,57.42,133.8,161.6
1068,17:48:00,29.7,109.2,116.8,105.9,176.2,18.01,102.6,54.81,35.58,42.14,57.99,33.22,11.82,5.721,171.0,110.7,116.0,139.9,120.2,140.6,61.97,114.6,55.23,130.8,157.7
1069,17:49:00,29.88,105.3,111.8,104.4,166.1,15.81,117.1,50.91,34.06,41.37,53.44,34.56,10.48,8.32,136.1,97.1,90.3,132.9,116.8,137.0,60.74,111.9,57.49,127.4,154.0
1070,17:50:00,28.43,95.2,105.6,99.9,155.3,14.69,107.9,47.81,32.76,40.73,46.58,33.67,9.73,7.738,112.9,81.7,90.6,101.9,110.6,132.4,57.97,108.0,65.38,124.4,149.2
1071,17:51:00,27.56,62.43,76.39,80.2,137.0,14.22,97.1,44.47,31.38,39.29,41.44,32.5,9.46,6.182,109.4,69.01,65.65,63.53,85.9,122.0,56.82,104.1,51.18,119.3,144.7
1072,17:52:00,27.72,39.66,44.76,50.89,105.2,14.28,94.3,40.42,29.95,38.11,36.63,32.31,9.25,6.899,108.3,64.14,59.89,46.91,56.76,96.6,55.73,102.2,48.93,116.3,143.2
1073,17:53:00,27.57,37.53,38.68,40.29,87.6,14.77,89.1,37.32,28.96,37.48,29.13,32.72,9.38,7.495,106.2,65.34,58.44,45.16,46.31,87.6,58.47,99.3,46.92,116.1,141.6
1074,17:54:00,26.37,35.84,37.49,38.07,82.2,14.88,82.6,35.97,28.12,36.65,23.46,34.09,9.96,7.983,103.4,65.26,56.55,44.23,41.97,98.1,57.43,95.0,44.53,111.4,136.2
1075,17:55:00,26.38,34.48,36.38,36.34,76.17,15.11,77.69,35.17,27.26,35.19,20.88,36.16,10.37,8.22,100.4,64.56,53.88,43.11,38.69,93.8,58.04,90.0,42.35,101.6,130.2
1076,17:56:00,25.43,33.22,35.66,34.59,70.9,15.46,74.71,35.16,26.26,34.73,19.46,38.1,9.49,8.14,96.8,64.51,51.07,42.54,35.78,62.63,56.84,74.94,40.74,70.92,107.5
1077,17:57:00,25.28,32.68,34.75,32.94,67.31,16.29,72.46,34.68,25.54,33.89,18.46,40.58,9.37,8.04,93.6,64.33,48.87,41.04,33.85,43.07,50.84,60.29,39.45,46.64,67.63
1078,17:58:00,24.29,31.39,34.55,31.18,64.75,17.17,69.68,34.44,25.14,33.15,18.04,42.59,9.49,7.697,92.6,63.65,46.21,40.41,32.32,41.77,50.27,57.12,38.65,43.54,43.38
1079,17:59:00,22.89,30.47,33.33,29.65,62.33,18.56,65.45,33.35,24.56,31.98,16.87,41.48,10.15,7.53,90.4,62.56,43.32,39.6,30.49,40.9,49.27,55.3,38.01,42.47,40.26
1080,18:00:00,22.8,29.62,32.88,27.92,60.53,19.84,61.88,31.49,23.72,31.59,15.88,38.68,11.35,7.473,90.0,63.42,39.89,39.18,28.54,39.54,48.02,53.44,37.52,40.84,38.88
1081,18:01:00,22.13,29.06,31.25,26.72,58.37,20.29,56.79,28.93,22.92,30.78,15.74,35.34,12.55,7.392,88.8,63.31,37.57,38.72,26.65,38.61,47.06,51.97,36.86,39.7,37.7
1082,18:02:00,21.16,28.24,29.75,25.75,56.42,20.44,51.03,26.98,22.0,30.2,16.06,32.12,14.09,7.052,88.0,62.34,35.45,37.49,24.64,37.49,45.7,50.02,35.9,38.92,37.26
1083,18:03:00,20.16,27.11,28.68,24.73,55.07,20.32,44.93,25.16,21.55,29.38,16.44,29.63,15.13,6.719,86.3,62.59,32.74,36.35,22.9,36.38,44.68,48.19,35.16,37.73,36.49
1084,18:04:00,19.73,26.31,27.51,23.42,52.81,19.4,39.83,23.32,20.66,28.89,18.1,28.85,16.06,6.274,83.1,62.85,30.37,35.05,21.23,35.69,43.58,46.85,34.09,36.77,36.03
1085,18:05:00,19.47,25.73,25.79,22.14,50.74,17.9,36.19,23.08,19.89,28.1,20.34,29.3,16.8,5.723,81.8,62.66,28.09,34.34,19.52,34.14,42.39,45.64,33.14,36.08,35.33
1086,18:06:00,19.07,25.08,24.47,21.02,49.99,15.87,33.28,24.36,19.01,27.59,22.71,31.65,17.08,4.92,79.48,60.44,26.47,33.21,17.73,33.14,40.91,44.28,31.94,34.53,34.3
1087,18:07:00,18.43,24.19,23.73,19.92,49.53,13.58,30.3,25.86,18.23,26.96,25.26,34.92,16.71,4.323,75.64,56.11,25.14,32.23,16.11,31.97,39.34,43.07,30.99,33.22,32.5
1088,18:08:00,17.24,23.33,22.34,18.71,48.92,11.53,27.86,26.55,17.42,26.02,26.8,38.6,15.42,4.16,73.18,51.64,24.04,31.55,14.53,30.92,38.05,41.95,30.48,32.23,31.37
1089,18:09:00,15.86,23.06,21.25,17.48,48.2,10.19,25.55,27.15,16.67,25.13,27.1,41.79,13.88,4.256,69.74,48.38,23.17,30.75,13.04,29.97,36.46,40.56,29.6,30.97,30.26
1090,18:10:00,14.88,21.65,20.34,16.44,47.23,9.61,23.61,27.42,15.98,24.23,26.91,40.89,12.59,4.484,66.44,46.73,22.94,29.98,11.82,28.73,34.59,39.3,28.81,29.83,29.04
1091,18:11:00,14.08,19.93,19.57,15.06,45.75,9.24,22.71,26.24,15.33,23.52,27.37,36.0,11.02,4.884,62.95,45.41,22.83,28.91,10.76,27.62,32.1,37.96,28.31,28.59,28.14
1092,18:12:00,13.06,18.75,18.51,13.82,43.72,8.72,22.42,24.92,14.67,22.59,27.43,31.01,9.91,5.437,59.8,43.81,23.01,27.98,9.85,26.42,29.4,36.75,27.22,27.64,27.33
1093,18:13:00,12.35,17.58,17.41,12.67,41.45,8.34,22.29,24.08,13.98,21.72,27.06,26.78,9.0,5.968,58.32,41.99,23.29,27.45,9.1,25.3,26.96,35.99,26.59,26.97,26.57
1094,18:14:00,11.5,16.41,16.42,11.93,39.56,7.993,22.14,22.91,13.49,21.01,25.7,24.86,8.3,6.846,55.7,39.77,23.54,26.49,8.43,24.02,25.06,34.46,25.85,26.0,25.61
1095,18:15:00,10.65,15.41,15.57,11.29,37.72,8.18,22.07,22.01,12.82,19.99,24.12,23.42,7.635,7.091,53.53,37.77,23.75,25.54,7.794,22.82,23.45,33.03,25.27,24.84,24.56
1096,18:16:00,9.96,14.56,14.69,10.14,35.45,7.799,21.43,21.88,12.35,19.27,22.88,21.58,6.449,7.016,50.66,35.7,23.61,24.53,7.231,21.82,21.81,31.6,24.41,24.46,23.6
1097,18:17:00,9.4,13.63,13.61,9.04,31.42,6.935,20.64,22.23,11.95,18.57,21.98,20.21,5.775,6.521,48.56,33.29,23.16,23.45,6.746,20.96,20.44,30.0,23.39,23.33,22.46
1098,18:18:00,8.69,12.6,12.58,8.21,27.13,6.104,19.95,21.84,11.43,17.67,21.3,18.99,5.359,6.173,46.72,30.31,22.47,22.46,6.356,20.35,19.33,28.37,22.34,22.27,21.38
1099,18:19:00,8.09,11.71,11.58,7.318,23.27,5.649,18.85,20.92,10.97,16.72,20.48,17.26,4.665,5.748,45.0,27.52,21.58,21.42,6.016,19.62,17.89,26.56,21.51,21.15,20.63
1100,18:20:00,7.491,10.79,10.54,6.849,19.39,5.406,17.5,19.95,10.42,15.58,19.67,15.25,4.25,5.749,42.84,24.86,20.72,20.33,5.725,19.02,16.21,24.47,20.92,20.02,19.85
1101,18:21:00,7.07,9.82,9.7,6.227,15.69,4.908,16.5,18.77,9.76,14.7,18.83,14.53,3.336,5.815,41.13,22.85,19.84,19.29,5.365,18.35,14.52,22.61,20.17,18.98,18.82
1102,18:22:00,6.577,8.83,9.06,5.565,12.36,4.525,15.79,17.5,9.18,13.8,17.51,15.17,2.625,5.92,39.74,20.78,18.94,18.26,4.976,17.4,13.26,20.97,19.08,18.2,17.94
1103,18:23:00,6.161,7.892,8.36,4.948,10.06,3.655,15.1,15.78,8.42,12.95,15.31,15.15,2.111,5.8,37.65,18.93,17.85,17.23,4.574,16.41,12.7,19.33,18.23,17.15,16.94
1104,18:24:00,5.538,6.9,7.572,4.638,8.09,3.189,14.26,14.03,7.774,11.92,12.22,14.13,1.548,5.853,35.71,17.29,16.8,16.35,4.099,15.39,12.23,17.7,17.11,16.24,16.02
1105,18:25:00,4.813,6.0,6.736,4.276,6.598,2.908,13.0,12.76,7.013,10.84,9.1,12.34,1.242,6.17,33.36,15.62,15.67,15.54,3.848,14.36,10.91,16.23,16.21,15.13,15.21
1106,18:26:00,4.1,5.134,5.936,3.907,5.422,2.539,11.47,11.69,6.23,9.9,6.928,10.17,0.943,6.44,30.73,14.19,14.54,14.65,3.403,13.18,9.02,14.79,15.13,14.1,14.44
1107,18:27:00,3.336,4.362,5.095,3.431,4.542,2.14,9.87,10.99,5.675,8.87,5.119,8.38,0.668,6.918,28.11,12.91,13.27,13.68,3.173,12.18,7.349,13.67,13.97,13.21,13.35
1108,18:28:00,2.581,3.756,4.597,2.83,3.624,1.917,8.18,10.09,4.885,7.991,3.657,6.834,0.583,8.01,25.74,11.47,12.0,12.71,2.774,11.07,6.684,12.69,12.95,12.12,12.35
1109,18:29:00,1.869,3.162,3.809,2.328,3.1,1.756,6.419,8.81,4.159,7.116,2.481,5.423,0.258,9.02,23.71,10.1,10.71,11.66,2.407,9.93,6.374,11.66,11.86,11.11,11.25
1110,18:30:00,1.187,2.639,3.171,1.945,2.439,1.355,4.514,7.356,3.447,6.21,1.658,4.391,0.027,9.6,21.22,8.9,9.39,10.6,1.968,8.82,6.24,10.57,10.72,10.1,10.07
1111,18:31:00,0.535,2.1,2.355,1.615,2.013,1.252,2.822,6.064,2.702,5.29,1.128,3.479,0.012,9.57,18.63,7.648,8.17,9.52,1.493,7.77,6.594,9.5,9.66,9.24,9.04
1112,18:32:00,0.044,1.511,1.878,1.282,1.524,1.003,1.759,4.786,2.158,4.46,0.634,2.647,0.0,8.15,16.63,6.691,7.084,8.45,1.199,6.513,6.701,8.58,8.71,8.3,8.2
1113,18:33:00,0.0,0.979,1.435,1.168,0.916,0.811,1.15,3.349,1.601,3.669,0.191,1.796,0.0,5.314,14.87,5.699,6.041,7.379,0.927,5.536,6.023,7.463,7.388,7.463,7.087
1114,18:34:00,0.0,0.487,0.874,0.849,0.713,0.613,0.768,2.206,0.953,2.968,0.0,1.268,0.0,2.872,13.54,4.737,5.068,6.527,0.656,4.676,4.993,6.297,6.078,6.593,6.279
1115,18:35:00,0.0,0.029,0.363,0.507,0.542,0.276,0.425,1.453,0.547,2.243,0.0,0.847,0.0,1.082,12.05,3.731,4.069,5.793,0.577,3.757,3.848,5.192,4.642,5.746,5.65
1116,18:36:00,0.0,0.0,0.005,0.147,0.262,0.126,0.14,0.985,0.201,1.487,0.0,0.535,0.0,0.497,10.98,3.129,3.138,5.003,0.309,2.756,3.078,3.831,3.53,4.883,4.81
1117,18:37:00,0.0,0.0,0.0,0.0,0.009,0.0,0.0,0.538,0.0,0.894,0.0,0.588,0.0,0.781,9.92,2.344,2.227,4.182,0.041,2.041,2.399,2.561,2.848,3.894,3.935
1118,18:38:00,0.0,0.0,0.0,0.0,0.0,0.0,0.0,0.221,0.0,0.399,0.0,0.461,0.0,0.918,8.74,1.556,1.447,3.36,0.0,1.354,1.698,1.42,2.188,3.08,3.075
1119,18:39:00,0.0,0.0,0.0,0.0,0.0,0.0,0.0,0.003,0.0,0.017,0.0,0.017,0.0,0.308,7.505,0.806,0.706,2.608,0.0,0.854,1.11,0.502,1.547,2.454,2.153
1120,18:40:00,0.0,0.0,0.0,0.0,0.0,0.0,0.0,0.0,0.0,0.0,0.0,0.0,0.0,0.0,5.983,0.27,0.102,1.892,0.0,0.411,0.551,0.211,1.087,1.883,1.105
1121,18:41:00,0.0,0.0,0.0,0.0,0.0,0.0,0.0,0.0,0.0,0.0,0.0,0.0,0.0,0.009,4.694,0.0,0.0,1.262,0.0,0.008,0.055,0.188,0.596,1.285,0.447
1122,18:42:00,0.0,0.0,0.0,0.0,0.0,0.0,0.0,0.0,0.0,0.0,0.0,0.0,0.0,0.205,3.39,0.0,0.0,0.596,0.0,0.0,0.002,0.019,0.161,0.932,0.26
1123,18:43:00,0.0,0.0,0.0,0.0,0.0,0.0,0.0,0.0,0.0,0.0,0.0,0.0,0.0,0.235,1.993,0.0,0.0,0.048,0.0,0.0,0.0,0.003,0.001,0.645,0.019
1124,18:44:00,0.0,0.0,0.0,0.0,0.0,0.0,0.06,0.0,0.0,0.0,0.0,0.0,0.0,0.215,0.69,0.0,0.0,0.0,0.0,0.0,0.0,0.0,0.0,0.16,0.0
1125,18:45:00,0.0,0.0,0.0,0.0,0.0,0.0,0.0,0.0,0.0,0.0,0.0,0.0,0.0,0.288,0.005,0.0,0.0,0.0,0.0,0.0,0.0,0.0,0.0,0.0,0.0
1126,18:46:00,0.0,0.0,0.0,0.0,0.0,0.0,0.023,0.0,0.0,0.0,0.0,0.0,0.0,0.193,0.0,0.0,0.0,0.0,0.0,0.0,0.0,0.0,0.0,0.0,0.0
1127,18:47:00,0.0,0.0,0.0,0.0,0.0,0.0,0.226,0.0,0.0,0.0,0.0,0.0,0.0,0.186,0.0,0.0,0.0,0.0,0.0,0.0,0.0,0.0,0.0,0.0,0.0
1128,18:48:00,0.0,0.0,0.0,0.0,0.0,0.0,0.002,0.0,0.0,0.0,0.0,0.0,0.0,0.091,0.0,0.0,0.0,0.0,0.0,0.0,0.0,0.0,0.0,0.0,0.0
1129,18:49:00,0.0,0.0,0.0,0.0,0.0,0.0,0.108,0.0,0.0,0.0,0.0,0.0,0.0,0.017,0.0,0.0,0.0,0.0,0.0,0.0,0.0,0.0,0.0,0.0,0.0
1130,18:50:00,0.0,0.0,0.0,0.0,0.0,0.0,0.005,0.0,0.0,0.0,0.0,0.0,0.0,0.004,0.0,0.0,0.0,0.0,0.0,0.0,0.0,0.0,0.0,0.0,0.0
1131,18:51:00,0.0,0.0,0.0,0.0,0.0,0.0,0.0,0.0,0.0,0.0,0.0,0.0,0.0,0.025,0.0,0.0,0.0,0.0,0.0,0.0,0.0,0.0,0.0,0.0,0.0
1132,18:52:00,0.0,0.0,0.0,0.0,0.0,0.0,0.0,0.0,0.0,0.0,0.0,0.0,0.0,0.0,0.0,0.0,0.0,0.0,0.0,0.0,0.0,0.0,0.0,0.0,0.0
1133,18:53:00,0.0,0.0,0.0,0.0,0.0,0.0,0.0,0.0,0.0,0.0,0.0,0.0,0.0,0.001,0.0,0.0,0.0,0.0,0.0,0.0,0.0,0.0,0.0,0.0,0.0
1134,18:54:00,0.0,0.0,0.0,0.0,0.0,0.0,0.0,0.0,0.0,0.0,0.0,0.0,0.0,0.011,0.0,0.0,0.0,0.0,0.0,0.0,0.0,0.0,0.0,0.0,0.0
1135,18:55:00,0.0,0.0,0.0,0.0,0.0,0.0,0.0,0.0,0.0,0.0,0.0,0.0,0.0,0.0,0.0,0.0,0.0,0.0,0.0,0.0,0.0,0.0,0.0,0.0,0.0
1136,18:56:00,0.0,0.0,0.0,0.0,0.0,0.0,0.0,0.0,0.0,0.0,0.0,0.0,0.0,0.0,0.0,0.0,0.0,0.0,0.0,0.0,0.0,0.0,0.0,0.0,0.0
1137,18:57:00,0.0,0.0,0.0,0.0,0.0,0.0,0.0,0.0,0.0,0.0,0.0,0.0,0.0,0.0,0.0,0.0,0.0,0.0,0.0,0.0,0.0,0.0,0.0,0.0,0.0
1138,18:58:00,0.0,0.0,0.0,0.0,0.0,0.0,0.0,0.0,0.0,0.0,0.0,0.0,0.0,0.0,0.0,0.0,0.0,0.0,0.0,0.0,0.0,0.0,0.0,0.0,0.0
1139,18:59:00,0.0,0.0,0.0,0.0,0.0,0.0,0.0,0.0,0.0,0.0,0.0,0.0,0.0,0.0,0.0,0.0,0.0,0.0,0.0,0.0,0.0,0.0,0.0,0.0,0.0
1140,19:00:00,0.0,0.0,0.0,0.0,0.0,0.0,0.0,0.0,0.0,0.0,0.0,0.0,0.0,0.0,0.0,0.0,0.0,0.0,0.0,0.0,0.0,0.0,0.0,0.0,0.0
1141,19:01:00,0.0,0.0,0.0,0.0,0.0,0.0,0.0,0.0,0.0,0.0,0.0,0.0,0.0,0.0,0.0,0.0,0.0,0.0,0.0,0.0,0.0,0.0,0.0,0.0,0.0
1142,19:02:00,0.0,0.0,0.0,0.0,0.0,0.0,0.0,0.0,0.0,0.0,0.0,0.0,0.0,0.0,0.0,0.0,0.0,0.0,0.0,0.0,0.0,0.0,0.0,0.0,0.0
1143,19:03:00,0.0,0.0,0.0,0.0,0.0,0.0,0.0,0.0,0.0,0.0,0.0,0.0,0.0,0.0,0.0,0.0,0.0,0.0,0.0,0.0,0.0,0.0,0.0,0.0,0.0
1144,19:04:00,0.0,0.0,0.0,0.0,0.0,0.0,0.0,0.0,0.0,0.0,0.0,0.0,0.0,0.0,0.0,0.0,0.0,0.0,0.0,0.0,0.0,0.0,0.0,0.0,0.0
1145,19:05:00,0.0,0.0,0.0,0.0,0.0,0.0,0.0,0.0,0.0,0.0,0.0,0.0,0.0,0.0,0.0,0.0,0.0,0.0,0.0,0.0,0.0,0.0,0.0,0.0,0.0
1146,19:06:00,0.0,0.0,0.0,0.0,0.0,0.0,0.0,0.0,0.0,0.0,0.0,0.0,0.0,0.0,0.0,0.0,0.0,0.0,0.0,0.0,0.0,0.0,0.0,0.0,0.0
1147,19:07:00,0.0,0.0,0.0,0.0,0.0,0.0,0.0,0.0,0.0,0.0,0.0,0.0,0.0,0.0,0.0,0.0,0.0,0.0,0.0,0.0,0.0,0.0,0.0,0.0,0.0
1148,19:08:00,0.0,0.0,0.0,0.0,0.0,0.0,0.0,0.0,0.0,0.0,0.0,0.0,0.0,0.063,0.0,0.0,0.0,0.0,0.0,0.0,0.0,0.0,0.0,0.0,0.0
1149,19:09:00,0.0,0.0,0.0,0.0,0.0,0.0,0.0,0.0,0.0,0.0,0.0,0.0,0.0,0.198,0.0,0.0,0.0,0.0,0.0,0.0,0.0,0.0,0.0,0.0,0.0
1150,19:10:00,0.0,0.0,0.0,0.0,0.0,0.0,0.0,0.0,0.0,0.0,0.0,0.0,0.0,0.316,0.0,0.0,0.0,0.0,0.0,0.0,0.0,0.0,0.0,0.0,0.0
1151,19:11:00,0.0,0.0,0.0,0.0,0.0,0.0,0.0,0.0,0.0,0.0,0.0,0.0,0.0,0.27,0.0,0.0,0.0,0.0,0.0,0.0,0.0,0.0,0.0,0.0,0.0
1152,19:12:00,0.0,0.0,0.0,0.0,0.0,0.0,0.0,0.0,0.0,0.0,0.0,0.0,0.0,0.177,0.0,0.0,0.0,0.0,0.0,0.0,0.0,0.0,0.0,0.0,0.0
1153,19:13:00,0.0,0.0,0.0,0.0,0.0,0.0,0.0,0.0,0.0,0.0,0.0,0.0,0.0,0.284,0.0,0.0,0.0,0.0,0.0,0.0,0.0,0.0,0.0,0.0,0.0
1154,19:14:00,0.0,0.0,0.0,0.0,0.0,0.0,0.0,0.0,0.0,0.0,0.0,0.0,0.0,0.226,0.0,0.0,0.0,0.0,0.0,0.0,0.0,0.0,0.0,0.0,0.0
1155,19:15:00,0.0,0.0,0.0,0.0,0.0,0.0,0.0,0.0,0.0,0.0,0.0,0.0,0.0,0.249,0.0,0.0,0.0,0.0,0.0,0.0,0.0,0.0,0.0,0.0,0.0
1156,19:16:00,0.0,0.0,0.0,0.0,0.0,0.0,0.0,0.0,0.0,0.0,0.0,0.0,0.0,0.319,0.0,0.0,0.0,0.0,0.0,0.0,0.0,0.0,0.0,0.0,0.0
1157,19:17:00,0.0,0.0,0.0,0.0,0.0,0.0,0.0,0.0,0.0,0.0,0.0,0.0,0.0,0.267,0.0,0.0,0.0,0.0,0.0,0.0,0.0,0.0,0.0,0.0,0.0
1158,19:18:00,0.0,0.0,0.0,0.0,0.0,0.0,0.0,0.0,0.0,0.0,0.0,0.0,0.0,0.333,0.0,0.0,0.0,0.0,0.0,0.0,0.0,0.0,0.0,0.0,0.0
1159,19:19:00,0.0,0.0,0.0,0.0,0.0,0.0,0.0,0.0,0.0,0.0,0.0,0.0,0.0,0.252,0.0,0.0,0.0,0.0,0.0,0.0,0.0,0.0,0.0,0.0,0.0
1160,19:20:00,0.0,0.0,0.0,0.0,0.0,0.0,0.0,0.0,0.0,0.0,0.0,0.0,0.0,0.183,0.0,0.0,0.0,0.0,0.0,0.0,0.0,0.0,0.0,0.0,0.0
1161,19:21:00,0.0,0.0,0.0,0.0,0.0,0.0,0.0,0.0,0.0,0.0,0.0,0.0,0.0,0.139,0.0,0.0,0.0,0.0,0.0,0.0,0.0,0.0,0.0,0.0,0.0
1162,19:22:00,0.0,0.0,0.0,0.0,0.0,0.0,0.0,0.0,0.0,0.0,0.0,0.0,0.0,0.075,0.0,0.0,0.0,0.0,0.0,0.0,0.0,0.0,0.0,0.0,0.0
1163,19:23:00,0.0,0.0,0.0,0.0,0.0,0.0,0.0,0.0,0.0,0.0,0.0,0.0,0.0,0.011,0.0,0.0,0.0,0.0,0.0,0.0,0.0,0.0,0.0,0.0,0.0
1164,19:24:00,0.0,0.0,0.0,0.0,0.0,0.0,0.0,0.0,0.0,0.0,0.0,0.0,0.0,0.0,0.0,0.0,0.0,0.0,0.0,0.0,0.0,0.0,0.0,0.0,0.0
1165,19:25:00,0.0,0.0,0.0,0.0,0.0,0.0,0.0,0.0,0.0,0.0,0.0,0.0,0.0,0.0,0.0,0.0,0.0,0.0,0.0,0.0,0.0,0.0,0.0,0.0,0.0
1166,19:26:00,0.0,0.0,0.0,0.0,0.0,0.0,0.0,0.0,0.0,0.0,0.0,0.0,0.0,0.0,0.0,0.0,0.0,0.0,0.0,0.0,0.0,0.0,0.0,0.0,0.0
1167,19:27:00,0.0,0.0,0.0,0.0,0.0,0.0,0.0,0.0,0.0,0.0,0.0,0.0,0.0,0.0,0.0,0.0,0.0,0.0,0.0,0.0,0.0,0.0,0.0,0.0,0.0
1168,19:28:00,0.0,0.0,0.0,0.0,0.0,0.0,0.0,0.0,0.0,0.0,0.0,0.0,0.0,0.0,0.0,0.0,0.0,0.0,0.0,0.0,0.0,0.0,0.0,0.0,0.0
1169,19:29:00,0.0,0.0,0.0,0.0,0.0,0.0,0.0,0.0,0.0,0.0,0.0,0.0,0.0,0.0,0.0,0.0,0.0,0.0,0.0,0.0,0.0,0.0,0.0,0.0,0.0
1170,19:30:00,0.0,0.0,0.0,0.0,0.0,0.0,0.0,0.0,0.0,0.0,0.0,0.0,0.0,0.0,0.0,0.0,0.0,0.0,0.0,0.0,0.0,0.0,0.0,0.0,0.0
1171,19:31:00,0.0,0.0,0.0,0.0,0.0,0.0,0.0,0.0,0.0,0.0,0.0,0.0,0.0,0.0,0.0,0.0,0.0,0.0,0.0,0.0,0.0,0.0,0.0,0.0,0.0
1172,19:32:00,0.0,0.0,0.0,0.0,0.0,0.0,0.0,0.0,0.0,0.0,0.0,0.0,0.0,0.027,0.0,0.0,0.0,0.0,0.0,0.0,0.0,0.0,0.0,0.0,0.0
1173,19:33:00,0.0,0.0,0.0,0.0,0.0,0.0,0.0,0.0,0.0,0.0,0.0,0.0,0.0,0.16,0.0,0.0,0.0,0.0,0.0,0.0,0.0,0.0,0.0,0.0,0.0
1174,19:34:00,0.0,0.0,0.0,0.0,0.0,0.0,0.0,0.0,0.0,0.0,0.0,0.0,0.0,0.235,0.0,0.0,0.0,0.0,0.0,0.0,0.0,0.0,0.0,0.0,0.0
1175,19:35:00,0.0,0.0,0.0,0.0,0.0,0.0,0.0,0.0,0.0,0.0,0.0,0.0,0.0,0.274,0.0,0.0,0.0,0.0,0.0,0.0,0.0,0.0,0.0,0.0,0.0
1176,19:36:00,0.0,0.0,0.0,0.0,0.0,0.0,0.0,0.0,0.0,0.0,0.0,0.0,0.0,0.294,0.0,0.0,0.0,0.0,0.0,0.0,0.0,0.0,0.0,0.0,0.0
1177,19:37:00,0.0,0.0,0.0,0.0,0.0,0.0,0.0,0.0,0.0,0.0,0.0,0.0,0.005,0.231,0.0,0.0,0.0,0.0,0.0,0.0,0.0,0.0,0.0,0.0,0.0
1178,19:38:00,0.0,0.0,0.0,0.0,0.0,0.0,0.0,0.0,0.0,0.0,0.0,0.0,0.006,0.257,0.0,0.0,0.0,0.0,0.0,0.0,0.0,0.0,0.0,0.0,0.0
1179,19:39:00,0.0,0.0,0.0,0.0,0.0,0.0,0.0,0.0,0.0,0.0,0.0,0.0,0.069,0.252,0.0,0.0,0.0,0.0,0.0,0.0,0.0,0.0,0.0,0.0,0.0
1180,19:40:00,0.0,0.0,0.0,0.0,0.0,0.0,0.0,0.0,0.0,0.0,0.0,0.0,0.0,0.329,0.0,0.0,0.0,0.0,0.0,0.0,0.0,0.0,0.0,0.0,0.0
1181,19:41:00,0.0,0.0,0.0,0.0,0.0,0.0,0.0,0.0,0.0,0.0,0.0,0.0,0.0,0.306,0.0,0.0,0.0,0.0,0.0,0.0,0.0,0.0,0.0,0.0,0.0
1182,19:42:00,0.0,0.0,0.0,0.0,0.0,0.0,0.0,0.0,0.0,0.0,0.0,0.0,0.0,0.269,0.0,0.0,0.0,0.0,0.0,0.0,0.0,0.0,0.0,0.0,0.0
1183,19:43:00,0.0,0.0,0.0,0.0,0.0,0.0,0.0,0.0,0.0,0.0,0.0,0.0,0.0,0.193,0.0,0.0,0.0,0.0,0.0,0.0,0.0,0.0,0.0,0.0,0.0
1184,19:44:00,0.0,0.0,0.0,0.0,0.0,0.0,0.0,0.0,0.0,0.0,0.0,0.0,0.0,0.292,0.0,0.0,0.0,0.0,0.0,0.0,0.0,0.0,0.0,0.0,0.0
1185,19:45:00,0.0,0.0,0.0,0.0,0.0,0.0,0.0,0.0,0.0,0.0,0.0,0.0,0.0,0.225,0.0,0.0,0.0,0.0,0.0,0.0,0.0,0.0,0.0,0.0,0.0
1186,19:46:00,0.0,0.0,0.0,0.0,0.0,0.0,0.0,0.0,0.0,0.0,0.0,0.0,0.0,0.314,0.0,0.0,0.0,0.0,0.0,0.0,0.0,0.0,0.0,0.0,0.0
1187,19:47:00,0.0,0.0,0.0,0.0,0.0,0.0,0.0,0.0,0.0,0.0,0.0,0.0,0.0,0.288,0.0,0.0,0.0,0.0,0.0,0.0,0.0,0.0,0.0,0.0,0.0
1188,19:48:00,0.0,0.0,0.0,0.0,0.0,0.0,0.0,0.0,0.0,0.0,0.0,0.0,0.012,0.348,0.0,0.0,0.0,0.0,0.0,0.0,0.0,0.0,0.0,0.0,0.0
1189,19:49:00,0.0,0.0,0.0,0.0,0.0,0.0,0.0,0.0,0.0,0.0,0.0,0.0,0.064,0.289,0.0,0.0,0.0,0.0,0.0,0.0,0.0,0.0,0.0,0.0,0.0
1190,19:50:00,0.0,0.0,0.0,0.0,0.0,0.0,0.0,0.0,0.0,0.0,0.0,0.0,0.063,0.257,0.0,0.0,0.0,0.0,0.0,0.0,0.0,0.0,0.0,0.0,0.0
1191,19:51:00,0.0,0.0,0.0,0.0,0.0,0.0,0.0,0.0,0.0,0.0,0.0,0.0,0.0,0.301,0.0,0.0,0.0,0.0,0.0,0.0,0.0,0.0,0.0,0.0,0.0
1192,19:52:00,0.0,0.0,0.0,0.0,0.0,0.0,0.0,0.0,0.0,0.0,0.0,0.0,0.0,0.284,0.0,0.0,0.0,0.0,0.0,0.0,0.0,0.0,0.0,0.0,0.0
1193,19:53:00,0.0,0.0,0.0,0.0,0.0,0.0,0.0,0.0,0.0,0.0,0.0,0.0,0.075,0.148,0.0,0.0,0.0,0.0,0.0,0.0,0.0,0.0,0.0,0.0,0.0
1194,19:54:00,0.0,0.0,0.0,0.0,0.0,0.0,0.0,0.0,0.0,0.0,0.0,0.0,0.0,0.168,0.0,0.0,0.0,0.0,0.0,0.0,0.0,0.0,0.0,0.0,0.0
1195,19:55:00,0.0,0.0,0.0,0.0,0.0,0.0,0.0,0.0,0.0,0.0,0.0,0.0,0.0,0.177,0.0,0.0,0.0,0.0,0.0,0.0,0.0,0.0,0.0,0.0,0.0
1196,19:56:00,0.0,0.0,0.0,0.0,0.0,0.0,0.0,0.0,0.0,0.0,0.0,0.0,0.0,0.11,0.0,0.0,0.0,0.0,0.0,0.0,0.0,0.0,0.0,0.0,0.0
1197,19:57:00,0.0,0.0,0.0,0.0,0.0,0.0,0.0,0.0,0.0,0.0,0.0,0.0,0.0,0.106,0.0,0.0,0.0,0.0,0.0,0.0,0.0,0.0,0.0,0.0,0.0
1198,19:58:00,0.0,0.0,0.0,0.0,0.0,0.0,0.0,0.0,0.0,0.0,0.0,0.0,0.0,0.147,0.0,0.0,0.0,0.0,0.0,0.0,0.0,0.0,0.0,0.0,0.0
1199,19:59:00,0.0,0.0,0.0,0.0,0.0,0.0,0.0,0.0,0.0,0.0,0.0,0.0,0.0,0.128,0.0,0.0,0.0,0.0,0.0,0.0,0.0,0.0,0.0,0.0,0.0
1200,20:00:00,0.0,0.0,0.0,0.0,0.0,0.0,0.0,0.0,0.0,0.0,0.0,0.0,0.0,0.12,0.0,0.0,0.0,0.0,0.0,0.0,0.0,0.0,0.0,0.0,0.0
1201,20:01:00,0.0,0.0,0.0,0.0,0.0,0.0,0.0,0.0,0.0,0.0,0.0,0.0,0.0,0.179,0.0,0.0,0.0,0.0,0.0,0.0,0.0,0.0,0.0,0.0,0.0
1202,20:02:00,0.0,0.0,0.0,0.0,0.0,0.0,0.0,0.0,0.0,0.0,0.0,0.0,0.0,0.334,0.0,0.0,0.0,0.0,0.0,0.0,0.0,0.0,0.0,0.0,0.0
1203,20:03:00,0.0,0.0,0.0,0.0,0.0,0.0,0.0,0.0,0.0,0.0,0.0,0.0,0.0,0.288,0.0,0.0,0.0,0.0,0.0,0.0,0.0,0.0,0.0,0.0,0.0
1204,20:04:00,0.0,0.0,0.0,0.0,0.0,0.0,0.0,0.0,0.0,0.0,0.0,0.0,0.0,0.342,0.0,0.0,0.0,0.0,0.0,0.0,0.0,0.0,0.0,0.0,0.0
1205,20:05:00,0.0,0.0,0.0,0.0,0.0,0.0,0.0,0.0,0.0,0.0,0.0,0.0,0.0,0.341,0.0,0.0,0.0,0.0,0.0,0.0,0.0,0.0,0.0,0.0,0.0
1206,20:06:00,0.0,0.0,0.0,0.0,0.0,0.0,0.0,0.0,0.0,0.0,0.0,0.0,0.0,0.317,0.0,0.0,0.0,0.0,0.0,0.0,0.0,0.0,0.0,0.0,0.0
1207,20:07:00,0.0,0.0,0.0,0.0,0.0,0.0,0.0,0.0,0.0,0.0,0.0,0.0,0.0,0.291,0.0,0.0,0.0,0.0,0.0,0.0,0.0,0.0,0.0,0.0,0.0
1208,20:08:00,0.0,0.0,0.0,0.0,0.0,0.0,0.0,0.0,0.0,0.0,0.0,0.0,0.0,0.27,0.0,0.0,0.0,0.0,0.0,0.0,0.0,0.0,0.0,0.0,0.0
1209,20:09:00,0.0,0.0,0.0,0.0,0.0,0.0,0.0,0.0,0.0,0.0,0.0,0.0,0.0,0.314,0.0,0.0,0.0,0.0,0.0,0.0,0.0,0.0,0.0,0.0,0.0
1210,20:10:00,0.0,0.0,0.0,0.0,0.0,0.0,0.0,0.0,0.0,0.0,0.0,0.0,0.0,0.297,0.0,0.0,0.0,0.0,0.0,0.0,0.0,0.0,0.0,0.0,0.0
1211,20:11:00,0.0,0.0,0.0,0.0,0.0,0.0,0.0,0.0,0.0,0.0,0.0,0.0,0.0,0.282,0.0,0.0,0.0,0.0,0.0,0.0,0.0,0.0,0.0,0.0,0.0
1212,20:12:00,0.0,0.0,0.0,0.0,0.0,0.0,0.0,0.0,0.0,0.0,0.0,0.0,0.0,0.306,0.0,0.0,0.0,0.0,0.0,0.0,0.0,0.0,0.0,0.0,0.0
1213,20:13:00,0.0,0.0,0.0,0.0,0.0,0.0,0.0,0.0,0.0,0.0,0.0,0.0,0.0,0.224,0.0,0.0,0.0,0.0,0.0,0.0,0.0,0.0,0.0,0.0,0.0
1214,20:14:00,0.0,0.0,0.0,0.0,0.0,0.0,0.0,0.0,0.0,0.0,0.0,0.0,0.0,0.055,0.0,0.0,0.0,0.0,0.0,0.0,0.0,0.0,0.0,0.0,0.0
1215,20:15:00,0.0,0.0,0.0,0.0,0.0,0.0,0.0,0.0,0.0,0.0,0.0,0.0,0.0,0.003,0.0,0.0,0.0,0.0,0.0,0.0,0.0,0.0,0.0,0.0,0.0
1216,20:16:00,0.0,0.0,0.0,0.0,0.0,0.0,0.0,0.0,0.0,0.0,0.0,0.0,0.0,0.0,0.0,0.0,0.0,0.0,0.0,0.0,0.0,0.0,0.0,0.0,0.0
1217,20:17:00,0.0,0.0,0.0,0.0,0.0,0.0,0.0,0.0,0.0,0.0,0.0,0.0,0.0,0.0,0.0,0.0,0.0,0.0,0.0,0.0,0.0,0.0,0.0,0.0,0.0
1218,20:18:00,0.0,0.0,0.0,0.0,0.0,0.0,0.0,0.0,0.0,0.0,0.0,0.0,0.0,0.0,0.0,0.0,0.0,0.0,0.0,0.0,0.0,0.0,0.0,0.0,0.0
1219,20:19:00,0.0,0.0,0.0,0.0,0.0,0.0,0.0,0.0,0.0,0.0,0.0,0.0,0.0,0.0,0.0,0.0,0.0,0.0,0.0,0.0,0.0,0.0,0.0,0.0,0.0
1220,20:20:00,0.0,0.0,0.0,0.0,0.0,0.0,0.0,0.0,0.0,0.0,0.0,0.0,0.0,0.0,0.0,0.0,0.0,0.0,0.0,0.0,0.0,0.0,0.0,0.0,0.0
1221,20:21:00,0.0,0.0,0.0,0.0,0.0,0.0,0.0,0.0,0.0,0.0,0.0,0.0,0.0,0.007,0.0,0.0,0.0,0.0,0.0,0.0,0.0,0.0,0.0,0.0,0.0
1222,20:22:00,0.0,0.0,0.0,0.0,0.0,0.0,0.0,0.0,0.0,0.0,0.0,0.0,0.0,0.0,0.0,0.0,0.0,0.0,0.0,0.0,0.0,0.0,0.0,0.0,0.0
1223,20:23:00,0.0,0.0,0.0,0.0,0.0,0.0,0.0,0.0,0.0,0.0,0.0,0.0,0.0,0.0,0.0,0.0,0.0,0.0,0.0,0.0,0.0,0.0,0.0,0.0,0.0
1224,20:24:00,0.0,0.0,0.0,0.0,0.0,0.0,0.0,0.0,0.0,0.0,0.0,0.0,0.0,0.0,0.0,0.0,0.0,0.0,0.0,0.0,0.0,0.0,0.0,0.0,0.0
1225,20:25:00,0.0,0.0,0.0,0.0,0.0,0.0,0.0,0.0,0.0,0.0,0.0,0.0,0.0,0.0,0.0,0.0,0.0,0.0,0.0,0.0,0.0,0.0,0.0,0.0,0.0
1226,20:26:00,0.0,0.0,0.0,0.0,0.0,0.0,0.0,0.0,0.0,0.0,0.0,0.0,0.0,0.0,0.0,0.0,0.0,0.0,0.0,0.0,0.0,0.0,0.0,0.0,0.0
1227,20:27:00,0.0,0.0,0.0,0.0,0.0,0.0,0.0,0.0,0.0,0.0,0.0,0.0,0.0,0.0,0.0,0.0,0.0,0.0,0.0,0.0,0.0,0.0,0.0,0.0,0.0
1228,20:28:00,0.0,0.0,0.0,0.0,0.0,0.0,0.0,0.0,0.0,0.0,0.0,0.0,0.0,0.0,0.0,0.0,0.0,0.0,0.0,0.0,0.0,0.0,0.0,0.0,0.0
1229,20:29:00,0.0,0.0,0.0,0.0,0.0,0.0,0.0,0.0,0.0,0.0,0.0,0.0,0.0,0.0,0.0,0.0,0.0,0.0,0.0,0.0,0.0,0.0,0.0,0.0,0.0
1230,20:30:00,0.0,0.0,0.0,0.0,0.0,0.0,0.0,0.0,0.0,0.0,0.0,0.0,0.0,0.0,0.0,0.0,0.0,0.0,0.0,0.0,0.0,0.0,0.0,0.0,0.0
1231,20:31:00,0.0,0.0,0.0,0.0,0.0,0.0,0.0,0.0,0.0,0.0,0.0,0.0,0.0,0.0,0.0,0.0,0.0,0.0,0.0,0.0,0.0,0.0,0.0,0.0,0.0
1232,20:32:00,0.0,0.0,0.0,0.0,0.0,0.0,0.0,0.0,0.0,0.0,0.0,0.0,0.0,0.0,0.0,0.0,0.0,0.0,0.0,0.0,0.0,0.0,0.0,0.0,0.0
1233,20:33:00,0.0,0.0,0.0,0.0,0.0,0.0,0.0,0.0,0.0,0.0,0.0,0.0,0.0,0.0,0.0,0.0,0.0,0.0,0.0,0.0,0.0,0.0,0.0,0.0,0.0
1234,20:34:00,0.0,0.0,0.0,0.0,0.0,0.0,0.0,0.0,0.0,0.0,0.0,0.0,0.0,0.0,0.0,0.0,0.0,0.0,0.0,0.0,0.0,0.0,0.0,0.0,0.0
1235,20:35:00,0.0,0.0,0.0,0.0,0.0,0.0,0.0,0.0,0.0,0.0,0.0,0.0,0.0,0.0,0.0,0.0,0.0,0.0,0.0,0.0,0.0,0.0,0.0,0.0,0.0
1236,20:36:00,0.0,0.0,0.0,0.0,0.0,0.0,0.0,0.0,0.0,0.0,0.0,0.0,0.0,0.0,0.0,0.0,0.0,0.0,0.0,0.0,0.0,0.0,0.0,0.0,0.0
1237,20:37:00,0.0,0.0,0.0,0.0,0.0,0.0,0.0,0.0,0.0,0.0,0.0,0.0,0.0,0.0,0.0,0.0,0.0,0.0,0.0,0.0,0.0,0.0,0.0,0.0,0.0
1238,20:38:00,0.0,0.0,0.0,0.0,0.0,0.0,0.0,0.0,0.0,0.0,0.0,0.0,0.0,0.0,0.0,0.0,0.0,0.0,0.0,0.0,0.0,0.0,0.0,0.0,0.0
1239,20:39:00,0.0,0.0,0.0,0.0,0.0,0.0,0.0,0.0,0.0,0.0,0.0,0.0,0.0,0.0,0.0,0.0,0.0,0.0,0.0,0.0,0.0,0.0,0.0,0.0,0.0
1240,20:40:00,0.0,0.0,0.0,0.0,0.0,0.0,0.0,0.0,0.0,0.0,0.0,0.0,0.0,0.0,0.0,0.0,0.0,0.0,0.0,0.0,0.0,0.0,0.0,0.0,0.0
1241,20:41:00,0.0,0.0,0.0,0.0,0.0,0.0,0.0,0.0,0.0,0.0,0.0,0.0,0.0,0.0,0.0,0.0,0.0,0.0,0.0,0.0,0.0,0.0,0.0,0.0,0.0
1242,20:42:00,0.0,0.0,0.0,0.0,0.0,0.0,0.0,0.0,0.0,0.0,0.0,0.0,0.0,0.0,0.0,0.0,0.0,0.0,0.0,0.0,0.0,0.0,0.0,0.0,0.0
1243,20:43:00,0.0,0.0,0.0,0.0,0.0,0.0,0.0,0.0,0.0,0.0,0.0,0.0,0.0,0.0,0.0,0.0,0.0,0.0,0.0,0.0,0.0,0.0,0.0,0.0,0.0
1244,20:44:00,0.0,0.0,0.0,0.0,0.0,0.0,0.0,0.0,0.0,0.0,0.0,0.0,0.0,0.0,0.0,0.0,0.0,0.0,0.0,0.0,0.0,0.0,0.0,0.0,0.0
1245,20:45:00,0.0,0.0,0.0,0.0,0.0,0.0,0.0,0.0,0.0,0.0,0.0,0.0,0.0,0.0,0.0,0.0,0.0,0.0,0.0,0.0,0.0,0.0,0.0,0.0,0.0
1246,20:46:00,0.0,0.0,0.0,0.0,0.0,0.0,0.0,0.0,0.0,0.0,0.0,0.0,0.0,0.0,0.0,0.0,0.0,0.0,0.0,0.0,0.0,0.0,0.0,0.0,0.0
1247,20:47:00,0.0,0.0,0.0,0.0,0.0,0.0,0.0,0.0,0.0,0.0,0.0,0.0,0.0,0.0,0.0,0.0,0.0,0.0,0.0,0.0,0.0,0.0,0.0,0.0,0.0
1248,20:48:00,0.0,0.0,0.0,0.0,0.0,0.0,0.0,0.0,0.0,0.0,0.0,0.0,0.0,0.0,0.0,0.0,0.0,0.0,0.0,0.0,0.0,0.0,0.0,0.0,0.0
1249,20:49:00,0.0,0.0,0.0,0.0,0.0,0.0,0.0,0.0,0.0,0.0,0.0,0.0,0.0,0.0,0.0,0.0,0.0,0.0,0.0,0.0,0.0,0.0,0.0,0.0,0.0
1250,20:50:00,0.0,0.0,0.0,0.0,0.0,0.0,0.0,0.0,0.0,0.0,0.0,0.0,0.0,0.0,0.0,0.0,0.0,0.0,0.0,0.0,0.0,0.0,0.0,0.0,0.0
1251,20:51:00,0.0,0.0,0.0,0.0,0.0,0.0,0.0,0.0,0.0,0.0,0.0,0.0,0.0,0.0,0.0,0.0,0.0,0.0,0.0,0.0,0.0,0.0,0.0,0.0,0.0
1252,20:52:00,0.0,0.0,0.0,0.0,0.0,0.0,0.0,0.0,0.0,0.0,0.0,0.0,0.0,0.0,0.0,0.0,0.0,0.0,0.0,0.0,0.0,0.0,0.0,0.0,0.0
1253,20:53:00,0.0,0.0,0.0,0.0,0.0,0.0,0.0,0.0,0.0,0.0,0.0,0.0,0.0,0.0,0.0,0.0,0.0,0.0,0.0,0.0,0.0,0.0,0.0,0.0,0.0
1254,20:54:00,0.0,0.0,0.0,0.0,0.0,0.0,0.0,0.0,0.0,0.0,0.0,0.0,0.0,0.0,0.0,0.0,0.0,0.0,0.0,0.0,0.0,0.0,0.0,0.0,0.0
1255,20:55:00,0.0,0.0,0.0,0.0,0.0,0.0,0.0,0.0,0.0,0.0,0.0,0.0,0.0,0.0,0.0,0.0,0.0,0.0,0.0,0.0,0.0,0.0,0.0,0.0,0.0
1256,20:56:00,0.0,0.0,0.0,0.0,0.0,0.0,0.0,0.0,0.0,0.0,0.0,0.0,0.0,0.0,0.0,0.0,0.0,0.0,0.0,0.0,0.0,0.0,0.0,0.0,0.0
1257,20:57:00,0.0,0.0,0.0,0.0,0.0,0.0,0.0,0.0,0.0,0.0,0.0,0.0,0.0,0.0,0.0,0.0,0.0,0.0,0.0,0.0,0.0,0.0,0.0,0.0,0.0
1258,20:58:00,0.0,0.0,0.0,0.0,0.0,0.0,0.0,0.0,0.0,0.0,0.0,0.0,0.0,0.0,0.0,0.0,0.0,0.0,0.0,0.0,0.0,0.0,0.0,0.0,0.0
1259,20:59:00,0.0,0.0,0.0,0.0,0.0,0.0,0.0,0.0,0.0,0.0,0.0,0.0,0.0,0.0,0.0,0.0,0.0,0.0,0.0,0.0,0.0,0.0,0.0,0.0,0.0
1260,21:00:00,0.0,0.0,0.0,0.0,0.0,0.0,0.0,0.0,0.0,0.0,0.0,0.0,0.0,0.0,0.0,0.0,0.0,0.0,0.0,0.0,0.0,0.0,0.0,0.0,0.0
1261,21:01:00,0.0,0.0,0.0,0.0,0.0,0.0,0.0,0.0,0.0,0.0,0.0,0.0,0.0,0.0,0.0,0.0,0.0,0.0,0.0,0.0,0.0,0.0,0.0,0.0,0.0
1262,21:02:00,0.0,0.0,0.0,0.0,0.0,0.0,0.0,0.0,0.0,0.0,0.0,0.0,0.0,0.0,0.0,0.0,0.0,0.0,0.0,0.0,0.0,0.0,0.0,0.0,0.0
1263,21:03:00,0.0,0.0,0.0,0.0,0.0,0.0,0.0,0.0,0.0,0.0,0.0,0.0,0.0,0.0,0.0,0.0,0.0,0.0,0.0,0.0,0.0,0.0,0.0,0.0,0.0
1264,21:04:00,0.0,0.0,0.0,0.0,0.0,0.0,0.0,0.0,0.0,0.0,0.0,0.0,0.0,0.058,0.0,0.0,0.0,0.0,0.0,0.0,0.0,0.0,0.0,0.0,0.0
1265,21:05:00,0.0,0.0,0.0,0.0,0.0,0.0,0.0,0.0,0.0,0.0,0.0,0.0,0.0,0.198,0.0,0.0,0.0,0.0,0.0,0.0,0.0,0.0,0.0,0.0,0.0
1266,21:06:00,0.0,0.0,0.0,0.0,0.0,0.0,0.0,0.0,0.0,0.0,0.0,0.0,0.0,0.379,0.0,0.0,0.0,0.0,0.0,0.0,0.0,0.0,0.0,0.0,0.0
1267,21:07:00,0.0,0.0,0.0,0.0,0.0,0.0,0.0,0.0,0.0,0.0,0.0,0.0,0.0,0.593,0.0,0.0,0.0,0.0,0.0,0.0,0.0,0.0,0.0,0.0,0.0
1268,21:08:00,0.0,0.0,0.0,0.0,0.0,0.0,0.0,0.0,0.0,0.0,0.0,0.0,0.0,0.753,0.0,0.0,0.0,0.0,0.0,0.0,0.0,0.0,0.0,0.0,0.0
1269,21:09:00,0.0,0.0,0.0,0.0,0.0,0.0,0.0,0.0,0.0,0.0,0.0,0.0,0.0,0.81,0.0,0.0,0.0,0.0,0.0,0.0,0.0,0.0,0.0,0.0,0.0
1270,21:10:00,0.0,0.0,0.0,0.0,0.0,0.0,0.0,0.0,0.0,0.0,0.0,0.0,0.0,0.717,0.0,0.0,0.0,0.0,0.0,0.0,0.0,0.0,0.0,0.0,0.0
1271,21:11:00,0.0,0.0,0.0,0.0,0.0,0.0,0.0,0.0,0.0,0.0,0.0,0.0,0.0,0.623,0.0,0.0,0.0,0.0,0.0,0.0,0.0,0.0,0.0,0.0,0.0
1272,21:12:00,0.0,0.0,0.0,0.0,0.0,0.0,0.0,0.0,0.0,0.0,0.0,0.0,0.0,0.656,0.0,0.0,0.0,0.0,0.0,0.0,0.0,0.0,0.0,0.0,0.0
1273,21:13:00,0.0,0.0,0.0,0.0,0.0,0.0,0.0,0.0,0.0,0.0,0.0,0.0,0.0,0.593,0.0,0.0,0.0,0.0,0.0,0.0,0.0,0.0,0.0,0.0,0.0
1274,21:14:00,0.0,0.0,0.0,0.0,0.0,0.0,0.0,0.0,0.0,0.0,0.0,0.0,0.0,0.551,0.0,0.0,0.0,0.0,0.0,0.0,0.0,0.0,0.0,0.0,0.0
1275,21:15:00,0.0,0.0,0.0,0.0,0.0,0.0,0.0,0.0,0.0,0.0,0.0,0.0,0.0,0.522,0.0,0.0,0.0,0.0,0.0,0.0,0.0,0.0,0.0,0.0,0.0
1276,21:16:00,0.0,0.0,0.0,0.0,0.0,0.0,0.0,0.0,0.0,0.0,0.0,0.0,0.0,0.612,0.0,0.0,0.0,0.0,0.0,0.0,0.0,0.0,0.0,0.0,0.0
1277,21:17:00,0.0,0.0,0.0,0.0,0.0,0.0,0.0,0.0,0.0,0.0,0.0,0.0,0.0,0.659,0.0,0.0,0.0,0.0,0.0,0.0,0.0,0.0,0.0,0.0,0.0
1278,21:18:00,0.0,0.0,0.0,0.0,0.0,0.0,0.0,0.0,0.0,0.0,0.0,0.0,0.0,0.754,0.0,0.0,0.0,0.0,0.0,0.0,0.0,0.0,0.0,0.0,0.0
1279,21:19:00,0.0,0.0,0.0,0.0,0.0,0.0,0.0,0.0,0.0,0.0,0.0,0.0,0.0,1.036,0.0,0.0,0.0,0.0,0.0,0.0,0.0,0.0,0.0,0.0,0.0
1280,21:20:00,0.0,0.0,0.0,0.0,0.0,0.0,0.0,0.0,0.0,0.0,0.0,0.0,0.0,1.031,0.0,0.0,0.0,0.0,0.0,0.0,0.0,0.0,0.0,0.0,0.0
1281,21:21:00,0.0,0.0,0.0,0.0,0.0,0.0,0.0,0.0,0.0,0.0,0.0,0.0,0.0,1.23,0.0,0.0,0.0,0.0,0.0,0.0,0.0,0.0,0.0,0.0,0.0
1282,21:22:00,0.0,0.0,0.0,0.0,0.0,0.0,0.0,0.0,0.0,0.0,0.0,0.0,0.0,1.25,0.0,0.0,0.0,0.0,0.0,0.0,0.0,0.0,0.0,0.0,0.0
1283,21:23:00,0.0,0.0,0.0,0.0,0.0,0.0,0.0,0.0,0.0,0.0,0.0,0.0,0.0,1.137,0.0,0.0,0.0,0.0,0.0,0.0,0.0,0.0,0.0,0.0,0.0
1284,21:24:00,0.0,0.0,0.0,0.0,0.0,0.0,0.0,0.0,0.0,0.0,0.0,0.0,0.0,0.876,0.0,0.0,0.0,0.0,0.0,0.0,0.0,0.0,0.0,0.0,0.0
1285,21:25:00,0.0,0.0,0.0,0.0,0.0,0.0,0.0,0.0,0.0,0.0,0.0,0.0,0.0,0.738,0.0,0.0,0.0,0.0,0.0,0.0,0.0,0.0,0.0,0.0,0.0
1286,21:26:00,0.0,0.0,0.0,0.0,0.0,0.0,0.0,0.0,0.0,0.0,0.0,0.0,0.0,0.577,0.0,0.0,0.0,0.0,0.0,0.0,0.0,0.0,0.0,0.0,0.0
1287,21:27:00,0.0,0.0,0.0,0.0,0.0,0.0,0.0,0.0,0.0,0.0,0.0,0.0,0.0,0.592,0.0,0.0,0.0,0.0,0.0,0.0,0.0,0.0,0.0,0.0,0.0
1288,21:28:00,0.0,0.0,0.0,0.0,0.0,0.0,0.0,0.0,0.0,0.0,0.0,0.0,0.0,0.507,0.0,0.0,0.0,0.0,0.0,0.0,0.0,0.0,0.0,0.0,0.0
1289,21:29:00,0.0,0.0,0.0,0.0,0.0,0.0,0.0,0.0,0.0,0.0,0.0,0.0,0.0,0.598,0.0,0.0,0.0,0.0,0.0,0.0,0.0,0.0,0.0,0.0,0.0
1290,21:30:00,0.0,0.0,0.0,0.0,0.0,0.0,0.0,0.0,0.0,0.0,0.0,0.0,0.0,0.565,0.0,0.0,0.0,0.0,0.0,0.0,0.0,0.0,0.0,0.0,0.0
1291,21:31:00,0.0,0.0,0.0,0.0,0.0,0.0,0.0,0.0,0.0,0.0,0.0,0.0,0.0,0.477,0.0,0.0,0.0,0.0,0.0,0.0,0.0,0.0,0.0,0.0,0.0
1292,21:32:00,0.0,0.0,0.0,0.0,0.0,0.0,0.0,0.0,0.0,0.0,0.0,0.0,0.0,0.568,0.0,0.0,0.0,0.0,0.0,0.0,0.0,0.0,0.0,0.0,0.0
1293,21:33:00,0.0,0.0,0.0,0.0,0.0,0.0,0.0,0.0,0.0,0.0,0.0,0.0,0.0,0.88,0.0,0.0,0.0,0.0,0.0,0.0,0.0,0.0,0.0,0.0,0.0
1294,21:34:00,0.0,0.0,0.0,0.0,0.0,0.0,0.0,0.0,0.0,0.0,0.0,0.0,0.0,0.938,0.0,0.0,0.0,0.0,0.0,0.0,0.0,0.0,0.0,0.0,0.0
1295,21:35:00,0.0,0.0,0.0,0.0,0.0,0.0,0.0,0.0,0.0,0.0,0.0,0.0,0.0,0.901,0.0,0.0,0.0,0.0,0.0,0.0,0.0,0.0,0.0,0.0,0.0
1296,21:36:00,0.0,0.0,0.0,0.0,0.0,0.0,0.0,0.0,0.0,0.0,0.0,0.0,0.0,0.676,0.0,0.0,0.0,0.0,0.0,0.0,0.0,0.0,0.0,0.0,0.0
1297,21:37:00,0.0,0.0,0.0,0.0,0.0,0.0,0.0,0.0,0.0,0.0,0.0,0.0,0.0,0.443,0.0,0.0,0.0,0.0,0.0,0.0,0.0,0.0,0.0,0.0,0.0
1298,21:38:00,0.0,0.0,0.0,0.0,0.0,0.0,0.0,0.0,0.0,0.0,0.0,0.0,0.0,0.304,0.0,0.0,0.0,0.0,0.0,0.0,0.0,0.0,0.0,0.0,0.0
1299,21:39:00,0.0,0.0,0.0,0.0,0.0,0.0,0.0,0.0,0.0,0.0,0.0,0.0,0.0,0.276,0.0,0.0,0.0,0.0,0.0,0.0,0.0,0.0,0.0,0.0,0.0
1300,21:40:00,0.0,0.0,0.0,0.0,0.0,0.0,0.0,0.0,0.0,0.0,0.0,0.0,0.0,0.258,0.0,0.0,0.0,0.0,0.0,0.0,0.0,0.0,0.0,0.0,0.0
1301,21:41:00,0.0,0.0,0.0,0.0,0.0,0.0,0.0,0.0,0.0,0.0,0.0,0.0,0.0,0.135,0.0,0.0,0.0,0.0,0.0,0.0,0.0,0.0,0.0,0.0,0.0
1302,21:42:00,0.0,0.0,0.0,0.0,0.0,0.0,0.0,0.0,0.0,0.0,0.0,0.0,0.0,0.017,0.0,0.0,0.0,0.0,0.0,0.0,0.0,0.0,0.0,0.0,0.0
1303,21:43:00,0.0,0.0,0.0,0.0,0.0,0.0,0.0,0.0,0.0,0.0,0.0,0.0,0.0,0.124,0.0,0.0,0.0,0.0,0.0,0.0,0.0,0.0,0.0,0.0,0.0
1304,21:44:00,0.0,0.0,0.0,0.0,0.0,0.0,0.0,0.0,0.0,0.0,0.0,0.0,0.0,0.158,0.0,0.0,0.0,0.0,0.0,0.0,0.0,0.0,0.0,0.0,0.0
1305,21:45:00,0.0,0.0,0.0,0.0,0.0,0.0,0.0,0.0,0.0,0.0,0.0,0.0,0.0,0.03,0.0,0.0,0.0,0.0,0.0,0.0,0.0,0.0,0.0,0.0,0.0
1306,21:46:00,0.0,0.0,0.0,0.0,0.0,0.0,0.0,0.0,0.0,0.0,0.0,0.0,0.0,0.003,0.0,0.0,0.0,0.0,0.0,0.0,0.0,0.0,0.0,0.0,0.0
1307,21:47:00,0.0,0.0,0.0,0.0,0.0,0.0,0.0,0.0,0.0,0.0,0.0,0.0,0.0,0.472,0.0,0.0,0.0,0.0,0.0,0.0,0.0,0.0,0.0,0.0,0.0
1308,21:48:00,0.0,0.0,0.0,0.0,0.0,0.0,0.0,0.0,0.0,0.0,0.0,0.0,0.0,0.833,0.0,0.0,0.0,0.0,0.0,0.0,0.0,0.0,0.0,0.0,0.0
1309,21:49:00,0.0,0.0,0.0,0.0,0.0,0.0,0.0,0.0,0.0,0.0,0.0,0.0,0.0,0.773,0.0,0.0,0.0,0.0,0.0,0.0,0.0,0.0,0.0,0.0,0.0
1310,21:50:00,0.0,0.0,0.0,0.0,0.0,0.0,0.0,0.0,0.0,0.0,0.0,0.0,0.0,0.594,0.0,0.0,0.0,0.0,0.0,0.0,0.0,0.0,0.0,0.0,0.0
1311,21:51:00,0.0,0.0,0.0,0.0,0.0,0.0,0.0,0.0,0.0,0.0,0.0,0.0,0.0,0.677,0.0,0.0,0.0,0.0,0.0,0.0,0.0,0.0,0.0,0.0,0.0
1312,21:52:00,0.0,0.0,0.0,0.0,0.0,0.0,0.0,0.0,0.0,0.0,0.0,0.0,0.0,0.9,0.0,0.0,0.0,0.0,0.0,0.0,0.0,0.0,0.0,0.0,0.0
1313,21:53:00,0.0,0.0,0.0,0.0,0.0,0.0,0.0,0.0,0.0,0.0,0.0,0.0,0.0,0.872,0.0,0.0,0.0,0.0,0.0,0.0,0.0,0.0,0.0,0.0,0.0
1314,21:54:00,0.0,0.0,0.0,0.0,0.0,0.0,0.0,0.0,0.0,0.0,0.0,0.0,0.0,0.819,0.0,0.0,0.0,0.0,0.0,0.0,0.0,0.0,0.0,0.0,0.0
1315,21:55:00,0.0,0.0,0.0,0.0,0.0,0.0,0.0,0.0,0.0,0.0,0.0,0.0,0.0,0.666,0.0,0.0,0.0,0.0,0.0,0.0,0.0,0.0,0.0,0.0,0.0
1316,21:56:00,0.0,0.0,0.0,0.0,0.0,0.0,0.0,0.0,0.0,0.0,0.0,0.0,0.0,0.658,0.0,0.0,0.0,0.0,0.0,0.0,0.0,0.0,0.0,0.0,0.0
1317,21:57:00,0.0,0.0,0.0,0.0,0.0,0.0,0.0,0.0,0.0,0.0,0.0,0.0,0.0,0.457,0.0,0.0,0.0,0.0,0.0,0.0,0.0,0.0,0.0,0.0,0.0
1318,21:58:00,0.0,0.0,0.0,0.0,0.0,0.0,0.0,0.0,0.0,0.0,0.0,0.0,0.0,0.412,0.0,0.0,0.0,0.0,0.0,0.0,0.0,0.0,0.0,0.0,0.0
1319,21:59:00,0.0,0.0,0.0,0.0,0.0,0.0,0.0,0.0,0.0,0.0,0.0,0.0,0.0,0.483,0.0,0.0,0.0,0.0,0.0,0.0,0.0,0.0,0.0,0.0,0.0
1320,22:00:00,0.0,0.0,0.0,0.0,0.0,0.0,0.0,0.0,0.0,0.0,0.0,0.0,0.0,0.695,0.0,0.0,0.0,0.0,0.0,0.0,0.0,0.0,0.0,0.0,0.0
1321,22:01:00,0.0,0.0,0.0,0.0,0.0,0.0,0.0,0.0,0.0,0.0,0.0,0.0,0.0,0.723,0.0,0.0,0.0,0.0,0.0,0.0,0.0,0.0,0.0,0.0,0.0
1322,22:02:00,0.0,0.0,0.0,0.0,0.0,0.0,0.0,0.0,0.0,0.0,0.0,0.0,0.0,0.691,0.0,0.0,0.0,0.0,0.0,0.0,0.0,0.0,0.0,0.0,0.0
1323,22:03:00,0.0,0.0,0.0,0.0,0.0,0.0,0.0,0.0,0.0,0.0,0.0,0.0,0.0,0.701,0.0,0.0,0.0,0.0,0.0,0.0,0.0,0.0,0.0,0.0,0.0
1324,22:04:00,0.0,0.0,0.0,0.0,0.0,0.0,0.0,0.0,0.0,0.0,0.0,0.0,0.0,0.826,0.0,0.0,0.0,0.0,0.0,0.0,0.0,0.0,0.0,0.0,0.0
1325,22:05:00,0.0,0.0,0.0,0.0,0.0,0.0,0.0,0.0,0.0,0.0,0.0,0.0,0.0,0.873,0.0,0.0,0.0,0.0,0.0,0.0,0.0,0.0,0.0,0.0,0.0
1326,22:06:00,0.0,0.0,0.0,0.0,0.0,0.0,0.0,0.0,0.0,0.0,0.0,0.0,0.0,0.912,0.0,0.0,0.0,0.0,0.0,0.0,0.0,0.0,0.0,0.0,0.0
1327,22:07:00,0.0,0.0,0.0,0.0,0.0,0.0,0.0,0.0,0.0,0.0,0.0,0.0,0.0,0.925,0.0,0.0,0.0,0.0,0.0,0.0,0.0,0.0,0.0,0.0,0.0
1328,22:08:00,0.0,0.0,0.0,0.0,0.0,0.0,0.0,0.0,0.0,0.0,0.0,0.0,0.0,0.919,0.0,0.0,0.0,0.0,0.0,0.0,0.0,0.0,0.0,0.0,0.0
1329,22:09:00,0.0,0.0,0.0,0.0,0.0,0.0,0.0,0.0,0.0,0.0,0.0,0.0,0.0,0.858,0.0,0.0,0.0,0.0,0.0,0.0,0.0,0.0,0.0,0.0,0.0
1330,22:10:00,0.0,0.0,0.0,0.0,0.0,0.0,0.0,0.0,0.0,0.0,0.0,0.0,0.0,0.774,0.0,0.0,0.0,0.0,0.0,0.0,0.0,0.0,0.0,0.0,0.0
1331,22:11:00,0.0,0.0,0.0,0.0,0.0,0.0,0.0,0.0,0.0,0.0,0.0,0.0,0.0,0.811,0.0,0.0,0.0,0.0,0.0,0.0,0.0,0.0,0.0,0.0,0.0
1332,22:12:00,0.0,0.0,0.0,0.0,0.0,0.0,0.0,0.0,0.0,0.0,0.0,0.0,0.0,0.787,0.0,0.0,0.0,0.0,0.0,0.0,0.0,0.0,0.0,0.0,0.0
1333,22:13:00,0.0,0.0,0.0,0.0,0.0,0.0,0.0,0.0,0.0,0.0,0.0,0.0,0.0,0.723,0.0,0.0,0.0,0.0,0.0,0.0,0.0,0.0,0.0,0.0,0.0
1334,22:14:00,0.0,0.0,0.0,0.0,0.0,0.0,0.0,0.0,0.0,0.0,0.0,0.0,0.0,0.621,0.0,0.0,0.0,0.0,0.0,0.0,0.0,0.0,0.0,0.0,0.0
1335,22:15:00,0.0,0.0,0.0,0.0,0.0,0.0,0.0,0.0,0.0,0.0,0.0,0.0,0.0,0.421,0.0,0.0,0.0,0.0,0.0,0.0,0.0,0.0,0.0,0.0,0.0
1336,22:16:00,0.0,0.0,0.0,0.0,0.0,0.0,0.0,0.0,0.0,0.0,0.0,0.0,0.0,0.3,0.0,0.0,0.0,0.0,0.0,0.0,0.0,0.0,0.0,0.0,0.0
1337,22:17:00,0.0,0.0,0.0,0.0,0.0,0.0,0.0,0.0,0.0,0.0,0.0,0.0,0.0,0.415,0.0,0.0,0.0,0.0,0.0,0.0,0.0,0.0,0.0,0.0,0.0
1338,22:18:00,0.0,0.0,0.0,0.0,0.0,0.0,0.0,0.0,0.0,0.0,0.0,0.0,0.0,0.538,0.0,0.0,0.0,0.0,0.0,0.0,0.0,0.0,0.0,0.0,0.0
1339,22:19:00,0.0,0.0,0.0,0.0,0.0,0.0,0.0,0.0,0.0,0.0,0.0,0.0,0.0,0.557,0.0,0.0,0.0,0.0,0.0,0.0,0.0,0.0,0.0,0.0,0.0
1340,22:20:00,0.0,0.0,0.0,0.0,0.0,0.0,0.0,0.0,0.0,0.0,0.0,0.0,0.0,0.569,0.0,0.0,0.0,0.0,0.0,0.0,0.0,0.0,0.0,0.0,0.0
1341,22:21:00,0.0,0.0,0.0,0.0,0.0,0.0,0.0,0.0,0.0,0.0,0.0,0.0,0.0,0.485,0.0,0.0,0.0,0.0,0.0,0.0,0.0,0.0,0.0,0.0,0.0
1342,22:22:00,0.0,0.0,0.0,0.0,0.0,0.0,0.0,0.0,0.0,0.0,0.0,0.0,0.0,0.292,0.0,0.0,0.0,0.0,0.0,0.0,0.0,0.0,0.0,0.0,0.0
1343,22:23:00,0.0,0.0,0.0,0.0,0.0,0.0,0.0,0.0,0.0,0.0,0.0,0.0,0.0,0.365,0.0,0.0,0.0,0.0,0.0,0.0,0.0,0.0,0.0,0.0,0.0
1344,22:24:00,0.0,0.0,0.0,0.0,0.0,0.0,0.0,0.0,0.0,0.0,0.0,0.0,0.0,0.415,0.0,0.0,0.0,0.0,0.0,0.0,0.0,0.0,0.0,0.0,0.0
1345,22:25:00,0.0,0.0,0.0,0.0,0.0,0.0,0.0,0.0,0.0,0.0,0.0,0.0,0.0,0.304,0.0,0.0,0.0,0.0,0.0,0.0,0.0,0.0,0.0,0.0,0.0
1346,22:26:00,0.0,0.0,0.0,0.0,0.0,0.0,0.0,0.0,0.0,0.0,0.0,0.0,0.0,0.217,0.0,0.0,0.0,0.0,0.0,0.0,0.0,0.0,0.0,0.0,0.0
1347,22:27:00,0.0,0.0,0.0,0.0,0.0,0.0,0.0,0.0,0.0,0.0,0.0,0.0,0.0,0.239,0.0,0.0,0.0,0.0,0.0,0.0,0.0,0.0,0.0,0.0,0.0
1348,22:28:00,0.0,0.0,0.0,0.0,0.0,0.0,0.0,0.0,0.0,0.0,0.0,0.0,0.0,0.274,0.0,0.0,0.0,0.0,0.0,0.0,0.0,0.0,0.0,0.0,0.0
1349,22:29:00,0.0,0.0,0.0,0.0,0.0,0.0,0.0,0.0,0.0,0.0,0.0,0.0,0.0,0.293,0.0,0.0,0.0,0.0,0.0,0.0,0.0,0.0,0.0,0.0,0.0
1350,22:30:00,0.0,0.0,0.0,0.0,0.0,0.0,0.0,0.0,0.0,0.0,0.0,0.0,0.0,0.321,0.0,0.0,0.0,0.0,0.0,0.0,0.0,0.0,0.0,0.0,0.0
1351,22:31:00,0.0,0.0,0.0,0.0,0.0,0.0,0.0,0.0,0.0,0.0,0.0,0.0,0.0,0.339,0.0,0.0,0.0,0.0,0.0,0.0,0.0,0.0,0.0,0.0,0.0
1352,22:32:00,0.0,0.0,0.0,0.0,0.0,0.0,0.0,0.0,0.0,0.0,0.0,0.0,0.0,0.289,0.0,0.0,0.0,0.0,0.0,0.0,0.0,0.0,0.0,0.0,0.0
1353,22:33:00,0.0,0.0,0.0,0.0,0.0,0.0,0.0,0.0,0.0,0.0,0.0,0.0,0.0,0.324,0.0,0.0,0.0,0.0,0.0,0.0,0.0,0.0,0.0,0.0,0.0
1354,22:34:00,0.0,0.0,0.0,0.0,0.0,0.0,0.0,0.0,0.0,0.0,0.0,0.0,0.0,0.371,0.0,0.0,0.0,0.0,0.0,0.0,0.0,0.0,0.0,0.0,0.0
1355,22:35:00,0.0,0.0,0.0,0.0,0.0,0.0,0.0,0.0,0.0,0.0,0.0,0.0,0.0,0.379,0.0,0.0,0.0,0.0,0.0,0.0,0.0,0.0,0.0,0.0,0.0
1356,22:36:00,0.0,0.0,0.0,0.0,0.0,0.0,0.0,0.0,0.0,0.0,0.0,0.0,0.0,0.488,0.0,0.0,0.0,0.0,0.0,0.0,0.0,0.0,0.0,0.0,0.0
1357,22:37:00,0.0,0.0,0.0,0.0,0.0,0.0,0.0,0.0,0.0,0.0,0.0,0.0,0.0,0.341,0.0,0.0,0.0,0.0,0.0,0.0,0.0,0.0,0.0,0.0,0.0
1358,22:38:00,0.0,0.0,0.0,0.0,0.0,0.0,0.0,0.0,0.0,0.0,0.0,0.0,0.0,0.317,0.0,0.0,0.0,0.0,0.0,0.0,0.0,0.0,0.0,0.0,0.0
1359,22:39:00,0.0,0.0,0.0,0.0,0.0,0.0,0.0,0.0,0.0,0.0,0.0,0.0,0.0,0.234,0.0,0.0,0.0,0.0,0.0,0.0,0.0,0.0,0.0,0.0,0.0
1360,22:40:00,0.0,0.0,0.0,0.0,0.0,0.0,0.0,0.0,0.0,0.0,0.0,0.0,0.0,0.216,0.0,0.0,0.0,0.0,0.0,0.0,0.0,0.0,0.0,0.0,0.0
1361,22:41:00,0.0,0.0,0.0,0.0,0.0,0.0,0.0,0.0,0.0,0.0,0.0,0.0,0.0,0.193,0.0,0.0,0.0,0.0,0.0,0.0,0.0,0.0,0.0,0.0,0.0
1362,22:42:00,0.0,0.0,0.0,0.0,0.0,0.0,0.0,0.0,0.0,0.0,0.0,0.0,0.0,0.198,0.0,0.0,0.0,0.0,0.0,0.0,0.0,0.0,0.0,0.0,0.0
1363,22:43:00,0.0,0.0,0.0,0.0,0.0,0.0,0.0,0.0,0.0,0.0,0.0,0.0,0.0,0.043,0.0,0.0,0.0,0.0,0.0,0.0,0.0,0.0,0.0,0.0,0.0
1364,22:44:00,0.0,0.0,0.0,0.0,0.0,0.0,0.0,0.0,0.0,0.0,0.0,0.0,0.0,0.0,0.0,0.0,0.0,0.0,0.0,0.0,0.0,0.0,0.0,0.0,0.0
1365,22:45:00,0.0,0.0,0.0,0.0,0.0,0.0,0.0,0.0,0.0,0.0,0.0,0.0,0.0,0.0,0.0,0.0,0.0,0.0,0.0,0.0,0.0,0.0,0.0,0.0,0.0
1366,22:46:00,0.0,0.0,0.0,0.0,0.0,0.0,0.0,0.0,0.0,0.0,0.0,0.0,0.0,0.0,0.0,0.0,0.0,0.0,0.0,0.0,0.0,0.0,0.0,0.0,0.0
1367,22:47:00,0.0,0.0,0.0,0.0,0.0,0.0,0.0,0.0,0.0,0.0,0.0,0.0,0.0,0.0,0.0,0.0,0.0,0.0,0.0,0.0,0.0,0.0,0.0,0.0,0.0
1368,22:48:00,0.0,0.0,0.0,0.0,0.0,0.0,0.0,0.0,0.0,0.0,0.0,0.0,0.0,0.003,0.0,0.0,0.0,0.0,0.0,0.0,0.0,0.0,0.0,0.0,0.0
1369,22:49:00,0.0,0.0,0.0,0.0,0.0,0.0,0.0,0.0,0.0,0.0,0.0,0.0,0.0,0.058,0.0,0.0,0.0,0.0,0.0,0.0,0.0,0.0,0.0,0.0,0.0
1370,22:50:00,0.0,0.0,0.0,0.0,0.0,0.0,0.0,0.0,0.0,0.0,0.0,0.0,0.0,0.002,0.0,0.0,0.0,0.0,0.0,0.0,0.0,0.0,0.0,0.0,0.0
1371,22:51:00,0.0,0.0,0.0,0.0,0.0,0.0,0.0,0.0,0.0,0.0,0.0,0.0,0.0,0.0,0.0,0.0,0.0,0.0,0.0,0.0,0.0,0.0,0.0,0.0,0.0
1372,22:52:00,0.0,0.0,0.0,0.0,0.0,0.0,0.0,0.0,0.0,0.0,0.0,0.0,0.0,0.0,0.0,0.0,0.0,0.0,0.0,0.0,0.0,0.0,0.0,0.0,0.0
1373,22:53:00,0.0,0.0,0.0,0.0,0.0,0.0,0.0,0.0,0.0,0.0,0.0,0.0,0.0,0.002,0.0,0.0,0.0,0.0,0.0,0.0,0.0,0.0,0.0,0.0,0.0
1374,22:54:00,0.0,0.0,0.0,0.0,0.0,0.0,0.0,0.0,0.0,0.0,0.0,0.0,0.0,0.0,0.0,0.0,0.0,0.0,0.0,0.0,0.0,0.0,0.0,0.0,0.0
1375,22:55:00,0.0,0.0,0.0,0.0,0.0,0.0,0.0,0.0,0.0,0.0,0.0,0.0,0.0,0.011,0.0,0.0,0.0,0.0,0.0,0.0,0.0,0.0,0.0,0.0,0.0
1376,22:56:00,0.0,0.0,0.0,0.0,0.0,0.0,0.0,0.0,0.0,0.0,0.0,0.0,0.0,0.074,0.0,0.0,0.0,0.0,0.0,0.0,0.0,0.0,0.0,0.0,0.0
1377,22:57:00,0.0,0.0,0.0,0.0,0.0,0.0,0.0,0.0,0.0,0.0,0.0,0.0,0.0,0.032,0.0,0.0,0.0,0.0,0.0,0.0,0.0,0.0,0.0,0.0,0.0
1378,22:58:00,0.0,0.0,0.0,0.0,0.0,0.0,0.0,0.0,0.0,0.0,0.0,0.0,0.0,0.008,0.0,0.0,0.0,0.0,0.0,0.0,0.0,0.0,0.0,0.0,0.0
1379,22:59:00,0.0,0.0,0.0,0.0,0.0,0.0,0.0,0.0,0.0,0.0,0.0,0.0,0.0,0.0,0.0,0.0,0.0,0.0,0.0,0.0,0.0,0.0,0.0,0.0,0.0
1380,23:00:00,0.0,0.0,0.0,0.0,0.0,0.0,0.0,0.0,0.0,0.0,0.0,0.0,0.0,0.04,0.0,0.0,0.0,0.0,0.0,0.0,0.0,0.0,0.0,0.0,0.0
1381,23:01:00,0.0,0.0,0.0,0.0,0.0,0.0,0.0,0.0,0.0,0.0,0.0,0.0,0.0,0.01,0.0,0.0,0.0,0.0,0.0,0.0,0.0,0.0,0.0,0.0,0.0
1382,23:02:00,0.0,0.0,0.0,0.0,0.0,0.0,0.0,0.0,0.0,0.0,0.0,0.0,0.0,0.014,0.0,0.0,0.0,0.0,0.0,0.0,0.0,0.0,0.0,0.0,0.0
1383,23:03:00,0.0,0.0,0.0,0.0,0.0,0.0,0.0,0.0,0.0,0.0,0.0,0.0,0.0,0.001,0.0,0.0,0.0,0.0,0.0,0.0,0.0,0.0,0.0,0.0,0.0
1384,23:04:00,0.0,0.0,0.0,0.0,0.0,0.0,0.0,0.0,0.0,0.0,0.0,0.0,0.0,0.0,0.0,0.0,0.0,0.0,0.0,0.0,0.0,0.0,0.0,0.0,0.0
1385,23:05:00,0.0,0.0,0.0,0.0,0.0,0.0,0.0,0.0,0.0,0.0,0.0,0.0,0.0,0.0,0.0,0.0,0.0,0.0,0.0,0.0,0.0,0.0,0.0,0.0,0.0
1386,23:06:00,0.0,0.0,0.0,0.0,0.0,0.0,0.0,0.0,0.0,0.0,0.0,0.0,0.0,0.0,0.0,0.0,0.0,0.0,0.0,0.0,0.0,0.0,0.0,0.0,0.0
1387,23:07:00,0.0,0.0,0.0,0.0,0.0,0.0,0.0,0.0,0.0,0.0,0.0,0.0,0.0,0.318,0.0,0.0,0.0,0.0,0.0,0.0,0.0,0.0,0.0,0.0,0.0
1388,23:08:00,0.0,0.0,0.0,0.0,0.0,0.0,0.0,0.0,0.0,0.0,0.0,0.0,0.0,0.38,0.0,0.0,0.0,0.0,0.0,0.0,0.0,0.0,0.0,0.0,0.0
1389,23:09:00,0.0,0.0,0.0,0.0,0.0,0.0,0.0,0.0,0.0,0.0,0.0,0.0,0.0,0.321,0.0,0.0,0.0,0.0,0.0,0.0,0.0,0.0,0.0,0.0,0.0
1390,23:10:00,0.0,0.0,0.0,0.0,0.0,0.0,0.0,0.0,0.0,0.0,0.0,0.0,0.0,0.207,0.0,0.0,0.0,0.0,0.0,0.0,0.0,0.0,0.0,0.0,0.0
1391,23:11:00,0.0,0.0,0.0,0.0,0.0,0.0,0.0,0.0,0.0,0.0,0.0,0.0,0.0,0.21,0.0,0.0,0.0,0.0,0.0,0.0,0.0,0.0,0.0,0.0,0.0
1392,23:12:00,0.0,0.0,0.0,0.0,0.0,0.0,0.0,0.0,0.0,0.0,0.0,0.0,0.0,0.213,0.0,0.0,0.0,0.0,0.0,0.0,0.0,0.0,0.0,0.0,0.0
1393,23:13:00,0.0,0.0,0.0,0.0,0.0,0.0,0.0,0.0,0.0,0.0,0.0,0.0,0.0,0.04,0.0,0.0,0.0,0.0,0.0,0.0,0.0,0.0,0.0,0.0,0.0
1394,23:14:00,0.0,0.0,0.0,0.0,0.0,0.0,0.0,0.0,0.0,0.0,0.0,0.0,0.0,0.185,0.0,0.0,0.0,0.0,0.0,0.0,0.0,0.0,0.0,0.0,0.0
1395,23:15:00,0.0,0.0,0.0,0.0,0.0,0.0,0.0,0.0,0.0,0.0,0.0,0.0,0.0,0.317,0.0,0.0,0.0,0.0,0.0,0.0,0.0,0.0,0.0,0.0,0.0
1396,23:16:00,0.0,0.0,0.0,0.0,0.0,0.0,0.0,0.0,0.0,0.0,0.0,0.0,0.0,0.341,0.0,0.0,0.0,0.0,0.0,0.0,0.0,0.0,0.0,0.0,0.0
1397,23:17:00,0.0,0.0,0.0,0.0,0.0,0.0,0.0,0.0,0.0,0.0,0.0,0.0,0.0,0.317,0.0,0.0,0.0,0.0,0.0,0.0,0.0,0.0,0.0,0.0,0.0
1398,23:18:00,0.0,0.0,0.0,0.0,0.0,0.0,0.0,0.0,0.0,0.0,0.0,0.0,0.0,0.349,0.0,0.0,0.0,0.0,0.0,0.0,0.0,0.0,0.0,0.0,0.0
1399,23:19:00,0.0,0.0,0.0,0.0,0.0,0.0,0.0,0.0,0.0,0.0,0.0,0.0,0.0,0.215,0.0,0.0,0.0,0.0,0.0,0.0,0.0,0.0,0.0,0.0,0.0
1400,23:20:00,0.0,0.0,0.0,0.0,0.0,0.0,0.0,0.0,0.0,0.0,0.0,0.0,0.0,0.384,0.0,0.0,0.0,0.0,0.0,0.0,0.0,0.0,0.0,0.0,0.0
1401,23:21:00,0.0,0.0,0.0,0.0,0.0,0.0,0.0,0.0,0.0,0.0,0.0,0.0,0.0,0.328,0.0,0.0,0.0,0.0,0.0,0.0,0.0,0.0,0.0,0.0,0.0
1402,23:22:00,0.0,0.0,0.0,0.0,0.0,0.0,0.0,0.0,0.0,0.0,0.0,0.0,0.0,0.127,0.0,0.0,0.0,0.0,0.0,0.0,0.0,0.0,0.0,0.0,0.0
1403,23:23:00,0.0,0.0,0.0,0.0,0.0,0.0,0.0,0.0,0.0,0.0,0.0,0.0,0.0,0.069,0.0,0.0,0.0,0.0,0.0,0.0,0.0,0.0,0.0,0.0,0.0
1404,23:24:00,0.0,0.0,0.0,0.0,0.0,0.0,0.0,0.0,0.0,0.0,0.0,0.0,0.0,0.009,0.0,0.0,0.0,0.0,0.0,0.0,0.0,0.0,0.0,0.0,0.0
1405,23:25:00,0.0,0.0,0.0,0.0,0.0,0.0,0.0,0.0,0.0,0.0,0.0,0.0,0.0,0.002,0.0,0.0,0.0,0.0,0.0,0.0,0.0,0.0,0.0,0.0,0.0
1406,23:26:00,0.0,0.0,0.0,0.0,0.0,0.0,0.0,0.0,0.0,0.0,0.0,0.0,0.0,0.095,0.0,0.0,0.0,0.0,0.0,0.0,0.0,0.0,0.0,0.0,0.0
1407,23:27:00,0.0,0.0,0.0,0.0,0.0,0.0,0.0,0.0,0.0,0.0,0.0,0.0,0.0,0.296,0.0,0.0,0.0,0.0,0.0,0.0,0.0,0.0,0.0,0.0,0.0
1408,23:28:00,0.0,0.0,0.0,0.0,0.0,0.0,0.0,0.0,0.0,0.0,0.0,0.0,0.0,0.358,0.0,0.0,0.0,0.0,0.0,0.0,0.0,0.0,0.0,0.0,0.0
1409,23:29:00,0.0,0.0,0.0,0.0,0.0,0.0,0.0,0.0,0.0,0.0,0.0,0.0,0.0,0.524,0.0,0.0,0.0,0.0,0.0,0.0,0.0,0.0,0.0,0.0,0.0
1410,23:30:00,0.0,0.0,0.0,0.0,0.0,0.0,0.0,0.0,0.0,0.0,0.0,0.0,0.0,0.449,0.0,0.0,0.0,0.0,0.0,0.0,0.0,0.0,0.0,0.0,0.0
1411,23:31:00,0.0,0.0,0.0,0.0,0.0,0.0,0.0,0.0,0.0,0.0,0.0,0.0,0.0,0.483,0.0,0.0,0.0,0.0,0.0,0.0,0.0,0.0,0.0,0.0,0.0
1412,23:32:00,0.0,0.0,0.0,0.0,0.0,0.0,0.0,0.0,0.0,0.0,0.0,0.0,0.0,0.408,0.0,0.0,0.0,0.0,0.0,0.0,0.0,0.0,0.0,0.0,0.0
1413,23:33:00,0.0,0.0,0.0,0.0,0.0,0.0,0.0,0.0,0.0,0.0,0.0,0.0,0.0,0.457,0.0,0.0,0.0,0.0,0.0,0.0,0.0,0.0,0.0,0.0,0.0
1414,23:34:00,0.0,0.0,0.0,0.0,0.0,0.0,0.0,0.0,0.0,0.0,0.0,0.0,0.0,0.455,0.0,0.0,0.0,0.0,0.0,0.0,0.0,0.0,0.0,0.0,0.0
1415,23:35:00,0.0,0.0,0.0,0.0,0.0,0.0,0.0,0.0,0.0,0.0,0.0,0.0,0.0,0.397,0.0,0.0,0.0,0.0,0.0,0.0,0.0,0.0,0.0,0.0,0.0
1416,23:36:00,0.0,0.0,0.0,0.0,0.0,0.0,0.0,0.0,0.0,0.0,0.0,0.0,0.0,0.279,0.0,0.0,0.0,0.0,0.0,0.0,0.0,0.0,0.0,0.0,0.0
1417,23:37:00,0.0,0.0,0.0,0.0,0.0,0.0,0.0,0.0,0.0,0.0,0.0,0.0,0.0,0.164,0.0,0.0,0.0,0.0,0.0,0.0,0.0,0.0,0.0,0.0,0.0
1418,23:38:00,0.0,0.0,0.0,0.0,0.0,0.0,0.0,0.0,0.0,0.0,0.0,0.0,0.0,0.09,0.0,0.0,0.0,0.0,0.0,0.0,0.0,0.0,0.0,0.0,0.0
1419,23:39:00,0.0,0.0,0.0,0.0,0.0,0.0,0.0,0.0,0.0,0.0,0.0,0.0,0.0,0.234,0.0,0.0,0.0,0.0,0.0,0.0,0.0,0.0,0.0,0.0,0.0
1420,23:40:00,0.0,0.0,0.0,0.0,0.0,0.0,0.0,0.0,0.0,0.0,0.0,0.0,0.0,0.123,0.0,0.0,0.0,0.0,0.0,0.0,0.0,0.0,0.0,0.0,0.0
1421,23:41:00,0.0,0.0,0.0,0.0,0.0,0.0,0.0,0.0,0.0,0.0,0.0,0.0,0.0,0.251,0.0,0.0,0.0,0.0,0.0,0.0,0.0,0.0,0.0,0.0,0.0
1422,23:42:00,0.0,0.0,0.0,0.0,0.0,0.0,0.0,0.0,0.0,0.0,0.0,0.0,0.0,0.318,0.0,0.0,0.0,0.0,0.0,0.0,0.0,0.0,0.0,0.0,0.0
1423,23:43:00,0.0,0.0,0.0,0.0,0.0,0.0,0.0,0.0,0.0,0.0,0.0,0.0,0.0,0.207,0.0,0.0,0.0,0.0,0.0,0.0,0.0,0.0,0.0,0.0,0.0
1424,23:44:00,0.0,0.0,0.0,0.0,0.0,0.0,0.0,0.0,0.0,0.0,0.0,0.0,0.0,0.043,0.0,0.0,0.0,0.0,0.0,0.0,0.0,0.0,0.0,0.0,0.0
1425,23:45:00,0.0,0.0,0.0,0.0,0.0,0.0,0.0,0.0,0.0,0.0,0.0,0.0,0.0,0.171,0.0,0.0,0.0,0.0,0.0,0.0,0.0,0.0,0.0,0.0,0.0
1426,23:46:00,0.0,0.0,0.0,0.0,0.0,0.0,0.0,0.0,0.0,0.0,0.0,0.0,0.0,0.085,0.0,0.0,0.0,0.0,0.0,0.0,0.0,0.0,0.0,0.0,0.0
1427,23:47:00,0.0,0.0,0.0,0.0,0.0,0.0,0.0,0.0,0.0,0.0,0.0,0.0,0.0,0.053,0.0,0.0,0.0,0.0,0.0,0.0,0.0,0.0,0.0,0.0,0.0
1428,23:48:00,0.0,0.0,0.0,0.0,0.0,0.0,0.0,0.0,0.0,0.0,0.0,0.0,0.0,0.007,0.0,0.0,0.0,0.0,0.0,0.0,0.0,0.0,0.0,0.0,0.0
1429,23:49:00,0.0,0.0,0.0,0.0,0.0,0.0,0.0,0.0,0.0,0.0,0.0,0.0,0.0,0.0,0.0,0.0,0.0,0.0,0.0,0.0,0.0,0.0,0.0,0.0,0.0
1430,23:50:00,0.0,0.0,0.0,0.0,0.0,0.0,0.0,0.0,0.0,0.0,0.0,0.0,0.0,0.043,0.0,0.0,0.0,0.0,0.0,0.0,0.0,0.0,0.0,0.0,0.0
1431,23:51:00,0.0,0.0,0.0,0.0,0.0,0.0,0.0,0.0,0.0,0.0,0.0,0.0,0.0,0.0,0.0,0.0,0.0,0.0,0.0,0.0,0.0,0.0,0.0,0.0,0.0
1432,23:52:00,0.0,0.0,0.0,0.0,0.0,0.0,0.0,0.0,0.0,0.0,0.0,0.0,0.0,0.0,0.0,0.0,0.0,0.0,0.0,0.0,0.0,0.0,0.0,0.0,0.0
1433,23:53:00,0.0,0.0,0.0,0.0,0.0,0.0,0.0,0.0,0.0,0.0,0.0,0.0,0.0,0.0,0.0,0.0,0.0,0.0,0.0,0.0,0.0,0.0,0.0,0.0,0.0
1434,23:54:00,0.0,0.0,0.0,0.0,0.0,0.0,0.0,0.0,0.0,0.0,0.0,0.0,0.0,0.0,0.0,0.0,0.0,0.0,0.0,0.0,0.0,0.0,0.0,0.0,0.0
1435,23:55:00,0.0,0.0,0.0,0.0,0.0,0.0,0.0,0.0,0.0,0.0,0.0,0.0,0.0,0.0,0.0,0.0,0.0,0.0,0.0,0.0,0.0,0.0,0.0,0.0,0.0
1436,23:56:00,0.0,0.0,0.0,0.0,0.0,0.0,0.0,0.0,0.0,0.0,0.0,0.0,0.0,0.0,0.0,0.0,0.0,0.0,0.0,0.0,0.0,0.0,0.0,0.0,0.0
1437,23:57:00,0.0,0.0,0.0,0.0,0.0,0.0,0.0,0.0,0.0,0.0,0.0,0.0,0.0,0.0,0.0,0.0,0.0,0.0,0.0,0.0,0.0,0.0,0.0,0.0,0.0
1438,23:58:00,0.0,0.0,0.0,0.0,0.0,0.0,0.0,0.0,0.0,0.0,0.0,0.0,0.0,0.0,0.0,0.0,0.0,0.0,0.0,0.0,0.0,0.0,0.0,0.0,0.0
1439,23:59:00,0.0,0.0,0.0,0.0,0.0,0.0,0.0,0.0,0.0,0.0,0.0,0.0,0.0,0.0,0.0,0.0,0.0,0.0,0.0,0.0,0.0,0.0,0.0,0.0,0.0
1440,00:00:00,,,,,,,,,,,,,,,,,,,,,,,,,
1441,00:01:00,,,,,,,,,,,,,,,,,,,,,,,,,
1442,00:02:00,,,,,,,,,,,,,,,,,,,,,,,,,
1443,00:03:00,,,,,,,,,,,,,,,,,,,,,,,,,
1444,00:04:00,,,,,,,,,,,,,,,,,,,,,,,,,
1445,00:05:00,,,,,,,,,,,,,,,,,,,,,,,,,
1446,00:06:00,,,,,,,,,,,,,,,,,,,,,,,,,
1447,00:07:00,,,,,,,,,,,,,,,,,,,,,,,,,
1448,00:08:00,,,,,,,,,,,,,,,,,,,,,,,,,
1449,00:09:00,,,,,,,,,,,,,,,,,,,,,,,,,
1450,00:10:00,,,,,,,,,,,,,,,,,,,,,,,,,
1451,00:11:00,,,,,,,,,,,,,,,,,,,,,,,,,
1452,00:12:00,,,,,,,,,,,,,,,,,,,,,,,,,
1453,00:13:00,,,,,,,,,,,,,,,,,,,,,,,,,
1454,00:14:00,,,,,,,,,,,,,,,,,,,,,,,,,
1455,00:15:00,,,,,,,,,,,,,,,,,,,,,,,,,
1456,00:16:00,,,,,,,,,,,,,,,,,,,,,,,,,
1457,00:17:00,,,,,,,,,,,,,,,,,,,,,,,,,
1458,00:18:00,,,,,,,,,,,,,,,,,,,,,,,,,
1459,00:19:00,,,,,,,,,,,,,,,,,,,,,,,,,
1460,00:20:00,,,,,,,,,,,,,,,,,,,,,,,,,
1461,00:21:00,,,,,,,,,,,,,,,,,,,,,,,,,
1462,00:22:00,,,,,,,,,,,,,,,,,,,,,,,,,
1463,00:23:00,,,,,,,,,,,,,,,,,,,,,,,,,
1464,00:24:00,,,,,,,,,,,,,,,,,,,,,,,,,
1465,00:25:00,,,,,,,,,,,,,,,,,,,,,,,,,
1466,00:26:00,,,,,,,,,,,,,,,,,,,,,,,,,
1467,00:27:00,,,,,,,,,,,,,,,,,,,,,,,,,
1468,00:28:00,,,,,,,,,,,,,,,,,,,,,,,,,
1469,00:29:00,,,,,,,,,,,,,,,,,,,,,,,,,
1470,00:30:00,,,,,,,,,,,,,,,,,,,,,,,,,
1471,00:31:00,,,,,,,,,,,,,,,,,,,,,,,,,
1472,00:32:00,,,,,,,,,,,,,,,,,,,,,,,,,
1473,00:33:00,,,,,,,,,,,,,,,,,,,,,,,,,
1474,00:34:00,,,,,,,,,,,,,,,,,,,,,,,,,
1475,00:35:00,,,,,,,,,,,,,,,,,,,,,,,,,
1476,00:36:00,,,,,,,,,,,,,,,,,,,,,,,,,
1477,00:37:00,,,,,,,,,,,,,,,,,,,,,,,,,
1478,00:38:00,,,,,,,,,,,,,,,,,,,,,,,,,
1479,00:39:00,,,,,,,,,,,,,,,,,,,,,,,,,
1480,00:40:00,,,,,,,,,,,,,,,,,,,,,,,,,
1481,00:41:00,,,,,,,,,,,,,,,,,,,,,,,,,
1482,00:42:00,,,,,,,,,,,,,,,,,,,,,,,,,
1483,00:43:00,,,,,,,,,,,,,,,,,,,,,,,,,
1484,00:44:00,,,,,,,,,,,,,,,,,,,,,,,,,
1485,00:45:00,,,,,,,,,,,,,,,,,,,,,,,,,
1486,00:46:00,,,,,,,,,,,,,,,,,,,,,,,,,
1487,00:47:00,,,,,,,,,,,,,,,,,,,,,,,,,
1488,00:48:00,,,,,,,,,,,,,,,,,,,,,,,,,
1489,00:49:00,,,,,,,,,,,,,,,,,,,,,,,,,
1490,00:50:00,,,,,,,,,,,,,,,,,,,,,,,,,
1491,00:51:00,,,,,,,,,,,,,,,,,,,,,,,,,
1492,00:52:00,,,,,,,,,,,,,,,,,,,,,,,,,
1493,00:53:00,,,,,,,,,,,,,,,,,,,,,,,,,
1494,00:54:00,,,,,,,,,,,,,,,,,,,,,,,,,
1495,00:55:00,,,,,,,,,,,,,,,,,,,,,,,,,
1496,00:56:00,,,,,,,,,,,,,,,,,,,,,,,,,
1497,00:57:00,,,,,,,,,,,,,,,,,,,,,,,,,
1498,00:58:00,,,,,,,,,,,,,,,,,,,,,,,,,
1499,00:59:00,,,,,,,,,,,,,,,,,,,,,,,,,
1500,01:00:00,,,,,,,,,,,,,,,,,,,,,,,,,
1501,01:01:00,,,,,,,,,,,,,,,,,,,,,,,,,
1502,01:02:00,,,,,,,,,,,,,,,,,,,,,,,,,
1503,01:03:00,,,,,,,,,,,,,,,,,,,,,,,,,
1504,01:04:00,,,,,,,,,,,,,,,,,,,,,,,,,
1505,01:05:00,,,,,,,,,,,,,,,,,,,,,,,,,
1506,01:06:00,,,,,,,,,,,,,,,,,,,,,,,,,
1507,01:07:00,,,,,,,,,,,,,,,,,,,,,,,,,
1508,01:08:00,,,,,,,,,,,,,,,,,,,,,,,,,
1509,01:09:00,,,,,,,,,,,,,,,,,,,,,,,,,
1510,01:10:00,,,,,,,,,,,,,,,,,,,,,,,,,
1511,01:11:00,,,,,,,,,,,,,,,,,,,,,,,,,
1512,01:12:00,,,,,,,,,,,,,,,,,,,,,,,,,
1513,01:13:00,,,,,,,,,,,,,,,,,,,,,,,,,
1514,01:14:00,,,,,,,,,,,,,,,,,,,,,,,,,
1515,01:15:00,,,,,,,,,,,,,,,,,,,,,,,,,
1516,01:16:00,,,,,,,,,,,,,,,,,,,,,,,,,
1517,01:17:00,,,,,,,,,,,,,,,,,,,,,,,,,
1518,01:18:00,,,,,,,,,,,,,,,,,,,,,,,,,
1519,01:19:00,,,,,,,,,,,,,,,,,,,,,,,,,
1520,01:20:00,,,,,,,,,,,,,,,,,,,,,,,,,
1521,01:21:00,,,,,,,,,,,,,,,,,,,,,,,,,
1522,01:22:00,,,,,,,,,,,,,,,,,,,,,,,,,
1523,01:23:00,,,,,,,,,,,,,,,,,,,,,,,,,
1524,01:24:00,,,,,,,,,,,,,,,,,,,,,,,,,
1525,01:25:00,,,,,,,,,,,,,,,,,,,,,,,,,
1526,01:26:00,,,,,,,,,,,,,,,,,,,,,,,,,
1527,01:27:00,,,,,,,,,,,,,,,,,,,,,,,,,
1528,01:28:00,,,,,,,,,,,,,,,,,,,,,,,,,
1529,01:29:00,,,,,,,,,,,,,,,,,,,,,,,,,
1530,01:30:00,,,,,,,,,,,,,,,,,,,,,,,,,
1531,01:31:00,,,,,,,,,,,,,,,,,,,,,,,,,
1532,01:32:00,,,,,,,,,,,,,,,,,,,,,,,,,
1533,01:33:00,,,,,,,,,,,,,,,,,,,,,,,,,
1534,01:34:00,,,,,,,,,,,,,,,,,,,,,,,,,
1535,01:35:00,,,,,,,,,,,,,,,,,,,,,,,,,
1536,01:36:00,,,,,,,,,,,,,,,,,,,,,,,,,
1537,01:37:00,,,,,,,,,,,,,,,,,,,,,,,,,
1538,01:38:00,,,,,,,,,,,,,,,,,,,,,,,,,
1539,01:39:00,,,,,,,,,,,,,,,,,,,,,,,,,
1540,01:40:00,,,,,,,,,,,,,,,,,,,,,,,,,
1541,01:41:00,,,,,,,,,,,,,,,,,,,,,,,,,
1542,01:42:00,,,,,,,,,,,,,,,,,,,,,,,,,
1543,01:43:00,,,,,,,,,,,,,,,,,,,,,,,,,
1544,01:44:00,,,,,,,,,,,,,,,,,,,,,,,,,
1545,01:45:00,,,,,,,,,,,,,,,,,,,,,,,,,
1546,01:46:00,,,,,,,,,,,,,,,,,,,,,,,,,
1547,01:47:00,,,,,,,,,,,,,,,,,,,,,,,,,
1548,01:48:00,,,,,,,,,,,,,,,,,,,,,,,,,
1549,01:49:00,,,,,,,,,,,,,,,,,,,,,,,,,
1550,01:50:00,,,,,,,,,,,,,,,,,,,,,,,,,
1551,01:51:00,,,,,,,,,,,,,,,,,,,,,,,,,
1552,01:52:00,,,,,,,,,,,,,,,,,,,,,,,,,
1553,01:53:00,,,,,,,,,,,,,,,,,,,,,,,,,
1554,01:54:00,,,,,,,,,,,,,,,,,,,,,,,,,
1555,01:55:00,,,,,,,,,,,,,,,,,,,,,,,,,
1556,01:56:00,,,,,,,,,,,,,,,,,,,,,,,,,
1557,01:57:00,,,,,,,,,,,,,,,,,,,,,,,,,
1558,01:58:00,,,,,,,,,,,,,,,,,,,,,,,,,
1559,01:59:00,,,,,,,,,,,,,,,,,,,,,,,,,
1560,02:00:00,,,,,,,,,,,,,,,,,,,,,,,,,
1561,02:01:00,,,,,,,,,,,,,,,,,,,,,,,,,
1562,02:02:00,,,,,,,,,,,,,,,,,,,,,,,,,
1563,02:03:00,,,,,,,,,,,,,,,,,,,,,,,,,
1564,02:04:00,,,,,,,,,,,,,,,,,,,,,,,,,
1565,02:05:00,,,,,,,,,,,,,,,,,,,,,,,,,
1566,02:06:00,,,,,,,,,,,,,,,,,,,,,,,,,
1567,02:07:00,,,,,,,,,,,,,,,,,,,,,,,,,
1568,02:08:00,,,,,,,,,,,,,,,,,,,,,,,,,
1569,02:09:00,,,,,,,,,,,,,,,,,,,,,,,,,
1570,02:10:00,,,,,,,,,,,,,,,,,,,,,,,,,
1571,02:11:00,,,,,,,,,,,,,,,,,,,,,,,,,
1572,02:12:00,,,,,,,,,,,,,,,,,,,,,,,,,
1573,02:13:00,,,,,,,,,,,,,,,,,,,,,,,,,
1574,02:14:00,,,,,,,,,,,,,,,,,,,,,,,,,
1575,02:15:00,,,,,,,,,,,,,,,,,,,,,,,,,
1576,02:16:00,,,,,,,,,,,,,,,,,,,,,,,,,
1577,02:17:00,,,,,,,,,,,,,,,,,,,,,,,,,
1578,02:18:00,,,,,,,,,,,,,,,,,,,,,,,,,
1579,02:19:00,,,,,,,,,,,,,,,,,,,,,,,,,
1580,02:20:00,,,,,,,,,,,,,,,,,,,,,,,,,
1581,02:21:00,,,,,,,,,,,,,,,,,,,,,,,,,
1582,02:22:00,,,,,,,,,,,,,,,,,,,,,,,,,
1583,02:23:00,,,,,,,,,,,,,,,,,,,,,,,,,
1584,02:24:00,,,,,,,,,,,,,,,,,,,,,,,,,
1585,02:25:00,,,,,,,,,,,,,,,,,,,,,,,,,
1586,02:26:00,,,,,,,,,,,,,,,,,,,,,,,,,
1587,02:27:00,,,,,,,,,,,,,,,,,,,,,,,,,
1588,02:28:00,,,,,,,,,,,,,,,,,,,,,,,,,
1589,02:29:00,,,,,,,,,,,,,,,,,,,,,,,,,
1590,02:30:00,,,,,,,,,,,,,,,,,,,,,,,,,
1591,02:31:00,,,,,,,,,,,,,,,,,,,,,,,,,
1592,02:32:00,,,,,,,,,,,,,,,,,,,,,,,,,
1593,02:33:00,,,,,,,,,,,,,,,,,,,,,,,,,
1594,02:34:00,,,,,,,,,,,,,,,,,,,,,,,,,
1595,02:35:00,,,,,,,,,,,,,,,,,,,,,,,,,
1596,02:36:00,,,,,,,,,,,,,,,,,,,,,,,,,
1597,02:37:00,,,,,,,,,,,,,,,,,,,,,,,,,
1598,02:38:00,,,,,,,,,,,,,,,,,,,,,,,,,
1599,02:39:00,,,,,,,,,,,,,,,,,,,,,,,,,
1600,02:40:00,,,,,,,,,,,,,,,,,,,,,,,,,
1601,02:41:00,,,,,,,,,,,,,,,,,,,,,,,,,
1602,02:42:00,,,,,,,,,,,,,,,,,,,,,,,,,
1603,02:43:00,,,,,,,,,,,,,,,,,,,,,,,,,
1604,02:44:00,,,,,,,,,,,,,,,,,,,,,,,,,
1605,02:45:00,,,,,,,,,,,,,,,,,,,,,,,,,
1606,02:46:00,,,,,,,,,,,,,,,,,,,,,,,,,
1607,02:47:00,,,,,,,,,,,,,,,,,,,,,,,,,
1608,02:48:00,,,,,,,,,,,,,,,,,,,,,,,,,
1609,02:49:00,,,,,,,,,,,,,,,,,,,,,,,,,
1610,02:50:00,,,,,,,,,,,,,,,,,,,,,,,,,
1611,02:51:00,,,,,,,,,,,,,,,,,,,,,,,,,
1612,02:52:00,,,,,,,,,,,,,,,,,,,,,,,,,
1613,02:53:00,,,,,,,,,,,,,,,,,,,,,,,,,
1614,02:54:00,,,,,,,,,,,,,,,,,,,,,,,,,
1615,02:55:00,,,,,,,,,,,,,,,,,,,,,,,,,
1616,02:56:00,,,,,,,,,,,,,,,,,,,,,,,,,
1617,02:57:00,,,,,,,,,,,,,,,,,,,,,,,,,
1618,02:58:00,,,,,,,,,,,,,,,,,,,,,,,,,
1619,02:59:00,,,,,,,,,,,,,,,,,,,,,,,,,
1620,03:00:00,,,,,,,,,,,,,,,,,,,,,,,,,
1621,03:01:00,,,,,,,,,,,,,,,,,,,,,,,,,
1622,03:02:00,,,,,,,,,,,,,,,,,,,,,,,,,
1623,03:03:00,,,,,,,,,,,,,,,,,,,,,,,,,
1624,03:04:00,,,,,,,,,,,,,,,,,,,,,,,,,
1625,03:05:00,,,,,,,,,,,,,,,,,,,,,,,,,
1626,03:06:00,,,,,,,,,,,,,,,,,,,,,,,,,
1627,03:07:00,,,,,,,,,,,,,,,,,,,,,,,,,
1628,03:08:00,,,,,,,,,,,,,,,,,,,,,,,,,
1629,03:09:00,,,,,,,,,,,,,,,,,,,,,,,,,
1630,03:10:00,,,,,,,,,,,,,,,,,,,,,,,,,
1631,03:11:00,,,,,,,,,,,,,,,,,,,,,,,,,
1632,03:12:00,,,,,,,,,,,,,,,,,,,,,,,,,
1633,03:13:00,,,,,,,,,,,,,,,,,,,,,,,,,
1634,03:14:00,,,,,,,,,,,,,,,,,,,,,,,,,
1635,03:15:00,,,,,,,,,,,,,,,,,,,,,,,,,
1636,03:16:00,,,,,,,,,,,,,,,,,,,,,,,,,
1637,03:17:00,,,,,,,,,,,,,,,,,,,,,,,,,
1638,03:18:00,,,,,,,,,,,,,,,,,,,,,,,,,
1639,03:19:00,,,,,,,,,,,,,,,,,,,,,,,,,
1640,03:20:00,,,,,,,,,,,,,,,,,,,,,,,,,
1641,03:21:00,,,,,,,,,,,,,,,,,,,,,,,,,
1642,03:22:00,,,,,,,,,,,,,,,,,,,,,,,,,
1643,03:23:00,,,,,,,,,,,,,,,,,,,,,,,,,
1644,03:24:00,,,,,,,,,,,,,,,,,,,,,,,,,
1645,03:25:00,,,,,,,,,,,,,,,,,,,,,,,,,
1646,03:26:00,,,,,,,,,,,,,,,,,,,,,,,,,
1647,03:27:00,,,,,,,,,,,,,,,,,,,,,,,,,
1648,03:28:00,,,,,,,,,,,,,,,,,,,,,,,,,
1649,03:29:00,,,,,,,,,,,,,,,,,,,,,,,,,
1650,03:30:00,,,,,,,,,,,,,,,,,,,,,,,,,
1651,03:31:00,,,,,,,,,,,,,,,,,,,,,,,,,
1652,03:32:00,,,,,,,,,,,,,,,,,,,,,,,,,
1653,03:33:00,,,,,,,,,,,,,,,,,,,,,,,,,
1654,03:34:00,,,,,,,,,,,,,,,,,,,,,,,,,
1655,03:35:00,,,,,,,,,,,,,,,,,,,,,,,,,
1656,03:36:00,,,,,,,,,,,,,,,,,,,,,,,,,
1657,03:37:00,,,,,,,,,,,,,,,,,,,,,,,,,
1658,03:38:00,,,,,,,,,,,,,,,,,,,,,,,,,
1659,03:39:00,,,,,,,,,,,,,,,,,,,,,,,,,
1660,03:40:00,,,,,,,,,,,,,,,,,,,,,,,,,
1661,03:41:00,,,,,,,,,,,,,,,,,,,,,,,,,
1662,03:42:00,,,,,,,,,,,,,,,,,,,,,,,,,
1663,03:43:00,,,,,,,,,,,,,,,,,,,,,,,,,
1664,03:44:00,,,,,,,,,,,,,,,,,,,,,,,,,
1665,03:45:00,,,,,,,,,,,,,,,,,,,,,,,,,
1666,03:46:00,,,,,,,,,,,,,,,,,,,,,,,,,
1667,03:47:00,,,,,,,,,,,,,,,,,,,,,,,,,
1668,03:48:00,,,,,,,,,,,,,,,,,,,,,,,,,
1669,03:49:00,,,,,,,,,,,,,,,,,,,,,,,,,
1670,03:50:00,,,,,,,,,,,,,,,,,,,,,,,,,
1671,03:51:00,,,,,,,,,,,,,,,,,,,,,,,,,
1672,03:52:00,,,,,,,,,,,,,,,,,,,,,,,,,
1673,03:53:00,,,,,,,,,,,,,,,,,,,,,,,,,
1674,03:54:00,,,,,,,,,,,,,,,,,,,,,,,,,
1675,03:55:00,,,,,,,,,,,,,,,,,,,,,,,,,
1676,03:56:00,,,,,,,,,,,,,,,,,,,,,,,,,
1677,03:57:00,,,,,,,,,,,,,,,,,,,,,,,,,
1678,03:58:00,,,,,,,,,,,,,,,,,,,,,,,,,
1679,03:59:00,,,,,,,,,,,,,,,,,,,,,,,,,
1680,04:00:00,,,,,,,,,,,,,,,,,,,,,,,,,
1681,04:01:00,,,,,,,,,,,,,,,,,,,,,,,,,
1682,04:02:00,,,,,,,,,,,,,,,,,,,,,,,,,
1683,04:03:00,,,,,,,,,,,,,,,,,,,,,,,,,
1684,04:04:00,,,,,,,,,,,,,,,,,,,,,,,,,
1685,04:05:00,,,,,,,,,,,,,,,,,,,,,,,,,
1686,04:06:00,,,,,,,,,,,,,,,,,,,,,,,,,
1687,04:07:00,,,,,,,,,,,,,,,,,,,,,,,,,
1688,04:08:00,,,,,,,,,,,,,,,,,,,,,,,,,
1689,04:09:00,,,,,,,,,,,,,,,,,,,,,,,,,
1690,04:10:00,,,,,,,,,,,,,,,,,,,,,,,,,
1691,04:11:00,,,,,,,,,,,,,,,,,,,,,,,,,
1692,04:12:00,,,,,,,,,,,,,,,,,,,,,,,,,
1693,04:13:00,,,,,,,,,,,,,,,,,,,,,,,,,
1694,04:14:00,,,,,,,,,,,,,,,,,,,,,,,,,
1695,04:15:00,,,,,,,,,,,,,,,,,,,,,,,,,
1696,04:16:00,,,,,,,,,,,,,,,,,,,,,,,,,
1697,04:17:00,,,,,,,,,,,,,,,,,,,,,,,,,
1698,04:18:00,,,,,,,,,,,,,,,,,,,,,,,,,
1699,04:19:00,,,,,,,,,,,,,,,,,,,,,,,,,
1700,04:20:00,,,,,,,,,,,,,,,,,,,,,,,,,
1701,04:21:00,,,,,,,,,,,,,,,,,,,,,,,,,
1702,04:22:00,,,,,,,,,,,,,,,,,,,,,,,,,
1703,04:23:00,,,,,,,,,,,,,,,,,,,,,,,,,
1704,04:24:00,,,,,,,,,,,,,,,,,,,,,,,,,
1705,04:25:00,,,,,,,,,,,,,,,,,,,,,,,,,
1706,04:26:00,,,,,,,,,,,,,,,,,,,,,,,,,
1707,04:27:00,,,,,,,,,,,,,,,,,,,,,,,,,
1708,04:28:00,,,,,,,,,,,,,,,,,,,,,,,,,
1709,04:29:00,,,,,,,,,,,,,,,,,,,,,,,,,
1710,04:30:00,,,,,,,,,,,,,,,,,,,,,,,,,
1711,04:31:00,,,,,,,,,,,,,,,,,,,,,,,,,
1712,04:32:00,,,,,,,,,,,,,,,,,,,,,,,,,
1713,04:33:00,,,,,,,,,,,,,,,,,,,,,,,,,
1714,04:34:00,,,,,,,,,,,,,,,,,,,,,,,,,
1715,04:35:00,,,,,,,,,,,,,,,,,,,,,,,,,
1716,04:36:00,,,,,,,,,,,,,,,,,,,,,,,,,
1717,04:37:00,,,,,,,,,,,,,,,,,,,,,,,,,
1718,04:38:00,,,,,,,,,,,,,,,,,,,,,,,,,
1719,04:39:00,,,,,,,,,,,,,,,,,,,,,,,,,
1720,04:40:00,,,,,,,,,,,,,,,,,,,,,,,,,
1721,04:41:00,,,,,,,,,,,,,,,,,,,,,,,,,
1722,04:42:00,,,,,,,,,,,,,,,,,,,,,,,,,
1723,04:43:00,,,,,,,,,,,,,,,,,,,,,,,,,
1724,04:44:00,,,,,,,,,,,,,,,,,,,,,,,,,
1725,04:45:00,,,,,,,,,,,,,,,,,,,,,,,,,
1726,04:46:00,,,,,,,,,,,,,,,,,,,,,,,,,
1727,04:47:00,,,,,,,,,,,,,,,,,,,,,,,,,
1728,04:48:00,,,,,,,,,,,,,,,,,,,,,,,,,
1729,04:49:00,,,,,,,,,,,,,,,,,,,,,,,,,
1730,04:50:00,,,,,,,,,,,,,,,,,,,,,,,,,
1731,04:51:00,,,,,,,,,,,,,,,,,,,,,,,,,
1732,04:52:00,,,,,,,,,,,,,,,,,,,,,,,,,
1733,04:53:00,,,,,,,,,,,,,,,,,,,,,,,,,
1734,04:54:00,,,,,,,,,,,,,,,,,,,,,,,,,
1735,04:55:00,,,,,,,,,,,,,,,,,,,,,,,,,
1736,04:56:00,,,,,,,,,,,,,,,,,,,,,,,,,
1737,04:57:00,,,,,,,,,,,,,,,,,,,,,,,,,
1738,04:58:00,,,,,,,,,,,,,,,,,,,,,,,,,
1739,04:59:00,,,,,,,,,,,,,,,,,,,,,,,,,
1740,05:00:00,,,,,,,,,,,,,,,,,,,,,,,,,
1741,05:01:00,,,,,,,,,,,,,,,,,,,,,,,,,
1742,05:02:00,,,,,,,,,,,,,,,,,,,,,,,,,
1743,05:03:00,,,,,,,,,,,,,,,,,,,,,,,,,
1744,05:04:00,,,,,,,,,,,,,,,,,,,,,,,,,
1745,05:05:00,,,,,,,,,,,,,,,,,,,,,,,,,
1746,05:06:00,,,,,,,,,,,,,,,,,,,,,,,,,
1747,05:07:00,,,,,,,,,,,,,,,,,,,,,,,,,
1748,05:08:00,,,,,,,,,,,,,,,,,,,,,,,,,
1749,05:09:00,,,,,,,,,,,,,,,,,,,,,,,,,
1750,05:10:00,,,,,,,,,,,,,,,,,,,,,,,,,
1751,05:11:00,,,,,,,,,,,,,,,,,,,,,,,,,
1752,05:12:00,,,,,,,,,,,,,,,,,,,,,,,,,
1753,05:13:00,,,,,,,,,,,,,,,,,,,,,,,,,
1754,05:14:00,,,,,,,,,,,,,,,,,,,,,,,,,
1755,05:15:00,,,,,,,,,,,,,,,,,,,,,,,,,
1756,05:16:00,,,,,,,,,,,,,,,,,,,,,,,,,
1757,05:17:00,,,,,,,,,,,,,,,,,,,,,,,,,
1758,05:18:00,,,,,,,,,,,,,,,,,,,,,,,,,
1759,05:19:00,,,,,,,,,,,,,,,,,,,,,,,,,
1760,05:20:00,,,,,,,,,,,,,,,,,,,,,,,,,
1761,05:21:00,,,,,,,,,,,,,,,,,,,,,,,,,
1762,05:22:00,,,,,,,,,,,,,,,,,,,,,,,,,
1763,05:23:00,,,,,,,,,,,,,,,,,,,,,,,,,
1764,05:24:00,,,,,,,,,,,,,,,,,,,,,,,,,
1765,05:25:00,,,,,,,,,,,,,,,,,,,,,,,,,
1766,05:26:00,,,,,,,,,,,,,,,,,,,,,,,,,
1767,05:27:00,,,,,,,,,,,,,,,,,,,,,,,,,
1768,05:28:00,,,,,,,,,,,,,,,,,,,,,,,,,
1769,05:29:00,,,,,,,,,,,,,,,,,,,,,,,,,
1770,05:30:00,,,,,,,,,,,,,,,,,,,,,,,,,
1771,05:31:00,,,,,,,,,,,,,,,,,,,,,,,,,
1772,05:32:00,,,,,,,,,,,,,,,,,,,,,,,,,
1773,05:33:00,,,,,,,,,,,,,,,,,,,,,,,,,
1774,05:34:00,,,,,,,,,,,,,,,,,,,,,,,,,
1775,05:35:00,,,,,,,,,,,,,,,,,,,,,,,,,
1776,05:36:00,,,,,,,,,,,,,,,,,,,,,,,,,
1777,05:37:00,,,,,,,,,,,,,,,,,,,,,,,,,
1778,05:38:00,,,,,,,,,,,,,,,,,,,,,,,,,
1779,05:39:00,,,,,,,,,,,,,,,,,,,,,,,,,
1780,05:40:00,,,,,,,,,,,,,,,,,,,,,,,,,
1781,05:41:00,,,,,,,,,,,,,,,,,,,,,,,,,
1782,05:42:00,,,,,,,,,,,,,,,,,,,,,,,,,
1783,05:43:00,,,,,,,,,,,,,,,,,,,,,,,,,
1784,05:44:00,,,,,,,,,,,,,,,,,,,,,,,,,
1785,05:45:00,,,,,,,,,,,,,,,,,,,,,,,,,
1786,05:46:00,,,,,,,,,,,,,,,,,,,,,,,,,
1787,05:47:00,,,,,,,,,,,,,,,,,,,,,,,,,
1788,05:48:00,,,,,,,,,,,,,,,,,,,,,,,,,
1789,05:49:00,,,,,,,,,,,,,,,,,,,,,,,,,
1790,05:50:00,,,,,,,,,,,,,,,,,,,,,,,,,
1791,05:51:00,,,,,,,,,,,,,,,,,,,,,,,,,
1792,05:52:00,,,,,,,,,,,,,,,,,,,,,,,,,
1793,05:53:00,,,,,,,,,,,,,,,,,,,,,,,,,
1794,05:54:00,,,,,,,,,,,,,,,,,,,,,,,,,
1795,05:55:00,,,,,,,,,,,,,,,,,,,,,,,,,
1796,05:56:00,,,,,,,,,,,,,,,,,,,,,,,,,
1797,05:57:00,,,,,,,,,,,,,,,,,,,,,,,,,
1798,05:58:00,,,,,,,,,,,,,,,,,,,,,,,,,
1799,05:59:00,,,,,,,,,,,,,,,,,,,,,,,,,
1800,06:00:00,,,,,,,,,,,,,,,,,,,,,,,,,
1801,06:01:00,,,,,,,,,,,,,,,,,,,,,,,,,
1802,06:02:00,,,,,,,,,,,,,,,,,,,,,,,,,
1803,06:03:00,,,,,,,,,,,,,,,,,,,,,,,,,
1804,06:04:00,,,,,,,,,,,,,,,,,,,,,,,,,
1805,06:05:00,,,,,,,,,,,,,,,,,,,,,,,,,
1806,06:06:00,,,,,,,,,,,,,,,,,,,,,,,,,
1807,06:07:00,,,,,,,,,,,,,,,,,,,,,,,,,
1808,06:08:00,,,,,,,,,,,,,,,,,,,,,,,,,
1809,06:09:00,,,,,,,,,,,,,,,,,,,,,,,,,
1810,06:10:00,,,,,,,,,,,,,,,,,,,,,,,,,
1811,06:11:00,,,,,,,,,,,,,,,,,,,,,,,,,
1812,06:12:00,,,,,,,,,,,,,,,,,,,,,,,,,
1813,06:13:00,,,,,,,,,,,,,,,,,,,,,,,,,
1814,06:14:00,,,,,,,,,,,,,,,,,,,,,,,,,
1815,06:15:00,,,,,,,,,,,,,,,,,,,,,,,,,
1816,06:16:00,,,,,,,,,,,,,,,,,,,,,,,,,
1817,06:17:00,,,,,,,,,,,,,,,,,,,,,,,,,
1818,06:18:00,,,,,,,,,,,,,,,,,,,,,,,,,
1819,06:19:00,,,,,,,,,,,,,,,,,,,,,,,,,
1820,06:20:00,,,,,,,,,,,,,,,,,,,,,,,,,
1821,06:21:00,,,,,,,,,,,,,,,,,,,,,,,,,
1822,06:22:00,,,,,,,,,,,,,,,,,,,,,,,,,
1823,06:23:00,,,,,,,,,,,,,,,,,,,,,,,,,
1824,06:24:00,,,,,,,,,,,,,,,,,,,,,,,,,
1825,06:25:00,,,,,,,,,,,,,,,,,,,,,,,,,
1826,06:26:00,,,,,,,,,,,,,,,,,,,,,,,,,
1827,06:27:00,,,,,,,,,,,,,,,,,,,,,,,,,
1828,06:28:00,,,,,,,,,,,,,,,,,,,,,,,,,
1829,06:29:00,,,,,,,,,,,,,,,,,,,,,,,,,
1830,06:30:00,,,,,,,,,,,,,,,,,,,,,,,,,
1831,06:31:00,,,,,,,,,,,,,,,,,,,,,,,,,
1832,06:32:00,,,,,,,,,,,,,,,,,,,,,,,,,
1833,06:33:00,,,,,,,,,,,,,,,,,,,,,,,,,
1834,06:34:00,,,,,,,,,,,,,,,,,,,,,,,,,
1835,06:35:00,,,,,,,,,,,,,,,,,,,,,,,,,
1836,06:36:00,,,,,,,,,,,,,,,,,,,,,,,,,
1837,06:37:00,,,,,,,,,,,,,,,,,,,,,,,,,
1838,06:38:00,,,,,,,,,,,,,,,,,,,,,,,,,
1839,06:39:00,,,,,,,,,,,,,,,,,,,,,,,,,
1840,06:40:00,,,,,,,,,,,,,,,,,,,,,,,,,
1841,06:41:00,,,,,,,,,,,,,,,,,,,,,,,,,
1842,06:42:00,,,,,,,,,,,,,,,,,,,,,,,,,
1843,06:43:00,,,,,,,,,,,,,,,,,,,,,,,,,
1844,06:44:00,,,,,,,,,,,,,,,,,,,,,,,,,
1845,06:45:00,,,,,,,,,,,,,,,,,,,,,,,,,
1846,06:46:00,,,,,,,,,,,,,,,,,,,,,,,,,
1847,06:47:00,,,,,,,,,,,,,,,,,,,,,,,,,
1848,06:48:00,,,,,,,,,,,,,,,,,,,,,,,,,
1849,06:49:00,,,,,,,,,,,,,,,,,,,,,,,,,
1850,06:50:00,,,,,,,,,,,,,,,,,,,,,,,,,
1851,06:51:00,,,,,,,,,,,,,,,,,,,,,,,,,
1852,06:52:00,,,,,,,,,,,,,,,,,,,,,,,,,
1853,06:53:00,,,,,,,,,,,,,,,,,,,,,,,,,
1854,06:54:00,,,,,,,,,,,,,,,,,,,,,,,,,
1855,06:55:00,,,,,,,,,,,,,,,,,,,,,,,,,
1856,06:56:00,,,,,,,,,,,,,,,,,,,,,,,,,
1857,06:57:00,,,,,,,,,,,,,,,,,,,,,,,,,
1858,06:58:00,,,,,,,,,,,,,,,,,,,,,,,,,
1859,06:59:00,,,,,,,,,,,,,,,,,,,,,,,,,
1860,07:00:00,,,,,,,,,,,,,,,,,,,,,,,,,
1861,07:01:00,,,,,,,,,,,,,,,,,,,,,,,,,
1862,07:02:00,,,,,,,,,,,,,,,,,,,,,,,,,
1863,07:03:00,,,,,,,,,,,,,,,,,,,,,,,,,
1864,07:04:00,,,,,,,,,,,,,,,,,,,,,,,,,
1865,07:05:00,,,,,,,,,,,,,,,,,,,,,,,,,
1866,07:06:00,,,,,,,,,,,,,,,,,,,,,,,,,
1867,07:07:00,,,,,,,,,,,,,,,,,,,,,,,,,
1868,07:08:00,,,,,,,,,,,,,,,,,,,,,,,,,
1869,07:09:00,,,,,,,,,,,,,,,,,,,,,,,,,
1870,07:10:00,,,,,,,,,,,,,,,,,,,,,,,,,
1871,07:11:00,,,,,,,,,,,,,,,,,,,,,,,,,
1872,07:12:00,,,,,,,,,,,,,,,,,,,,,,,,,
1873,07:13:00,,,,,,,,,,,,,,,,,,,,,,,,,
1874,07:14:00,,,,,,,,,,,,,,,,,,,,,,,,,
1875,07:15:00,,,,,,,,,,,,,,,,,,,,,,,,,
1876,07:16:00,,,,,,,,,,,,,,,,,,,,,,,,,
1877,07:17:00,,,,,,,,,,,,,,,,,,,,,,,,,
1878,07:18:00,,,,,,,,,,,,,,,,,,,,,,,,,
1879,07:19:00,,,,,,,,,,,,,,,,,,,,,,,,,
1880,07:20:00,,,,,,,,,,,,,,,,,,,,,,,,,
1881,07:21:00,,,,,,,,,,,,,,,,,,,,,,,,,
1882,07:22:00,,,,,,,,,,,,,,,,,,,,,,,,,
1883,07:23:00,,,,,,,,,,,,,,,,,,,,,,,,,
1884,07:24:00,,,,,,,,,,,,,,,,,,,,,,,,,
1885,07:25:00,,,,,,,,,,,,,,,,,,,,,,,,,
1886,07:26:00,,,,,,,,,,,,,,,,,,,,,,,,,
1887,07:27:00,,,,,,,,,,,,,,,,,,,,,,,,,
1888,07:28:00,,,,,,,,,,,,,,,,,,,,,,,,,
1889,07:29:00,,,,,,,,,,,,,,,,,,,,,,,,,
1890,07:30:00,,,,,,,,,,,,,,,,,,,,,,,,,
1891,07:31:00,,,,,,,,,,,,,,,,,,,,,,,,,
1892,07:32:00,,,,,,,,,,,,,,,,,,,,,,,,,
1893,07:33:00,,,,,,,,,,,,,,,,,,,,,,,,,
1894,07:34:00,,,,,,,,,,,,,,,,,,,,,,,,,
1895,07:35:00,,,,,,,,,,,,,,,,,,,,,,,,,
1896,07:36:00,,,,,,,,,,,,,,,,,,,,,,,,,
1897,07:37:00,,,,,,,,,,,,,,,,,,,,,,,,,
1898,07:38:00,,,,,,,,,,,,,,,,,,,,,,,,,
1899,07:39:00,,,,,,,,,,,,,,,,,,,,,,,,,
1900,07:40:00,,,,,,,,,,,,,,,,,,,,,,,,,
1901,07:41:00,,,,,,,,,,,,,,,,,,,,,,,,,
1902,07:42:00,,,,,,,,,,,,,,,,,,,,,,,,,
1903,07:43:00,,,,,,,,,,,,,,,,,,,,,,,,,
1904,07:44:00,,,,,,,,,,,,,,,,,,,,,,,,,
1905,07:45:00,,,,,,,,,,,,,,,,,,,,,,,,,
1906,07:46:00,,,,,,,,,,,,,,,,,,,,,,,,,
1907,07:47:00,,,,,,,,,,,,,,,,,,,,,,,,,
1908,07:48:00,,,,,,,,,,,,,,,,,,,,,,,,,
1909,07:49:00,,,,,,,,,,,,,,,,,,,,,,,,,
1910,07:50:00,,,,,,,,,,,,,,,,,,,,,,,,,
1911,07:51:00,,,,,,,,,,,,,,,,,,,,,,,,,
1912,07:52:00,,,,,,,,,,,,,,,,,,,,,,,,,
1913,07:53:00,,,,,,,,,,,,,,,,,,,,,,,,,
1914,07:54:00,,,,,,,,,,,,,,,,,,,,,,,,,
1915,07:55:00,,,,,,,,,,,,,,,,,,,,,,,,,
1916,07:56:00,,,,,,,,,,,,,,,,,,,,,,,,,
1917,07:57:00,,,,,,,,,,,,,,,,,,,,,,,,,
1918,07:58:00,,,,,,,,,,,,,,,,,,,,,,,,,
1919,07:59:00,,,,,,,,,,,,,,,,,,,,,,,,,
1920,08:00:00,,,,,,,,,,,,,,,,,,,,,,,,,
1921,08:01:00,,,,,,,,,,,,,,,,,,,,,,,,,
1922,08:02:00,,,,,,,,,,,,,,,,,,,,,,,,,
1923,08:03:00,,,,,,,,,,,,,,,,,,,,,,,,,
1924,08:04:00,,,,,,,,,,,,,,,,,,,,,,,,,
1925,08:05:00,,,,,,,,,,,,,,,,,,,,,,,,,
1926,08:06:00,,,,,,,,,,,,,,,,,,,,,,,,,
1927,08:07:00,,,,,,,,,,,,,,,,,,,,,,,,,
1928,08:08:00,,,,,,,,,,,,,,,,,,,,,,,,,
1929,08:09:00,,,,,,,,,,,,,,,,,,,,,,,,,
1930,08:10:00,,,,,,,,,,,,,,,,,,,,,,,,,
1931,08:11:00,,,,,,,,,,,,,,,,,,,,,,,,,
1932,08:12:00,,,,,,,,,,,,,,,,,,,,,,,,,
1933,08:13:00,,,,,,,,,,,,,,,,,,,,,,,,,
1934,08:14:00,,,,,,,,,,,,,,,,,,,,,,,,,
1935,08:15:00,,,,,,,,,,,,,,,,,,,,,,,,,
1936,08:16:00,,,,,,,,,,,,,,,,,,,,,,,,,
1937,08:17:00,,,,,,,,,,,,,,,,,,,,,,,,,
1938,08:18:00,,,,,,,,,,,,,,,,,,,,,,,,,
1939,08:19:00,,,,,,,,,,,,,,,,,,,,,,,,,
1940,08:20:00,,,,,,,,,,,,,,,,,,,,,,,,,
1941,08:21:00,,,,,,,,,,,,,,,,,,,,,,,,,
1942,08:22:00,,,,,,,,,,,,,,,,,,,,,,,,,
1943,08:23:00,,,,,,,,,,,,,,,,,,,,,,,,,
1944,08:24:00,,,,,,,,,,,,,,,,,,,,,,,,,
1945,08:25:00,,,,,,,,,,,,,,,,,,,,,,,,,
1946,08:26:00,,,,,,,,,,,,,,,,,,,,,,,,,
1947,08:27:00,,,,,,,,,,,,,,,,,,,,,,,,,
1948,08:28:00,,,,,,,,,,,,,,,,,,,,,,,,,
1949,08:29:00,,,,,,,,,,,,,,,,,,,,,,,,,
1950,08:30:00,,,,,,,,,,,,,,,,,,,,,,,,,
1951,08:31:00,,,,,,,,,,,,,,,,,,,,,,,,,
1952,08:32:00,,,,,,,,,,,,,,,,,,,,,,,,,
1953,08:33:00,,,,,,,,,,,,,,,,,,,,,,,,,
1954,08:34:00,,,,,,,,,,,,,,,,,,,,,,,,,
1955,08:35:00,,,,,,,,,,,,,,,,,,,,,,,,,
1956,08:36:00,,,,,,,,,,,,,,,,,,,,,,,,,
1957,08:37:00,,,,,,,,,,,,,,,,,,,,,,,,,
1958,08:38:00,,,,,,,,,,,,,,,,,,,,,,,,,
1959,08:39:00,,,,,,,,,,,,,,,,,,,,,,,,,
1960,08:40:00,,,,,,,,,,,,,,,,,,,,,,,,,
1961,08:41:00,,,,,,,,,,,,,,,,,,,,,,,,,
1962,08:42:00,,,,,,,,,,,,,,,,,,,,,,,,,
1963,08:43:00,,,,,,,,,,,,,,,,,,,,,,,,,
1964,08:44:00,,,,,,,,,,,,,,,,,,,,,,,,,
1965,08:45:00,,,,,,,,,,,,,,,,,,,,,,,,,
1966,08:46:00,,,,,,,,,,,,,,,,,,,,,,,,,
1967,08:47:00,,,,,,,,,,,,,,,,,,,,,,,,,
1968,08:48:00,,,,,,,,,,,,,,,,,,,,,,,,,
1969,08:49:00,,,,,,,,,,,,,,,,,,,,,,,,,
1970,08:50:00,,,,,,,,,,,,,,,,,,,,,,,,,
1971,08:51:00,,,,,,,,,,,,,,,,,,,,,,,,,
1972,08:52:00,,,,,,,,,,,,,,,,,,,,,,,,,
1973,08:53:00,,,,,,,,,,,,,,,,,,,,,,,,,
1974,08:54:00,,,,,,,,,,,,,,,,,,,,,,,,,
1975,08:55:00,,,,,,,,,,,,,,,,,,,,,,,,,
1976,08:56:00,,,,,,,,,,,,,,,,,,,,,,,,,
1977,08:57:00,,,,,,,,,,,,,,,,,,,,,,,,,
1978,08:58:00,,,,,,,,,,,,,,,,,,,,,,,,,
1979,08:59:00,,,,,,,,,,,,,,,,,,,,,,,,,
1980,09:00:00,,,,,,,,,,,,,,,,,,,,,,,,,
1981,09:01:00,,,,,,,,,,,,,,,,,,,,,,,,,
1982,09:02:00,,,,,,,,,,,,,,,,,,,,,,,,,
1983,09:03:00,,,,,,,,,,,,,,,,,,,,,,,,,
1984,09:04:00,,,,,,,,,,,,,,,,,,,,,,,,,
1985,09:05:00,,,,,,,,,,,,,,,,,,,,,,,,,
1986,09:06:00,,,,,,,,,,,,,,,,,,,,,,,,,
1987,09:07:00,,,,,,,,,,,,,,,,,,,,,,,,,
1988,09:08:00,,,,,,,,,,,,,,,,,,,,,,,,,
1989,09:09:00,,,,,,,,,,,,,,,,,,,,,,,,,
1990,09:10:00,,,,,,,,,,,,,,,,,,,,,,,,,
1991,09:11:00,,,,,,,,,,,,,,,,,,,,,,,,,
1992,09:12:00,,,,,,,,,,,,,,,,,,,,,,,,,
1993,09:13:00,,,,,,,,,,,,,,,,,,,,,,,,,
1994,09:14:00,,,,,,,,,,,,,,,,,,,,,,,,,
1995,09:15:00,,,,,,,,,,,,,,,,,,,,,,,,,
1996,09:16:00,,,,,,,,,,,,,,,,,,,,,,,,,
1997,09:17:00,,,,,,,,,,,,,,,,,,,,,,,,,
1998,09:18:00,,,,,,,,,,,,,,,,,,,,,,,,,
1999,09:19:00,,,,,,,,,,,,,,,,,,,,,,,,,
2000,09:20:00,,,,,,,,,,,,,,,,,,,,,,,,,
2001,09:21:00,,,,,,,,,,,,,,,,,,,,,,,,,
2002,09:22:00,,,,,,,,,,,,,,,,,,,,,,,,,
2003,09:23:00,,,,,,,,,,,,,,,,,,,,,,,,,
2004,09:24:00,,,,,,,,,,,,,,,,,,,,,,,,,
2005,09:25:00,,,,,,,,,,,,,,,,,,,,,,,,,
2006,09:26:00,,,,,,,,,,,,,,,,,,,,,,,,,
2007,09:27:00,,,,,,,,,,,,,,,,,,,,,,,,,
2008,09:28:00,,,,,,,,,,,,,,,,,,,,,,,,,
2009,09:29:00,,,,,,,,,,,,,,,,,,,,,,,,,
2010,09:30:00,,,,,,,,,,,,,,,,,,,,,,,,,
2011,09:31:00,,,,,,,,,,,,,,,,,,,,,,,,,
2012,09:32:00,,,,,,,,,,,,,,,,,,,,,,,,,
2013,09:33:00,,,,,,,,,,,,,,,,,,,,,,,,,
2014,09:34:00,,,,,,,,,,,,,,,,,,,,,,,,,
2015,09:35:00,,,,,,,,,,,,,,,,,,,,,,,,,
2016,09:36:00,,,,,,,,,,,,,,,,,,,,,,,,,
2017,09:37:00,,,,,,,,,,,,,,,,,,,,,,,,,
2018,09:38:00,,,,,,,,,,,,,,,,,,,,,,,,,
2019,09:39:00,,,,,,,,,,,,,,,,,,,,,,,,,
2020,09:40:00,,,,,,,,,,,,,,,,,,,,,,,,,
2021,09:41:00,,,,,,,,,,,,,,,,,,,,,,,,,
2022,09:42:00,,,,,,,,,,,,,,,,,,,,,,,,,
2023,09:43:00,,,,,,,,,,,,,,,,,,,,,,,,,
2024,09:44:00,,,,,,,,,,,,,,,,,,,,,,,,,
2025,09:45:00,,,,,,,,,,,,,,,,,,,,,,,,,
2026,09:46:00,,,,,,,,,,,,,,,,,,,,,,,,,
2027,09:47:00,,,,,,,,,,,,,,,,,,,,,,,,,
2028,09:48:00,,,,,,,,,,,,,,,,,,,,,,,,,
2029,09:49:00,,,,,,,,,,,,,,,,,,,,,,,,,
2030,09:50:00,,,,,,,,,,,,,,,,,,,,,,,,,
2031,09:51:00,,,,,,,,,,,,,,,,,,,,,,,,,
2032,09:52:00,,,,,,,,,,,,,,,,,,,,,,,,,
2033,09:53:00,,,,,,,,,,,,,,,,,,,,,,,,,
2034,09:54:00,,,,,,,,,,,,,,,,,,,,,,,,,
2035,09:55:00,,,,,,,,,,,,,,,,,,,,,,,,,
2036,09:56:00,,,,,,,,,,,,,,,,,,,,,,,,,
2037,09:57:00,,,,,,,,,,,,,,,,,,,,,,,,,
2038,09:58:00,,,,,,,,,,,,,,,,,,,,,,,,,
2039,09:59:00,,,,,,,,,,,,,,,,,,,,,,,,,
2040,10:00:00,,,,,,,,,,,,,,,,,,,,,,,,,
2041,10:01:00,,,,,,,,,,,,,,,,,,,,,,,,,
2042,10:02:00,,,,,,,,,,,,,,,,,,,,,,,,,
2043,10:03:00,,,,,,,,,,,,,,,,,,,,,,,,,
2044,10:04:00,,,,,,,,,,,,,,,,,,,,,,,,,
2045,10:05:00,,,,,,,,,,,,,,,,,,,,,,,,,
2046,10:06:00,,,,,,,,,,,,,,,,,,,,,,,,,
2047,10:07:00,,,,,,,,,,,,,,,,,,,,,,,,,
2048,10:08:00,,,,,,,,,,,,,,,,,,,,,,,,,
2049,10:09:00,,,,,,,,,,,,,,,,,,,,,,,,,
2050,10:10:00,,,,,,,,,,,,,,,,,,,,,,,,,
2051,10:11:00,,,,,,,,,,,,,,,,,,,,,,,,,
2052,10:12:00,,,,,,,,,,,,,,,,,,,,,,,,,
2053,10:13:00,,,,,,,,,,,,,,,,,,,,,,,,,
2054,10:14:00,,,,,,,,,,,,,,,,,,,,,,,,,
2055,10:15:00,,,,,,,,,,,,,,,,,,,,,,,,,
2056,10:16:00,,,,,,,,,,,,,,,,,,,,,,,,,
2057,10:17:00,,,,,,,,,,,,,,,,,,,,,,,,,
2058,10:18:00,,,,,,,,,,,,,,,,,,,,,,,,,
2059,10:19:00,,,,,,,,,,,,,,,,,,,,,,,,,
2060,10:20:00,,,,,,,,,,,,,,,,,,,,,,,,,
2061,10:21:00,,,,,,,,,,,,,,,,,,,,,,,,,
2062,10:22:00,,,,,,,,,,,,,,,,,,,,,,,,,
2063,10:23:00,,,,,,,,,,,,,,,,,,,,,,,,,
2064,10:24:00,,,,,,,,,,,,,,,,,,,,,,,,,
2065,10:25:00,,,,,,,,,,,,,,,,,,,,,,,,,
2066,10:26:00,,,,,,,,,,,,,,,,,,,,,,,,,
2067,10:27:00,,,,,,,,,,,,,,,,,,,,,,,,,
2068,10:28:00,,,,,,,,,,,,,,,,,,,,,,,,,
2069,10:29:00,,,,,,,,,,,,,,,,,,,,,,,,,
2070,10:30:00,,,,,,,,,,,,,,,,,,,,,,,,,
2071,10:31:00,,,,,,,,,,,,,,,,,,,,,,,,,
2072,10:32:00,,,,,,,,,,,,,,,,,,,,,,,,,
2073,10:33:00,,,,,,,,,,,,,,,,,,,,,,,,,
2074,10:34:00,,,,,,,,,,,,,,,,,,,,,,,,,
2075,10:35:00,,,,,,,,,,,,,,,,,,,,,,,,,
2076,10:36:00,,,,,,,,,,,,,,,,,,,,,,,,,
2077,10:37:00,,,,,,,,,,,,,,,,,,,,,,,,,
2078,10:38:00,,,,,,,,,,,,,,,,,,,,,,,,,
2079,10:39:00,,,,,,,,,,,,,,,,,,,,,,,,,
2080,10:40:00,,,,,,,,,,,,,,,,,,,,,,,,,
2081,10:41:00,,,,,,,,,,,,,,,,,,,,,,,,,
2082,10:42:00,,,,,,,,,,,,,,,,,,,,,,,,,
2083,10:43:00,,,,,,,,,,,,,,,,,,,,,,,,,
2084,10:44:00,,,,,,,,,,,,,,,,,,,,,,,,,
2085,10:45:00,,,,,,,,,,,,,,,,,,,,,,,,,
2086,10:46:00,,,,,,,,,,,,,,,,,,,,,,,,,
2087,10:47:00,,,,,,,,,,,,,,,,,,,,,,,,,
2088,10:48:00,,,,,,,,,,,,,,,,,,,,,,,,,
2089,10:49:00,,,,,,,,,,,,,,,,,,,,,,,,,
2090,10:50:00,,,,,,,,,,,,,,,,,,,,,,,,,
2091,10:51:00,,,,,,,,,,,,,,,,,,,,,,,,,
2092,10:52:00,,,,,,,,,,,,,,,,,,,,,,,,,
2093,10:53:00,,,,,,,,,,,,,,,,,,,,,,,,,
2094,10:54:00,,,,,,,,,,,,,,,,,,,,,,,,,
2095,10:55:00,,,,,,,,,,,,,,,,,,,,,,,,,
2096,10:56:00,,,,,,,,,,,,,,,,,,,,,,,,,
2097,10:57:00,,,,,,,,,,,,,,,,,,,,,,,,,
2098,10:58:00,,,,,,,,,,,,,,,,,,,,,,,,,
2099,10:59:00,,,,,,,,,,,,,,,,,,,,,,,,,
2100,11:00:00,,,,,,,,,,,,,,,,,,,,,,,,,
2101,11:01:00,,,,,,,,,,,,,,,,,,,,,,,,,
2102,11:02:00,,,,,,,,,,,,,,,,,,,,,,,,,
2103,11:03:00,,,,,,,,,,,,,,,,,,,,,,,,,
2104,11:04:00,,,,,,,,,,,,,,,,,,,,,,,,,
2105,11:05:00,,,,,,,,,,,,,,,,,,,,,,,,,
2106,11:06:00,,,,,,,,,,,,,,,,,,,,,,,,,
2107,11:07:00,,,,,,,,,,,,,,,,,,,,,,,,,
2108,11:08:00,,,,,,,,,,,,,,,,,,,,,,,,,
2109,11:09:00,,,,,,,,,,,,,,,,,,,,,,,,,
2110,11:10:00,,,,,,,,,,,,,,,,,,,,,,,,,
2111,11:11:00,,,,,,,,,,,,,,,,,,,,,,,,,
2112,11:12:00,,,,,,,,,,,,,,,,,,,,,,,,,
2113,11:13:00,,,,,,,,,,,,,,,,,,,,,,,,,
2114,11:14:00,,,,,,,,,,,,,,,,,,,,,,,,,
2115,11:15:00,,,,,,,,,,,,,,,,,,,,,,,,,
2116,11:16:00,,,,,,,,,,,,,,,,,,,,,,,,,
2117,11:17:00,,,,,,,,,,,,,,,,,,,,,,,,,
2118,11:18:00,,,,,,,,,,,,,,,,,,,,,,,,,
2119,11:19:00,,,,,,,,,,,,,,,,,,,,,,,,,
2120,11:20:00,,,,,,,,,,,,,,,,,,,,,,,,,
2121,11:21:00,,,,,,,,,,,,,,,,,,,,,,,,,
2122,11:22:00,,,,,,,,,,,,,,,,,,,,,,,,,
2123,11:23:00,,,,,,,,,,,,,,,,,,,,,,,,,
2124,11:24:00,,,,,,,,,,,,,,,,,,,,,,,,,
2125,11:25:00,,,,,,,,,,,,,,,,,,,,,,,,,
2126,11:26:00,,,,,,,,,,,,,,,,,,,,,,,,,
2127,11:27:00,,,,,,,,,,,,,,,,,,,,,,,,,
2128,11:28:00,,,,,,,,,,,,,,,,,,,,,,,,,
2129,11:29:00,,,,,,,,,,,,,,,,,,,,,,,,,
2130,11:30:00,,,,,,,,,,,,,,,,,,,,,,,,,
2131,11:31:00,,,,,,,,,,,,,,,,,,,,,,,,,
2132,11:32:00,,,,,,,,,,,,,,,,,,,,,,,,,
2133,11:33:00,,,,,,,,,,,,,,,,,,,,,,,,,
2134,11:34:00,,,,,,,,,,,,,,,,,,,,,,,,,
2135,11:35:00,,,,,,,,,,,,,,,,,,,,,,,,,
2136,11:36:00,,,,,,,,,,,,,,,,,,,,,,,,,
2137,11:37:00,,,,,,,,,,,,,,,,,,,,,,,,,
2138,11:38:00,,,,,,,,,,,,,,,,,,,,,,,,,
2139,11:39:00,,,,,,,,,,,,,,,,,,,,,,,,,
2140,11:40:00,,,,,,,,,,,,,,,,,,,,,,,,,
2141,11:41:00,,,,,,,,,,,,,,,,,,,,,,,,,
2142,11:42:00,,,,,,,,,,,,,,,,,,,,,,,,,
2143,11:43:00,,,,,,,,,,,,,,,,,,,,,,,,,
2144,11:44:00,,,,,,,,,,,,,,,,,,,,,,,,,
2145,11:45:00,,,,,,,,,,,,,,,,,,,,,,,,,
2146,11:46:00,,,,,,,,,,,,,,,,,,,,,,,,,
2147,11:47:00,,,,,,,,,,,,,,,,,,,,,,,,,
2148,11:48:00,,,,,,,,,,,,,,,,,,,,,,,,,
2149,11:49:00,,,,,,,,,,,,,,,,,,,,,,,,,
2150,11:50:00,,,,,,,,,,,,,,,,,,,,,,,,,
2151,11:51:00,,,,,,,,,,,,,,,,,,,,,,,,,
2152,11:52:00,,,,,,,,,,,,,,,,,,,,,,,,,
2153,11:53:00,,,,,,,,,,,,,,,,,,,,,,,,,
2154,11:54:00,,,,,,,,,,,,,,,,,,,,,,,,,
2155,11:55:00,,,,,,,,,,,,,,,,,,,,,,,,,
2156,11:56:00,,,,,,,,,,,,,,,,,,,,,,,,,
2157,11:57:00,,,,,,,,,,,,,,,,,,,,,,,,,
2158,11:58:00,,,,,,,,,,,,,,,,,,,,,,,,,
2159,11:59:00,,,,,,,,,,,,,,,,,,,,,,,,,
2160,12:00:00,,,,,,,,,,,,,,,,,,,,,,,,,
2161,12:01:00,,,,,,,,,,,,,,,,,,,,,,,,,
2162,12:02:00,,,,,,,,,,,,,,,,,,,,,,,,,
2163,12:03:00,,,,,,,,,,,,,,,,,,,,,,,,,
2164,12:04:00,,,,,,,,,,,,,,,,,,,,,,,,,
2165,12:05:00,,,,,,,,,,,,,,,,,,,,,,,,,
2166,12:06:00,,,,,,,,,,,,,,,,,,,,,,,,,
2167,12:07:00,,,,,,,,,,,,,,,,,,,,,,,,,
2168,12:08:00,,,,,,,,,,,,,,,,,,,,,,,,,
2169,12:09:00,,,,,,,,,,,,,,,,,,,,,,,,,
2170,12:10:00,,,,,,,,,,,,,,,,,,,,,,,,,
2171,12:11:00,,,,,,,,,,,,,,,,,,,,,,,,,
2172,12:12:00,,,,,,,,,,,,,,,,,,,,,,,,,
2173,12:13:00,,,,,,,,,,,,,,,,,,,,,,,,,
2174,12:14:00,,,,,,,,,,,,,,,,,,,,,,,,,
2175,12:15:00,,,,,,,,,,,,,,,,,,,,,,,,,
2176,12:16:00,,,,,,,,,,,,,,,,,,,,,,,,,
2177,12:17:00,,,,,,,,,,,,,,,,,,,,,,,,,
2178,12:18:00,,,,,,,,,,,,,,,,,,,,,,,,,
2179,12:19:00,,,,,,,,,,,,,,,,,,,,,,,,,
2180,12:20:00,,,,,,,,,,,,,,,,,,,,,,,,,
2181,12:21:00,,,,,,,,,,,,,,,,,,,,,,,,,
2182,12:22:00,,,,,,,,,,,,,,,,,,,,,,,,,
2183,12:23:00,,,,,,,,,,,,,,,,,,,,,,,,,
2184,12:24:00,,,,,,,,,,,,,,,,,,,,,,,,,
2185,12:25:00,,,,,,,,,,,,,,,,,,,,,,,,,
2186,12:26:00,,,,,,,,,,,,,,,,,,,,,,,,,
2187,12:27:00,,,,,,,,,,,,,,,,,,,,,,,,,
2188,12:28:00,,,,,,,,,,,,,,,,,,,,,,,,,
2189,12:29:00,,,,,,,,,,,,,,,,,,,,,,,,,
2190,12:30:00,,,,,,,,,,,,,,,,,,,,,,,,,
2191,12:31:00,,,,,,,,,,,,,,,,,,,,,,,,,
2192,12:32:00,,,,,,,,,,,,,,,,,,,,,,,,,
2193,12:33:00,,,,,,,,,,,,,,,,,,,,,,,,,
2194,12:34:00,,,,,,,,,,,,,,,,,,,,,,,,,
2195,12:35:00,,,,,,,,,,,,,,,,,,,,,,,,,
2196,12:36:00,,,,,,,,,,,,,,,,,,,,,,,,,
2197,12:37:00,,,,,,,,,,,,,,,,,,,,,,,,,
2198,12:38:00,,,,,,,,,,,,,,,,,,,,,,,,,
2199,12:39:00,,,,,,,,,,,,,,,,,,,,,,,,,
2200,12:40:00,,,,,,,,,,,,,,,,,,,,,,,,,
2201,12:41:00,,,,,,,,,,,,,,,,,,,,,,,,,
2202,12:42:00,,,,,,,,,,,,,,,,,,,,,,,,,
2203,12:43:00,,,,,,,,,,,,,,,,,,,,,,,,,
2204,12:44:00,,,,,,,,,,,,,,,,,,,,,,,,,
2205,12:45:00,,,,,,,,,,,,,,,,,,,,,,,,,
2206,12:46:00,,,,,,,,,,,,,,,,,,,,,,,,,
2207,12:47:00,,,,,,,,,,,,,,,,,,,,,,,,,
2208,12:48:00,,,,,,,,,,,,,,,,,,,,,,,,,
2209,12:49:00,,,,,,,,,,,,,,,,,,,,,,,,,
2210,12:50:00,,,,,,,,,,,,,,,,,,,,,,,,,
2211,12:51:00,,,,,,,,,,,,,,,,,,,,,,,,,
2212,12:52:00,,,,,,,,,,,,,,,,,,,,,,,,,
2213,12:53:00,,,,,,,,,,,,,,,,,,,,,,,,,
2214,12:54:00,,,,,,,,,,,,,,,,,,,,,,,,,
2215,12:55:00,,,,,,,,,,,,,,,,,,,,,,,,,
2216,12:56:00,,,,,,,,,,,,,,,,,,,,,,,,,
2217,12:57:00,,,,,,,,,,,,,,,,,,,,,,,,,
2218,12:58:00,,,,,,,,,,,,,,,,,,,,,,,,,
2219,12:59:00,,,,,,,,,,,,,,,,,,,,,,,,,
2220,13:00:00,,,,,,,,,,,,,,,,,,,,,,,,,
2221,13:01:00,,,,,,,,,,,,,,,,,,,,,,,,,
2222,13:02:00,,,,,,,,,,,,,,,,,,,,,,,,,
2223,13:03:00,,,,,,,,,,,,,,,,,,,,,,,,,
2224,13:04:00,,,,,,,,,,,,,,,,,,,,,,,,,
2225,13:05:00,,,,,,,,,,,,,,,,,,,,,,,,,
2226,13:06:00,,,,,,,,,,,,,,,,,,,,,,,,,
2227,13:07:00,,,,,,,,,,,,,,,,,,,,,,,,,
2228,13:08:00,,,,,,,,,,,,,,,,,,,,,,,,,
2229,13:09:00,,,,,,,,,,,,,,,,,,,,,,,,,
2230,13:10:00,,,,,,,,,,,,,,,,,,,,,,,,,
2231,13:11:00,,,,,,,,,,,,,,,,,,,,,,,,,
2232,13:12:00,,,,,,,,,,,,,,,,,,,,,,,,,
2233,13:13:00,,,,,,,,,,,,,,,,,,,,,,,,,
2234,13:14:00,,,,,,,,,,,,,,,,,,,,,,,,,
2235,13:15:00,,,,,,,,,,,,,,,,,,,,,,,,,
2236,13:16:00,,,,,,,,,,,,,,,,,,,,,,,,,
2237,13:17:00,,,,,,,,,,,,,,,,,,,,,,,,,
2238,13:18:00,,,,,,,,,,,,,,,,,,,,,,,,,
2239,13:19:00,,,,,,,,,,,,,,,,,,,,,,,,,
2240,13:20:00,,,,,,,,,,,,,,,,,,,,,,,,,
2241,13:21:00,,,,,,,,,,,,,,,,,,,,,,,,,
2242,13:22:00,,,,,,,,,,,,,,,,,,,,,,,,,
2243,13:23:00,,,,,,,,,,,,,,,,,,,,,,,,,
2244,13:24:00,,,,,,,,,,,,,,,,,,,,,,,,,
2245,13:25:00,,,,,,,,,,,,,,,,,,,,,,,,,
2246,13:26:00,,,,,,,,,,,,,,,,,,,,,,,,,
2247,13:27:00,,,,,,,,,,,,,,,,,,,,,,,,,
2248,13:28:00,,,,,,,,,,,,,,,,,,,,,,,,,
2249,13:29:00,,,,,,,,,,,,,,,,,,,,,,,,,
2250,13:30:00,,,,,,,,,,,,,,,,,,,,,,,,,
2251,13:31:00,,,,,,,,,,,,,,,,,,,,,,,,,
2252,13:32:00,,,,,,,,,,,,,,,,,,,,,,,,,
2253,13:33:00,,,,,,,,,,,,,,,,,,,,,,,,,
2254,13:34:00,,,,,,,,,,,,,,,,,,,,,,,,,
2255,13:35:00,,,,,,,,,,,,,,,,,,,,,,,,,
2256,13:36:00,,,,,,,,,,,,,,,,,,,,,,,,,
2257,13:37:00,,,,,,,,,,,,,,,,,,,,,,,,,
2258,13:38:00,,,,,,,,,,,,,,,,,,,,,,,,,
2259,13:39:00,,,,,,,,,,,,,,,,,,,,,,,,,
2260,13:40:00,,,,,,,,,,,,,,,,,,,,,,,,,
2261,13:41:00,,,,,,,,,,,,,,,,,,,,,,,,,
2262,13:42:00,,,,,,,,,,,,,,,,,,,,,,,,,
2263,13:43:00,,,,,,,,,,,,,,,,,,,,,,,,,
2264,13:44:00,,,,,,,,,,,,,,,,,,,,,,,,,
2265,13:45:00,,,,,,,,,,,,,,,,,,,,,,,,,
2266,13:46:00,,,,,,,,,,,,,,,,,,,,,,,,,
2267,13:47:00,,,,,,,,,,,,,,,,,,,,,,,,,
2268,13:48:00,,,,,,,,,,,,,,,,,,,,,,,,,
2269,13:49:00,,,,,,,,,,,,,,,,,,,,,,,,,
2270,13:50:00,,,,,,,,,,,,,,,,,,,,,,,,,
2271,13:51:00,,,,,,,,,,,,,,,,,,,,,,,,,
2272,13:52:00,,,,,,,,,,,,,,,,,,,,,,,,,
2273,13:53:00,,,,,,,,,,,,,,,,,,,,,,,,,
2274,13:54:00,,,,,,,,,,,,,,,,,,,,,,,,,
2275,13:55:00,,,,,,,,,,,,,,,,,,,,,,,,,
2276,13:56:00,,,,,,,,,,,,,,,,,,,,,,,,,
2277,13:57:00,,,,,,,,,,,,,,,,,,,,,,,,,
2278,13:58:00,,,,,,,,,,,,,,,,,,,,,,,,,
2279,13:59:00,,,,,,,,,,,,,,,,,,,,,,,,,
2280,14:00:00,,,,,,,,,,,,,,,,,,,,,,,,,
2281,14:01:00,,,,,,,,,,,,,,,,,,,,,,,,,
2282,14:02:00,,,,,,,,,,,,,,,,,,,,,,,,,
2283,14:03:00,,,,,,,,,,,,,,,,,,,,,,,,,
2284,14:04:00,,,,,,,,,,,,,,,,,,,,,,,,,
2285,14:05:00,,,,,,,,,,,,,,,,,,,,,,,,,
2286,14:06:00,,,,,,,,,,,,,,,,,,,,,,,,,
2287,14:07:00,,,,,,,,,,,,,,,,,,,,,,,,,
2288,14:08:00,,,,,,,,,,,,,,,,,,,,,,,,,
2289,14:09:00,,,,,,,,,,,,,,,,,,,,,,,,,
2290,14:10:00,,,,,,,,,,,,,,,,,,,,,,,,,
2291,14:11:00,,,,,,,,,,,,,,,,,,,,,,,,,
2292,14:12:00,,,,,,,,,,,,,,,,,,,,,,,,,
2293,14:13:00,,,,,,,,,,,,,,,,,,,,,,,,,
2294,14:14:00,,,,,,,,,,,,,,,,,,,,,,,,,
2295,14:15:00,,,,,,,,,,,,,,,,,,,,,,,,,
2296,14:16:00,,,,,,,,,,,,,,,,,,,,,,,,,
2297,14:17:00,,,,,,,,,,,,,,,,,,,,,,,,,
2298,14:18:00,,,,,,,,,,,,,,,,,,,,,,,,,
2299,14:19:00,,,,,,,,,,,,,,,,,,,,,,,,,
2300,14:20:00,,,,,,,,,,,,,,,,,,,,,,,,,
2301,14:21:00,,,,,,,,,,,,,,,,,,,,,,,,,
2302,14:22:00,,,,,,,,,,,,,,,,,,,,,,,,,
2303,14:23:00,,,,,,,,,,,,,,,,,,,,,,,,,
2304,14:24:00,,,,,,,,,,,,,,,,,,,,,,,,,
2305,14:25:00,,,,,,,,,,,,,,,,,,,,,,,,,
2306,14:26:00,,,,,,,,,,,,,,,,,,,,,,,,,
2307,14:27:00,,,,,,,,,,,,,,,,,,,,,,,,,
2308,14:28:00,,,,,,,,,,,,,,,,,,,,,,,,,
2309,14:29:00,,,,,,,,,,,,,,,,,,,,,,,,,
2310,14:30:00,,,,,,,,,,,,,,,,,,,,,,,,,
2311,14:31:00,,,,,,,,,,,,,,,,,,,,,,,,,
2312,14:32:00,,,,,,,,,,,,,,,,,,,,,,,,,
2313,14:33:00,,,,,,,,,,,,,,,,,,,,,,,,,
2314,14:34:00,,,,,,,,,,,,,,,,,,,,,,,,,
2315,14:35:00,,,,,,,,,,,,,,,,,,,,,,,,,
2316,14:36:00,,,,,,,,,,,,,,,,,,,,,,,,,
2317,14:37:00,,,,,,,,,,,,,,,,,,,,,,,,,
2318,14:38:00,,,,,,,,,,,,,,,,,,,,,,,,,
2319,14:39:00,,,,,,,,,,,,,,,,,,,,,,,,,
2320,14:40:00,,,,,,,,,,,,,,,,,,,,,,,,,
2321,14:41:00,,,,,,,,,,,,,,,,,,,,,,,,,
2322,14:42:00,,,,,,,,,,,,,,,,,,,,,,,,,
2323,14:43:00,,,,,,,,,,,,,,,,,,,,,,,,,
2324,14:44:00,,,,,,,,,,,,,,,,,,,,,,,,,
2325,14:45:00,,,,,,,,,,,,,,,,,,,,,,,,,
2326,14:46:00,,,,,,,,,,,,,,,,,,,,,,,,,
2327,14:47:00,,,,,,,,,,,,,,,,,,,,,,,,,
2328,14:48:00,,,,,,,,,,,,,,,,,,,,,,,,,
2329,14:49:00,,,,,,,,,,,,,,,,,,,,,,,,,
2330,14:50:00,,,,,,,,,,,,,,,,,,,,,,,,,
2331,14:51:00,,,,,,,,,,,,,,,,,,,,,,,,,
2332,14:52:00,,,,,,,,,,,,,,,,,,,,,,,,,
2333,14:53:00,,,,,,,,,,,,,,,,,,,,,,,,,
2334,14:54:00,,,,,,,,,,,,,,,,,,,,,,,,,
2335,14:55:00,,,,,,,,,,,,,,,,,,,,,,,,,
2336,14:56:00,,,,,,,,,,,,,,,,,,,,,,,,,
2337,14:57:00,,,,,,,,,,,,,,,,,,,,,,,,,
2338,14:58:00,,,,,,,,,,,,,,,,,,,,,,,,,
2339,14:59:00,,,,,,,,,,,,,,,,,,,,,,,,,
2340,15:00:00,,,,,,,,,,,,,,,,,,,,,,,,,
2341,15:01:00,,,,,,,,,,,,,,,,,,,,,,,,,
2342,15:02:00,,,,,,,,,,,,,,,,,,,,,,,,,
2343,15:03:00,,,,,,,,,,,,,,,,,,,,,,,,,
2344,15:04:00,,,,,,,,,,,,,,,,,,,,,,,,,
2345,15:05:00,,,,,,,,,,,,,,,,,,,,,,,,,
2346,15:06:00,,,,,,,,,,,,,,,,,,,,,,,,,
2347,15:07:00,,,,,,,,,,,,,,,,,,,,,,,,,
2348,15:08:00,,,,,,,,,,,,,,,,,,,,,,,,,
2349,15:09:00,,,,,,,,,,,,,,,,,,,,,,,,,
2350,15:10:00,,,,,,,,,,,,,,,,,,,,,,,,,
2351,15:11:00,,,,,,,,,,,,,,,,,,,,,,,,,
2352,15:12:00,,,,,,,,,,,,,,,,,,,,,,,,,
2353,15:13:00,,,,,,,,,,,,,,,,,,,,,,,,,
2354,15:14:00,,,,,,,,,,,,,,,,,,,,,,,,,
2355,15:15:00,,,,,,,,,,,,,,,,,,,,,,,,,
2356,15:16:00,,,,,,,,,,,,,,,,,,,,,,,,,
2357,15:17:00,,,,,,,,,,,,,,,,,,,,,,,,,
2358,15:18:00,,,,,,,,,,,,,,,,,,,,,,,,,
2359,15:19:00,,,,,,,,,,,,,,,,,,,,,,,,,
2360,15:20:00,,,,,,,,,,,,,,,,,,,,,,,,,
2361,15:21:00,,,,,,,,,,,,,,,,,,,,,,,,,
2362,15:22:00,,,,,,,,,,,,,,,,,,,,,,,,,
2363,15:23:00,,,,,,,,,,,,,,,,,,,,,,,,,
2364,15:24:00,,,,,,,,,,,,,,,,,,,,,,,,,
2365,15:25:00,,,,,,,,,,,,,,,,,,,,,,,,,
2366,15:26:00,,,,,,,,,,,,,,,,,,,,,,,,,
2367,15:27:00,,,,,,,,,,,,,,,,,,,,,,,,,
2368,15:28:00,,,,,,,,,,,,,,,,,,,,,,,,,
2369,15:29:00,,,,,,,,,,,,,,,,,,,,,,,,,
2370,15:30:00,,,,,,,,,,,,,,,,,,,,,,,,,
2371,15:31:00,,,,,,,,,,,,,,,,,,,,,,,,,
2372,15:32:00,,,,,,,,,,,,,,,,,,,,,,,,,
2373,15:33:00,,,,,,,,,,,,,,,,,,,,,,,,,
2374,15:34:00,,,,,,,,,,,,,,,,,,,,,,,,,
2375,15:35:00,,,,,,,,,,,,,,,,,,,,,,,,,
2376,15:36:00,,,,,,,,,,,,,,,,,,,,,,,,,
2377,15:37:00,,,,,,,,,,,,,,,,,,,,,,,,,
2378,15:38:00,,,,,,,,,,,,,,,,,,,,,,,,,
2379,15:39:00,,,,,,,,,,,,,,,,,,,,,,,,,
2380,15:40:00,,,,,,,,,,,,,,,,,,,,,,,,,
2381,15:41:00,,,,,,,,,,,,,,,,,,,,,,,,,
2382,15:42:00,,,,,,,,,,,,,,,,,,,,,,,,,
2383,15:43:00,,,,,,,,,,,,,,,,,,,,,,,,,
2384,15:44:00,,,,,,,,,,,,,,,,,,,,,,,,,
2385,15:45:00,,,,,,,,,,,,,,,,,,,,,,,,,
2386,15:46:00,,,,,,,,,,,,,,,,,,,,,,,,,
2387,15:47:00,,,,,,,,,,,,,,,,,,,,,,,,,
2388,15:48:00,,,,,,,,,,,,,,,,,,,,,,,,,
2389,15:49:00,,,,,,,,,,,,,,,,,,,,,,,,,
2390,15:50:00,,,,,,,,,,,,,,,,,,,,,,,,,
2391,15:51:00,,,,,,,,,,,,,,,,,,,,,,,,,
2392,15:52:00,,,,,,,,,,,,,,,,,,,,,,,,,
2393,15:53:00,,,,,,,,,,,,,,,,,,,,,,,,,
2394,15:54:00,,,,,,,,,,,,,,,,,,,,,,,,,
2395,15:55:00,,,,,,,,,,,,,,,,,,,,,,,,,
2396,15:56:00,,,,,,,,,,,,,,,,,,,,,,,,,
2397,15:57:00,,,,,,,,,,,,,,,,,,,,,,,,,
2398,15:58:00,,,,,,,,,,,,,,,,,,,,,,,,,
2399,15:59:00,,,,,,,,,,,,,,,,,,,,,,,,,
2400,16:00:00,,,,,,,,,,,,,,,,,,,,,,,,,
2401,16:01:00,,,,,,,,,,,,,,,,,,,,,,,,,
2402,16:02:00,,,,,,,,,,,,,,,,,,,,,,,,,
2403,16:03:00,,,,,,,,,,,,,,,,,,,,,,,,,
2404,16:04:00,,,,,,,,,,,,,,,,,,,,,,,,,
2405,16:05:00,,,,,,,,,,,,,,,,,,,,,,,,,
2406,16:06:00,,,,,,,,,,,,,,,,,,,,,,,,,
2407,16:07:00,,,,,,,,,,,,,,,,,,,,,,,,,
2408,16:08:00,,,,,,,,,,,,,,,,,,,,,,,,,
2409,16:09:00,,,,,,,,,,,,,,,,,,,,,,,,,
2410,16:10:00,,,,,,,,,,,,,,,,,,,,,,,,,
2411,16:11:00,,,,,,,,,,,,,,,,,,,,,,,,,
2412,16:12:00,,,,,,,,,,,,,,,,,,,,,,,,,
2413,16:13:00,,,,,,,,,,,,,,,,,,,,,,,,,
2414,16:14:00,,,,,,,,,,,,,,,,,,,,,,,,,
2415,16:15:00,,,,,,,,,,,,,,,,,,,,,,,,,
2416,16:16:00,,,,,,,,,,,,,,,,,,,,,,,,,
2417,16:17:00,,,,,,,,,,,,,,,,,,,,,,,,,
2418,16:18:00,,,,,,,,,,,,,,,,,,,,,,,,,
2419,16:19:00,,,,,,,,,,,,,,,,,,,,,,,,,
2420,16:20:00,,,,,,,,,,,,,,,,,,,,,,,,,
2421,16:21:00,,,,,,,,,,,,,,,,,,,,,,,,,
2422,16:22:00,,,,,,,,,,,,,,,,,,,,,,,,,
2423,16:23:00,,,,,,,,,,,,,,,,,,,,,,,,,
2424,16:24:00,,,,,,,,,,,,,,,,,,,,,,,,,
2425,16:25:00,,,,,,,,,,,,,,,,,,,,,,,,,
2426,16:26:00,,,,,,,,,,,,,,,,,,,,,,,,,
2427,16:27:00,,,,,,,,,,,,,,,,,,,,,,,,,
2428,16:28:00,,,,,,,,,,,,,,,,,,,,,,,,,
2429,16:29:00,,,,,,,,,,,,,,,,,,,,,,,,,
2430,16:30:00,,,,,,,,,,,,,,,,,,,,,,,,,
2431,16:31:00,,,,,,,,,,,,,,,,,,,,,,,,,
2432,16:32:00,,,,,,,,,,,,,,,,,,,,,,,,,
2433,16:33:00,,,,,,,,,,,,,,,,,,,,,,,,,
2434,16:34:00,,,,,,,,,,,,,,,,,,,,,,,,,
2435,16:35:00,,,,,,,,,,,,,,,,,,,,,,,,,
2436,16:36:00,,,,,,,,,,,,,,,,,,,,,,,,,
2437,16:37:00,,,,,,,,,,,,,,,,,,,,,,,,,
2438,16:38:00,,,,,,,,,,,,,,,,,,,,,,,,,
2439,16:39:00,,,,,,,,,,,,,,,,,,,,,,,,,
2440,16:40:00,,,,,,,,,,,,,,,,,,,,,,,,,
2441,16:41:00,,,,,,,,,,,,,,,,,,,,,,,,,
2442,16:42:00,,,,,,,,,,,,,,,,,,,,,,,,,
2443,16:43:00,,,,,,,,,,,,,,,,,,,,,,,,,
2444,16:44:00,,,,,,,,,,,,,,,,,,,,,,,,,
2445,16:45:00,,,,,,,,,,,,,,,,,,,,,,,,,
2446,16:46:00,,,,,,,,,,,,,,,,,,,,,,,,,
2447,16:47:00,,,,,,,,,,,,,,,,,,,,,,,,,
2448,16:48:00,,,,,,,,,,,,,,,,,,,,,,,,,
2449,16:49:00,,,,,,,,,,,,,,,,,,,,,,,,,
2450,16:50:00,,,,,,,,,,,,,,,,,,,,,,,,,
2451,16:51:00,,,,,,,,,,,,,,,,,,,,,,,,,
2452,16:52:00,,,,,,,,,,,,,,,,,,,,,,,,,
2453,16:53:00,,,,,,,,,,,,,,,,,,,,,,,,,
2454,16:54:00,,,,,,,,,,,,,,,,,,,,,,,,,
2455,16:55:00,,,,,,,,,,,,,,,,,,,,,,,,,
2456,16:56:00,,,,,,,,,,,,,,,,,,,,,,,,,
2457,16:57:00,,,,,,,,,,,,,,,,,,,,,,,,,
2458,16:58:00,,,,,,,,,,,,,,,,,,,,,,,,,
2459,16:59:00,,,,,,,,,,,,,,,,,,,,,,,,,
2460,17:00:00,,,,,,,,,,,,,,,,,,,,,,,,,
2461,17:01:00,,,,,,,,,,,,,,,,,,,,,,,,,
2462,17:02:00,,,,,,,,,,,,,,,,,,,,,,,,,
2463,17:03:00,,,,,,,,,,,,,,,,,,,,,,,,,
2464,17:04:00,,,,,,,,,,,,,,,,,,,,,,,,,
2465,17:05:00,,,,,,,,,,,,,,,,,,,,,,,,,
2466,17:06:00,,,,,,,,,,,,,,,,,,,,,,,,,
2467,17:07:00,,,,,,,,,,,,,,,,,,,,,,,,,
2468,17:08:00,,,,,,,,,,,,,,,,,,,,,,,,,
2469,17:09:00,,,,,,,,,,,,,,,,,,,,,,,,,
2470,17:10:00,,,,,,,,,,,,,,,,,,,,,,,,,
2471,17:11:00,,,,,,,,,,,,,,,,,,,,,,,,,
2472,17:12:00,,,,,,,,,,,,,,,,,,,,,,,,,
2473,17:13:00,,,,,,,,,,,,,,,,,,,,,,,,,
2474,17:14:00,,,,,,,,,,,,,,,,,,,,,,,,,
2475,17:15:00,,,,,,,,,,,,,,,,,,,,,,,,,
2476,17:16:00,,,,,,,,,,,,,,,,,,,,,,,,,
2477,17:17:00,,,,,,,,,,,,,,,,,,,,,,,,,
2478,17:18:00,,,,,,,,,,,,,,,,,,,,,,,,,
2479,17:19:00,,,,,,,,,,,,,,,,,,,,,,,,,
2480,17:20:00,,,,,,,,,,,,,,,,,,,,,,,,,
2481,17:21:00,,,,,,,,,,,,,,,,,,,,,,,,,
2482,17:22:00,,,,,,,,,,,,,,,,,,,,,,,,,
2483,17:23:00,,,,,,,,,,,,,,,,,,,,,,,,,
2484,17:24:00,,,,,,,,,,,,,,,,,,,,,,,,,
2485,17:25:00,,,,,,,,,,,,,,,,,,,,,,,,,
2486,17:26:00,,,,,,,,,,,,,,,,,,,,,,,,,
2487,17:27:00,,,,,,,,,,,,,,,,,,,,,,,,,
2488,17:28:00,,,,,,,,,,,,,,,,,,,,,,,,,
2489,17:29:00,,,,,,,,,,,,,,,,,,,,,,,,,
2490,17:30:00,,,,,,,,,,,,,,,,,,,,,,,,,
2491,17:31:00,,,,,,,,,,,,,,,,,,,,,,,,,
2492,17:32:00,,,,,,,,,,,,,,,,,,,,,,,,,
2493,17:33:00,,,,,,,,,,,,,,,,,,,,,,,,,
2494,17:34:00,,,,,,,,,,,,,,,,,,,,,,,,,
2495,17:35:00,,,,,,,,,,,,,,,,,,,,,,,,,
2496,17:36:00,,,,,,,,,,,,,,,,,,,,,,,,,
2497,17:37:00,,,,,,,,,,,,,,,,,,,,,,,,,
2498,17:38:00,,,,,,,,,,,,,,,,,,,,,,,,,
2499,17:39:00,,,,,,,,,,,,,,,,,,,,,,,,,
2500,17:40:00,,,,,,,,,,,,,,,,,,,,,,,,,
2501,17:41:00,,,,,,,,,,,,,,,,,,,,,,,,,
2502,17:42:00,,,,,,,,,,,,,,,,,,,,,,,,,
2503,17:43:00,,,,,,,,,,,,,,,,,,,,,,,,,
2504,17:44:00,,,,,,,,,,,,,,,,,,,,,,,,,
2505,17:45:00,,,,,,,,,,,,,,,,,,,,,,,,,
2506,17:46:00,,,,,,,,,,,,,,,,,,,,,,,,,
2507,17:47:00,,,,,,,,,,,,,,,,,,,,,,,,,
2508,17:48:00,,,,,,,,,,,,,,,,,,,,,,,,,
2509,17:49:00,,,,,,,,,,,,,,,,,,,,,,,,,
2510,17:50:00,,,,,,,,,,,,,,,,,,,,,,,,,
2511,17:51:00,,,,,,,,,,,,,,,,,,,,,,,,,
2512,17:52:00,,,,,,,,,,,,,,,,,,,,,,,,,
2513,17:53:00,,,,,,,,,,,,,,,,,,,,,,,,,
2514,17:54:00,,,,,,,,,,,,,,,,,,,,,,,,,
2515,17:55:00,,,,,,,,,,,,,,,,,,,,,,,,,
2516,17:56:00,,,,,,,,,,,,,,,,,,,,,,,,,
2517,17:57:00,,,,,,,,,,,,,,,,,,,,,,,,,
2518,17:58:00,,,,,,,,,,,,,,,,,,,,,,,,,
2519,17:59:00,,,,,,,,,,,,,,,,,,,,,,,,,
2520,18:00:00,,,,,,,,,,,,,,,,,,,,,,,,,
2521,18:01:00,,,,,,,,,,,,,,,,,,,,,,,,,
2522,18:02:00,,,,,,,,,,,,,,,,,,,,,,,,,
2523,18:03:00,,,,,,,,,,,,,,,,,,,,,,,,,
2524,18:04:00,,,,,,,,,,,,,,,,,,,,,,,,,
2525,18:05:00,,,,,,,,,,,,,,,,,,,,,,,,,
2526,18:06:00,,,,,,,,,,,,,,,,,,,,,,,,,
2527,18:07:00,,,,,,,,,,,,,,,,,,,,,,,,,
2528,18:08:00,,,,,,,,,,,,,,,,,,,,,,,,,
2529,18:09:00,,,,,,,,,,,,,,,,,,,,,,,,,
2530,18:10:00,,,,,,,,,,,,,,,,,,,,,,,,,
2531,18:11:00,,,,,,,,,,,,,,,,,,,,,,,,,
2532,18:12:00,,,,,,,,,,,,,,,,,,,,,,,,,
2533,18:13:00,,,,,,,,,,,,,,,,,,,,,,,,,
2534,18:14:00,,,,,,,,,,,,,,,,,,,,,,,,,
2535,18:15:00,,,,,,,,,,,,,,,,,,,,,,,,,
2536,18:16:00,,,,,,,,,,,,,,,,,,,,,,,,,
2537,18:17:00,,,,,,,,,,,,,,,,,,,,,,,,,
2538,18:18:00,,,,,,,,,,,,,,,,,,,,,,,,,
2539,18:19:00,,,,,,,,,,,,,,,,,,,,,,,,,
2540,18:20:00,,,,,,,,,,,,,,,,,,,,,,,,,
2541,18:21:00,,,,,,,,,,,,,,,,,,,,,,,,,
2542,18:22:00,,,,,,,,,,,,,,,,,,,,,,,,,
2543,18:23:00,,,,,,,,,,,,,,,,,,,,,,,,,
2544,18:24:00,,,,,,,,,,,,,,,,,,,,,,,,,
2545,18:25:00,,,,,,,,,,,,,,,,,,,,,,,,,
2546,18:26:00,,,,,,,,,,,,,,,,,,,,,,,,,
2547,18:27:00,,,,,,,,,,,,,,,,,,,,,,,,,
2548,18:28:00,,,,,,,,,,,,,,,,,,,,,,,,,
2549,18:29:00,,,,,,,,,,,,,,,,,,,,,,,,,
2550,18:30:00,,,,,,,,,,,,,,,,,,,,,,,,,
2551,18:31:00,,,,,,,,,,,,,,,,,,,,,,,,,
2552,18:32:00,,,,,,,,,,,,,,,,,,,,,,,,,
2553,18:33:00,,,,,,,,,,,,,,,,,,,,,,,,,
2554,18:34:00,,,,,,,,,,,,,,,,,,,,,,,,,
2555,18:35:00,,,,,,,,,,,,,,,,,,,,,,,,,
2556,18:36:00,,,,,,,,,,,,,,,,,,,,,,,,,
2557,18:37:00,,,,,,,,,,,,,,,,,,,,,,,,,
2558,18:38:00,,,,,,,,,,,,,,,,,,,,,,,,,
2559,18:39:00,,,,,,,,,,,,,,,,,,,,,,,,,
2560,18:40:00,,,,,,,,,,,,,,,,,,,,,,,,,
2561,18:41:00,,,,,,,,,,,,,,,,,,,,,,,,,
2562,18:42:00,,,,,,,,,,,,,,,,,,,,,,,,,
2563,18:43:00,,,,,,,,,,,,,,,,,,,,,,,,,
2564,18:44:00,,,,,,,,,,,,,,,,,,,,,,,,,
2565,18:45:00,,,,,,,,,,,,,,,,,,,,,,,,,
2566,18:46:00,,,,,,,,,,,,,,,,,,,,,,,,,
2567,18:47:00,,,,,,,,,,,,,,,,,,,,,,,,,
2568,18:48:00,,,,,,,,,,,,,,,,,,,,,,,,,
2569,18:49:00,,,,,,,,,,,,,,,,,,,,,,,,,
2570,18:50:00,,,,,,,,,,,,,,,,,,,,,,,,,
2571,18:51:00,,,,,,,,,,,,,,,,,,,,,,,,,
2572,18:52:00,,,,,,,,,,,,,,,,,,,,,,,,,
2573,18:53:00,,,,,,,,,,,,,,,,,,,,,,,,,
2574,18:54:00,,,,,,,,,,,,,,,,,,,,,,,,,
2575,18:55:00,,,,,,,,,,,,,,,,,,,,,,,,,
2576,18:56:00,,,,,,,,,,,,,,,,,,,,,,,,,
2577,18:57:00,,,,,,,,,,,,,,,,,,,,,,,,,
2578,18:58:00,,,,,,,,,,,,,,,,,,,,,,,,,
2579,18:59:00,,,,,,,,,,,,,,,,,,,,,,,,,
2580,19:00:00,,,,,,,,,,,,,,,,,,,,,,,,,
2581,19:01:00,,,,,,,,,,,,,,,,,,,,,,,,,
2582,19:02:00,,,,,,,,,,,,,,,,,,,,,,,,,
2583,19:03:00,,,,,,,,,,,,,,,,,,,,,,,,,
2584,19:04:00,,,,,,,,,,,,,,,,,,,,,,,,,
2585,19:05:00,,,,,,,,,,,,,,,,,,,,,,,,,
2586,19:06:00,,,,,,,,,,,,,,,,,,,,,,,,,
2587,19:07:00,,,,,,,,,,,,,,,,,,,,,,,,,
2588,19:08:00,,,,,,,,,,,,,,,,,,,,,,,,,
2589,19:09:00,,,,,,,,,,,,,,,,,,,,,,,,,
2590,19:10:00,,,,,,,,,,,,,,,,,,,,,,,,,
2591,19:11:00,,,,,,,,,,,,,,,,,,,,,,,,,
2592,19:12:00,,,,,,,,,,,,,,,,,,,,,,,,,
2593,19:13:00,,,,,,,,,,,,,,,,,,,,,,,,,
2594,19:14:00,,,,,,,,,,,,,,,,,,,,,,,,,
2595,19:15:00,,,,,,,,,,,,,,,,,,,,,,,,,
2596,19:16:00,,,,,,,,,,,,,,,,,,,,,,,,,
2597,19:17:00,,,,,,,,,,,,,,,,,,,,,,,,,
2598,19:18:00,,,,,,,,,,,,,,,,,,,,,,,,,
2599,19:19:00,,,,,,,,,,,,,,,,,,,,,,,,,
2600,19:20:00,,,,,,,,,,,,,,,,,,,,,,,,,
2601,19:21:00,,,,,,,,,,,,,,,,,,,,,,,,,
2602,19:22:00,,,,,,,,,,,,,,,,,,,,,,,,,
2603,19:23:00,,,,,,,,,,,,,,,,,,,,,,,,,
2604,19:24:00,,,,,,,,,,,,,,,,,,,,,,,,,
2605,19:25:00,,,,,,,,,,,,,,,,,,,,,,,,,
2606,19:26:00,,,,,,,,,,,,,,,,,,,,,,,,,
2607,19:27:00,,,,,,,,,,,,,,,,,,,,,,,,,
2608,19:28:00,,,,,,,,,,,,,,,,,,,,,,,,,
2609,19:29:00,,,,,,,,,,,,,,,,,,,,,,,,,
2610,19:30:00,,,,,,,,,,,,,,,,,,,,,,,,,
2611,19:31:00,,,,,,,,,,,,,,,,,,,,,,,,,
2612,19:32:00,,,,,,,,,,,,,,,,,,,,,,,,,
2613,19:33:00,,,,,,,,,,,,,,,,,,,,,,,,,
2614,19:34:00,,,,,,,,,,,,,,,,,,,,,,,,,
2615,19:35:00,,,,,,,,,,,,,,,,,,,,,,,,,
2616,19:36:00,,,,,,,,,,,,,,,,,,,,,,,,,
2617,19:37:00,,,,,,,,,,,,,,,,,,,,,,,,,
2618,19:38:00,,,,,,,,,,,,,,,,,,,,,,,,,
2619,19:39:00,,,,,,,,,,,,,,,,,,,,,,,,,
2620,19:40:00,,,,,,,,,,,,,,,,,,,,,,,,,
2621,19:41:00,,,,,,,,,,,,,,,,,,,,,,,,,
2622,19:42:00,,,,,,,,,,,,,,,,,,,,,,,,,
2623,19:43:00,,,,,,,,,,,,,,,,,,,,,,,,,
2624,19:44:00,,,,,,,,,,,,,,,,,,,,,,,,,
2625,19:45:00,,,,,,,,,,,,,,,,,,,,,,,,,
2626,19:46:00,,,,,,,,,,,,,,,,,,,,,,,,,
2627,19:47:00,,,,,,,,,,,,,,,,,,,,,,,,,
2628,19:48:00,,,,,,,,,,,,,,,,,,,,,,,,,
2629,19:49:00,,,,,,,,,,,,,,,,,,,,,,,,,
2630,19:50:00,,,,,,,,,,,,,,,,,,,,,,,,,
2631,19:51:00,,,,,,,,,,,,,,,,,,,,,,,,,
2632,19:52:00,,,,,,,,,,,,,,,,,,,,,,,,,
2633,19:53:00,,,,,,,,,,,,,,,,,,,,,,,,,
2634,19:54:00,,,,,,,,,,,,,,,,,,,,,,,,,
2635,19:55:00,,,,,,,,,,,,,,,,,,,,,,,,,
2636,19:56:00,,,,,,,,,,,,,,,,,,,,,,,,,
2637,19:57:00,,,,,,,,,,,,,,,,,,,,,,,,,
2638,19:58:00,,,,,,,,,,,,,,,,,,,,,,,,,
2639,19:59:00,,,,,,,,,,,,,,,,,,,,,,,,,
2640,20:00:00,,,,,,,,,,,,,,,,,,,,,,,,,
2641,20:01:00,,,,,,,,,,,,,,,,,,,,,,,,,
2642,20:02:00,,,,,,,,,,,,,,,,,,,,,,,,,
2643,20:03:00,,,,,,,,,,,,,,,,,,,,,,,,,
2644,20:04:00,,,,,,,,,,,,,,,,,,,,,,,,,
2645,20:05:00,,,,,,,,,,,,,,,,,,,,,,,,,
2646,20:06:00,,,,,,,,,,,,,,,,,,,,,,,,,
2647,20:07:00,,,,,,,,,,,,,,,,,,,,,,,,,
2648,20:08:00,,,,,,,,,,,,,,,,,,,,,,,,,
2649,20:09:00,,,,,,,,,,,,,,,,,,,,,,,,,
2650,20:10:00,,,,,,,,,,,,,,,,,,,,,,,,,
2651,20:11:00,,,,,,,,,,,,,,,,,,,,,,,,,
2652,20:12:00,,,,,,,,,,,,,,,,,,,,,,,,,
2653,20:13:00,,,,,,,,,,,,,,,,,,,,,,,,,
2654,20:14:00,,,,,,,,,,,,,,,,,,,,,,,,,
2655,20:15:00,,,,,,,,,,,,,,,,,,,,,,,,,
2656,20:16:00,,,,,,,,,,,,,,,,,,,,,,,,,
2657,20:17:00,,,,,,,,,,,,,,,,,,,,,,,,,
2658,20:18:00,,,,,,,,,,,,,,,,,,,,,,,,,
2659,20:19:00,,,,,,,,,,,,,,,,,,,,,,,,,
2660,20:20:00,,,,,,,,,,,,,,,,,,,,,,,,,
2661,20:21:00,,,,,,,,,,,,,,,,,,,,,,,,,
2662,20:22:00,,,,,,,,,,,,,,,,,,,,,,,,,
2663,20:23:00,,,,,,,,,,,,,,,,,,,,,,,,,
2664,20:24:00,,,,,,,,,,,,,,,,,,,,,,,,,
2665,20:25:00,,,,,,,,,,,,,,,,,,,,,,,,,
2666,20:26:00,,,,,,,,,,,,,,,,,,,,,,,,,
2667,20:27:00,,,,,,,,,,,,,,,,,,,,,,,,,
2668,20:28:00,,,,,,,,,,,,,,,,,,,,,,,,,
2669,20:29:00,,,,,,,,,,,,,,,,,,,,,,,,,
2670,20:30:00,,,,,,,,,,,,,,,,,,,,,,,,,
2671,20:31:00,,,,,,,,,,,,,,,,,,,,,,,,,
2672,20:32:00,,,,,,,,,,,,,,,,,,,,,,,,,
2673,20:33:00,,,,,,,,,,,,,,,,,,,,,,,,,
2674,20:34:00,,,,,,,,,,,,,,,,,,,,,,,,,
2675,20:35:00,,,,,,,,,,,,,,,,,,,,,,,,,
2676,20:36:00,,,,,,,,,,,,,,,,,,,,,,,,,
2677,20:37:00,,,,,,,,,,,,,,,,,,,,,,,,,
2678,20:38:00,,,,,,,,,,,,,,,,,,,,,,,,,
2679,20:39:00,,,,,,,,,,,,,,,,,,,,,,,,,
2680,20:40:00,,,,,,,,,,,,,,,,,,,,,,,,,
2681,20:41:00,,,,,,,,,,,,,,,,,,,,,,,,,
2682,20:42:00,,,,,,,,,,,,,,,,,,,,,,,,,
2683,20:43:00,,,,,,,,,,,,,,,,,,,,,,,,,
2684,20:44:00,,,,,,,,,,,,,,,,,,,,,,,,,
2685,20:45:00,,,,,,,,,,,,,,,,,,,,,,,,,
2686,20:46:00,,,,,,,,,,,,,,,,,,,,,,,,,
2687,20:47:00,,,,,,,,,,,,,,,,,,,,,,,,,
2688,20:48:00,,,,,,,,,,,,,,,,,,,,,,,,,
2689,20:49:00,,,,,,,,,,,,,,,,,,,,,,,,,
2690,20:50:00,,,,,,,,,,,,,,,,,,,,,,,,,
2691,20:51:00,,,,,,,,,,,,,,,,,,,,,,,,,
2692,20:52:00,,,,,,,,,,,,,,,,,,,,,,,,,
2693,20:53:00,,,,,,,,,,,,,,,,,,,,,,,,,
2694,20:54:00,,,,,,,,,,,,,,,,,,,,,,,,,
2695,20:55:00,,,,,,,,,,,,,,,,,,,,,,,,,
2696,20:56:00,,,,,,,,,,,,,,,,,,,,,,,,,
2697,20:57:00,,,,,,,,,,,,,,,,,,,,,,,,,
2698,20:58:00,,,,,,,,,,,,,,,,,,,,,,,,,
2699,20:59:00,,,,,,,,,,,,,,,,,,,,,,,,,
2700,21:00:00,,,,,,,,,,,,,,,,,,,,,,,,,
2701,21:01:00,,,,,,,,,,,,,,,,,,,,,,,,,
2702,21:02:00,,,,,,,,,,,,,,,,,,,,,,,,,
2703,21:03:00,,,,,,,,,,,,,,,,,,,,,,,,,
2704,21:04:00,,,,,,,,,,,,,,,,,,,,,,,,,
2705,21:05:00,,,,,,,,,,,,,,,,,,,,,,,,,
2706,21:06:00,,,,,,,,,,,,,,,,,,,,,,,,,
2707,21:07:00,,,,,,,,,,,,,,,,,,,,,,,,,
2708,21:08:00,,,,,,,,,,,,,,,,,,,,,,,,,
2709,21:09:00,,,,,,,,,,,,,,,,,,,,,,,,,
2710,21:10:00,,,,,,,,,,,,,,,,,,,,,,,,,
2711,21:11:00,,,,,,,,,,,,,,,,,,,,,,,,,
2712,21:12:00,,,,,,,,,,,,,,,,,,,,,,,,,
2713,21:13:00,,,,,,,,,,,,,,,,,,,,,,,,,
2714,21:14:00,,,,,,,,,,,,,,,,,,,,,,,,,
2715,21:15:00,,,,,,,,,,,,,,,,,,,,,,,,,
2716,21:16:00,,,,,,,,,,,,,,,,,,,,,,,,,
2717,21:17:00,,,,,,,,,,,,,,,,,,,,,,,,,
2718,21:18:00,,,,,,,,,,,,,,,,,,,,,,,,,
2719,21:19:00,,,,,,,,,,,,,,,,,,,,,,,,,
2720,21:20:00,,,,,,,,,,,,,,,,,,,,,,,,,
2721,21:21:00,,,,,,,,,,,,,,,,,,,,,,,,,
2722,21:22:00,,,,,,,,,,,,,,,,,,,,,,,,,
2723,21:23:00,,,,,,,,,,,,,,,,,,,,,,,,,
2724,21:24:00,,,,,,,,,,,,,,,,,,,,,,,,,
2725,21:25:00,,,,,,,,,,,,,,,,,,,,,,,,,
2726,21:26:00,,,,,,,,,,,,,,,,,,,,,,,,,
2727,21:27:00,,,,,,,,,,,,,,,,,,,,,,,,,
2728,21:28:00,,,,,,,,,,,,,,,,,,,,,,,,,
2729,21:29:00,,,,,,,,,,,,,,,,,,,,,,,,,
2730,21:30:00,,,,,,,,,,,,,,,,,,,,,,,,,
2731,21:31:00,,,,,,,,,,,,,,,,,,,,,,,,,
2732,21:32:00,,,,,,,,,,,,,,,,,,,,,,,,,
2733,21:33:00,,,,,,,,,,,,,,,,,,,,,,,,,
2734,21:34:00,,,,,,,,,,,,,,,,,,,,,,,,,
2735,21:35:00,,,,,,,,,,,,,,,,,,,,,,,,,
2736,21:36:00,,,,,,,,,,,,,,,,,,,,,,,,,
2737,21:37:00,,,,,,,,,,,,,,,,,,,,,,,,,
2738,21:38:00,,,,,,,,,,,,,,,,,,,,,,,,,
2739,21:39:00,,,,,,,,,,,,,,,,,,,,,,,,,
2740,21:40:00,,,,,,,,,,,,,,,,,,,,,,,,,
2741,21:41:00,,,,,,,,,,,,,,,,,,,,,,,,,
2742,21:42:00,,,,,,,,,,,,,,,,,,,,,,,,,
2743,21:43:00,,,,,,,,,,,,,,,,,,,,,,,,,
2744,21:44:00,,,,,,,,,,,,,,,,,,,,,,,,,
2745,21:45:00,,,,,,,,,,,,,,,,,,,,,,,,,
2746,21:46:00,,,,,,,,,,,,,,,,,,,,,,,,,
2747,21:47:00,,,,,,,,,,,,,,,,,,,,,,,,,
2748,21:48:00,,,,,,,,,,,,,,,,,,,,,,,,,
2749,21:49:00,,,,,,,,,,,,,,,,,,,,,,,,,
2750,21:50:00,,,,,,,,,,,,,,,,,,,,,,,,,
2751,21:51:00,,,,,,,,,,,,,,,,,,,,,,,,,
2752,21:52:00,,,,,,,,,,,,,,,,,,,,,,,,,
2753,21:53:00,,,,,,,,,,,,,,,,,,,,,,,,,
2754,21:54:00,,,,,,,,,,,,,,,,,,,,,,,,,
2755,21:55:00,,,,,,,,,,,,,,,,,,,,,,,,,
2756,21:56:00,,,,,,,,,,,,,,,,,,,,,,,,,
2757,21:57:00,,,,,,,,,,,,,,,,,,,,,,,,,
2758,21:58:00,,,,,,,,,,,,,,,,,,,,,,,,,
2759,21:59:00,,,,,,,,,,,,,,,,,,,,,,,,,
2760,22:00:00,,,,,,,,,,,,,,,,,,,,,,,,,
2761,22:01:00,,,,,,,,,,,,,,,,,,,,,,,,,
2762,22:02:00,,,,,,,,,,,,,,,,,,,,,,,,,
2763,22:03:00,,,,,,,,,,,,,,,,,,,,,,,,,
2764,22:04:00,,,,,,,,,,,,,,,,,,,,,,,,,
2765,22:05:00,,,,,,,,,,,,,,,,,,,,,,,,,
2766,22:06:00,,,,,,,,,,,,,,,,,,,,,,,,,
2767,22:07:00,,,,,,,,,,,,,,,,,,,,,,,,,
2768,22:08:00,,,,,,,,,,,,,,,,,,,,,,,,,
2769,22:09:00,,,,,,,,,,,,,,,,,,,,,,,,,
2770,22:10:00,,,,,,,,,,,,,,,,,,,,,,,,,
2771,22:11:00,,,,,,,,,,,,,,,,,,,,,,,,,
2772,22:12:00,,,,,,,,,,,,,,,,,,,,,,,,,
2773,22:13:00,,,,,,,,,,,,,,,,,,,,,,,,,
2774,22:14:00,,,,,,,,,,,,,,,,,,,,,,,,,
2775,22:15:00,,,,,,,,,,,,,,,,,,,,,,,,,
2776,22:16:00,,,,,,,,,,,,,,,,,,,,,,,,,
2777,22:17:00,,,,,,,,,,,,,,,,,,,,,,,,,
2778,22:18:00,,,,,,,,,,,,,,,,,,,,,,,,,
2779,22:19:00,,,,,,,,,,,,,,,,,,,,,,,,,
2780,22:20:00,,,,,,,,,,,,,,,,,,,,,,,,,
2781,22:21:00,,,,,,,,,,,,,,,,,,,,,,,,,
2782,22:22:00,,,,,,,,,,,,,,,,,,,,,,,,,
2783,22:23:00,,,,,,,,,,,,,,,,,,,,,,,,,
2784,22:24:00,,,,,,,,,,,,,,,,,,,,,,,,,
2785,22:25:00,,,,,,,,,,,,,,,,,,,,,,,,,
2786,22:26:00,,,,,,,,,,,,,,,,,,,,,,,,,
2787,22:27:00,,,,,,,,,,,,,,,,,,,,,,,,,
2788,22:28:00,,,,,,,,,,,,,,,,,,,,,,,,,
2789,22:29:00,,,,,,,,,,,,,,,,,,,,,,,,,
2790,22:30:00,,,,,,,,,,,,,,,,,,,,,,,,,
2791,22:31:00,,,,,,,,,,,,,,,,,,,,,,,,,
2792,22:32:00,,,,,,,,,,,,,,,,,,,,,,,,,
2793,22:33:00,,,,,,,,,,,,,,,,,,,,,,,,,
2794,22:34:00,,,,,,,,,,,,,,,,,,,,,,,,,
2795,22:35:00,,,,,,,,,,,,,,,,,,,,,,,,,
2796,22:36:00,,,,,,,,,,,,,,,,,,,,,,,,,
2797,22:37:00,,,,,,,,,,,,,,,,,,,,,,,,,
2798,22:38:00,,,,,,,,,,,,,,,,,,,,,,,,,
2799,22:39:00,,,,,,,,,,,,,,,,,,,,,,,,,
2800,22:40:00,,,,,,,,,,,,,,,,,,,,,,,,,
2801,22:41:00,,,,,,,,,,,,,,,,,,,,,,,,,
2802,22:42:00,,,,,,,,,,,,,,,,,,,,,,,,,
2803,22:43:00,,,,,,,,,,,,,,,,,,,,,,,,,
2804,22:44:00,,,,,,,,,,,,,,,,,,,,,,,,,
2805,22:45:00,,,,,,,,,,,,,,,,,,,,,,,,,
2806,22:46:00,,,,,,,,,,,,,,,,,,,,,,,,,
2807,22:47:00,,,,,,,,,,,,,,,,,,,,,,,,,
2808,22:48:00,,,,,,,,,,,,,,,,,,,,,,,,,
2809,22:49:00,,,,,,,,,,,,,,,,,,,,,,,,,
2810,22:50:00,,,,,,,,,,,,,,,,,,,,,,,,,
2811,22:51:00,,,,,,,,,,,,,,,,,,,,,,,,,
2812,22:52:00,,,,,,,,,,,,,,,,,,,,,,,,,
2813,22:53:00,,,,,,,,,,,,,,,,,,,,,,,,,
2814,22:54:00,,,,,,,,,,,,,,,,,,,,,,,,,
2815,22:55:00,,,,,,,,,,,,,,,,,,,,,,,,,
2816,22:56:00,,,,,,,,,,,,,,,,,,,,,,,,,
2817,22:57:00,,,,,,,,,,,,,,,,,,,,,,,,,
2818,22:58:00,,,,,,,,,,,,,,,,,,,,,,,,,
2819,22:59:00,,,,,,,,,,,,,,,,,,,,,,,,,
2820,23:00:00,,,,,,,,,,,,,,,,,,,,,,,,,
2821,23:01:00,,,,,,,,,,,,,,,,,,,,,,,,,
2822,23:02:00,,,,,,,,,,,,,,,,,,,,,,,,,
2823,23:03:00,,,,,,,,,,,,,,,,,,,,,,,,,
2824,23:04:00,,,,,,,,,,,,,,,,,,,,,,,,,
2825,23:05:00,,,,,,,,,,,,,,,,,,,,,,,,,
2826,23:06:00,,,,,,,,,,,,,,,,,,,,,,,,,
2827,23:07:00,,,,,,,,,,,,,,,,,,,,,,,,,
2828,23:08:00,,,,,,,,,,,,,,,,,,,,,,,,,
2829,23:09:00,,,,,,,,,,,,,,,,,,,,,,,,,
2830,23:10:00,,,,,,,,,,,,,,,,,,,,,,,,,
2831,23:11:00,,,,,,,,,,,,,,,,,,,,,,,,,
2832,23:12:00,,,,,,,,,,,,,,,,,,,,,,,,,
2833,23:13:00,,,,,,,,,,,,,,,,,,,,,,,,,
2834,23:14:00,,,,,,,,,,,,,,,,,,,,,,,,,
2835,23:15:00,,,,,,,,,,,,,,,,,,,,,,,,,
2836,23:16:00,,,,,,,,,,,,,,,,,,,,,,,,,
2837,23:17:00,,,,,,,,,,,,,,,,,,,,,,,,,
2838,23:18:00,,,,,,,,,,,,,,,,,,,,,,,,,
2839,23:19:00,,,,,,,,,,,,,,,,,,,,,,,,,
2840,23:20:00,,,,,,,,,,,,,,,,,,,,,,,,,
2841,23:21:00,,,,,,,,,,,,,,,,,,,,,,,,,
2842,23:22:00,,,,,,,,,,,,,,,,,,,,,,,,,
2843,23:23:00,,,,,,,,,,,,,,,,,,,,,,,,,
2844,23:24:00,,,,,,,,,,,,,,,,,,,,,,,,,
2845,23:25:00,,,,,,,,,,,,,,,,,,,,,,,,,
2846,23:26:00,,,,,,,,,,,,,,,,,,,,,,,,,
2847,23:27:00,,,,,,,,,,,,,,,,,,,,,,,,,
2848,23:28:00,,,,,,,,,,,,,,,,,,,,,,,,,
2849,23:29:00,,,,,,,,,,,,,,,,,,,,,,,,,
2850,23:30:00,,,,,,,,,,,,,,,,,,,,,,,,,
2851,23:31:00,,,,,,,,,,,,,,,,,,,,,,,,,
2852,23:32:00,,,,,,,,,,,,,,,,,,,,,,,,,
2853,23:33:00,,,,,,,,,,,,,,,,,,,,,,,,,
2854,23:34:00,,,,,,,,,,,,,,,,,,,,,,,,,
2855,23:35:00,,,,,,,,,,,,,,,,,,,,,,,,,
2856,23:36:00,,,,,,,,,,,,,,,,,,,,,,,,,
2857,23:37:00,,,,,,,,,,,,,,,,,,,,,,,,,
2858,23:38:00,,,,,,,,,,,,,,,,,,,,,,,,,
2859,23:39:00,,,,,,,,,,,,,,,,,,,,,,,,,
2860,23:40:00,,,,,,,,,,,,,,,,,,,,,,,,,
2861,23:41:00,,,,,,,,,,,,,,,,,,,,,,,,,
2862,23:42:00,,,,,,,,,,,,,,,,,,,,,,,,,
2863,23:43:00,,,,,,,,,,,,,,,,,,,,,,,,,
2864,23:44:00,,,,,,,,,,,,,,,,,,,,,,,,,
2865,23:45:00,,,,,,,,,,,,,,,,,,,,,,,,,
2866,23:46:00,,,,,,,,,,,,,,,,,,,,,,,,,
2867,23:47:00,,,,,,,,,,,,,,,,,,,,,,,,,
2868,23:48:00,,,,,,,,,,,,,,,,,,,,,,,,,
2869,23:49:00,,,,,,,,,,,,,,,,,,,,,,,,,
2870,23:50:00,,,,,,,,,,,,,,,,,,,,,,,,,
2871,23:51:00,,,,,,,,,,,,,,,,,,,,,,,,,
2872,23:52:00,,,,,,,,,,,,,,,,,,,,,,,,,
2873,23:53:00,,,,,,,,,,,,,,,,,,,,,,,,,
2874,23:54:00,,,,,,,,,,,,,,,,,,,,,,,,,
2875,23:55:00,,,,,,,,,,,,,,,,,,,,,,,,,
2876,23:56:00,,,,,,,,,,,,,,,,,,,,,,,,,
2877,23:57:00,,,,,,,,,,,,,,,,,,,,,,,,,
2878,23:58:00,,,,,,,,,,,,,,,,,,,,,,,,,
2879,23:59:00,,,,,,,,,,,,,,,,,,,,,,,,,
2880,00:00:00,,,,,,,,,,,,,,,,,,,,,,,,,
2881,00:01:00,,,,,,,,,,,,,,,,,,,,,,,,,
2882,00:02:00,,,,,,,,,,,,,,,,,,,,,,,,,
2883,00:03:00,,,,,,,,,,,,,,,,,,,,,,,,,
2884,00:04:00,,,,,,,,,,,,,,,,,,,,,,,,,
2885,00:05:00,,,,,,,,,,,,,,,,,,,,,,,,,
2886,00:06:00,,,,,,,,,,,,,,,,,,,,,,,,,
2887,00:07:00,,,,,,,,,,,,,,,,,,,,,,,,,
2888,00:08:00,,,,,,,,,,,,,,,,,,,,,,,,,
2889,00:09:00,,,,,,,,,,,,,,,,,,,,,,,,,
2890,00:10:00,,,,,,,,,,,,,,,,,,,,,,,,,
2891,00:11:00,,,,,,,,,,,,,,,,,,,,,,,,,
2892,00:12:00,,,,,,,,,,,,,,,,,,,,,,,,,
2893,00:13:00,,,,,,,,,,,,,,,,,,,,,,,,,
2894,00:14:00,,,,,,,,,,,,,,,,,,,,,,,,,
2895,00:15:00,,,,,,,,,,,,,,,,,,,,,,,,,
2896,00:16:00,,,,,,,,,,,,,,,,,,,,,,,,,
2897,00:17:00,,,,,,,,,,,,,,,,,,,,,,,,,
2898,00:18:00,,,,,,,,,,,,,,,,,,,,,,,,,
2899,00:19:00,,,,,,,,,,,,,,,,,,,,,,,,,
2900,00:20:00,,,,,,,,,,,,,,,,,,,,,,,,,
2901,00:21:00,,,,,,,,,,,,,,,,,,,,,,,,,
2902,00:22:00,,,,,,,,,,,,,,,,,,,,,,,,,
2903,00:23:00,,,,,,,,,,,,,,,,,,,,,,,,,
2904,00:24:00,,,,,,,,,,,,,,,,,,,,,,,,,
2905,00:25:00,,,,,,,,,,,,,,,,,,,,,,,,,
2906,00:26:00,,,,,,,,,,,,,,,,,,,,,,,,,
2907,00:27:00,,,,,,,,,,,,,,,,,,,,,,,,,
2908,00:28:00,,,,,,,,,,,,,,,,,,,,,,,,,
2909,00:29:00,,,,,,,,,,,,,,,,,,,,,,,,,
2910,00:30:00,,,,,,,,,,,,,,,,,,,,,,,,,
2911,00:31:00,,,,,,,,,,,,,,,,,,,,,,,,,
2912,00:32:00,,,,,,,,,,,,,,,,,,,,,,,,,
2913,00:33:00,,,,,,,,,,,,,,,,,,,,,,,,,
2914,00:34:00,,,,,,,,,,,,,,,,,,,,,,,,,
2915,00:35:00,,,,,,,,,,,,,,,,,,,,,,,,,
2916,00:36:00,,,,,,,,,,,,,,,,,,,,,,,,,
2917,00:37:00,,,,,,,,,,,,,,,,,,,,,,,,,
2918,00:38:00,,,,,,,,,,,,,,,,,,,,,,,,,
2919,00:39:00,,,,,,,,,,,,,,,,,,,,,,,,,
2920,00:40:00,,,,,,,,,,,,,,,,,,,,,,,,,
2921,00:41:00,,,,,,,,,,,,,,,,,,,,,,,,,
2922,00:42:00,,,,,,,,,,,,,,,,,,,,,,,,,
2923,00:43:00,,,,,,,,,,,,,,,,,,,,,,,,,
2924,00:44:00,,,,,,,,,,,,,,,,,,,,,,,,,
2925,00:45:00,,,,,,,,,,,,,,,,,,,,,,,,,
2926,00:46:00,,,,,,,,,,,,,,,,,,,,,,,,,
2927,00:47:00,,,,,,,,,,,,,,,,,,,,,,,,,
2928,00:48:00,,,,,,,,,,,,,,,,,,,,,,,,,
2929,00:49:00,,,,,,,,,,,,,,,,,,,,,,,,,
2930,00:50:00,,,,,,,,,,,,,,,,,,,,,,,,,
2931,00:51:00,,,,,,,,,,,,,,,,,,,,,,,,,
2932,00:52:00,,,,,,,,,,,,,,,,,,,,,,,,,
2933,00:53:00,,,,,,,,,,,,,,,,,,,,,,,,,
2934,00:54:00,,,,,,,,,,,,,,,,,,,,,,,,,
2935,00:55:00,,,,,,,,,,,,,,,,,,,,,,,,,
2936,00:56:00,,,,,,,,,,,,,,,,,,,,,,,,,
2937,00:57:00,,,,,,,,,,,,,,,,,,,,,,,,,
2938,00:58:00,,,,,,,,,,,,,,,,,,,,,,,,,
2939,00:59:00,,,,,,,,,,,,,,,,,,,,,,,,,
2940,01:00:00,,,,,,,,,,,,,,,,,,,,,,,,,
2941,01:01:00,,,,,,,,,,,,,,,,,,,,,,,,,
2942,01:02:00,,,,,,,,,,,,,,,,,,,,,,,,,
2943,01:03:00,,,,,,,,,,,,,,,,,,,,,,,,,
2944,01:04:00,,,,,,,,,,,,,,,,,,,,,,,,,
2945,01:05:00,,,,,,,,,,,,,,,,,,,,,,,,,
2946,01:06:00,,,,,,,,,,,,,,,,,,,,,,,,,
2947,01:07:00,,,,,,,,,,,,,,,,,,,,,,,,,
2948,01:08:00,,,,,,,,,,,,,,,,,,,,,,,,,
2949,01:09:00,,,,,,,,,,,,,,,,,,,,,,,,,
2950,01:10:00,,,,,,,,,,,,,,,,,,,,,,,,,
2951,01:11:00,,,,,,,,,,,,,,,,,,,,,,,,,
2952,01:12:00,,,,,,,,,,,,,,,,,,,,,,,,,
2953,01:13:00,,,,,,,,,,,,,,,,,,,,,,,,,
2954,01:14:00,,,,,,,,,,,,,,,,,,,,,,,,,
2955,01:15:00,,,,,,,,,,,,,,,,,,,,,,,,,
2956,01:16:00,,,,,,,,,,,,,,,,,,,,,,,,,
2957,01:17:00,,,,,,,,,,,,,,,,,,,,,,,,,
2958,01:18:00,,,,,,,,,,,,,,,,,,,,,,,,,
2959,01:19:00,,,,,,,,,,,,,,,,,,,,,,,,,
2960,01:20:00,,,,,,,,,,,,,,,,,,,,,,,,,
2961,01:21:00,,,,,,,,,,,,,,,,,,,,,,,,,
2962,01:22:00,,,,,,,,,,,,,,,,,,,,,,,,,
2963,01:23:00,,,,,,,,,,,,,,,,,,,,,,,,,
2964,01:24:00,,,,,,,,,,,,,,,,,,,,,,,,,
2965,01:25:00,,,,,,,,,,,,,,,,,,,,,,,,,
2966,01:26:00,,,,,,,,,,,,,,,,,,,,,,,,,
2967,01:27:00,,,,,,,,,,,,,,,,,,,,,,,,,
2968,01:28:00,,,,,,,,,,,,,,,,,,,,,,,,,
2969,01:29:00,,,,,,,,,,,,,,,,,,,,,,,,,
2970,01:30:00,,,,,,,,,,,,,,,,,,,,,,,,,
2971,01:31:00,,,,,,,,,,,,,,,,,,,,,,,,,
2972,01:32:00,,,,,,,,,,,,,,,,,,,,,,,,,
2973,01:33:00,,,,,,,,,,,,,,,,,,,,,,,,,
2974,01:34:00,,,,,,,,,,,,,,,,,,,,,,,,,
2975,01:35:00,,,,,,,,,,,,,,,,,,,,,,,,,
2976,01:36:00,,,,,,,,,,,,,,,,,,,,,,,,,
2977,01:37:00,,,,,,,,,,,,,,,,,,,,,,,,,
2978,01:38:00,,,,,,,,,,,,,,,,,,,,,,,,,
2979,01:39:00,,,,,,,,,,,,,,,,,,,,,,,,,
2980,01:40:00,,,,,,,,,,,,,,,,,,,,,,,,,
2981,01:41:00,,,,,,,,,,,,,,,,,,,,,,,,,
2982,01:42:00,,,,,,,,,,,,,,,,,,,,,,,,,
2983,01:43:00,,,,,,,,,,,,,,,,,,,,,,,,,
2984,01:44:00,,,,,,,,,,,,,,,,,,,,,,,,,
2985,01:45:00,,,,,,,,,,,,,,,,,,,,,,,,,
2986,01:46:00,,,,,,,,,,,,,,,,,,,,,,,,,
2987,01:47:00,,,,,,,,,,,,,,,,,,,,,,,,,
2988,01:48:00,,,,,,,,,,,,,,,,,,,,,,,,,
2989,01:49:00,,,,,,,,,,,,,,,,,,,,,,,,,
2990,01:50:00,,,,,,,,,,,,,,,,,,,,,,,,,
2991,01:51:00,,,,,,,,,,,,,,,,,,,,,,,,,
2992,01:52:00,,,,,,,,,,,,,,,,,,,,,,,,,
2993,01:53:00,,,,,,,,,,,,,,,,,,,,,,,,,
2994,01:54:00,,,,,,,,,,,,,,,,,,,,,,,,,
2995,01:55:00,,,,,,,,,,,,,,,,,,,,,,,,,
2996,01:56:00,,,,,,,,,,,,,,,,,,,,,,,,,
2997,01:57:00,,,,,,,,,,,,,,,,,,,,,,,,,
2998,01:58:00,,,,,,,,,,,,,,,,,,,,,,,,,
2999,01:59:00,,,,,,,,,,,,,,,,,,,,,,,,,
3000,02:00:00,,,,,,,,,,,,,,,,,,,,,,,,,
3001,02:01:00,,,,,,,,,,,,,,,,,,,,,,,,,
3002,02:02:00,,,,,,,,,,,,,,,,,,,,,,,,,
3003,02:03:00,,,,,,,,,,,,,,,,,,,,,,,,,
3004,02:04:00,,,,,,,,,,,,,,,,,,,,,,,,,
3005,02:05:00,,,,,,,,,,,,,,,,,,,,,,,,,
3006,02:06:00,,,,,,,,,,,,,,,,,,,,,,,,,
3007,02:07:00,,,,,,,,,,,,,,,,,,,,,,,,,
3008,02:08:00,,,,,,,,,,,,,,,,,,,,,,,,,
3009,02:09:00,,,,,,,,,,,,,,,,,,,,,,,,,
3010,02:10:00,,,,,,,,,,,,,,,,,,,,,,,,,
3011,02:11:00,,,,,,,,,,,,,,,,,,,,,,,,,
3012,02:12:00,,,,,,,,,,,,,,,,,,,,,,,,,
3013,02:13:00,,,,,,,,,,,,,,,,,,,,,,,,,
3014,02:14:00,,,,,,,,,,,,,,,,,,,,,,,,,
3015,02:15:00,,,,,,,,,,,,,,,,,,,,,,,,,
3016,02:16:00,,,,,,,,,,,,,,,,,,,,,,,,,
3017,02:17:00,,,,,,,,,,,,,,,,,,,,,,,,,
3018,02:18:00,,,,,,,,,,,,,,,,,,,,,,,,,
3019,02:19:00,,,,,,,,,,,,,,,,,,,,,,,,,
3020,02:20:00,,,,,,,,,,,,,,,,,,,,,,,,,
3021,02:21:00,,,,,,,,,,,,,,,,,,,,,,,,,
3022,02:22:00,,,,,,,,,,,,,,,,,,,,,,,,,
3023,02:23:00,,,,,,,,,,,,,,,,,,,,,,,,,
3024,02:24:00,,,,,,,,,,,,,,,,,,,,,,,,,
3025,02:25:00,,,,,,,,,,,,,,,,,,,,,,,,,
3026,02:26:00,,,,,,,,,,,,,,,,,,,,,,,,,
3027,02:27:00,,,,,,,,,,,,,,,,,,,,,,,,,
3028,02:28:00,,,,,,,,,,,,,,,,,,,,,,,,,
3029,02:29:00,,,,,,,,,,,,,,,,,,,,,,,,,
3030,02:30:00,,,,,,,,,,,,,,,,,,,,,,,,,
3031,02:31:00,,,,,,,,,,,,,,,,,,,,,,,,,
3032,02:32:00,,,,,,,,,,,,,,,,,,,,,,,,,
3033,02:33:00,,,,,,,,,,,,,,,,,,,,,,,,,
3034,02:34:00,,,,,,,,,,,,,,,,,,,,,,,,,
3035,02:35:00,,,,,,,,,,,,,,,,,,,,,,,,,
3036,02:36:00,,,,,,,,,,,,,,,,,,,,,,,,,
3037,02:37:00,,,,,,,,,,,,,,,,,,,,,,,,,
3038,02:38:00,,,,,,,,,,,,,,,,,,,,,,,,,
3039,02:39:00,,,,,,,,,,,,,,,,,,,,,,,,,
3040,02:40:00,,,,,,,,,,,,,,,,,,,,,,,,,
3041,02:41:00,,,,,,,,,,,,,,,,,,,,,,,,,
3042,02:42:00,,,,,,,,,,,,,,,,,,,,,,,,,
3043,02:43:00,,,,,,,,,,,,,,,,,,,,,,,,,
3044,02:44:00,,,,,,,,,,,,,,,,,,,,,,,,,
3045,02:45:00,,,,,,,,,,,,,,,,,,,,,,,,,
3046,02:46:00,,,,,,,,,,,,,,,,,,,,,,,,,
3047,02:47:00,,,,,,,,,,,,,,,,,,,,,,,,,
3048,02:48:00,,,,,,,,,,,,,,,,,,,,,,,,,
3049,02:49:00,,,,,,,,,,,,,,,,,,,,,,,,,
3050,02:50:00,,,,,,,,,,,,,,,,,,,,,,,,,
3051,02:51:00,,,,,,,,,,,,,,,,,,,,,,,,,
3052,02:52:00,,,,,,,,,,,,,,,,,,,,,,,,,
3053,02:53:00,,,,,,,,,,,,,,,,,,,,,,,,,
3054,02:54:00,,,,,,,,,,,,,,,,,,,,,,,,,
3055,02:55:00,,,,,,,,,,,,,,,,,,,,,,,,,
3056,02:56:00,,,,,,,,,,,,,,,,,,,,,,,,,
3057,02:57:00,,,,,,,,,,,,,,,,,,,,,,,,,
3058,02:58:00,,,,,,,,,,,,,,,,,,,,,,,,,
3059,02:59:00,,,,,,,,,,,,,,,,,,,,,,,,,
3060,03:00:00,,,,,,,,,,,,,,,,,,,,,,,,,
3061,03:01:00,,,,,,,,,,,,,,,,,,,,,,,,,
3062,03:02:00,,,,,,,,,,,,,,,,,,,,,,,,,
3063,03:03:00,,,,,,,,,,,,,,,,,,,,,,,,,
3064,03:04:00,,,,,,,,,,,,,,,,,,,,,,,,,
3065,03:05:00,,,,,,,,,,,,,,,,,,,,,,,,,
3066,03:06:00,,,,,,,,,,,,,,,,,,,,,,,,,
3067,03:07:00,,,,,,,,,,,,,,,,,,,,,,,,,
3068,03:08:00,,,,,,,,,,,,,,,,,,,,,,,,,
3069,03:09:00,,,,,,,,,,,,,,,,,,,,,,,,,
3070,03:10:00,,,,,,,,,,,,,,,,,,,,,,,,,
3071,03:11:00,,,,,,,,,,,,,,,,,,,,,,,,,
3072,03:12:00,,,,,,,,,,,,,,,,,,,,,,,,,
3073,03:13:00,,,,,,,,,,,,,,,,,,,,,,,,,
3074,03:14:00,,,,,,,,,,,,,,,,,,,,,,,,,
3075,03:15:00,,,,,,,,,,,,,,,,,,,,,,,,,
3076,03:16:00,,,,,,,,,,,,,,,,,,,,,,,,,
3077,03:17:00,,,,,,,,,,,,,,,,,,,,,,,,,
3078,03:18:00,,,,,,,,,,,,,,,,,,,,,,,,,
3079,03:19:00,,,,,,,,,,,,,,,,,,,,,,,,,
3080,03:20:00,,,,,,,,,,,,,,,,,,,,,,,,,
3081,03:21:00,,,,,,,,,,,,,,,,,,,,,,,,,
3082,03:22:00,,,,,,,,,,,,,,,,,,,,,,,,,
3083,03:23:00,,,,,,,,,,,,,,,,,,,,,,,,,
3084,03:24:00,,,,,,,,,,,,,,,,,,,,,,,,,
3085,03:25:00,,,,,,,,,,,,,,,,,,,,,,,,,
3086,03:26:00,,,,,,,,,,,,,,,,,,,,,,,,,
3087,03:27:00,,,,,,,,,,,,,,,,,,,,,,,,,
3088,03:28:00,,,,,,,,,,,,,,,,,,,,,,,,,
3089,03:29:00,,,,,,,,,,,,,,,,,,,,,,,,,
3090,03:30:00,,,,,,,,,,,,,,,,,,,,,,,,,
3091,03:31:00,,,,,,,,,,,,,,,,,,,,,,,,,
3092,03:32:00,,,,,,,,,,,,,,,,,,,,,,,,,
3093,03:33:00,,,,,,,,,,,,,,,,,,,,,,,,,
3094,03:34:00,,,,,,,,,,,,,,,,,,,,,,,,,
3095,03:35:00,,,,,,,,,,,,,,,,,,,,,,,,,
3096,03:36:00,,,,,,,,,,,,,,,,,,,,,,,,,
3097,03:37:00,,,,,,,,,,,,,,,,,,,,,,,,,
3098,03:38:00,,,,,,,,,,,,,,,,,,,,,,,,,
3099,03:39:00,,,,,,,,,,,,,,,,,,,,,,,,,
3100,03:40:00,,,,,,,,,,,,,,,,,,,,,,,,,
3101,03:41:00,,,,,,,,,,,,,,,,,,,,,,,,,
3102,03:42:00,,,,,,,,,,,,,,,,,,,,,,,,,
3103,03:43:00,,,,,,,,,,,,,,,,,,,,,,,,,
3104,03:44:00,,,,,,,,,,,,,,,,,,,,,,,,,
3105,03:45:00,,,,,,,,,,,,,,,,,,,,,,,,,
3106,03:46:00,,,,,,,,,,,,,,,,,,,,,,,,,
3107,03:47:00,,,,,,,,,,,,,,,,,,,,,,,,,
3108,03:48:00,,,,,,,,,,,,,,,,,,,,,,,,,
3109,03:49:00,,,,,,,,,,,,,,,,,,,,,,,,,
3110,03:50:00,,,,,,,,,,,,,,,,,,,,,,,,,
3111,03:51:00,,,,,,,,,,,,,,,,,,,,,,,,,
3112,03:52:00,,,,,,,,,,,,,,,,,,,,,,,,,
3113,03:53:00,,,,,,,,,,,,,,,,,,,,,,,,,
3114,03:54:00,,,,,,,,,,,,,,,,,,,,,,,,,
3115,03:55:00,,,,,,,,,,,,,,,,,,,,,,,,,
3116,03:56:00,,,,,,,,,,,,,,,,,,,,,,,,,
3117,03:57:00,,,,,,,,,,,,,,,,,,,,,,,,,
3118,03:58:00,,,,,,,,,,,,,,,,,,,,,,,,,
3119,03:59:00,,,,,,,,,,,,,,,,,,,,,,,,,
3120,04:00:00,,,,,,,,,,,,,,,,,,,,,,,,,
3121,04:01:00,,,,,,,,,,,,,,,,,,,,,,,,,
3122,04:02:00,,,,,,,,,,,,,,,,,,,,,,,,,
3123,04:03:00,,,,,,,,,,,,,,,,,,,,,,,,,
3124,04:04:00,,,,,,,,,,,,,,,,,,,,,,,,,
3125,04:05:00,,,,,,,,,,,,,,,,,,,,,,,,,
3126,04:06:00,,,,,,,,,,,,,,,,,,,,,,,,,
3127,04:07:00,,,,,,,,,,,,,,,,,,,,,,,,,
3128,04:08:00,,,,,,,,,,,,,,,,,,,,,,,,,
3129,04:09:00,,,,,,,,,,,,,,,,,,,,,,,,,
3130,04:10:00,,,,,,,,,,,,,,,,,,,,,,,,,
3131,04:11:00,,,,,,,,,,,,,,,,,,,,,,,,,
3132,04:12:00,,,,,,,,,,,,,,,,,,,,,,,,,
3133,04:13:00,,,,,,,,,,,,,,,,,,,,,,,,,
3134,04:14:00,,,,,,,,,,,,,,,,,,,,,,,,,
3135,04:15:00,,,,,,,,,,,,,,,,,,,,,,,,,
3136,04:16:00,,,,,,,,,,,,,,,,,,,,,,,,,
3137,04:17:00,,,,,,,,,,,,,,,,,,,,,,,,,
3138,04:18:00,,,,,,,,,,,,,,,,,,,,,,,,,
3139,04:19:00,,,,,,,,,,,,,,,,,,,,,,,,,
3140,04:20:00,,,,,,,,,,,,,,,,,,,,,,,,,
3141,04:21:00,,,,,,,,,,,,,,,,,,,,,,,,,
3142,04:22:00,,,,,,,,,,,,,,,,,,,,,,,,,
3143,04:23:00,,,,,,,,,,,,,,,,,,,,,,,,,
3144,04:24:00,,,,,,,,,,,,,,,,,,,,,,,,,
3145,04:25:00,,,,,,,,,,,,,,,,,,,,,,,,,
3146,04:26:00,,,,,,,,,,,,,,,,,,,,,,,,,
3147,04:27:00,,,,,,,,,,,,,,,,,,,,,,,,,
3148,04:28:00,,,,,,,,,,,,,,,,,,,,,,,,,
3149,04:29:00,,,,,,,,,,,,,,,,,,,,,,,,,
3150,04:30:00,,,,,,,,,,,,,,,,,,,,,,,,,
3151,04:31:00,,,,,,,,,,,,,,,,,,,,,,,,,
3152,04:32:00,,,,,,,,,,,,,,,,,,,,,,,,,
3153,04:33:00,,,,,,,,,,,,,,,,,,,,,,,,,
3154,04:34:00,,,,,,,,,,,,,,,,,,,,,,,,,
3155,04:35:00,,,,,,,,,,,,,,,,,,,,,,,,,
3156,04:36:00,,,,,,,,,,,,,,,,,,,,,,,,,
3157,04:37:00,,,,,,,,,,,,,,,,,,,,,,,,,
3158,04:38:00,,,,,,,,,,,,,,,,,,,,,,,,,
3159,04:39:00,,,,,,,,,,,,,,,,,,,,,,,,,
3160,04:40:00,,,,,,,,,,,,,,,,,,,,,,,,,
3161,04:41:00,,,,,,,,,,,,,,,,,,,,,,,,,
3162,04:42:00,,,,,,,,,,,,,,,,,,,,,,,,,
3163,04:43:00,,,,,,,,,,,,,,,,,,,,,,,,,
3164,04:44:00,,,,,,,,,,,,,,,,,,,,,,,,,
3165,04:45:00,,,,,,,,,,,,,,,,,,,,,,,,,
3166,04:46:00,,,,,,,,,,,,,,,,,,,,,,,,,
3167,04:47:00,,,,,,,,,,,,,,,,,,,,,,,,,
3168,04:48:00,,,,,,,,,,,,,,,,,,,,,,,,,
3169,04:49:00,,,,,,,,,,,,,,,,,,,,,,,,,
3170,04:50:00,,,,,,,,,,,,,,,,,,,,,,,,,
3171,04:51:00,,,,,,,,,,,,,,,,,,,,,,,,,
3172,04:52:00,,,,,,,,,,,,,,,,,,,,,,,,,
3173,04:53:00,,,,,,,,,,,,,,,,,,,,,,,,,
3174,04:54:00,,,,,,,,,,,,,,,,,,,,,,,,,
3175,04:55:00,,,,,,,,,,,,,,,,,,,,,,,,,
3176,04:56:00,,,,,,,,,,,,,,,,,,,,,,,,,
3177,04:57:00,,,,,,,,,,,,,,,,,,,,,,,,,
3178,04:58:00,,,,,,,,,,,,,,,,,,,,,,,,,
3179,04:59:00,,,,,,,,,,,,,,,,,,,,,,,,,
3180,05:00:00,,,,,,,,,,,,,,,,,,,,,,,,,
3181,05:01:00,,,,,,,,,,,,,,,,,,,,,,,,,
3182,05:02:00,,,,,,,,,,,,,,,,,,,,,,,,,
3183,05:03:00,,,,,,,,,,,,,,,,,,,,,,,,,
3184,05:04:00,,,,,,,,,,,,,,,,,,,,,,,,,
3185,05:05:00,,,,,,,,,,,,,,,,,,,,,,,,,
3186,05:06:00,,,,,,,,,,,,,,,,,,,,,,,,,
3187,05:07:00,,,,,,,,,,,,,,,,,,,,,,,,,
3188,05:08:00,,,,,,,,,,,,,,,,,,,,,,,,,
3189,05:09:00,,,,,,,,,,,,,,,,,,,,,,,,,
3190,05:10:00,,,,,,,,,,,,,,,,,,,,,,,,,
3191,05:11:00,,,,,,,,,,,,,,,,,,,,,,,,,
3192,05:12:00,,,,,,,,,,,,,,,,,,,,,,,,,
3193,05:13:00,,,,,,,,,,,,,,,,,,,,,,,,,
3194,05:14:00,,,,,,,,,,,,,,,,,,,,,,,,,
3195,05:15:00,,,,,,,,,,,,,,,,,,,,,,,,,
3196,05:16:00,,,,,,,,,,,,,,,,,,,,,,,,,
3197,05:17:00,,,,,,,,,,,,,,,,,,,,,,,,,
3198,05:18:00,,,,,,,,,,,,,,,,,,,,,,,,,
3199,05:19:00,,,,,,,,,,,,,,,,,,,,,,,,,
3200,05:20:00,,,,,,,,,,,,,,,,,,,,,,,,,
3201,05:21:00,,,,,,,,,,,,,,,,,,,,,,,,,
3202,05:22:00,,,,,,,,,,,,,,,,,,,,,,,,,
3203,05:23:00,,,,,,,,,,,,,,,,,,,,,,,,,
3204,05:24:00,,,,,,,,,,,,,,,,,,,,,,,,,
3205,05:25:00,,,,,,,,,,,,,,,,,,,,,,,,,
3206,05:26:00,,,,,,,,,,,,,,,,,,,,,,,,,
3207,05:27:00,,,,,,,,,,,,,,,,,,,,,,,,,
3208,05:28:00,,,,,,,,,,,,,,,,,,,,,,,,,
3209,05:29:00,,,,,,,,,,,,,,,,,,,,,,,,,
3210,05:30:00,,,,,,,,,,,,,,,,,,,,,,,,,
3211,05:31:00,,,,,,,,,,,,,,,,,,,,,,,,,
3212,05:32:00,,,,,,,,,,,,,,,,,,,,,,,,,
3213,05:33:00,,,,,,,,,,,,,,,,,,,,,,,,,
3214,05:34:00,,,,,,,,,,,,,,,,,,,,,,,,,
3215,05:35:00,,,,,,,,,,,,,,,,,,,,,,,,,
3216,05:36:00,,,,,,,,,,,,,,,,,,,,,,,,,
3217,05:37:00,,,,,,,,,,,,,,,,,,,,,,,,,
3218,05:38:00,,,,,,,,,,,,,,,,,,,,,,,,,
3219,05:39:00,,,,,,,,,,,,,,,,,,,,,,,,,
3220,05:40:00,,,,,,,,,,,,,,,,,,,,,,,,,
3221,05:41:00,,,,,,,,,,,,,,,,,,,,,,,,,
3222,05:42:00,,,,,,,,,,,,,,,,,,,,,,,,,
3223,05:43:00,,,,,,,,,,,,,,,,,,,,,,,,,
3224,05:44:00,,,,,,,,,,,,,,,,,,,,,,,,,
3225,05:45:00,,,,,,,,,,,,,,,,,,,,,,,,,
3226,05:46:00,,,,,,,,,,,,,,,,,,,,,,,,,
3227,05:47:00,,,,,,,,,,,,,,,,,,,,,,,,,
3228,05:48:00,,,,,,,,,,,,,,,,,,,,,,,,,
3229,05:49:00,,,,,,,,,,,,,,,,,,,,,,,,,
3230,05:50:00,,,,,,,,,,,,,,,,,,,,,,,,,
3231,05:51:00,,,,,,,,,,,,,,,,,,,,,,,,,
3232,05:52:00,,,,,,,,,,,,,,,,,,,,,,,,,
3233,05:53:00,,,,,,,,,,,,,,,,,,,,,,,,,
3234,05:54:00,,,,,,,,,,,,,,,,,,,,,,,,,
3235,05:55:00,,,,,,,,,,,,,,,,,,,,,,,,,
3236,05:56:00,,,,,,,,,,,,,,,,,,,,,,,,,
3237,05:57:00,,,,,,,,,,,,,,,,,,,,,,,,,
3238,05:58:00,,,,,,,,,,,,,,,,,,,,,,,,,
3239,05:59:00,,,,,,,,,,,,,,,,,,,,,,,,,
3240,06:00:00,,,,,,,,,,,,,,,,,,,,,,,,,
3241,06:01:00,,,,,,,,,,,,,,,,,,,,,,,,,
3242,06:02:00,,,,,,,,,,,,,,,,,,,,,,,,,
3243,06:03:00,,,,,,,,,,,,,,,,,,,,,,,,,
3244,06:04:00,,,,,,,,,,,,,,,,,,,,,,,,,
3245,06:05:00,,,,,,,,,,,,,,,,,,,,,,,,,
3246,06:06:00,,,,,,,,,,,,,,,,,,,,,,,,,
3247,06:07:00,,,,,,,,,,,,,,,,,,,,,,,,,
3248,06:08:00,,,,,,,,,,,,,,,,,,,,,,,,,
3249,06:09:00,,,,,,,,,,,,,,,,,,,,,,,,,
3250,06:10:00,,,,,,,,,,,,,,,,,,,,,,,,,
3251,06:11:00,,,,,,,,,,,,,,,,,,,,,,,,,
3252,06:12:00,,,,,,,,,,,,,,,,,,,,,,,,,
3253,06:13:00,,,,,,,,,,,,,,,,,,,,,,,,,
3254,06:14:00,,,,,,,,,,,,,,,,,,,,,,,,,
3255,06:15:00,,,,,,,,,,,,,,,,,,,,,,,,,
3256,06:16:00,,,,,,,,,,,,,,,,,,,,,,,,,
3257,06:17:00,,,,,,,,,,,,,,,,,,,,,,,,,
3258,06:18:00,,,,,,,,,,,,,,,,,,,,,,,,,
3259,06:19:00,,,,,,,,,,,,,,,,,,,,,,,,,
3260,06:20:00,,,,,,,,,,,,,,,,,,,,,,,,,
3261,06:21:00,,,,,,,,,,,,,,,,,,,,,,,,,
3262,06:22:00,,,,,,,,,,,,,,,,,,,,,,,,,
3263,06:23:00,,,,,,,,,,,,,,,,,,,,,,,,,
3264,06:24:00,,,,,,,,,,,,,,,,,,,,,,,,,
3265,06:25:00,,,,,,,,,,,,,,,,,,,,,,,,,
3266,06:26:00,,,,,,,,,,,,,,,,,,,,,,,,,
3267,06:27:00,,,,,,,,,,,,,,,,,,,,,,,,,
3268,06:28:00,,,,,,,,,,,,,,,,,,,,,,,,,
3269,06:29:00,,,,,,,,,,,,,,,,,,,,,,,,,
3270,06:30:00,,,,,,,,,,,,,,,,,,,,,,,,,
3271,06:31:00,,,,,,,,,,,,,,,,,,,,,,,,,
3272,06:32:00,,,,,,,,,,,,,,,,,,,,,,,,,
3273,06:33:00,,,,,,,,,,,,,,,,,,,,,,,,,
3274,06:34:00,,,,,,,,,,,,,,,,,,,,,,,,,
3275,06:35:00,,,,,,,,,,,,,,,,,,,,,,,,,
3276,06:36:00,,,,,,,,,,,,,,,,,,,,,,,,,
3277,06:37:00,,,,,,,,,,,,,,,,,,,,,,,,,
3278,06:38:00,,,,,,,,,,,,,,,,,,,,,,,,,
3279,06:39:00,,,,,,,,,,,,,,,,,,,,,,,,,
3280,06:40:00,,,,,,,,,,,,,,,,,,,,,,,,,
3281,06:41:00,,,,,,,,,,,,,,,,,,,,,,,,,
3282,06:42:00,,,,,,,,,,,,,,,,,,,,,,,,,
3283,06:43:00,,,,,,,,,,,,,,,,,,,,,,,,,
3284,06:44:00,,,,,,,,,,,,,,,,,,,,,,,,,
3285,06:45:00,,,,,,,,,,,,,,,,,,,,,,,,,
3286,06:46:00,,,,,,,,,,,,,,,,,,,,,,,,,
3287,06:47:00,,,,,,,,,,,,,,,,,,,,,,,,,
3288,06:48:00,,,,,,,,,,,,,,,,,,,,,,,,,
3289,06:49:00,,,,,,,,,,,,,,,,,,,,,,,,,
3290,06:50:00,,,,,,,,,,,,,,,,,,,,,,,,,
3291,06:51:00,,,,,,,,,,,,,,,,,,,,,,,,,
3292,06:52:00,,,,,,,,,,,,,,,,,,,,,,,,,
3293,06:53:00,,,,,,,,,,,,,,,,,,,,,,,,,
3294,06:54:00,,,,,,,,,,,,,,,,,,,,,,,,,
3295,06:55:00,,,,,,,,,,,,,,,,,,,,,,,,,
3296,06:56:00,,,,,,,,,,,,,,,,,,,,,,,,,
3297,06:57:00,,,,,,,,,,,,,,,,,,,,,,,,,
3298,06:58:00,,,,,,,,,,,,,,,,,,,,,,,,,
3299,06:59:00,,,,,,,,,,,,,,,,,,,,,,,,,
3300,07:00:00,,,,,,,,,,,,,,,,,,,,,,,,,
3301,07:01:00,,,,,,,,,,,,,,,,,,,,,,,,,
3302,07:02:00,,,,,,,,,,,,,,,,,,,,,,,,,
3303,07:03:00,,,,,,,,,,,,,,,,,,,,,,,,,
3304,07:04:00,,,,,,,,,,,,,,,,,,,,,,,,,
3305,07:05:00,,,,,,,,,,,,,,,,,,,,,,,,,
3306,07:06:00,,,,,,,,,,,,,,,,,,,,,,,,,
3307,07:07:00,,,,,,,,,,,,,,,,,,,,,,,,,
3308,07:08:00,,,,,,,,,,,,,,,,,,,,,,,,,
3309,07:09:00,,,,,,,,,,,,,,,,,,,,,,,,,
3310,07:10:00,,,,,,,,,,,,,,,,,,,,,,,,,
3311,07:11:00,,,,,,,,,,,,,,,,,,,,,,,,,
3312,07:12:00,,,,,,,,,,,,,,,,,,,,,,,,,
3313,07:13:00,,,,,,,,,,,,,,,,,,,,,,,,,
3314,07:14:00,,,,,,,,,,,,,,,,,,,,,,,,,
3315,07:15:00,,,,,,,,,,,,,,,,,,,,,,,,,
3316,07:16:00,,,,,,,,,,,,,,,,,,,,,,,,,
3317,07:17:00,,,,,,,,,,,,,,,,,,,,,,,,,
3318,07:18:00,,,,,,,,,,,,,,,,,,,,,,,,,
3319,07:19:00,,,,,,,,,,,,,,,,,,,,,,,,,
3320,07:20:00,,,,,,,,,,,,,,,,,,,,,,,,,
3321,07:21:00,,,,,,,,,,,,,,,,,,,,,,,,,
3322,07:22:00,,,,,,,,,,,,,,,,,,,,,,,,,
3323,07:23:00,,,,,,,,,,,,,,,,,,,,,,,,,
3324,07:24:00,,,,,,,,,,,,,,,,,,,,,,,,,
3325,07:25:00,,,,,,,,,,,,,,,,,,,,,,,,,
3326,07:26:00,,,,,,,,,,,,,,,,,,,,,,,,,
3327,07:27:00,,,,,,,,,,,,,,,,,,,,,,,,,
3328,07:28:00,,,,,,,,,,,,,,,,,,,,,,,,,
3329,07:29:00,,,,,,,,,,,,,,,,,,,,,,,,,
3330,07:30:00,,,,,,,,,,,,,,,,,,,,,,,,,
3331,07:31:00,,,,,,,,,,,,,,,,,,,,,,,,,
3332,07:32:00,,,,,,,,,,,,,,,,,,,,,,,,,
3333,07:33:00,,,,,,,,,,,,,,,,,,,,,,,,,
3334,07:34:00,,,,,,,,,,,,,,,,,,,,,,,,,
3335,07:35:00,,,,,,,,,,,,,,,,,,,,,,,,,
3336,07:36:00,,,,,,,,,,,,,,,,,,,,,,,,,
3337,07:37:00,,,,,,,,,,,,,,,,,,,,,,,,,
3338,07:38:00,,,,,,,,,,,,,,,,,,,,,,,,,
3339,07:39:00,,,,,,,,,,,,,,,,,,,,,,,,,
3340,07:40:00,,,,,,,,,,,,,,,,,,,,,,,,,
3341,07:41:00,,,,,,,,,,,,,,,,,,,,,,,,,
3342,07:42:00,,,,,,,,,,,,,,,,,,,,,,,,,
3343,07:43:00,,,,,,,,,,,,,,,,,,,,,,,,,
3344,07:44:00,,,,,,,,,,,,,,,,,,,,,,,,,
3345,07:45:00,,,,,,,,,,,,,,,,,,,,,,,,,
3346,07:46:00,,,,,,,,,,,,,,,,,,,,,,,,,
3347,07:47:00,,,,,,,,,,,,,,,,,,,,,,,,,
3348,07:48:00,,,,,,,,,,,,,,,,,,,,,,,,,
3349,07:49:00,,,,,,,,,,,,,,,,,,,,,,,,,
3350,07:50:00,,,,,,,,,,,,,,,,,,,,,,,,,
3351,07:51:00,,,,,,,,,,,,,,,,,,,,,,,,,
3352,07:52:00,,,,,,,,,,,,,,,,,,,,,,,,,
3353,07:53:00,,,,,,,,,,,,,,,,,,,,,,,,,
3354,07:54:00,,,,,,,,,,,,,,,,,,,,,,,,,
3355,07:55:00,,,,,,,,,,,,,,,,,,,,,,,,,
3356,07:56:00,,,,,,,,,,,,,,,,,,,,,,,,,
3357,07:57:00,,,,,,,,,,,,,,,,,,,,,,,,,
3358,07:58:00,,,,,,,,,,,,,,,,,,,,,,,,,
3359,07:59:00,,,,,,,,,,,,,,,,,,,,,,,,,
3360,08:00:00,,,,,,,,,,,,,,,,,,,,,,,,,
3361,08:01:00,,,,,,,,,,,,,,,,,,,,,,,,,
3362,08:02:00,,,,,,,,,,,,,,,,,,,,,,,,,
3363,08:03:00,,,,,,,,,,,,,,,,,,,,,,,,,
3364,08:04:00,,,,,,,,,,,,,,,,,,,,,,,,,
3365,08:05:00,,,,,,,,,,,,,,,,,,,,,,,,,
3366,08:06:00,,,,,,,,,,,,,,,,,,,,,,,,,
3367,08:07:00,,,,,,,,,,,,,,,,,,,,,,,,,
3368,08:08:00,,,,,,,,,,,,,,,,,,,,,,,,,
3369,08:09:00,,,,,,,,,,,,,,,,,,,,,,,,,
3370,08:10:00,,,,,,,,,,,,,,,,,,,,,,,,,
3371,08:11:00,,,,,,,,,,,,,,,,,,,,,,,,,
3372,08:12:00,,,,,,,,,,,,,,,,,,,,,,,,,
3373,08:13:00,,,,,,,,,,,,,,,,,,,,,,,,,
3374,08:14:00,,,,,,,,,,,,,,,,,,,,,,,,,
3375,08:15:00,,,,,,,,,,,,,,,,,,,,,,,,,
3376,08:16:00,,,,,,,,,,,,,,,,,,,,,,,,,
3377,08:17:00,,,,,,,,,,,,,,,,,,,,,,,,,
3378,08:18:00,,,,,,,,,,,,,,,,,,,,,,,,,
3379,08:19:00,,,,,,,,,,,,,,,,,,,,,,,,,
3380,08:20:00,,,,,,,,,,,,,,,,,,,,,,,,,
3381,08:21:00,,,,,,,,,,,,,,,,,,,,,,,,,
3382,08:22:00,,,,,,,,,,,,,,,,,,,,,,,,,
3383,08:23:00,,,,,,,,,,,,,,,,,,,,,,,,,
3384,08:24:00,,,,,,,,,,,,,,,,,,,,,,,,,
3385,08:25:00,,,,,,,,,,,,,,,,,,,,,,,,,
3386,08:26:00,,,,,,,,,,,,,,,,,,,,,,,,,
3387,08:27:00,,,,,,,,,,,,,,,,,,,,,,,,,
3388,08:28:00,,,,,,,,,,,,,,,,,,,,,,,,,
3389,08:29:00,,,,,,,,,,,,,,,,,,,,,,,,,
3390,08:30:00,,,,,,,,,,,,,,,,,,,,,,,,,
3391,08:31:00,,,,,,,,,,,,,,,,,,,,,,,,,
3392,08:32:00,,,,,,,,,,,,,,,,,,,,,,,,,
3393,08:33:00,,,,,,,,,,,,,,,,,,,,,,,,,
3394,08:34:00,,,,,,,,,,,,,,,,,,,,,,,,,
3395,08:35:00,,,,,,,,,,,,,,,,,,,,,,,,,
3396,08:36:00,,,,,,,,,,,,,,,,,,,,,,,,,
3397,08:37:00,,,,,,,,,,,,,,,,,,,,,,,,,
3398,08:38:00,,,,,,,,,,,,,,,,,,,,,,,,,
3399,08:39:00,,,,,,,,,,,,,,,,,,,,,,,,,
3400,08:40:00,,,,,,,,,,,,,,,,,,,,,,,,,
3401,08:41:00,,,,,,,,,,,,,,,,,,,,,,,,,
3402,08:42:00,,,,,,,,,,,,,,,,,,,,,,,,,
3403,08:43:00,,,,,,,,,,,,,,,,,,,,,,,,,
3404,08:44:00,,,,,,,,,,,,,,,,,,,,,,,,,
3405,08:45:00,,,,,,,,,,,,,,,,,,,,,,,,,
3406,08:46:00,,,,,,,,,,,,,,,,,,,,,,,,,
3407,08:47:00,,,,,,,,,,,,,,,,,,,,,,,,,
3408,08:48:00,,,,,,,,,,,,,,,,,,,,,,,,,
3409,08:49:00,,,,,,,,,,,,,,,,,,,,,,,,,
3410,08:50:00,,,,,,,,,,,,,,,,,,,,,,,,,
3411,08:51:00,,,,,,,,,,,,,,,,,,,,,,,,,
3412,08:52:00,,,,,,,,,,,,,,,,,,,,,,,,,
3413,08:53:00,,,,,,,,,,,,,,,,,,,,,,,,,
3414,08:54:00,,,,,,,,,,,,,,,,,,,,,,,,,
3415,08:55:00,,,,,,,,,,,,,,,,,,,,,,,,,
3416,08:56:00,,,,,,,,,,,,,,,,,,,,,,,,,
3417,08:57:00,,,,,,,,,,,,,,,,,,,,,,,,,
3418,08:58:00,,,,,,,,,,,,,,,,,,,,,,,,,
3419,08:59:00,,,,,,,,,,,,,,,,,,,,,,,,,
3420,09:00:00,,,,,,,,,,,,,,,,,,,,,,,,,
3421,09:01:00,,,,,,,,,,,,,,,,,,,,,,,,,
3422,09:02:00,,,,,,,,,,,,,,,,,,,,,,,,,
3423,09:03:00,,,,,,,,,,,,,,,,,,,,,,,,,
3424,09:04:00,,,,,,,,,,,,,,,,,,,,,,,,,
3425,09:05:00,,,,,,,,,,,,,,,,,,,,,,,,,
3426,09:06:00,,,,,,,,,,,,,,,,,,,,,,,,,
3427,09:07:00,,,,,,,,,,,,,,,,,,,,,,,,,
3428,09:08:00,,,,,,,,,,,,,,,,,,,,,,,,,
3429,09:09:00,,,,,,,,,,,,,,,,,,,,,,,,,
3430,09:10:00,,,,,,,,,,,,,,,,,,,,,,,,,
3431,09:11:00,,,,,,,,,,,,,,,,,,,,,,,,,
3432,09:12:00,,,,,,,,,,,,,,,,,,,,,,,,,
3433,09:13:00,,,,,,,,,,,,,,,,,,,,,,,,,
3434,09:14:00,,,,,,,,,,,,,,,,,,,,,,,,,
3435,09:15:00,,,,,,,,,,,,,,,,,,,,,,,,,
3436,09:16:00,,,,,,,,,,,,,,,,,,,,,,,,,
3437,09:17:00,,,,,,,,,,,,,,,,,,,,,,,,,
3438,09:18:00,,,,,,,,,,,,,,,,,,,,,,,,,
3439,09:19:00,,,,,,,,,,,,,,,,,,,,,,,,,
3440,09:20:00,,,,,,,,,,,,,,,,,,,,,,,,,
3441,09:21:00,,,,,,,,,,,,,,,,,,,,,,,,,
3442,09:22:00,,,,,,,,,,,,,,,,,,,,,,,,,
3443,09:23:00,,,,,,,,,,,,,,,,,,,,,,,,,
3444,09:24:00,,,,,,,,,,,,,,,,,,,,,,,,,
3445,09:25:00,,,,,,,,,,,,,,,,,,,,,,,,,
3446,09:26:00,,,,,,,,,,,,,,,,,,,,,,,,,
3447,09:27:00,,,,,,,,,,,,,,,,,,,,,,,,,
3448,09:28:00,,,,,,,,,,,,,,,,,,,,,,,,,
3449,09:29:00,,,,,,,,,,,,,,,,,,,,,,,,,
3450,09:30:00,,,,,,,,,,,,,,,,,,,,,,,,,
3451,09:31:00,,,,,,,,,,,,,,,,,,,,,,,,,
3452,09:32:00,,,,,,,,,,,,,,,,,,,,,,,,,
3453,09:33:00,,,,,,,,,,,,,,,,,,,,,,,,,
3454,09:34:00,,,,,,,,,,,,,,,,,,,,,,,,,
3455,09:35:00,,,,,,,,,,,,,,,,,,,,,,,,,
3456,09:36:00,,,,,,,,,,,,,,,,,,,,,,,,,
3457,09:37:00,,,,,,,,,,,,,,,,,,,,,,,,,
3458,09:38:00,,,,,,,,,,,,,,,,,,,,,,,,,
3459,09:39:00,,,,,,,,,,,,,,,,,,,,,,,,,
3460,09:40:00,,,,,,,,,,,,,,,,,,,,,,,,,
3461,09:41:00,,,,,,,,,,,,,,,,,,,,,,,,,
3462,09:42:00,,,,,,,,,,,,,,,,,,,,,,,,,
3463,09:43:00,,,,,,,,,,,,,,,,,,,,,,,,,
3464,09:44:00,,,,,,,,,,,,,,,,,,,,,,,,,
3465,09:45:00,,,,,,,,,,,,,,,,,,,,,,,,,
3466,09:46:00,,,,,,,,,,,,,,,,,,,,,,,,,
3467,09:47:00,,,,,,,,,,,,,,,,,,,,,,,,,
3468,09:48:00,,,,,,,,,,,,,,,,,,,,,,,,,
3469,09:49:00,,,,,,,,,,,,,,,,,,,,,,,,,
3470,09:50:00,,,,,,,,,,,,,,,,,,,,,,,,,
3471,09:51:00,,,,,,,,,,,,,,,,,,,,,,,,,
3472,09:52:00,,,,,,,,,,,,,,,,,,,,,,,,,
3473,09:53:00,,,,,,,,,,,,,,,,,,,,,,,,,
3474,09:54:00,,,,,,,,,,,,,,,,,,,,,,,,,
3475,09:55:00,,,,,,,,,,,,,,,,,,,,,,,,,
3476,09:56:00,,,,,,,,,,,,,,,,,,,,,,,,,
3477,09:57:00,,,,,,,,,,,,,,,,,,,,,,,,,
3478,09:58:00,,,,,,,,,,,,,,,,,,,,,,,,,
3479,09:59:00,,,,,,,,,,,,,,,,,,,,,,,,,
3480,10:00:00,,,,,,,,,,,,,,,,,,,,,,,,,
3481,10:01:00,,,,,,,,,,,,,,,,,,,,,,,,,
3482,10:02:00,,,,,,,,,,,,,,,,,,,,,,,,,
3483,10:03:00,,,,,,,,,,,,,,,,,,,,,,,,,
3484,10:04:00,,,,,,,,,,,,,,,,,,,,,,,,,
3485,10:05:00,,,,,,,,,,,,,,,,,,,,,,,,,
3486,10:06:00,,,,,,,,,,,,,,,,,,,,,,,,,
3487,10:07:00,,,,,,,,,,,,,,,,,,,,,,,,,
3488,10:08:00,,,,,,,,,,,,,,,,,,,,,,,,,
3489,10:09:00,,,,,,,,,,,,,,,,,,,,,,,,,
3490,10:10:00,,,,,,,,,,,,,,,,,,,,,,,,,
3491,10:11:00,,,,,,,,,,,,,,,,,,,,,,,,,
3492,10:12:00,,,,,,,,,,,,,,,,,,,,,,,,,
3493,10:13:00,,,,,,,,,,,,,,,,,,,,,,,,,
3494,10:14:00,,,,,,,,,,,,,,,,,,,,,,,,,
3495,10:15:00,,,,,,,,,,,,,,,,,,,,,,,,,
3496,10:16:00,,,,,,,,,,,,,,,,,,,,,,,,,
3497,10:17:00,,,,,,,,,,,,,,,,,,,,,,,,,
3498,10:18:00,,,,,,,,,,,,,,,,,,,,,,,,,
3499,10:19:00,,,,,,,,,,,,,,,,,,,,,,,,,
3500,10:20:00,,,,,,,,,,,,,,,,,,,,,,,,,
3501,10:21:00,,,,,,,,,,,,,,,,,,,,,,,,,
3502,10:22:00,,,,,,,,,,,,,,,,,,,,,,,,,
3503,10:23:00,,,,,,,,,,,,,,,,,,,,,,,,,
3504,10:24:00,,,,,,,,,,,,,,,,,,,,,,,,,
3505,10:25:00,,,,,,,,,,,,,,,,,,,,,,,,,
3506,10:26:00,,,,,,,,,,,,,,,,,,,,,,,,,
3507,10:27:00,,,,,,,,,,,,,,,,,,,,,,,,,
3508,10:28:00,,,,,,,,,,,,,,,,,,,,,,,,,
3509,10:29:00,,,,,,,,,,,,,,,,,,,,,,,,,
3510,10:30:00,,,,,,,,,,,,,,,,,,,,,,,,,
3511,10:31:00,,,,,,,,,,,,,,,,,,,,,,,,,
3512,10:32:00,,,,,,,,,,,,,,,,,,,,,,,,,
3513,10:33:00,,,,,,,,,,,,,,,,,,,,,,,,,
3514,10:34:00,,,,,,,,,,,,,,,,,,,,,,,,,
3515,10:35:00,,,,,,,,,,,,,,,,,,,,,,,,,
3516,10:36:00,,,,,,,,,,,,,,,,,,,,,,,,,
3517,10:37:00,,,,,,,,,,,,,,,,,,,,,,,,,
3518,10:38:00,,,,,,,,,,,,,,,,,,,,,,,,,
3519,10:39:00,,,,,,,,,,,,,,,,,,,,,,,,,
3520,10:40:00,,,,,,,,,,,,,,,,,,,,,,,,,
3521,10:41:00,,,,,,,,,,,,,,,,,,,,,,,,,
3522,10:42:00,,,,,,,,,,,,,,,,,,,,,,,,,
3523,10:43:00,,,,,,,,,,,,,,,,,,,,,,,,,
3524,10:44:00,,,,,,,,,,,,,,,,,,,,,,,,,
3525,10:45:00,,,,,,,,,,,,,,,,,,,,,,,,,
3526,10:46:00,,,,,,,,,,,,,,,,,,,,,,,,,
3527,10:47:00,,,,,,,,,,,,,,,,,,,,,,,,,
3528,10:48:00,,,,,,,,,,,,,,,,,,,,,,,,,
3529,10:49:00,,,,,,,,,,,,,,,,,,,,,,,,,
3530,10:50:00,,,,,,,,,,,,,,,,,,,,,,,,,
3531,10:51:00,,,,,,,,,,,,,,,,,,,,,,,,,
3532,10:52:00,,,,,,,,,,,,,,,,,,,,,,,,,
3533,10:53:00,,,,,,,,,,,,,,,,,,,,,,,,,
3534,10:54:00,,,,,,,,,,,,,,,,,,,,,,,,,
3535,10:55:00,,,,,,,,,,,,,,,,,,,,,,,,,
3536,10:56:00,,,,,,,,,,,,,,,,,,,,,,,,,
3537,10:57:00,,,,,,,,,,,,,,,,,,,,,,,,,
3538,10:58:00,,,,,,,,,,,,,,,,,,,,,,,,,
3539,10:59:00,,,,,,,,,,,,,,,,,,,,,,,,,
3540,11:00:00,,,,,,,,,,,,,,,,,,,,,,,,,
3541,11:01:00,,,,,,,,,,,,,,,,,,,,,,,,,
3542,11:02:00,,,,,,,,,,,,,,,,,,,,,,,,,
3543,11:03:00,,,,,,,,,,,,,,,,,,,,,,,,,
3544,11:04:00,,,,,,,,,,,,,,,,,,,,,,,,,
3545,11:05:00,,,,,,,,,,,,,,,,,,,,,,,,,
3546,11:06:00,,,,,,,,,,,,,,,,,,,,,,,,,
3547,11:07:00,,,,,,,,,,,,,,,,,,,,,,,,,
3548,11:08:00,,,,,,,,,,,,,,,,,,,,,,,,,
3549,11:09:00,,,,,,,,,,,,,,,,,,,,,,,,,
3550,11:10:00,,,,,,,,,,,,,,,,,,,,,,,,,
3551,11:11:00,,,,,,,,,,,,,,,,,,,,,,,,,
3552,11:12:00,,,,,,,,,,,,,,,,,,,,,,,,,
3553,11:13:00,,,,,,,,,,,,,,,,,,,,,,,,,
3554,11:14:00,,,,,,,,,,,,,,,,,,,,,,,,,
3555,11:15:00,,,,,,,,,,,,,,,,,,,,,,,,,
3556,11:16:00,,,,,,,,,,,,,,,,,,,,,,,,,
3557,11:17:00,,,,,,,,,,,,,,,,,,,,,,,,,
3558,11:18:00,,,,,,,,,,,,,,,,,,,,,,,,,
3559,11:19:00,,,,,,,,,,,,,,,,,,,,,,,,,
3560,11:20:00,,,,,,,,,,,,,,,,,,,,,,,,,
3561,11:21:00,,,,,,,,,,,,,,,,,,,,,,,,,
3562,11:22:00,,,,,,,,,,,,,,,,,,,,,,,,,
3563,11:23:00,,,,,,,,,,,,,,,,,,,,,,,,,
3564,11:24:00,,,,,,,,,,,,,,,,,,,,,,,,,
3565,11:25:00,,,,,,,,,,,,,,,,,,,,,,,,,
3566,11:26:00,,,,,,,,,,,,,,,,,,,,,,,,,
3567,11:27:00,,,,,,,,,,,,,,,,,,,,,,,,,
3568,11:28:00,,,,,,,,,,,,,,,,,,,,,,,,,
3569,11:29:00,,,,,,,,,,,,,,,,,,,,,,,,,
3570,11:30:00,,,,,,,,,,,,,,,,,,,,,,,,,
3571,11:31:00,,,,,,,,,,,,,,,,,,,,,,,,,
3572,11:32:00,,,,,,,,,,,,,,,,,,,,,,,,,
3573,11:33:00,,,,,,,,,,,,,,,,,,,,,,,,,
3574,11:34:00,,,,,,,,,,,,,,,,,,,,,,,,,
3575,11:35:00,,,,,,,,,,,,,,,,,,,,,,,,,
3576,11:36:00,,,,,,,,,,,,,,,,,,,,,,,,,
3577,11:37:00,,,,,,,,,,,,,,,,,,,,,,,,,
3578,11:38:00,,,,,,,,,,,,,,,,,,,,,,,,,
3579,11:39:00,,,,,,,,,,,,,,,,,,,,,,,,,
3580,11:40:00,,,,,,,,,,,,,,,,,,,,,,,,,
3581,11:41:00,,,,,,,,,,,,,,,,,,,,,,,,,
3582,11:42:00,,,,,,,,,,,,,,,,,,,,,,,,,
3583,11:43:00,,,,,,,,,,,,,,,,,,,,,,,,,
3584,11:44:00,,,,,,,,,,,,,,,,,,,,,,,,,
3585,11:45:00,,,,,,,,,,,,,,,,,,,,,,,,,
3586,11:46:00,,,,,,,,,,,,,,,,,,,,,,,,,
3587,11:47:00,,,,,,,,,,,,,,,,,,,,,,,,,
3588,11:48:00,,,,,,,,,,,,,,,,,,,,,,,,,
3589,11:49:00,,,,,,,,,,,,,,,,,,,,,,,,,
3590,11:50:00,,,,,,,,,,,,,,,,,,,,,,,,,
3591,11:51:00,,,,,,,,,,,,,,,,,,,,,,,,,
3592,11:52:00,,,,,,,,,,,,,,,,,,,,,,,,,
3593,11:53:00,,,,,,,,,,,,,,,,,,,,,,,,,
3594,11:54:00,,,,,,,,,,,,,,,,,,,,,,,,,
3595,11:55:00,,,,,,,,,,,,,,,,,,,,,,,,,
3596,11:56:00,,,,,,,,,,,,,,,,,,,,,,,,,
3597,11:57:00,,,,,,,,,,,,,,,,,,,,,,,,,
3598,11:58:00,,,,,,,,,,,,,,,,,,,,,,,,,
3599,11:59:00,,,,,,,,,,,,,,,,,,,,,,,,,
3600,12:00:00,,,,,,,,,,,,,,,,,,,,,,,,,
3601,12:01:00,,,,,,,,,,,,,,,,,,,,,,,,,
3602,12:02:00,,,,,,,,,,,,,,,,,,,,,,,,,
3603,12:03:00,,,,,,,,,,,,,,,,,,,,,,,,,
3604,12:04:00,,,,,,,,,,,,,,,,,,,,,,,,,
3605,12:05:00,,,,,,,,,,,,,,,,,,,,,,,,,
3606,12:06:00,,,,,,,,,,,,,,,,,,,,,,,,,
3607,12:07:00,,,,,,,,,,,,,,,,,,,,,,,,,
3608,12:08:00,,,,,,,,,,,,,,,,,,,,,,,,,
3609,12:09:00,,,,,,,,,,,,,,,,,,,,,,,,,
3610,12:10:00,,,,,,,,,,,,,,,,,,,,,,,,,
3611,12:11:00,,,,,,,,,,,,,,,,,,,,,,,,,
3612,12:12:00,,,,,,,,,,,,,,,,,,,,,,,,,
3613,12:13:00,,,,,,,,,,,,,,,,,,,,,,,,,
3614,12:14:00,,,,,,,,,,,,,,,,,,,,,,,,,
3615,12:15:00,,,,,,,,,,,,,,,,,,,,,,,,,
3616,12:16:00,,,,,,,,,,,,,,,,,,,,,,,,,
3617,12:17:00,,,,,,,,,,,,,,,,,,,,,,,,,
3618,12:18:00,,,,,,,,,,,,,,,,,,,,,,,,,
3619,12:19:00,,,,,,,,,,,,,,,,,,,,,,,,,
3620,12:20:00,,,,,,,,,,,,,,,,,,,,,,,,,
3621,12:21:00,,,,,,,,,,,,,,,,,,,,,,,,,
3622,12:22:00,,,,,,,,,,,,,,,,,,,,,,,,,
3623,12:23:00,,,,,,,,,,,,,,,,,,,,,,,,,
3624,12:24:00,,,,,,,,,,,,,,,,,,,,,,,,,
3625,12:25:00,,,,,,,,,,,,,,,,,,,,,,,,,
3626,12:26:00,,,,,,,,,,,,,,,,,,,,,,,,,
3627,12:27:00,,,,,,,,,,,,,,,,,,,,,,,,,
3628,12:28:00,,,,,,,,,,,,,,,,,,,,,,,,,
3629,12:29:00,,,,,,,,,,,,,,,,,,,,,,,,,
3630,12:30:00,,,,,,,,,,,,,,,,,,,,,,,,,
3631,12:31:00,,,,,,,,,,,,,,,,,,,,,,,,,
3632,12:32:00,,,,,,,,,,,,,,,,,,,,,,,,,
3633,12:33:00,,,,,,,,,,,,,,,,,,,,,,,,,
3634,12:34:00,,,,,,,,,,,,,,,,,,,,,,,,,
3635,12:35:00,,,,,,,,,,,,,,,,,,,,,,,,,
3636,12:36:00,,,,,,,,,,,,,,,,,,,,,,,,,
3637,12:37:00,,,,,,,,,,,,,,,,,,,,,,,,,
3638,12:38:00,,,,,,,,,,,,,,,,,,,,,,,,,
3639,12:39:00,,,,,,,,,,,,,,,,,,,,,,,,,
3640,12:40:00,,,,,,,,,,,,,,,,,,,,,,,,,
3641,12:41:00,,,,,,,,,,,,,,,,,,,,,,,,,
3642,12:42:00,,,,,,,,,,,,,,,,,,,,,,,,,
3643,12:43:00,,,,,,,,,,,,,,,,,,,,,,,,,
3644,12:44:00,,,,,,,,,,,,,,,,,,,,,,,,,
3645,12:45:00,,,,,,,,,,,,,,,,,,,,,,,,,
3646,12:46:00,,,,,,,,,,,,,,,,,,,,,,,,,
3647,12:47:00,,,,,,,,,,,,,,,,,,,,,,,,,
3648,12:48:00,,,,,,,,,,,,,,,,,,,,,,,,,
3649,12:49:00,,,,,,,,,,,,,,,,,,,,,,,,,
3650,12:50:00,,,,,,,,,,,,,,,,,,,,,,,,,
3651,12:51:00,,,,,,,,,,,,,,,,,,,,,,,,,
3652,12:52:00,,,,,,,,,,,,,,,,,,,,,,,,,
3653,12:53:00,,,,,,,,,,,,,,,,,,,,,,,,,
3654,12:54:00,,,,,,,,,,,,,,,,,,,,,,,,,
3655,12:55:00,,,,,,,,,,,,,,,,,,,,,,,,,
3656,12:56:00,,,,,,,,,,,,,,,,,,,,,,,,,
3657,12:57:00,,,,,,,,,,,,,,,,,,,,,,,,,
3658,12:58:00,,,,,,,,,,,,,,,,,,,,,,,,,
3659,12:59:00,,,,,,,,,,,,,,,,,,,,,,,,,
3660,13:00:00,,,,,,,,,,,,,,,,,,,,,,,,,
3661,13:01:00,,,,,,,,,,,,,,,,,,,,,,,,,
3662,13:02:00,,,,,,,,,,,,,,,,,,,,,,,,,
3663,13:03:00,,,,,,,,,,,,,,,,,,,,,,,,,
3664,13:04:00,,,,,,,,,,,,,,,,,,,,,,,,,
3665,13:05:00,,,,,,,,,,,,,,,,,,,,,,,,,
3666,13:06:00,,,,,,,,,,,,,,,,,,,,,,,,,
3667,13:07:00,,,,,,,,,,,,,,,,,,,,,,,,,
3668,13:08:00,,,,,,,,,,,,,,,,,,,,,,,,,
3669,13:09:00,,,,,,,,,,,,,,,,,,,,,,,,,
3670,13:10:00,,,,,,,,,,,,,,,,,,,,,,,,,
3671,13:11:00,,,,,,,,,,,,,,,,,,,,,,,,,
3672,13:12:00,,,,,,,,,,,,,,,,,,,,,,,,,
3673,13:13:00,,,,,,,,,,,,,,,,,,,,,,,,,
3674,13:14:00,,,,,,,,,,,,,,,,,,,,,,,,,
3675,13:15:00,,,,,,,,,,,,,,,,,,,,,,,,,
3676,13:16:00,,,,,,,,,,,,,,,,,,,,,,,,,
3677,13:17:00,,,,,,,,,,,,,,,,,,,,,,,,,
3678,13:18:00,,,,,,,,,,,,,,,,,,,,,,,,,
3679,13:19:00,,,,,,,,,,,,,,,,,,,,,,,,,
3680,13:20:00,,,,,,,,,,,,,,,,,,,,,,,,,
3681,13:21:00,,,,,,,,,,,,,,,,,,,,,,,,,
3682,13:22:00,,,,,,,,,,,,,,,,,,,,,,,,,
3683,13:23:00,,,,,,,,,,,,,,,,,,,,,,,,,
3684,13:24:00,,,,,,,,,,,,,,,,,,,,,,,,,
3685,13:25:00,,,,,,,,,,,,,,,,,,,,,,,,,
3686,13:26:00,,,,,,,,,,,,,,,,,,,,,,,,,
3687,13:27:00,,,,,,,,,,,,,,,,,,,,,,,,,
3688,13:28:00,,,,,,,,,,,,,,,,,,,,,,,,,
3689,13:29:00,,,,,,,,,,,,,,,,,,,,,,,,,
3690,13:30:00,,,,,,,,,,,,,,,,,,,,,,,,,
3691,13:31:00,,,,,,,,,,,,,,,,,,,,,,,,,
3692,13:32:00,,,,,,,,,,,,,,,,,,,,,,,,,
3693,13:33:00,,,,,,,,,,,,,,,,,,,,,,,,,
3694,13:34:00,,,,,,,,,,,,,,,,,,,,,,,,,
3695,13:35:00,,,,,,,,,,,,,,,,,,,,,,,,,
3696,13:36:00,,,,,,,,,,,,,,,,,,,,,,,,,
3697,13:37:00,,,,,,,,,,,,,,,,,,,,,,,,,
3698,13:38:00,,,,,,,,,,,,,,,,,,,,,,,,,
3699,13:39:00,,,,,,,,,,,,,,,,,,,,,,,,,
3700,13:40:00,,,,,,,,,,,,,,,,,,,,,,,,,
3701,13:41:00,,,,,,,,,,,,,,,,,,,,,,,,,
3702,13:42:00,,,,,,,,,,,,,,,,,,,,,,,,,
3703,13:43:00,,,,,,,,,,,,,,,,,,,,,,,,,
3704,13:44:00,,,,,,,,,,,,,,,,,,,,,,,,,
3705,13:45:00,,,,,,,,,,,,,,,,,,,,,,,,,
3706,13:46:00,,,,,,,,,,,,,,,,,,,,,,,,,
3707,13:47:00,,,,,,,,,,,,,,,,,,,,,,,,,
3708,13:48:00,,,,,,,,,,,,,,,,,,,,,,,,,
3709,13:49:00,,,,,,,,,,,,,,,,,,,,,,,,,
3710,13:50:00,,,,,,,,,,,,,,,,,,,,,,,,,
3711,13:51:00,,,,,,,,,,,,,,,,,,,,,,,,,
3712,13:52:00,,,,,,,,,,,,,,,,,,,,,,,,,
3713,13:53:00,,,,,,,,,,,,,,,,,,,,,,,,,
3714,13:54:00,,,,,,,,,,,,,,,,,,,,,,,,,
3715,13:55:00,,,,,,,,,,,,,,,,,,,,,,,,,
3716,13:56:00,,,,,,,,,,,,,,,,,,,,,,,,,
3717,13:57:00,,,,,,,,,,,,,,,,,,,,,,,,,
3718,13:58:00,,,,,,,,,,,,,,,,,,,,,,,,,
3719,13:59:00,,,,,,,,,,,,,,,,,,,,,,,,,
3720,14:00:00,,,,,,,,,,,,,,,,,,,,,,,,,
3721,14:01:00,,,,,,,,,,,,,,,,,,,,,,,,,
3722,14:02:00,,,,,,,,,,,,,,,,,,,,,,,,,
3723,14:03:00,,,,,,,,,,,,,,,,,,,,,,,,,
3724,14:04:00,,,,,,,,,,,,,,,,,,,,,,,,,
3725,14:05:00,,,,,,,,,,,,,,,,,,,,,,,,,
3726,14:06:00,,,,,,,,,,,,,,,,,,,,,,,,,
3727,14:07:00,,,,,,,,,,,,,,,,,,,,,,,,,
3728,14:08:00,,,,,,,,,,,,,,,,,,,,,,,,,
3729,14:09:00,,,,,,,,,,,,,,,,,,,,,,,,,
3730,14:10:00,,,,,,,,,,,,,,,,,,,,,,,,,
3731,14:11:00,,,,,,,,,,,,,,,,,,,,,,,,,
3732,14:12:00,,,,,,,,,,,,,,,,,,,,,,,,,
3733,14:13:00,,,,,,,,,,,,,,,,,,,,,,,,,
3734,14:14:00,,,,,,,,,,,,,,,,,,,,,,,,,
3735,14:15:00,,,,,,,,,,,,,,,,,,,,,,,,,
3736,14:16:00,,,,,,,,,,,,,,,,,,,,,,,,,
3737,14:17:00,,,,,,,,,,,,,,,,,,,,,,,,,
3738,14:18:00,,,,,,,,,,,,,,,,,,,,,,,,,
3739,14:19:00,,,,,,,,,,,,,,,,,,,,,,,,,
3740,14:20:00,,,,,,,,,,,,,,,,,,,,,,,,,
3741,14:21:00,,,,,,,,,,,,,,,,,,,,,,,,,
3742,14:22:00,,,,,,,,,,,,,,,,,,,,,,,,,
3743,14:23:00,,,,,,,,,,,,,,,,,,,,,,,,,
3744,14:24:00,,,,,,,,,,,,,,,,,,,,,,,,,
3745,14:25:00,,,,,,,,,,,,,,,,,,,,,,,,,
3746,14:26:00,,,,,,,,,,,,,,,,,,,,,,,,,
3747,14:27:00,,,,,,,,,,,,,,,,,,,,,,,,,
3748,14:28:00,,,,,,,,,,,,,,,,,,,,,,,,,
3749,14:29:00,,,,,,,,,,,,,,,,,,,,,,,,,
3750,14:30:00,,,,,,,,,,,,,,,,,,,,,,,,,
3751,14:31:00,,,,,,,,,,,,,,,,,,,,,,,,,
3752,14:32:00,,,,,,,,,,,,,,,,,,,,,,,,,
3753,14:33:00,,,,,,,,,,,,,,,,,,,,,,,,,
3754,14:34:00,,,,,,,,,,,,,,,,,,,,,,,,,
3755,14:35:00,,,,,,,,,,,,,,,,,,,,,,,,,
3756,14:36:00,,,,,,,,,,,,,,,,,,,,,,,,,
3757,14:37:00,,,,,,,,,,,,,,,,,,,,,,,,,
3758,14:38:00,,,,,,,,,,,,,,,,,,,,,,,,,
3759,14:39:00,,,,,,,,,,,,,,,,,,,,,,,,,
3760,14:40:00,,,,,,,,,,,,,,,,,,,,,,,,,
3761,14:41:00,,,,,,,,,,,,,,,,,,,,,,,,,
3762,14:42:00,,,,,,,,,,,,,,,,,,,,,,,,,
3763,14:43:00,,,,,,,,,,,,,,,,,,,,,,,,,
3764,14:44:00,,,,,,,,,,,,,,,,,,,,,,,,,
3765,14:45:00,,,,,,,,,,,,,,,,,,,,,,,,,
3766,14:46:00,,,,,,,,,,,,,,,,,,,,,,,,,
3767,14:47:00,,,,,,,,,,,,,,,,,,,,,,,,,
3768,14:48:00,,,,,,,,,,,,,,,,,,,,,,,,,
3769,14:49:00,,,,,,,,,,,,,,,,,,,,,,,,,
3770,14:50:00,,,,,,,,,,,,,,,,,,,,,,,,,
3771,14:51:00,,,,,,,,,,,,,,,,,,,,,,,,,
3772,14:52:00,,,,,,,,,,,,,,,,,,,,,,,,,
3773,14:53:00,,,,,,,,,,,,,,,,,,,,,,,,,
3774,14:54:00,,,,,,,,,,,,,,,,,,,,,,,,,
3775,14:55:00,,,,,,,,,,,,,,,,,,,,,,,,,
3776,14:56:00,,,,,,,,,,,,,,,,,,,,,,,,,
3777,14:57:00,,,,,,,,,,,,,,,,,,,,,,,,,
3778,14:58:00,,,,,,,,,,,,,,,,,,,,,,,,,
3779,14:59:00,,,,,,,,,,,,,,,,,,,,,,,,,
3780,15:00:00,,,,,,,,,,,,,,,,,,,,,,,,,
3781,15:01:00,,,,,,,,,,,,,,,,,,,,,,,,,
3782,15:02:00,,,,,,,,,,,,,,,,,,,,,,,,,
3783,15:03:00,,,,,,,,,,,,,,,,,,,,,,,,,
3784,15:04:00,,,,,,,,,,,,,,,,,,,,,,,,,
3785,15:05:00,,,,,,,,,,,,,,,,,,,,,,,,,
3786,15:06:00,,,,,,,,,,,,,,,,,,,,,,,,,
3787,15:07:00,,,,,,,,,,,,,,,,,,,,,,,,,
3788,15:08:00,,,,,,,,,,,,,,,,,,,,,,,,,
3789,15:09:00,,,,,,,,,,,,,,,,,,,,,,,,,
3790,15:10:00,,,,,,,,,,,,,,,,,,,,,,,,,
3791,15:11:00,,,,,,,,,,,,,,,,,,,,,,,,,
3792,15:12:00,,,,,,,,,,,,,,,,,,,,,,,,,
3793,15:13:00,,,,,,,,,,,,,,,,,,,,,,,,,
3794,15:14:00,,,,,,,,,,,,,,,,,,,,,,,,,
3795,15:15:00,,,,,,,,,,,,,,,,,,,,,,,,,
3796,15:16:00,,,,,,,,,,,,,,,,,,,,,,,,,
3797,15:17:00,,,,,,,,,,,,,,,,,,,,,,,,,
3798,15:18:00,,,,,,,,,,,,,,,,,,,,,,,,,
3799,15:19:00,,,,,,,,,,,,,,,,,,,,,,,,,
3800,15:20:00,,,,,,,,,,,,,,,,,,,,,,,,,
3801,15:21:00,,,,,,,,,,,,,,,,,,,,,,,,,
3802,15:22:00,,,,,,,,,,,,,,,,,,,,,,,,,
3803,15:23:00,,,,,,,,,,,,,,,,,,,,,,,,,
3804,15:24:00,,,,,,,,,,,,,,,,,,,,,,,,,
3805,15:25:00,,,,,,,,,,,,,,,,,,,,,,,,,
3806,15:26:00,,,,,,,,,,,,,,,,,,,,,,,,,
3807,15:27:00,,,,,,,,,,,,,,,,,,,,,,,,,
3808,15:28:00,,,,,,,,,,,,,,,,,,,,,,,,,
3809,15:29:00,,,,,,,,,,,,,,,,,,,,,,,,,
3810,15:30:00,,,,,,,,,,,,,,,,,,,,,,,,,
3811,15:31:00,,,,,,,,,,,,,,,,,,,,,,,,,
3812,15:32:00,,,,,,,,,,,,,,,,,,,,,,,,,
3813,15:33:00,,,,,,,,,,,,,,,,,,,,,,,,,
3814,15:34:00,,,,,,,,,,,,,,,,,,,,,,,,,
3815,15:35:00,,,,,,,,,,,,,,,,,,,,,,,,,
3816,15:36:00,,,,,,,,,,,,,,,,,,,,,,,,,
3817,15:37:00,,,,,,,,,,,,,,,,,,,,,,,,,
3818,15:38:00,,,,,,,,,,,,,,,,,,,,,,,,,
3819,15:39:00,,,,,,,,,,,,,,,,,,,,,,,,,
3820,15:40:00,,,,,,,,,,,,,,,,,,,,,,,,,
3821,15:41:00,,,,,,,,,,,,,,,,,,,,,,,,,
3822,15:42:00,,,,,,,,,,,,,,,,,,,,,,,,,
3823,15:43:00,,,,,,,,,,,,,,,,,,,,,,,,,
3824,15:44:00,,,,,,,,,,,,,,,,,,,,,,,,,
3825,15:45:00,,,,,,,,,,,,,,,,,,,,,,,,,
3826,15:46:00,,,,,,,,,,,,,,,,,,,,,,,,,
3827,15:47:00,,,,,,,,,,,,,,,,,,,,,,,,,
3828,15:48:00,,,,,,,,,,,,,,,,,,,,,,,,,
3829,15:49:00,,,,,,,,,,,,,,,,,,,,,,,,,
3830,15:50:00,,,,,,,,,,,,,,,,,,,,,,,,,
3831,15:51:00,,,,,,,,,,,,,,,,,,,,,,,,,
3832,15:52:00,,,,,,,,,,,,,,,,,,,,,,,,,
3833,15:53:00,,,,,,,,,,,,,,,,,,,,,,,,,
3834,15:54:00,,,,,,,,,,,,,,,,,,,,,,,,,
3835,15:55:00,,,,,,,,,,,,,,,,,,,,,,,,,
3836,15:56:00,,,,,,,,,,,,,,,,,,,,,,,,,
3837,15:57:00,,,,,,,,,,,,,,,,,,,,,,,,,
3838,15:58:00,,,,,,,,,,,,,,,,,,,,,,,,,
3839,15:59:00,,,,,,,,,,,,,,,,,,,,,,,,,
3840,16:00:00,,,,,,,,,,,,,,,,,,,,,,,,,
3841,16:01:00,,,,,,,,,,,,,,,,,,,,,,,,,
3842,16:02:00,,,,,,,,,,,,,,,,,,,,,,,,,
3843,16:03:00,,,,,,,,,,,,,,,,,,,,,,,,,
3844,16:04:00,,,,,,,,,,,,,,,,,,,,,,,,,
3845,16:05:00,,,,,,,,,,,,,,,,,,,,,,,,,
3846,16:06:00,,,,,,,,,,,,,,,,,,,,,,,,,
3847,16:07:00,,,,,,,,,,,,,,,,,,,,,,,,,
3848,16:08:00,,,,,,,,,,,,,,,,,,,,,,,,,
3849,16:09:00,,,,,,,,,,,,,,,,,,,,,,,,,
3850,16:10:00,,,,,,,,,,,,,,,,,,,,,,,,,
3851,16:11:00,,,,,,,,,,,,,,,,,,,,,,,,,
3852,16:12:00,,,,,,,,,,,,,,,,,,,,,,,,,
3853,16:13:00,,,,,,,,,,,,,,,,,,,,,,,,,
3854,16:14:00,,,,,,,,,,,,,,,,,,,,,,,,,
3855,16:15:00,,,,,,,,,,,,,,,,,,,,,,,,,
3856,16:16:00,,,,,,,,,,,,,,,,,,,,,,,,,
3857,16:17:00,,,,,,,,,,,,,,,,,,,,,,,,,
3858,16:18:00,,,,,,,,,,,,,,,,,,,,,,,,,
3859,16:19:00,,,,,,,,,,,,,,,,,,,,,,,,,
3860,16:20:00,,,,,,,,,,,,,,,,,,,,,,,,,
3861,16:21:00,,,,,,,,,,,,,,,,,,,,,,,,,
3862,16:22:00,,,,,,,,,,,,,,,,,,,,,,,,,
3863,16:23:00,,,,,,,,,,,,,,,,,,,,,,,,,
3864,16:24:00,,,,,,,,,,,,,,,,,,,,,,,,,
3865,16:25:00,,,,,,,,,,,,,,,,,,,,,,,,,
3866,16:26:00,,,,,,,,,,,,,,,,,,,,,,,,,
3867,16:27:00,,,,,,,,,,,,,,,,,,,,,,,,,
3868,16:28:00,,,,,,,,,,,,,,,,,,,,,,,,,
3869,16:29:00,,,,,,,,,,,,,,,,,,,,,,,,,
3870,16:30:00,,,,,,,,,,,,,,,,,,,,,,,,,
3871,16:31:00,,,,,,,,,,,,,,,,,,,,,,,,,
3872,16:32:00,,,,,,,,,,,,,,,,,,,,,,,,,
3873,16:33:00,,,,,,,,,,,,,,,,,,,,,,,,,
3874,16:34:00,,,,,,,,,,,,,,,,,,,,,,,,,
3875,16:35:00,,,,,,,,,,,,,,,,,,,,,,,,,
3876,16:36:00,,,,,,,,,,,,,,,,,,,,,,,,,
3877,16:37:00,,,,,,,,,,,,,,,,,,,,,,,,,
3878,16:38:00,,,,,,,,,,,,,,,,,,,,,,,,,
3879,16:39:00,,,,,,,,,,,,,,,,,,,,,,,,,
3880,16:40:00,,,,,,,,,,,,,,,,,,,,,,,,,
3881,16:41:00,,,,,,,,,,,,,,,,,,,,,,,,,
3882,16:42:00,,,,,,,,,,,,,,,,,,,,,,,,,
3883,16:43:00,,,,,,,,,,,,,,,,,,,,,,,,,
3884,16:44:00,,,,,,,,,,,,,,,,,,,,,,,,,
3885,16:45:00,,,,,,,,,,,,,,,,,,,,,,,,,
3886,16:46:00,,,,,,,,,,,,,,,,,,,,,,,,,
3887,16:47:00,,,,,,,,,,,,,,,,,,,,,,,,,
3888,16:48:00,,,,,,,,,,,,,,,,,,,,,,,,,
3889,16:49:00,,,,,,,,,,,,,,,,,,,,,,,,,
3890,16:50:00,,,,,,,,,,,,,,,,,,,,,,,,,
3891,16:51:00,,,,,,,,,,,,,,,,,,,,,,,,,
3892,16:52:00,,,,,,,,,,,,,,,,,,,,,,,,,
3893,16:53:00,,,,,,,,,,,,,,,,,,,,,,,,,
3894,16:54:00,,,,,,,,,,,,,,,,,,,,,,,,,
3895,16:55:00,,,,,,,,,,,,,,,,,,,,,,,,,
3896,16:56:00,,,,,,,,,,,,,,,,,,,,,,,,,
3897,16:57:00,,,,,,,,,,,,,,,,,,,,,,,,,
3898,16:58:00,,,,,,,,,,,,,,,,,,,,,,,,,
3899,16:59:00,,,,,,,,,,,,,,,,,,,,,,,,,
3900,17:00:00,,,,,,,,,,,,,,,,,,,,,,,,,
3901,17:01:00,,,,,,,,,,,,,,,,,,,,,,,,,
3902,17:02:00,,,,,,,,,,,,,,,,,,,,,,,,,
3903,17:03:00,,,,,,,,,,,,,,,,,,,,,,,,,
3904,17:04:00,,,,,,,,,,,,,,,,,,,,,,,,,
3905,17:05:00,,,,,,,,,,,,,,,,,,,,,,,,,
3906,17:06:00,,,,,,,,,,,,,,,,,,,,,,,,,
3907,17:07:00,,,,,,,,,,,,,,,,,,,,,,,,,
3908,17:08:00,,,,,,,,,,,,,,,,,,,,,,,,,
3909,17:09:00,,,,,,,,,,,,,,,,,,,,,,,,,
3910,17:10:00,,,,,,,,,,,,,,,,,,,,,,,,,
3911,17:11:00,,,,,,,,,,,,,,,,,,,,,,,,,
3912,17:12:00,,,,,,,,,,,,,,,,,,,,,,,,,
3913,17:13:00,,,,,,,,,,,,,,,,,,,,,,,,,
3914,17:14:00,,,,,,,,,,,,,,,,,,,,,,,,,
3915,17:15:00,,,,,,,,,,,,,,,,,,,,,,,,,
3916,17:16:00,,,,,,,,,,,,,,,,,,,,,,,,,
3917,17:17:00,,,,,,,,,,,,,,,,,,,,,,,,,
3918,17:18:00,,,,,,,,,,,,,,,,,,,,,,,,,
3919,17:19:00,,,,,,,,,,,,,,,,,,,,,,,,,
3920,17:20:00,,,,,,,,,,,,,,,,,,,,,,,,,
3921,17:21:00,,,,,,,,,,,,,,,,,,,,,,,,,
3922,17:22:00,,,,,,,,,,,,,,,,,,,,,,,,,
3923,17:23:00,,,,,,,,,,,,,,,,,,,,,,,,,
3924,17:24:00,,,,,,,,,,,,,,,,,,,,,,,,,
3925,17:25:00,,,,,,,,,,,,,,,,,,,,,,,,,
3926,17:26:00,,,,,,,,,,,,,,,,,,,,,,,,,
3927,17:27:00,,,,,,,,,,,,,,,,,,,,,,,,,
3928,17:28:00,,,,,,,,,,,,,,,,,,,,,,,,,
3929,17:29:00,,,,,,,,,,,,,,,,,,,,,,,,,
3930,17:30:00,,,,,,,,,,,,,,,,,,,,,,,,,
3931,17:31:00,,,,,,,,,,,,,,,,,,,,,,,,,
3932,17:32:00,,,,,,,,,,,,,,,,,,,,,,,,,
3933,17:33:00,,,,,,,,,,,,,,,,,,,,,,,,,
3934,17:34:00,,,,,,,,,,,,,,,,,,,,,,,,,
3935,17:35:00,,,,,,,,,,,,,,,,,,,,,,,,,
3936,17:36:00,,,,,,,,,,,,,,,,,,,,,,,,,
3937,17:37:00,,,,,,,,,,,,,,,,,,,,,,,,,
3938,17:38:00,,,,,,,,,,,,,,,,,,,,,,,,,
3939,17:39:00,,,,,,,,,,,,,,,,,,,,,,,,,
3940,17:40:00,,,,,,,,,,,,,,,,,,,,,,,,,
3941,17:41:00,,,,,,,,,,,,,,,,,,,,,,,,,
3942,17:42:00,,,,,,,,,,,,,,,,,,,,,,,,,
3943,17:43:00,,,,,,,,,,,,,,,,,,,,,,,,,
3944,17:44:00,,,,,,,,,,,,,,,,,,,,,,,,,
3945,17:45:00,,,,,,,,,,,,,,,,,,,,,,,,,
3946,17:46:00,,,,,,,,,,,,,,,,,,,,,,,,,
3947,17:47:00,,,,,,,,,,,,,,,,,,,,,,,,,
3948,17:48:00,,,,,,,,,,,,,,,,,,,,,,,,,
3949,17:49:00,,,,,,,,,,,,,,,,,,,,,,,,,
3950,17:50:00,,,,,,,,,,,,,,,,,,,,,,,,,
3951,17:51:00,,,,,,,,,,,,,,,,,,,,,,,,,
3952,17:52:00,,,,,,,,,,,,,,,,,,,,,,,,,
3953,17:53:00,,,,,,,,,,,,,,,,,,,,,,,,,
3954,17:54:00,,,,,,,,,,,,,,,,,,,,,,,,,
3955,17:55:00,,,,,,,,,,,,,,,,,,,,,,,,,
3956,17:56:00,,,,,,,,,,,,,,,,,,,,,,,,,
3957,17:57:00,,,,,,,,,,,,,,,,,,,,,,,,,
3958,17:58:00,,,,,,,,,,,,,,,,,,,,,,,,,
3959,17:59:00,,,,,,,,,,,,,,,,,,,,,,,,,
3960,18:00:00,,,,,,,,,,,,,,,,,,,,,,,,,
3961,18:01:00,,,,,,,,,,,,,,,,,,,,,,,,,
3962,18:02:00,,,,,,,,,,,,,,,,,,,,,,,,,
3963,18:03:00,,,,,,,,,,,,,,,,,,,,,,,,,
3964,18:04:00,,,,,,,,,,,,,,,,,,,,,,,,,
3965,18:05:00,,,,,,,,,,,,,,,,,,,,,,,,,
3966,18:06:00,,,,,,,,,,,,,,,,,,,,,,,,,
3967,18:07:00,,,,,,,,,,,,,,,,,,,,,,,,,
3968,18:08:00,,,,,,,,,,,,,,,,,,,,,,,,,
3969,18:09:00,,,,,,,,,,,,,,,,,,,,,,,,,
3970,18:10:00,,,,,,,,,,,,,,,,,,,,,,,,,
3971,18:11:00,,,,,,,,,,,,,,,,,,,,,,,,,
3972,18:12:00,,,,,,,,,,,,,,,,,,,,,,,,,
3973,18:13:00,,,,,,,,,,,,,,,,,,,,,,,,,
3974,18:14:00,,,,,,,,,,,,,,,,,,,,,,,,,
3975,18:15:00,,,,,,,,,,,,,,,,,,,,,,,,,
3976,18:16:00,,,,,,,,,,,,,,,,,,,,,,,,,
3977,18:17:00,,,,,,,,,,,,,,,,,,,,,,,,,
3978,18:18:00,,,,,,,,,,,,,,,,,,,,,,,,,
3979,18:19:00,,,,,,,,,,,,,,,,,,,,,,,,,
3980,18:20:00,,,,,,,,,,,,,,,,,,,,,,,,,
3981,18:21:00,,,,,,,,,,,,,,,,,,,,,,,,,
3982,18:22:00,,,,,,,,,,,,,,,,,,,,,,,,,
3983,18:23:00,,,,,,,,,,,,,,,,,,,,,,,,,
3984,18:24:00,,,,,,,,,,,,,,,,,,,,,,,,,
3985,18:25:00,,,,,,,,,,,,,,,,,,,,,,,,,
3986,18:26:00,,,,,,,,,,,,,,,,,,,,,,,,,
3987,18:27:00,,,,,,,,,,,,,,,,,,,,,,,,,
3988,18:28:00,,,,,,,,,,,,,,,,,,,,,,,,,
3989,18:29:00,,,,,,,,,,,,,,,,,,,,,,,,,
3990,18:30:00,,,,,,,,,,,,,,,,,,,,,,,,,
3991,18:31:00,,,,,,,,,,,,,,,,,,,,,,,,,
3992,18:32:00,,,,,,,,,,,,,,,,,,,,,,,,,
3993,18:33:00,,,,,,,,,,,,,,,,,,,,,,,,,
3994,18:34:00,,,,,,,,,,,,,,,,,,,,,,,,,
3995,18:35:00,,,,,,,,,,,,,,,,,,,,,,,,,
3996,18:36:00,,,,,,,,,,,,,,,,,,,,,,,,,
3997,18:37:00,,,,,,,,,,,,,,,,,,,,,,,,,
3998,18:38:00,,,,,,,,,,,,,,,,,,,,,,,,,
3999,18:39:00,,,,,,,,,,,,,,,,,,,,,,,,,
4000,18:40:00,,,,,,,,,,,,,,,,,,,,,,,,,
4001,18:41:00,,,,,,,,,,,,,,,,,,,,,,,,,
4002,18:42:00,,,,,,,,,,,,,,,,,,,,,,,,,
4003,18:43:00,,,,,,,,,,,,,,,,,,,,,,,,,
4004,18:44:00,,,,,,,,,,,,,,,,,,,,,,,,,
4005,18:45:00,,,,,,,,,,,,,,,,,,,,,,,,,
4006,18:46:00,,,,,,,,,,,,,,,,,,,,,,,,,
4007,18:47:00,,,,,,,,,,,,,,,,,,,,,,,,,
4008,18:48:00,,,,,,,,,,,,,,,,,,,,,,,,,
4009,18:49:00,,,,,,,,,,,,,,,,,,,,,,,,,
4010,18:50:00,,,,,,,,,,,,,,,,,,,,,,,,,
4011,18:51:00,,,,,,,,,,,,,,,,,,,,,,,,,
4012,18:52:00,,,,,,,,,,,,,,,,,,,,,,,,,
4013,18:53:00,,,,,,,,,,,,,,,,,,,,,,,,,
4014,18:54:00,,,,,,,,,,,,,,,,,,,,,,,,,
4015,18:55:00,,,,,,,,,,,,,,,,,,,,,,,,,
4016,18:56:00,,,,,,,,,,,,,,,,,,,,,,,,,
4017,18:57:00,,,,,,,,,,,,,,,,,,,,,,,,,
4018,18:58:00,,,,,,,,,,,,,,,,,,,,,,,,,
4019,18:59:00,,,,,,,,,,,,,,,,,,,,,,,,,
4020,19:00:00,,,,,,,,,,,,,,,,,,,,,,,,,
4021,19:01:00,,,,,,,,,,,,,,,,,,,,,,,,,
4022,19:02:00,,,,,,,,,,,,,,,,,,,,,,,,,
4023,19:03:00,,,,,,,,,,,,,,,,,,,,,,,,,
4024,19:04:00,,,,,,,,,,,,,,,,,,,,,,,,,
4025,19:05:00,,,,,,,,,,,,,,,,,,,,,,,,,
4026,19:06:00,,,,,,,,,,,,,,,,,,,,,,,,,
4027,19:07:00,,,,,,,,,,,,,,,,,,,,,,,,,
4028,19:08:00,,,,,,,,,,,,,,,,,,,,,,,,,
4029,19:09:00,,,,,,,,,,,,,,,,,,,,,,,,,
4030,19:10:00,,,,,,,,,,,,,,,,,,,,,,,,,
4031,19:11:00,,,,,,,,,,,,,,,,,,,,,,,,,
4032,19:12:00,,,,,,,,,,,,,,,,,,,,,,,,,
4033,19:13:00,,,,,,,,,,,,,,,,,,,,,,,,,
4034,19:14:00,,,,,,,,,,,,,,,,,,,,,,,,,
4035,19:15:00,,,,,,,,,,,,,,,,,,,,,,,,,
4036,19:16:00,,,,,,,,,,,,,,,,,,,,,,,,,
4037,19:17:00,,,,,,,,,,,,,,,,,,,,,,,,,
4038,19:18:00,,,,,,,,,,,,,,,,,,,,,,,,,
4039,19:19:00,,,,,,,,,,,,,,,,,,,,,,,,,
4040,19:20:00,,,,,,,,,,,,,,,,,,,,,,,,,
4041,19:21:00,,,,,,,,,,,,,,,,,,,,,,,,,
4042,19:22:00,,,,,,,,,,,,,,,,,,,,,,,,,
4043,19:23:00,,,,,,,,,,,,,,,,,,,,,,,,,
4044,19:24:00,,,,,,,,,,,,,,,,,,,,,,,,,
4045,19:25:00,,,,,,,,,,,,,,,,,,,,,,,,,
4046,19:26:00,,,,,,,,,,,,,,,,,,,,,,,,,
4047,19:27:00,,,,,,,,,,,,,,,,,,,,,,,,,
4048,19:28:00,,,,,,,,,,,,,,,,,,,,,,,,,
4049,19:29:00,,,,,,,,,,,,,,,,,,,,,,,,,
4050,19:30:00,,,,,,,,,,,,,,,,,,,,,,,,,
4051,19:31:00,,,,,,,,,,,,,,,,,,,,,,,,,
4052,19:32:00,,,,,,,,,,,,,,,,,,,,,,,,,
4053,19:33:00,,,,,,,,,,,,,,,,,,,,,,,,,
4054,19:34:00,,,,,,,,,,,,,,,,,,,,,,,,,
4055,19:35:00,,,,,,,,,,,,,,,,,,,,,,,,,
4056,19:36:00,,,,,,,,,,,,,,,,,,,,,,,,,
4057,19:37:00,,,,,,,,,,,,,,,,,,,,,,,,,
4058,19:38:00,,,,,,,,,,,,,,,,,,,,,,,,,
4059,19:39:00,,,,,,,,,,,,,,,,,,,,,,,,,
4060,19:40:00,,,,,,,,,,,,,,,,,,,,,,,,,
4061,19:41:00,,,,,,,,,,,,,,,,,,,,,,,,,
4062,19:42:00,,,,,,,,,,,,,,,,,,,,,,,,,
4063,19:43:00,,,,,,,,,,,,,,,,,,,,,,,,,
4064,19:44:00,,,,,,,,,,,,,,,,,,,,,,,,,
4065,19:45:00,,,,,,,,,,,,,,,,,,,,,,,,,
4066,19:46:00,,,,,,,,,,,,,,,,,,,,,,,,,
4067,19:47:00,,,,,,,,,,,,,,,,,,,,,,,,,
4068,19:48:00,,,,,,,,,,,,,,,,,,,,,,,,,
4069,19:49:00,,,,,,,,,,,,,,,,,,,,,,,,,
4070,19:50:00,,,,,,,,,,,,,,,,,,,,,,,,,
4071,19:51:00,,,,,,,,,,,,,,,,,,,,,,,,,
4072,19:52:00,,,,,,,,,,,,,,,,,,,,,,,,,
4073,19:53:00,,,,,,,,,,,,,,,,,,,,,,,,,
4074,19:54:00,,,,,,,,,,,,,,,,,,,,,,,,,
4075,19:55:00,,,,,,,,,,,,,,,,,,,,,,,,,
4076,19:56:00,,,,,,,,,,,,,,,,,,,,,,,,,
4077,19:57:00,,,,,,,,,,,,,,,,,,,,,,,,,
4078,19:58:00,,,,,,,,,,,,,,,,,,,,,,,,,
4079,19:59:00,,,,,,,,,,,,,,,,,,,,,,,,,
4080,20:00:00,,,,,,,,,,,,,,,,,,,,,,,,,
4081,20:01:00,,,,,,,,,,,,,,,,,,,,,,,,,
4082,20:02:00,,,,,,,,,,,,,,,,,,,,,,,,,
4083,20:03:00,,,,,,,,,,,,,,,,,,,,,,,,,
4084,20:04:00,,,,,,,,,,,,,,,,,,,,,,,,,
4085,20:05:00,,,,,,,,,,,,,,,,,,,,,,,,,
4086,20:06:00,,,,,,,,,,,,,,,,,,,,,,,,,
4087,20:07:00,,,,,,,,,,,,,,,,,,,,,,,,,
4088,20:08:00,,,,,,,,,,,,,,,,,,,,,,,,,
4089,20:09:00,,,,,,,,,,,,,,,,,,,,,,,,,
4090,20:10:00,,,,,,,,,,,,,,,,,,,,,,,,,
4091,20:11:00,,,,,,,,,,,,,,,,,,,,,,,,,
4092,20:12:00,,,,,,,,,,,,,,,,,,,,,,,,,
4093,20:13:00,,,,,,,,,,,,,,,,,,,,,,,,,
4094,20:14:00,,,,,,,,,,,,,,,,,,,,,,,,,
4095,20:15:00,,,,,,,,,,,,,,,,,,,,,,,,,
4096,20:16:00,,,,,,,,,,,,,,,,,,,,,,,,,
4097,20:17:00,,,,,,,,,,,,,,,,,,,,,,,,,
4098,20:18:00,,,,,,,,,,,,,,,,,,,,,,,,,
4099,20:19:00,,,,,,,,,,,,,,,,,,,,,,,,,
4100,20:20:00,,,,,,,,,,,,,,,,,,,,,,,,,
4101,20:21:00,,,,,,,,,,,,,,,,,,,,,,,,,
4102,20:22:00,,,,,,,,,,,,,,,,,,,,,,,,,
4103,20:23:00,,,,,,,,,,,,,,,,,,,,,,,,,
4104,20:24:00,,,,,,,,,,,,,,,,,,,,,,,,,
4105,20:25:00,,,,,,,,,,,,,,,,,,,,,,,,,
4106,20:26:00,,,,,,,,,,,,,,,,,,,,,,,,,
4107,20:27:00,,,,,,,,,,,,,,,,,,,,,,,,,
4108,20:28:00,,,,,,,,,,,,,,,,,,,,,,,,,
4109,20:29:00,,,,,,,,,,,,,,,,,,,,,,,,,
4110,20:30:00,,,,,,,,,,,,,,,,,,,,,,,,,
4111,20:31:00,,,,,,,,,,,,,,,,,,,,,,,,,
4112,20:32:00,,,,,,,,,,,,,,,,,,,,,,,,,
4113,20:33:00,,,,,,,,,,,,,,,,,,,,,,,,,
4114,20:34:00,,,,,,,,,,,,,,,,,,,,,,,,,
4115,20:35:00,,,,,,,,,,,,,,,,,,,,,,,,,
4116,20:36:00,,,,,,,,,,,,,,,,,,,,,,,,,
4117,20:37:00,,,,,,,,,,,,,,,,,,,,,,,,,
4118,20:38:00,,,,,,,,,,,,,,,,,,,,,,,,,
4119,20:39:00,,,,,,,,,,,,,,,,,,,,,,,,,
4120,20:40:00,,,,,,,,,,,,,,,,,,,,,,,,,
4121,20:41:00,,,,,,,,,,,,,,,,,,,,,,,,,
4122,20:42:00,,,,,,,,,,,,,,,,,,,,,,,,,
4123,20:43:00,,,,,,,,,,,,,,,,,,,,,,,,,
4124,20:44:00,,,,,,,,,,,,,,,,,,,,,,,,,
4125,20:45:00,,,,,,,,,,,,,,,,,,,,,,,,,
4126,20:46:00,,,,,,,,,,,,,,,,,,,,,,,,,
4127,20:47:00,,,,,,,,,,,,,,,,,,,,,,,,,
4128,20:48:00,,,,,,,,,,,,,,,,,,,,,,,,,
4129,20:49:00,,,,,,,,,,,,,,,,,,,,,,,,,
4130,20:50:00,,,,,,,,,,,,,,,,,,,,,,,,,
4131,20:51:00,,,,,,,,,,,,,,,,,,,,,,,,,
4132,20:52:00,,,,,,,,,,,,,,,,,,,,,,,,,
4133,20:53:00,,,,,,,,,,,,,,,,,,,,,,,,,
4134,20:54:00,,,,,,,,,,,,,,,,,,,,,,,,,
4135,20:55:00,,,,,,,,,,,,,,,,,,,,,,,,,
4136,20:56:00,,,,,,,,,,,,,,,,,,,,,,,,,
4137,20:57:00,,,,,,,,,,,,,,,,,,,,,,,,,
4138,20:58:00,,,,,,,,,,,,,,,,,,,,,,,,,
4139,20:59:00,,,,,,,,,,,,,,,,,,,,,,,,,
4140,21:00:00,,,,,,,,,,,,,,,,,,,,,,,,,
4141,21:01:00,,,,,,,,,,,,,,,,,,,,,,,,,
4142,21:02:00,,,,,,,,,,,,,,,,,,,,,,,,,
4143,21:03:00,,,,,,,,,,,,,,,,,,,,,,,,,
4144,21:04:00,,,,,,,,,,,,,,,,,,,,,,,,,
4145,21:05:00,,,,,,,,,,,,,,,,,,,,,,,,,
4146,21:06:00,,,,,,,,,,,,,,,,,,,,,,,,,
4147,21:07:00,,,,,,,,,,,,,,,,,,,,,,,,,
4148,21:08:00,,,,,,,,,,,,,,,,,,,,,,,,,
4149,21:09:00,,,,,,,,,,,,,,,,,,,,,,,,,
4150,21:10:00,,,,,,,,,,,,,,,,,,,,,,,,,
4151,21:11:00,,,,,,,,,,,,,,,,,,,,,,,,,
4152,21:12:00,,,,,,,,,,,,,,,,,,,,,,,,,
4153,21:13:00,,,,,,,,,,,,,,,,,,,,,,,,,
4154,21:14:00,,,,,,,,,,,,,,,,,,,,,,,,,
4155,21:15:00,,,,,,,,,,,,,,,,,,,,,,,,,
4156,21:16:00,,,,,,,,,,,,,,,,,,,,,,,,,
4157,21:17:00,,,,,,,,,,,,,,,,,,,,,,,,,
4158,21:18:00,,,,,,,,,,,,,,,,,,,,,,,,,
4159,21:19:00,,,,,,,,,,,,,,,,,,,,,,,,,
4160,21:20:00,,,,,,,,,,,,,,,,,,,,,,,,,
4161,21:21:00,,,,,,,,,,,,,,,,,,,,,,,,,
4162,21:22:00,,,,,,,,,,,,,,,,,,,,,,,,,
4163,21:23:00,,,,,,,,,,,,,,,,,,,,,,,,,
4164,21:24:00,,,,,,,,,,,,,,,,,,,,,,,,,
4165,21:25:00,,,,,,,,,,,,,,,,,,,,,,,,,
4166,21:26:00,,,,,,,,,,,,,,,,,,,,,,,,,
4167,21:27:00,,,,,,,,,,,,,,,,,,,,,,,,,
4168,21:28:00,,,,,,,,,,,,,,,,,,,,,,,,,
4169,21:29:00,,,,,,,,,,,,,,,,,,,,,,,,,
4170,21:30:00,,,,,,,,,,,,,,,,,,,,,,,,,
4171,21:31:00,,,,,,,,,,,,,,,,,,,,,,,,,
4172,21:32:00,,,,,,,,,,,,,,,,,,,,,,,,,
4173,21:33:00,,,,,,,,,,,,,,,,,,,,,,,,,
4174,21:34:00,,,,,,,,,,,,,,,,,,,,,,,,,
4175,21:35:00,,,,,,,,,,,,,,,,,,,,,,,,,
4176,21:36:00,,,,,,,,,,,,,,,,,,,,,,,,,
4177,21:37:00,,,,,,,,,,,,,,,,,,,,,,,,,
4178,21:38:00,,,,,,,,,,,,,,,,,,,,,,,,,
4179,21:39:00,,,,,,,,,,,,,,,,,,,,,,,,,
4180,21:40:00,,,,,,,,,,,,,,,,,,,,,,,,,
4181,21:41:00,,,,,,,,,,,,,,,,,,,,,,,,,
4182,21:42:00,,,,,,,,,,,,,,,,,,,,,,,,,
4183,21:43:00,,,,,,,,,,,,,,,,,,,,,,,,,
4184,21:44:00,,,,,,,,,,,,,,,,,,,,,,,,,
4185,21:45:00,,,,,,,,,,,,,,,,,,,,,,,,,
4186,21:46:00,,,,,,,,,,,,,,,,,,,,,,,,,
4187,21:47:00,,,,,,,,,,,,,,,,,,,,,,,,,
4188,21:48:00,,,,,,,,,,,,,,,,,,,,,,,,,
4189,21:49:00,,,,,,,,,,,,,,,,,,,,,,,,,
4190,21:50:00,,,,,,,,,,,,,,,,,,,,,,,,,
4191,21:51:00,,,,,,,,,,,,,,,,,,,,,,,,,
4192,21:52:00,,,,,,,,,,,,,,,,,,,,,,,,,
4193,21:53:00,,,,,,,,,,,,,,,,,,,,,,,,,
4194,21:54:00,,,,,,,,,,,,,,,,,,,,,,,,,
4195,21:55:00,,,,,,,,,,,,,,,,,,,,,,,,,
4196,21:56:00,,,,,,,,,,,,,,,,,,,,,,,,,
4197,21:57:00,,,,,,,,,,,,,,,,,,,,,,,,,
4198,21:58:00,,,,,,,,,,,,,,,,,,,,,,,,,
4199,21:59:00,,,,,,,,,,,,,,,,,,,,,,,,,
4200,22:00:00,,,,,,,,,,,,,,,,,,,,,,,,,
4201,22:01:00,,,,,,,,,,,,,,,,,,,,,,,,,
4202,22:02:00,,,,,,,,,,,,,,,,,,,,,,,,,
4203,22:03:00,,,,,,,,,,,,,,,,,,,,,,,,,
4204,22:04:00,,,,,,,,,,,,,,,,,,,,,,,,,
4205,22:05:00,,,,,,,,,,,,,,,,,,,,,,,,,
4206,22:06:00,,,,,,,,,,,,,,,,,,,,,,,,,
4207,22:07:00,,,,,,,,,,,,,,,,,,,,,,,,,
4208,22:08:00,,,,,,,,,,,,,,,,,,,,,,,,,
4209,22:09:00,,,,,,,,,,,,,,,,,,,,,,,,,
4210,22:10:00,,,,,,,,,,,,,,,,,,,,,,,,,
4211,22:11:00,,,,,,,,,,,,,,,,,,,,,,,,,
4212,22:12:00,,,,,,,,,,,,,,,,,,,,,,,,,
4213,22:13:00,,,,,,,,,,,,,,,,,,,,,,,,,
4214,22:14:00,,,,,,,,,,,,,,,,,,,,,,,,,
4215,22:15:00,,,,,,,,,,,,,,,,,,,,,,,,,
4216,22:16:00,,,,,,,,,,,,,,,,,,,,,,,,,
4217,22:17:00,,,,,,,,,,,,,,,,,,,,,,,,,
4218,22:18:00,,,,,,,,,,,,,,,,,,,,,,,,,
4219,22:19:00,,,,,,,,,,,,,,,,,,,,,,,,,
4220,22:20:00,,,,,,,,,,,,,,,,,,,,,,,,,
4221,22:21:00,,,,,,,,,,,,,,,,,,,,,,,,,
4222,22:22:00,,,,,,,,,,,,,,,,,,,,,,,,,
4223,22:23:00,,,,,,,,,,,,,,,,,,,,,,,,,
4224,22:24:00,,,,,,,,,,,,,,,,,,,,,,,,,
4225,22:25:00,,,,,,,,,,,,,,,,,,,,,,,,,
4226,22:26:00,,,,,,,,,,,,,,,,,,,,,,,,,
4227,22:27:00,,,,,,,,,,,,,,,,,,,,,,,,,
4228,22:28:00,,,,,,,,,,,,,,,,,,,,,,,,,
4229,22:29:00,,,,,,,,,,,,,,,,,,,,,,,,,
4230,22:30:00,,,,,,,,,,,,,,,,,,,,,,,,,
4231,22:31:00,,,,,,,,,,,,,,,,,,,,,,,,,
4232,22:32:00,,,,,,,,,,,,,,,,,,,,,,,,,
4233,22:33:00,,,,,,,,,,,,,,,,,,,,,,,,,
4234,22:34:00,,,,,,,,,,,,,,,,,,,,,,,,,
4235,22:35:00,,,,,,,,,,,,,,,,,,,,,,,,,
4236,22:36:00,,,,,,,,,,,,,,,,,,,,,,,,,
4237,22:37:00,,,,,,,,,,,,,,,,,,,,,,,,,
4238,22:38:00,,,,,,,,,,,,,,,,,,,,,,,,,
4239,22:39:00,,,,,,,,,,,,,,,,,,,,,,,,,
4240,22:40:00,,,,,,,,,,,,,,,,,,,,,,,,,
4241,22:41:00,,,,,,,,,,,,,,,,,,,,,,,,,
4242,22:42:00,,,,,,,,,,,,,,,,,,,,,,,,,
4243,22:43:00,,,,,,,,,,,,,,,,,,,,,,,,,
4244,22:44:00,,,,,,,,,,,,,,,,,,,,,,,,,
4245,22:45:00,,,,,,,,,,,,,,,,,,,,,,,,,
4246,22:46:00,,,,,,,,,,,,,,,,,,,,,,,,,
4247,22:47:00,,,,,,,,,,,,,,,,,,,,,,,,,
4248,22:48:00,,,,,,,,,,,,,,,,,,,,,,,,,
4249,22:49:00,,,,,,,,,,,,,,,,,,,,,,,,,
4250,22:50:00,,,,,,,,,,,,,,,,,,,,,,,,,
4251,22:51:00,,,,,,,,,,,,,,,,,,,,,,,,,
4252,22:52:00,,,,,,,,,,,,,,,,,,,,,,,,,
4253,22:53:00,,,,,,,,,,,,,,,,,,,,,,,,,
4254,22:54:00,,,,,,,,,,,,,,,,,,,,,,,,,
4255,22:55:00,,,,,,,,,,,,,,,,,,,,,,,,,
4256,22:56:00,,,,,,,,,,,,,,,,,,,,,,,,,
4257,22:57:00,,,,,,,,,,,,,,,,,,,,,,,,,
4258,22:58:00,,,,,,,,,,,,,,,,,,,,,,,,,
4259,22:59:00,,,,,,,,,,,,,,,,,,,,,,,,,
4260,23:00:00,,,,,,,,,,,,,,,,,,,,,,,,,
4261,23:01:00,,,,,,,,,,,,,,,,,,,,,,,,,
4262,23:02:00,,,,,,,,,,,,,,,,,,,,,,,,,
4263,23:03:00,,,,,,,,,,,,,,,,,,,,,,,,,
4264,23:04:00,,,,,,,,,,,,,,,,,,,,,,,,,
4265,23:05:00,,,,,,,,,,,,,,,,,,,,,,,,,
4266,23:06:00,,,,,,,,,,,,,,,,,,,,,,,,,
4267,23:07:00,,,,,,,,,,,,,,,,,,,,,,,,,
4268,23:08:00,,,,,,,,,,,,,,,,,,,,,,,,,
4269,23:09:00,,,,,,,,,,,,,,,,,,,,,,,,,
4270,23:10:00,,,,,,,,,,,,,,,,,,,,,,,,,
4271,23:11:00,,,,,,,,,,,,,,,,,,,,,,,,,
4272,23:12:00,,,,,,,,,,,,,,,,,,,,,,,,,
4273,23:13:00,,,,,,,,,,,,,,,,,,,,,,,,,
4274,23:14:00,,,,,,,,,,,,,,,,,,,,,,,,,
4275,23:15:00,,,,,,,,,,,,,,,,,,,,,,,,,
4276,23:16:00,,,,,,,,,,,,,,,,,,,,,,,,,
4277,23:17:00,,,,,,,,,,,,,,,,,,,,,,,,,
4278,23:18:00,,,,,,,,,,,,,,,,,,,,,,,,,
4279,23:19:00,,,,,,,,,,,,,,,,,,,,,,,,,
4280,23:20:00,,,,,,,,,,,,,,,,,,,,,,,,,
4281,23:21:00,,,,,,,,,,,,,,,,,,,,,,,,,
4282,23:22:00,,,,,,,,,,,,,,,,,,,,,,,,,
4283,23:23:00,,,,,,,,,,,,,,,,,,,,,,,,,
4284,23:24:00,,,,,,,,,,,,,,,,,,,,,,,,,
4285,23:25:00,,,,,,,,,,,,,,,,,,,,,,,,,
4286,23:26:00,,,,,,,,,,,,,,,,,,,,,,,,,
4287,23:27:00,,,,,,,,,,,,,,,,,,,,,,,,,
4288,23:28:00,,,,,,,,,,,,,,,,,,,,,,,,,
4289,23:29:00,,,,,,,,,,,,,,,,,,,,,,,,,
4290,23:30:00,,,,,,,,,,,,,,,,,,,,,,,,,
4291,23:31:00,,,,,,,,,,,,,,,,,,,,,,,,,
4292,23:32:00,,,,,,,,,,,,,,,,,,,,,,,,,
4293,23:33:00,,,,,,,,,,,,,,,,,,,,,,,,,
4294,23:34:00,,,,,,,,,,,,,,,,,,,,,,,,,
4295,23:35:00,,,,,,,,,,,,,,,,,,,,,,,,,
4296,23:36:00,,,,,,,,,,,,,,,,,,,,,,,,,
4297,23:37:00,,,,,,,,,,,,,,,,,,,,,,,,,
4298,23:38:00,,,,,,,,,,,,,,,,,,,,,,,,,
4299,23:39:00,,,,,,,,,,,,,,,,,,,,,,,,,
4300,23:40:00,,,,,,,,,,,,,,,,,,,,,,,,,
4301,23:41:00,,,,,,,,,,,,,,,,,,,,,,,,,
4302,23:42:00,,,,,,,,,,,,,,,,,,,,,,,,,
4303,23:43:00,,,,,,,,,,,,,,,,,,,,,,,,,
4304,23:44:00,,,,,,,,,,,,,,,,,,,,,,,,,
4305,23:45:00,,,,,,,,,,,,,,,,,,,,,,,,,
4306,23:46:00,,,,,,,,,,,,,,,,,,,,,,,,,
4307,23:47:00,,,,,,,,,,,,,,,,,,,,,,,,,
4308,23:48:00,,,,,,,,,,,,,,,,,,,,,,,,,
4309,23:49:00,,,,,,,,,,,,,,,,,,,,,,,,,
4310,23:50:00,,,,,,,,,,,,,,,,,,,,,,,,,
4311,23:51:00,,,,,,,,,,,,,,,,,,,,,,,,,
4312,23:52:00,,,,,,,,,,,,,,,,,,,,,,,,,
4313,23:53:00,,,,,,,,,,,,,,,,,,,,,,,,,
4314,23:54:00,,,,,,,,,,,,,,,,,,,,,,,,,
4315,23:55:00,,,,,,,,,,,,,,,,,,,,,,,,,
4316,23:56:00,,,,,,,,,,,,,,,,,,,,,,,,,
4317,23:57:00,,,,,,,,,,,,,,,,,,,,,,,,,
4318,23:58:00,,,,,,,,,,,,,,,,,,,,,,,,,
4319,23:59:00,,,,,,,,,,,,,,,,,,,,,,,,,
4320,00:00:00,,,,,,,,,,,,,,,,,,,,,,,,,
4321,00:01:00,,,,,,,,,,,,,,,,,,,,,,,,,
4322,00:02:00,,,,,,,,,,,,,,,,,,,,,,,,,
4323,00:03:00,,,,,,,,,,,,,,,,,,,,,,,,,
4324,00:04:00,,,,,,,,,,,,,,,,,,,,,,,,,
4325,00:05:00,,,,,,,,,,,,,,,,,,,,,,,,,
4326,00:06:00,,,,,,,,,,,,,,,,,,,,,,,,,
4327,00:07:00,,,,,,,,,,,,,,,,,,,,,,,,,
4328,00:08:00,,,,,,,,,,,,,,,,,,,,,,,,,
4329,00:09:00,,,,,,,,,,,,,,,,,,,,,,,,,
4330,00:10:00,,,,,,,,,,,,,,,,,,,,,,,,,
4331,00:11:00,,,,,,,,,,,,,,,,,,,,,,,,,
4332,00:12:00,,,,,,,,,,,,,,,,,,,,,,,,,
4333,00:13:00,,,,,,,,,,,,,,,,,,,,,,,,,
4334,00:14:00,,,,,,,,,,,,,,,,,,,,,,,,,
4335,00:15:00,,,,,,,,,,,,,,,,,,,,,,,,,
4336,00:16:00,,,,,,,,,,,,,,,,,,,,,,,,,
4337,00:17:00,,,,,,,,,,,,,,,,,,,,,,,,,
4338,00:18:00,,,,,,,,,,,,,,,,,,,,,,,,,
4339,00:19:00,,,,,,,,,,,,,,,,,,,,,,,,,
4340,00:20:00,,,,,,,,,,,,,,,,,,,,,,,,,
4341,00:21:00,,,,,,,,,,,,,,,,,,,,,,,,,
4342,00:22:00,,,,,,,,,,,,,,,,,,,,,,,,,
4343,00:23:00,,,,,,,,,,,,,,,,,,,,,,,,,
4344,00:24:00,,,,,,,,,,,,,,,,,,,,,,,,,
4345,00:25:00,,,,,,,,,,,,,,,,,,,,,,,,,
4346,00:26:00,,,,,,,,,,,,,,,,,,,,,,,,,
4347,00:27:00,,,,,,,,,,,,,,,,,,,,,,,,,
4348,00:28:00,,,,,,,,,,,,,,,,,,,,,,,,,
4349,00:29:00,,,,,,,,,,,,,,,,,,,,,,,,,
4350,00:30:00,,,,,,,,,,,,,,,,,,,,,,,,,
4351,00:31:00,,,,,,,,,,,,,,,,,,,,,,,,,
4352,00:32:00,,,,,,,,,,,,,,,,,,,,,,,,,
4353,00:33:00,,,,,,,,,,,,,,,,,,,,,,,,,
4354,00:34:00,,,,,,,,,,,,,,,,,,,,,,,,,
4355,00:35:00,,,,,,,,,,,,,,,,,,,,,,,,,
4356,00:36:00,,,,,,,,,,,,,,,,,,,,,,,,,
4357,00:37:00,,,,,,,,,,,,,,,,,,,,,,,,,
4358,00:38:00,,,,,,,,,,,,,,,,,,,,,,,,,
4359,00:39:00,,,,,,,,,,,,,,,,,,,,,,,,,
4360,00:40:00,,,,,,,,,,,,,,,,,,,,,,,,,
4361,00:41:00,,,,,,,,,,,,,,,,,,,,,,,,,
4362,00:42:00,,,,,,,,,,,,,,,,,,,,,,,,,
4363,00:43:00,,,,,,,,,,,,,,,,,,,,,,,,,
4364,00:44:00,,,,,,,,,,,,,,,,,,,,,,,,,
4365,00:45:00,,,,,,,,,,,,,,,,,,,,,,,,,
4366,00:46:00,,,,,,,,,,,,,,,,,,,,,,,,,
4367,00:47:00,,,,,,,,,,,,,,,,,,,,,,,,,
4368,00:48:00,,,,,,,,,,,,,,,,,,,,,,,,,
4369,00:49:00,,,,,,,,,,,,,,,,,,,,,,,,,
4370,00:50:00,,,,,,,,,,,,,,,,,,,,,,,,,
4371,00:51:00,,,,,,,,,,,,,,,,,,,,,,,,,
4372,00:52:00,,,,,,,,,,,,,,,,,,,,,,,,,
4373,00:53:00,,,,,,,,,,,,,,,,,,,,,,,,,
4374,00:54:00,,,,,,,,,,,,,,,,,,,,,,,,,
4375,00:55:00,,,,,,,,,,,,,,,,,,,,,,,,,
4376,00:56:00,,,,,,,,,,,,,,,,,,,,,,,,,
4377,00:57:00,,,,,,,,,,,,,,,,,,,,,,,,,
4378,00:58:00,,,,,,,,,,,,,,,,,,,,,,,,,
4379,00:59:00,,,,,,,,,,,,,,,,,,,,,,,,,
4380,01:00:00,,,,,,,,,,,,,,,,,,,,,,,,,
4381,01:01:00,,,,,,,,,,,,,,,,,,,,,,,,,
4382,01:02:00,,,,,,,,,,,,,,,,,,,,,,,,,
4383,01:03:00,,,,,,,,,,,,,,,,,,,,,,,,,
4384,01:04:00,,,,,,,,,,,,,,,,,,,,,,,,,
4385,01:05:00,,,,,,,,,,,,,,,,,,,,,,,,,
4386,01:06:00,,,,,,,,,,,,,,,,,,,,,,,,,
4387,01:07:00,,,,,,,,,,,,,,,,,,,,,,,,,
4388,01:08:00,,,,,,,,,,,,,,,,,,,,,,,,,
4389,01:09:00,,,,,,,,,,,,,,,,,,,,,,,,,
4390,01:10:00,,,,,,,,,,,,,,,,,,,,,,,,,
4391,01:11:00,,,,,,,,,,,,,,,,,,,,,,,,,
4392,01:12:00,,,,,,,,,,,,,,,,,,,,,,,,,
4393,01:13:00,,,,,,,,,,,,,,,,,,,,,,,,,
4394,01:14:00,,,,,,,,,,,,,,,,,,,,,,,,,
4395,01:15:00,,,,,,,,,,,,,,,,,,,,,,,,,
4396,01:16:00,,,,,,,,,,,,,,,,,,,,,,,,,
4397,01:17:00,,,,,,,,,,,,,,,,,,,,,,,,,
4398,01:18:00,,,,,,,,,,,,,,,,,,,,,,,,,
4399,01:19:00,,,,,,,,,,,,,,,,,,,,,,,,,
4400,01:20:00,,,,,,,,,,,,,,,,,,,,,,,,,
4401,01:21:00,,,,,,,,,,,,,,,,,,,,,,,,,
4402,01:22:00,,,,,,,,,,,,,,,,,,,,,,,,,
4403,01:23:00,,,,,,,,,,,,,,,,,,,,,,,,,
4404,01:24:00,,,,,,,,,,,,,,,,,,,,,,,,,
4405,01:25:00,,,,,,,,,,,,,,,,,,,,,,,,,
4406,01:26:00,,,,,,,,,,,,,,,,,,,,,,,,,
4407,01:27:00,,,,,,,,,,,,,,,,,,,,,,,,,
4408,01:28:00,,,,,,,,,,,,,,,,,,,,,,,,,
4409,01:29:00,,,,,,,,,,,,,,,,,,,,,,,,,
4410,01:30:00,,,,,,,,,,,,,,,,,,,,,,,,,
4411,01:31:00,,,,,,,,,,,,,,,,,,,,,,,,,
4412,01:32:00,,,,,,,,,,,,,,,,,,,,,,,,,
4413,01:33:00,,,,,,,,,,,,,,,,,,,,,,,,,
4414,01:34:00,,,,,,,,,,,,,,,,,,,,,,,,,
4415,01:35:00,,,,,,,,,,,,,,,,,,,,,,,,,
4416,01:36:00,,,,,,,,,,,,,,,,,,,,,,,,,
4417,01:37:00,,,,,,,,,,,,,,,,,,,,,,,,,
4418,01:38:00,,,,,,,,,,,,,,,,,,,,,,,,,
4419,01:39:00,,,,,,,,,,,,,,,,,,,,,,,,,
4420,01:40:00,,,,,,,,,,,,,,,,,,,,,,,,,
4421,01:41:00,,,,,,,,,,,,,,,,,,,,,,,,,
4422,01:42:00,,,,,,,,,,,,,,,,,,,,,,,,,
4423,01:43:00,,,,,,,,,,,,,,,,,,,,,,,,,
4424,01:44:00,,,,,,,,,,,,,,,,,,,,,,,,,
4425,01:45:00,,,,,,,,,,,,,,,,,,,,,,,,,
4426,01:46:00,,,,,,,,,,,,,,,,,,,,,,,,,
4427,01:47:00,,,,,,,,,,,,,,,,,,,,,,,,,
4428,01:48:00,,,,,,,,,,,,,,,,,,,,,,,,,
4429,01:49:00,,,,,,,,,,,,,,,,,,,,,,,,,
4430,01:50:00,,,,,,,,,,,,,,,,,,,,,,,,,
4431,01:51:00,,,,,,,,,,,,,,,,,,,,,,,,,
4432,01:52:00,,,,,,,,,,,,,,,,,,,,,,,,,
4433,01:53:00,,,,,,,,,,,,,,,,,,,,,,,,,
4434,01:54:00,,,,,,,,,,,,,,,,,,,,,,,,,
4435,01:55:00,,,,,,,,,,,,,,,,,,,,,,,,,
4436,01:56:00,,,,,,,,,,,,,,,,,,,,,,,,,
4437,01:57:00,,,,,,,,,,,,,,,,,,,,,,,,,
4438,01:58:00,,,,,,,,,,,,,,,,,,,,,,,,,
4439,01:59:00,,,,,,,,,,,,,,,,,,,,,,,,,
4440,02:00:00,,,,,,,,,,,,,,,,,,,,,,,,,
4441,02:01:00,,,,,,,,,,,,,,,,,,,,,,,,,
4442,02:02:00,,,,,,,,,,,,,,,,,,,,,,,,,
4443,02:03:00,,,,,,,,,,,,,,,,,,,,,,,,,
4444,02:04:00,,,,,,,,,,,,,,,,,,,,,,,,,
4445,02:05:00,,,,,,,,,,,,,,,,,,,,,,,,,
4446,02:06:00,,,,,,,,,,,,,,,,,,,,,,,,,
4447,02:07:00,,,,,,,,,,,,,,,,,,,,,,,,,
4448,02:08:00,,,,,,,,,,,,,,,,,,,,,,,,,
4449,02:09:00,,,,,,,,,,,,,,,,,,,,,,,,,
4450,02:10:00,,,,,,,,,,,,,,,,,,,,,,,,,
4451,02:11:00,,,,,,,,,,,,,,,,,,,,,,,,,
4452,02:12:00,,,,,,,,,,,,,,,,,,,,,,,,,
4453,02:13:00,,,,,,,,,,,,,,,,,,,,,,,,,
4454,02:14:00,,,,,,,,,,,,,,,,,,,,,,,,,
4455,02:15:00,,,,,,,,,,,,,,,,,,,,,,,,,
4456,02:16:00,,,,,,,,,,,,,,,,,,,,,,,,,
4457,02:17:00,,,,,,,,,,,,,,,,,,,,,,,,,
4458,02:18:00,,,,,,,,,,,,,,,,,,,,,,,,,
4459,02:19:00,,,,,,,,,,,,,,,,,,,,,,,,,
4460,02:20:00,,,,,,,,,,,,,,,,,,,,,,,,,
4461,02:21:00,,,,,,,,,,,,,,,,,,,,,,,,,
4462,02:22:00,,,,,,,,,,,,,,,,,,,,,,,,,
4463,02:23:00,,,,,,,,,,,,,,,,,,,,,,,,,
4464,02:24:00,,,,,,,,,,,,,,,,,,,,,,,,,
4465,02:25:00,,,,,,,,,,,,,,,,,,,,,,,,,
4466,02:26:00,,,,,,,,,,,,,,,,,,,,,,,,,
4467,02:27:00,,,,,,,,,,,,,,,,,,,,,,,,,
4468,02:28:00,,,,,,,,,,,,,,,,,,,,,,,,,
4469,02:29:00,,,,,,,,,,,,,,,,,,,,,,,,,
4470,02:30:00,,,,,,,,,,,,,,,,,,,,,,,,,
4471,02:31:00,,,,,,,,,,,,,,,,,,,,,,,,,
4472,02:32:00,,,,,,,,,,,,,,,,,,,,,,,,,
4473,02:33:00,,,,,,,,,,,,,,,,,,,,,,,,,
4474,02:34:00,,,,,,,,,,,,,,,,,,,,,,,,,
4475,02:35:00,,,,,,,,,,,,,,,,,,,,,,,,,
4476,02:36:00,,,,,,,,,,,,,,,,,,,,,,,,,
4477,02:37:00,,,,,,,,,,,,,,,,,,,,,,,,,
4478,02:38:00,,,,,,,,,,,,,,,,,,,,,,,,,
4479,02:39:00,,,,,,,,,,,,,,,,,,,,,,,,,
4480,02:40:00,,,,,,,,,,,,,,,,,,,,,,,,,
4481,02:41:00,,,,,,,,,,,,,,,,,,,,,,,,,
4482,02:42:00,,,,,,,,,,,,,,,,,,,,,,,,,
4483,02:43:00,,,,,,,,,,,,,,,,,,,,,,,,,
4484,02:44:00,,,,,,,,,,,,,,,,,,,,,,,,,
4485,02:45:00,,,,,,,,,,,,,,,,,,,,,,,,,
4486,02:46:00,,,,,,,,,,,,,,,,,,,,,,,,,
4487,02:47:00,,,,,,,,,,,,,,,,,,,,,,,,,
4488,02:48:00,,,,,,,,,,,,,,,,,,,,,,,,,
4489,02:49:00,,,,,,,,,,,,,,,,,,,,,,,,,
4490,02:50:00,,,,,,,,,,,,,,,,,,,,,,,,,
4491,02:51:00,,,,,,,,,,,,,,,,,,,,,,,,,
4492,02:52:00,,,,,,,,,,,,,,,,,,,,,,,,,
4493,02:53:00,,,,,,,,,,,,,,,,,,,,,,,,,
4494,02:54:00,,,,,,,,,,,,,,,,,,,,,,,,,
4495,02:55:00,,,,,,,,,,,,,,,,,,,,,,,,,
4496,02:56:00,,,,,,,,,,,,,,,,,,,,,,,,,
4497,02:57:00,,,,,,,,,,,,,,,,,,,,,,,,,
4498,02:58:00,,,,,,,,,,,,,,,,,,,,,,,,,
4499,02:59:00,,,,,,,,,,,,,,,,,,,,,,,,,
4500,03:00:00,,,,,,,,,,,,,,,,,,,,,,,,,
4501,03:01:00,,,,,,,,,,,,,,,,,,,,,,,,,
4502,03:02:00,,,,,,,,,,,,,,,,,,,,,,,,,
4503,03:03:00,,,,,,,,,,,,,,,,,,,,,,,,,
4504,03:04:00,,,,,,,,,,,,,,,,,,,,,,,,,
4505,03:05:00,,,,,,,,,,,,,,,,,,,,,,,,,
4506,03:06:00,,,,,,,,,,,,,,,,,,,,,,,,,
4507,03:07:00,,,,,,,,,,,,,,,,,,,,,,,,,
4508,03:08:00,,,,,,,,,,,,,,,,,,,,,,,,,
4509,03:09:00,,,,,,,,,,,,,,,,,,,,,,,,,
4510,03:10:00,,,,,,,,,,,,,,,,,,,,,,,,,
4511,03:11:00,,,,,,,,,,,,,,,,,,,,,,,,,
4512,03:12:00,,,,,,,,,,,,,,,,,,,,,,,,,
4513,03:13:00,,,,,,,,,,,,,,,,,,,,,,,,,
4514,03:14:00,,,,,,,,,,,,,,,,,,,,,,,,,
4515,03:15:00,,,,,,,,,,,,,,,,,,,,,,,,,
4516,03:16:00,,,,,,,,,,,,,,,,,,,,,,,,,
4517,03:17:00,,,,,,,,,,,,,,,,,,,,,,,,,
4518,03:18:00,,,,,,,,,,,,,,,,,,,,,,,,,
4519,03:19:00,,,,,,,,,,,,,,,,,,,,,,,,,
4520,03:20:00,,,,,,,,,,,,,,,,,,,,,,,,,
4521,03:21:00,,,,,,,,,,,,,,,,,,,,,,,,,
4522,03:22:00,,,,,,,,,,,,,,,,,,,,,,,,,
4523,03:23:00,,,,,,,,,,,,,,,,,,,,,,,,,
4524,03:24:00,,,,,,,,,,,,,,,,,,,,,,,,,
4525,03:25:00,,,,,,,,,,,,,,,,,,,,,,,,,
4526,03:26:00,,,,,,,,,,,,,,,,,,,,,,,,,
4527,03:27:00,,,,,,,,,,,,,,,,,,,,,,,,,
4528,03:28:00,,,,,,,,,,,,,,,,,,,,,,,,,
4529,03:29:00,,,,,,,,,,,,,,,,,,,,,,,,,
4530,03:30:00,,,,,,,,,,,,,,,,,,,,,,,,,
4531,03:31:00,,,,,,,,,,,,,,,,,,,,,,,,,
4532,03:32:00,,,,,,,,,,,,,,,,,,,,,,,,,
4533,03:33:00,,,,,,,,,,,,,,,,,,,,,,,,,
4534,03:34:00,,,,,,,,,,,,,,,,,,,,,,,,,
4535,03:35:00,,,,,,,,,,,,,,,,,,,,,,,,,
4536,03:36:00,,,,,,,,,,,,,,,,,,,,,,,,,
4537,03:37:00,,,,,,,,,,,,,,,,,,,,,,,,,
4538,03:38:00,,,,,,,,,,,,,,,,,,,,,,,,,
4539,03:39:00,,,,,,,,,,,,,,,,,,,,,,,,,
4540,03:40:00,,,,,,,,,,,,,,,,,,,,,,,,,
4541,03:41:00,,,,,,,,,,,,,,,,,,,,,,,,,
4542,03:42:00,,,,,,,,,,,,,,,,,,,,,,,,,
4543,03:43:00,,,,,,,,,,,,,,,,,,,,,,,,,
4544,03:44:00,,,,,,,,,,,,,,,,,,,,,,,,,
4545,03:45:00,,,,,,,,,,,,,,,,,,,,,,,,,
4546,03:46:00,,,,,,,,,,,,,,,,,,,,,,,,,
4547,03:47:00,,,,,,,,,,,,,,,,,,,,,,,,,
4548,03:48:00,,,,,,,,,,,,,,,,,,,,,,,,,
4549,03:49:00,,,,,,,,,,,,,,,,,,,,,,,,,
4550,03:50:00,,,,,,,,,,,,,,,,,,,,,,,,,
4551,03:51:00,,,,,,,,,,,,,,,,,,,,,,,,,
4552,03:52:00,,,,,,,,,,,,,,,,,,,,,,,,,
4553,03:53:00,,,,,,,,,,,,,,,,,,,,,,,,,
4554,03:54:00,,,,,,,,,,,,,,,,,,,,,,,,,
4555,03:55:00,,,,,,,,,,,,,,,,,,,,,,,,,
4556,03:56:00,,,,,,,,,,,,,,,,,,,,,,,,,
4557,03:57:00,,,,,,,,,,,,,,,,,,,,,,,,,
4558,03:58:00,,,,,,,,,,,,,,,,,,,,,,,,,
4559,03:59:00,,,,,,,,,,,,,,,,,,,,,,,,,
4560,04:00:00,,,,,,,,,,,,,,,,,,,,,,,,,
4561,04:01:00,,,,,,,,,,,,,,,,,,,,,,,,,
4562,04:02:00,,,,,,,,,,,,,,,,,,,,,,,,,
4563,04:03:00,,,,,,,,,,,,,,,,,,,,,,,,,
4564,04:04:00,,,,,,,,,,,,,,,,,,,,,,,,,
4565,04:05:00,,,,,,,,,,,,,,,,,,,,,,,,,
4566,04:06:00,,,,,,,,,,,,,,,,,,,,,,,,,
4567,04:07:00,,,,,,,,,,,,,,,,,,,,,,,,,
4568,04:08:00,,,,,,,,,,,,,,,,,,,,,,,,,
4569,04:09:00,,,,,,,,,,,,,,,,,,,,,,,,,
4570,04:10:00,,,,,,,,,,,,,,,,,,,,,,,,,
4571,04:11:00,,,,,,,,,,,,,,,,,,,,,,,,,
4572,04:12:00,,,,,,,,,,,,,,,,,,,,,,,,,
4573,04:13:00,,,,,,,,,,,,,,,,,,,,,,,,,
4574,04:14:00,,,,,,,,,,,,,,,,,,,,,,,,,
4575,04:15:00,,,,,,,,,,,,,,,,,,,,,,,,,
4576,04:16:00,,,,,,,,,,,,,,,,,,,,,,,,,
4577,04:17:00,,,,,,,,,,,,,,,,,,,,,,,,,
4578,04:18:00,,,,,,,,,,,,,,,,,,,,,,,,,
4579,04:19:00,,,,,,,,,,,,,,,,,,,,,,,,,
4580,04:20:00,,,,,,,,,,,,,,,,,,,,,,,,,
4581,04:21:00,,,,,,,,,,,,,,,,,,,,,,,,,
4582,04:22:00,,,,,,,,,,,,,,,,,,,,,,,,,
4583,04:23:00,,,,,,,,,,,,,,,,,,,,,,,,,
4584,04:24:00,,,,,,,,,,,,,,,,,,,,,,,,,
4585,04:25:00,,,,,,,,,,,,,,,,,,,,,,,,,
4586,04:26:00,,,,,,,,,,,,,,,,,,,,,,,,,
4587,04:27:00,,,,,,,,,,,,,,,,,,,,,,,,,
4588,04:28:00,,,,,,,,,,,,,,,,,,,,,,,,,
4589,04:29:00,,,,,,,,,,,,,,,,,,,,,,,,,
4590,04:30:00,,,,,,,,,,,,,,,,,,,,,,,,,
4591,04:31:00,,,,,,,,,,,,,,,,,,,,,,,,,
4592,04:32:00,,,,,,,,,,,,,,,,,,,,,,,,,
4593,04:33:00,,,,,,,,,,,,,,,,,,,,,,,,,
4594,04:34:00,,,,,,,,,,,,,,,,,,,,,,,,,
4595,04:35:00,,,,,,,,,,,,,,,,,,,,,,,,,
4596,04:36:00,,,,,,,,,,,,,,,,,,,,,,,,,
4597,04:37:00,,,,,,,,,,,,,,,,,,,,,,,,,
4598,04:38:00,,,,,,,,,,,,,,,,,,,,,,,,,
4599,04:39:00,,,,,,,,,,,,,,,,,,,,,,,,,
4600,04:40:00,,,,,,,,,,,,,,,,,,,,,,,,,
4601,04:41:00,,,,,,,,,,,,,,,,,,,,,,,,,
4602,04:42:00,,,,,,,,,,,,,,,,,,,,,,,,,
4603,04:43:00,,,,,,,,,,,,,,,,,,,,,,,,,
4604,04:44:00,,,,,,,,,,,,,,,,,,,,,,,,,
4605,04:45:00,,,,,,,,,,,,,,,,,,,,,,,,,
4606,04:46:00,,,,,,,,,,,,,,,,,,,,,,,,,
4607,04:47:00,,,,,,,,,,,,,,,,,,,,,,,,,
4608,04:48:00,,,,,,,,,,,,,,,,,,,,,,,,,
4609,04:49:00,,,,,,,,,,,,,,,,,,,,,,,,,
4610,04:50:00,,,,,,,,,,,,,,,,,,,,,,,,,
4611,04:51:00,,,,,,,,,,,,,,,,,,,,,,,,,
4612,04:52:00,,,,,,,,,,,,,,,,,,,,,,,,,
4613,04:53:00,,,,,,,,,,,,,,,,,,,,,,,,,
4614,04:54:00,,,,,,,,,,,,,,,,,,,,,,,,,
4615,04:55:00,,,,,,,,,,,,,,,,,,,,,,,,,
4616,04:56:00,,,,,,,,,,,,,,,,,,,,,,,,,
4617,04:57:00,,,,,,,,,,,,,,,,,,,,,,,,,
4618,04:58:00,,,,,,,,,,,,,,,,,,,,,,,,,
4619,04:59:00,,,,,,,,,,,,,,,,,,,,,,,,,
4620,05:00:00,,,,,,,,,,,,,,,,,,,,,,,,,
4621,05:01:00,,,,,,,,,,,,,,,,,,,,,,,,,
4622,05:02:00,,,,,,,,,,,,,,,,,,,,,,,,,
4623,05:03:00,,,,,,,,,,,,,,,,,,,,,,,,,
4624,05:04:00,,,,,,,,,,,,,,,,,,,,,,,,,
4625,05:05:00,,,,,,,,,,,,,,,,,,,,,,,,,
4626,05:06:00,,,,,,,,,,,,,,,,,,,,,,,,,
4627,05:07:00,,,,,,,,,,,,,,,,,,,,,,,,,
4628,05:08:00,,,,,,,,,,,,,,,,,,,,,,,,,
4629,05:09:00,,,,,,,,,,,,,,,,,,,,,,,,,
4630,05:10:00,,,,,,,,,,,,,,,,,,,,,,,,,
4631,05:11:00,,,,,,,,,,,,,,,,,,,,,,,,,
4632,05:12:00,,,,,,,,,,,,,,,,,,,,,,,,,
4633,05:13:00,,,,,,,,,,,,,,,,,,,,,,,,,
4634,05:14:00,,,,,,,,,,,,,,,,,,,,,,,,,
4635,05:15:00,,,,,,,,,,,,,,,,,,,,,,,,,
4636,05:16:00,,,,,,,,,,,,,,,,,,,,,,,,,
4637,05:17:00,,,,,,,,,,,,,,,,,,,,,,,,,
4638,05:18:00,,,,,,,,,,,,,,,,,,,,,,,,,
4639,05:19:00,,,,,,,,,,,,,,,,,,,,,,,,,
4640,05:20:00,,,,,,,,,,,,,,,,,,,,,,,,,
4641,05:21:00,,,,,,,,,,,,,,,,,,,,,,,,,
4642,05:22:00,,,,,,,,,,,,,,,,,,,,,,,,,
4643,05:23:00,,,,,,,,,,,,,,,,,,,,,,,,,
4644,05:24:00,,,,,,,,,,,,,,,,,,,,,,,,,
4645,05:25:00,,,,,,,,,,,,,,,,,,,,,,,,,
4646,05:26:00,,,,,,,,,,,,,,,,,,,,,,,,,
4647,05:27:00,,,,,,,,,,,,,,,,,,,,,,,,,
4648,05:28:00,,,,,,,,,,,,,,,,,,,,,,,,,
4649,05:29:00,,,,,,,,,,,,,,,,,,,,,,,,,
4650,05:30:00,,,,,,,,,,,,,,,,,,,,,,,,,
4651,05:31:00,,,,,,,,,,,,,,,,,,,,,,,,,
4652,05:32:00,,,,,,,,,,,,,,,,,,,,,,,,,
4653,05:33:00,,,,,,,,,,,,,,,,,,,,,,,,,
4654,05:34:00,,,,,,,,,,,,,,,,,,,,,,,,,
4655,05:35:00,,,,,,,,,,,,,,,,,,,,,,,,,
4656,05:36:00,,,,,,,,,,,,,,,,,,,,,,,,,
4657,05:37:00,,,,,,,,,,,,,,,,,,,,,,,,,
4658,05:38:00,,,,,,,,,,,,,,,,,,,,,,,,,
4659,05:39:00,,,,,,,,,,,,,,,,,,,,,,,,,
4660,05:40:00,,,,,,,,,,,,,,,,,,,,,,,,,
4661,05:41:00,,,,,,,,,,,,,,,,,,,,,,,,,
4662,05:42:00,,,,,,,,,,,,,,,,,,,,,,,,,
4663,05:43:00,,,,,,,,,,,,,,,,,,,,,,,,,
4664,05:44:00,,,,,,,,,,,,,,,,,,,,,,,,,
4665,05:45:00,,,,,,,,,,,,,,,,,,,,,,,,,
4666,05:46:00,,,,,,,,,,,,,,,,,,,,,,,,,
4667,05:47:00,,,,,,,,,,,,,,,,,,,,,,,,,
4668,05:48:00,,,,,,,,,,,,,,,,,,,,,,,,,
4669,05:49:00,,,,,,,,,,,,,,,,,,,,,,,,,
4670,05:50:00,,,,,,,,,,,,,,,,,,,,,,,,,
4671,05:51:00,,,,,,,,,,,,,,,,,,,,,,,,,
4672,05:52:00,,,,,,,,,,,,,,,,,,,,,,,,,
4673,05:53:00,,,,,,,,,,,,,,,,,,,,,,,,,
4674,05:54:00,,,,,,,,,,,,,,,,,,,,,,,,,
4675,05:55:00,,,,,,,,,,,,,,,,,,,,,,,,,
4676,05:56:00,,,,,,,,,,,,,,,,,,,,,,,,,
4677,05:57:00,,,,,,,,,,,,,,,,,,,,,,,,,
4678,05:58:00,,,,,,,,,,,,,,,,,,,,,,,,,
4679,05:59:00,,,,,,,,,,,,,,,,,,,,,,,,,
4680,06:00:00,,,,,,,,,,,,,,,,,,,,,,,,,
4681,06:01:00,,,,,,,,,,,,,,,,,,,,,,,,,
4682,06:02:00,,,,,,,,,,,,,,,,,,,,,,,,,
4683,06:03:00,,,,,,,,,,,,,,,,,,,,,,,,,
4684,06:04:00,,,,,,,,,,,,,,,,,,,,,,,,,
4685,06:05:00,,,,,,,,,,,,,,,,,,,,,,,,,
4686,06:06:00,,,,,,,,,,,,,,,,,,,,,,,,,
4687,06:07:00,,,,,,,,,,,,,,,,,,,,,,,,,
4688,06:08:00,,,,,,,,,,,,,,,,,,,,,,,,,
4689,06:09:00,,,,,,,,,,,,,,,,,,,,,,,,,
4690,06:10:00,,,,,,,,,,,,,,,,,,,,,,,,,
4691,06:11:00,,,,,,,,,,,,,,,,,,,,,,,,,
4692,06:12:00,,,,,,,,,,,,,,,,,,,,,,,,,
4693,06:13:00,,,,,,,,,,,,,,,,,,,,,,,,,
4694,06:14:00,,,,,,,,,,,,,,,,,,,,,,,,,
4695,06:15:00,,,,,,,,,,,,,,,,,,,,,,,,,
4696,06:16:00,,,,,,,,,,,,,,,,,,,,,,,,,
4697,06:17:00,,,,,,,,,,,,,,,,,,,,,,,,,
4698,06:18:00,,,,,,,,,,,,,,,,,,,,,,,,,
4699,06:19:00,,,,,,,,,,,,,,,,,,,,,,,,,
4700,06:20:00,,,,,,,,,,,,,,,,,,,,,,,,,
4701,06:21:00,,,,,,,,,,,,,,,,,,,,,,,,,
4702,06:22:00,,,,,,,,,,,,,,,,,,,,,,,,,
4703,06:23:00,,,,,,,,,,,,,,,,,,,,,,,,,
4704,06:24:00,,,,,,,,,,,,,,,,,,,,,,,,,
4705,06:25:00,,,,,,,,,,,,,,,,,,,,,,,,,
4706,06:26:00,,,,,,,,,,,,,,,,,,,,,,,,,
4707,06:27:00,,,,,,,,,,,,,,,,,,,,,,,,,
4708,06:28:00,,,,,,,,,,,,,,,,,,,,,,,,,
4709,06:29:00,,,,,,,,,,,,,,,,,,,,,,,,,
4710,06:30:00,,,,,,,,,,,,,,,,,,,,,,,,,
4711,06:31:00,,,,,,,,,,,,,,,,,,,,,,,,,
4712,06:32:00,,,,,,,,,,,,,,,,,,,,,,,,,
4713,06:33:00,,,,,,,,,,,,,,,,,,,,,,,,,
4714,06:34:00,,,,,,,,,,,,,,,,,,,,,,,,,
4715,06:35:00,,,,,,,,,,,,,,,,,,,,,,,,,
4716,06:36:00,,,,,,,,,,,,,,,,,,,,,,,,,
4717,06:37:00,,,,,,,,,,,,,,,,,,,,,,,,,
4718,06:38:00,,,,,,,,,,,,,,,,,,,,,,,,,
4719,06:39:00,,,,,,,,,,,,,,,,,,,,,,,,,
4720,06:40:00,,,,,,,,,,,,,,,,,,,,,,,,,
4721,06:41:00,,,,,,,,,,,,,,,,,,,,,,,,,
4722,06:42:00,,,,,,,,,,,,,,,,,,,,,,,,,
4723,06:43:00,,,,,,,,,,,,,,,,,,,,,,,,,
4724,06:44:00,,,,,,,,,,,,,,,,,,,,,,,,,
4725,06:45:00,,,,,,,,,,,,,,,,,,,,,,,,,
4726,06:46:00,,,,,,,,,,,,,,,,,,,,,,,,,
4727,06:47:00,,,,,,,,,,,,,,,,,,,,,,,,,
4728,06:48:00,,,,,,,,,,,,,,,,,,,,,,,,,
4729,06:49:00,,,,,,,,,,,,,,,,,,,,,,,,,
4730,06:50:00,,,,,,,,,,,,,,,,,,,,,,,,,
4731,06:51:00,,,,,,,,,,,,,,,,,,,,,,,,,
4732,06:52:00,,,,,,,,,,,,,,,,,,,,,,,,,
4733,06:53:00,,,,,,,,,,,,,,,,,,,,,,,,,
4734,06:54:00,,,,,,,,,,,,,,,,,,,,,,,,,
4735,06:55:00,,,,,,,,,,,,,,,,,,,,,,,,,
4736,06:56:00,,,,,,,,,,,,,,,,,,,,,,,,,
4737,06:57:00,,,,,,,,,,,,,,,,,,,,,,,,,
4738,06:58:00,,,,,,,,,,,,,,,,,,,,,,,,,
4739,06:59:00,,,,,,,,,,,,,,,,,,,,,,,,,
4740,07:00:00,,,,,,,,,,,,,,,,,,,,,,,,,
4741,07:01:00,,,,,,,,,,,,,,,,,,,,,,,,,
4742,07:02:00,,,,,,,,,,,,,,,,,,,,,,,,,
4743,07:03:00,,,,,,,,,,,,,,,,,,,,,,,,,
4744,07:04:00,,,,,,,,,,,,,,,,,,,,,,,,,
4745,07:05:00,,,,,,,,,,,,,,,,,,,,,,,,,
4746,07:06:00,,,,,,,,,,,,,,,,,,,,,,,,,
4747,07:07:00,,,,,,,,,,,,,,,,,,,,,,,,,
4748,07:08:00,,,,,,,,,,,,,,,,,,,,,,,,,
4749,07:09:00,,,,,,,,,,,,,,,,,,,,,,,,,
4750,07:10:00,,,,,,,,,,,,,,,,,,,,,,,,,
4751,07:11:00,,,,,,,,,,,,,,,,,,,,,,,,,
4752,07:12:00,,,,,,,,,,,,,,,,,,,,,,,,,
4753,07:13:00,,,,,,,,,,,,,,,,,,,,,,,,,
4754,07:14:00,,,,,,,,,,,,,,,,,,,,,,,,,
4755,07:15:00,,,,,,,,,,,,,,,,,,,,,,,,,
4756,07:16:00,,,,,,,,,,,,,,,,,,,,,,,,,
4757,07:17:00,,,,,,,,,,,,,,,,,,,,,,,,,
4758,07:18:00,,,,,,,,,,,,,,,,,,,,,,,,,
4759,07:19:00,,,,,,,,,,,,,,,,,,,,,,,,,
4760,07:20:00,,,,,,,,,,,,,,,,,,,,,,,,,
4761,07:21:00,,,,,,,,,,,,,,,,,,,,,,,,,
4762,07:22:00,,,,,,,,,,,,,,,,,,,,,,,,,
4763,07:23:00,,,,,,,,,,,,,,,,,,,,,,,,,
4764,07:24:00,,,,,,,,,,,,,,,,,,,,,,,,,
4765,07:25:00,,,,,,,,,,,,,,,,,,,,,,,,,
4766,07:26:00,,,,,,,,,,,,,,,,,,,,,,,,,
4767,07:27:00,,,,,,,,,,,,,,,,,,,,,,,,,
4768,07:28:00,,,,,,,,,,,,,,,,,,,,,,,,,
4769,07:29:00,,,,,,,,,,,,,,,,,,,,,,,,,
4770,07:30:00,,,,,,,,,,,,,,,,,,,,,,,,,
4771,07:31:00,,,,,,,,,,,,,,,,,,,,,,,,,
4772,07:32:00,,,,,,,,,,,,,,,,,,,,,,,,,
4773,07:33:00,,,,,,,,,,,,,,,,,,,,,,,,,
4774,07:34:00,,,,,,,,,,,,,,,,,,,,,,,,,
4775,07:35:00,,,,,,,,,,,,,,,,,,,,,,,,,
4776,07:36:00,,,,,,,,,,,,,,,,,,,,,,,,,
4777,07:37:00,,,,,,,,,,,,,,,,,,,,,,,,,
4778,07:38:00,,,,,,,,,,,,,,,,,,,,,,,,,
4779,07:39:00,,,,,,,,,,,,,,,,,,,,,,,,,
4780,07:40:00,,,,,,,,,,,,,,,,,,,,,,,,,
4781,07:41:00,,,,,,,,,,,,,,,,,,,,,,,,,
4782,07:42:00,,,,,,,,,,,,,,,,,,,,,,,,,
4783,07:43:00,,,,,,,,,,,,,,,,,,,,,,,,,
4784,07:44:00,,,,,,,,,,,,,,,,,,,,,,,,,
4785,07:45:00,,,,,,,,,,,,,,,,,,,,,,,,,
4786,07:46:00,,,,,,,,,,,,,,,,,,,,,,,,,
4787,07:47:00,,,,,,,,,,,,,,,,,,,,,,,,,
4788,07:48:00,,,,,,,,,,,,,,,,,,,,,,,,,
4789,07:49:00,,,,,,,,,,,,,,,,,,,,,,,,,
4790,07:50:00,,,,,,,,,,,,,,,,,,,,,,,,,
4791,07:51:00,,,,,,,,,,,,,,,,,,,,,,,,,
4792,07:52:00,,,,,,,,,,,,,,,,,,,,,,,,,
4793,07:53:00,,,,,,,,,,,,,,,,,,,,,,,,,
4794,07:54:00,,,,,,,,,,,,,,,,,,,,,,,,,
4795,07:55:00,,,,,,,,,,,,,,,,,,,,,,,,,
4796,07:56:00,,,,,,,,,,,,,,,,,,,,,,,,,
4797,07:57:00,,,,,,,,,,,,,,,,,,,,,,,,,
4798,07:58:00,,,,,,,,,,,,,,,,,,,,,,,,,
4799,07:59:00,,,,,,,,,,,,,,,,,,,,,,,,,
4800,08:00:00,,,,,,,,,,,,,,,,,,,,,,,,,
4801,08:01:00,,,,,,,,,,,,,,,,,,,,,,,,,
4802,08:02:00,,,,,,,,,,,,,,,,,,,,,,,,,
4803,08:03:00,,,,,,,,,,,,,,,,,,,,,,,,,
4804,08:04:00,,,,,,,,,,,,,,,,,,,,,,,,,
4805,08:05:00,,,,,,,,,,,,,,,,,,,,,,,,,
4806,08:06:00,,,,,,,,,,,,,,,,,,,,,,,,,
4807,08:07:00,,,,,,,,,,,,,,,,,,,,,,,,,
4808,08:08:00,,,,,,,,,,,,,,,,,,,,,,,,,
4809,08:09:00,,,,,,,,,,,,,,,,,,,,,,,,,
4810,08:10:00,,,,,,,,,,,,,,,,,,,,,,,,,
4811,08:11:00,,,,,,,,,,,,,,,,,,,,,,,,,
4812,08:12:00,,,,,,,,,,,,,,,,,,,,,,,,,
4813,08:13:00,,,,,,,,,,,,,,,,,,,,,,,,,
4814,08:14:00,,,,,,,,,,,,,,,,,,,,,,,,,
4815,08:15:00,,,,,,,,,,,,,,,,,,,,,,,,,
4816,08:16:00,,,,,,,,,,,,,,,,,,,,,,,,,
4817,08:17:00,,,,,,,,,,,,,,,,,,,,,,,,,
4818,08:18:00,,,,,,,,,,,,,,,,,,,,,,,,,
4819,08:19:00,,,,,,,,,,,,,,,,,,,,,,,,,
4820,08:20:00,,,,,,,,,,,,,,,,,,,,,,,,,
4821,08:21:00,,,,,,,,,,,,,,,,,,,,,,,,,
4822,08:22:00,,,,,,,,,,,,,,,,,,,,,,,,,
4823,08:23:00,,,,,,,,,,,,,,,,,,,,,,,,,
4824,08:24:00,,,,,,,,,,,,,,,,,,,,,,,,,
4825,08:25:00,,,,,,,,,,,,,,,,,,,,,,,,,
4826,08:26:00,,,,,,,,,,,,,,,,,,,,,,,,,
4827,08:27:00,,,,,,,,,,,,,,,,,,,,,,,,,
4828,08:28:00,,,,,,,,,,,,,,,,,,,,,,,,,
4829,08:29:00,,,,,,,,,,,,,,,,,,,,,,,,,
4830,08:30:00,,,,,,,,,,,,,,,,,,,,,,,,,
4831,08:31:00,,,,,,,,,,,,,,,,,,,,,,,,,
4832,08:32:00,,,,,,,,,,,,,,,,,,,,,,,,,
4833,08:33:00,,,,,,,,,,,,,,,,,,,,,,,,,
4834,08:34:00,,,,,,,,,,,,,,,,,,,,,,,,,
4835,08:35:00,,,,,,,,,,,,,,,,,,,,,,,,,
4836,08:36:00,,,,,,,,,,,,,,,,,,,,,,,,,
4837,08:37:00,,,,,,,,,,,,,,,,,,,,,,,,,
4838,08:38:00,,,,,,,,,,,,,,,,,,,,,,,,,
4839,08:39:00,,,,,,,,,,,,,,,,,,,,,,,,,
4840,08:40:00,,,,,,,,,,,,,,,,,,,,,,,,,
4841,08:41:00,,,,,,,,,,,,,,,,,,,,,,,,,
4842,08:42:00,,,,,,,,,,,,,,,,,,,,,,,,,
4843,08:43:00,,,,,,,,,,,,,,,,,,,,,,,,,
4844,08:44:00,,,,,,,,,,,,,,,,,,,,,,,,,
4845,08:45:00,,,,,,,,,,,,,,,,,,,,,,,,,
4846,08:46:00,,,,,,,,,,,,,,,,,,,,,,,,,
4847,08:47:00,,,,,,,,,,,,,,,,,,,,,,,,,
4848,08:48:00,,,,,,,,,,,,,,,,,,,,,,,,,
4849,08:49:00,,,,,,,,,,,,,,,,,,,,,,,,,
4850,08:50:00,,,,,,,,,,,,,,,,,,,,,,,,,
4851,08:51:00,,,,,,,,,,,,,,,,,,,,,,,,,
4852,08:52:00,,,,,,,,,,,,,,,,,,,,,,,,,
4853,08:53:00,,,,,,,,,,,,,,,,,,,,,,,,,
4854,08:54:00,,,,,,,,,,,,,,,,,,,,,,,,,
4855,08:55:00,,,,,,,,,,,,,,,,,,,,,,,,,
4856,08:56:00,,,,,,,,,,,,,,,,,,,,,,,,,
4857,08:57:00,,,,,,,,,,,,,,,,,,,,,,,,,
4858,08:58:00,,,,,,,,,,,,,,,,,,,,,,,,,
4859,08:59:00,,,,,,,,,,,,,,,,,,,,,,,,,
4860,09:00:00,,,,,,,,,,,,,,,,,,,,,,,,,
4861,09:01:00,,,,,,,,,,,,,,,,,,,,,,,,,
4862,09:02:00,,,,,,,,,,,,,,,,,,,,,,,,,
4863,09:03:00,,,,,,,,,,,,,,,,,,,,,,,,,
4864,09:04:00,,,,,,,,,,,,,,,,,,,,,,,,,
4865,09:05:00,,,,,,,,,,,,,,,,,,,,,,,,,
4866,09:06:00,,,,,,,,,,,,,,,,,,,,,,,,,
4867,09:07:00,,,,,,,,,,,,,,,,,,,,,,,,,
4868,09:08:00,,,,,,,,,,,,,,,,,,,,,,,,,
4869,09:09:00,,,,,,,,,,,,,,,,,,,,,,,,,
4870,09:10:00,,,,,,,,,,,,,,,,,,,,,,,,,
4871,09:11:00,,,,,,,,,,,,,,,,,,,,,,,,,
4872,09:12:00,,,,,,,,,,,,,,,,,,,,,,,,,
4873,09:13:00,,,,,,,,,,,,,,,,,,,,,,,,,
4874,09:14:00,,,,,,,,,,,,,,,,,,,,,,,,,
4875,09:15:00,,,,,,,,,,,,,,,,,,,,,,,,,
4876,09:16:00,,,,,,,,,,,,,,,,,,,,,,,,,
4877,09:17:00,,,,,,,,,,,,,,,,,,,,,,,,,
4878,09:18:00,,,,,,,,,,,,,,,,,,,,,,,,,
4879,09:19:00,,,,,,,,,,,,,,,,,,,,,,,,,
4880,09:20:00,,,,,,,,,,,,,,,,,,,,,,,,,
4881,09:21:00,,,,,,,,,,,,,,,,,,,,,,,,,
4882,09:22:00,,,,,,,,,,,,,,,,,,,,,,,,,
4883,09:23:00,,,,,,,,,,,,,,,,,,,,,,,,,
4884,09:24:00,,,,,,,,,,,,,,,,,,,,,,,,,
4885,09:25:00,,,,,,,,,,,,,,,,,,,,,,,,,
4886,09:26:00,,,,,,,,,,,,,,,,,,,,,,,,,
4887,09:27:00,,,,,,,,,,,,,,,,,,,,,,,,,
4888,09:28:00,,,,,,,,,,,,,,,,,,,,,,,,,
4889,09:29:00,,,,,,,,,,,,,,,,,,,,,,,,,
4890,09:30:00,,,,,,,,,,,,,,,,,,,,,,,,,
4891,09:31:00,,,,,,,,,,,,,,,,,,,,,,,,,
4892,09:32:00,,,,,,,,,,,,,,,,,,,,,,,,,
4893,09:33:00,,,,,,,,,,,,,,,,,,,,,,,,,
4894,09:34:00,,,,,,,,,,,,,,,,,,,,,,,,,
4895,09:35:00,,,,,,,,,,,,,,,,,,,,,,,,,
4896,09:36:00,,,,,,,,,,,,,,,,,,,,,,,,,
4897,09:37:00,,,,,,,,,,,,,,,,,,,,,,,,,
4898,09:38:00,,,,,,,,,,,,,,,,,,,,,,,,,
4899,09:39:00,,,,,,,,,,,,,,,,,,,,,,,,,
4900,09:40:00,,,,,,,,,,,,,,,,,,,,,,,,,
4901,09:41:00,,,,,,,,,,,,,,,,,,,,,,,,,
4902,09:42:00,,,,,,,,,,,,,,,,,,,,,,,,,
4903,09:43:00,,,,,,,,,,,,,,,,,,,,,,,,,
4904,09:44:00,,,,,,,,,,,,,,,,,,,,,,,,,
4905,09:45:00,,,,,,,,,,,,,,,,,,,,,,,,,
4906,09:46:00,,,,,,,,,,,,,,,,,,,,,,,,,
4907,09:47:00,,,,,,,,,,,,,,,,,,,,,,,,,
4908,09:48:00,,,,,,,,,,,,,,,,,,,,,,,,,
4909,09:49:00,,,,,,,,,,,,,,,,,,,,,,,,,
4910,09:50:00,,,,,,,,,,,,,,,,,,,,,,,,,
4911,09:51:00,,,,,,,,,,,,,,,,,,,,,,,,,
4912,09:52:00,,,,,,,,,,,,,,,,,,,,,,,,,
4913,09:53:00,,,,,,,,,,,,,,,,,,,,,,,,,
4914,09:54:00,,,,,,,,,,,,,,,,,,,,,,,,,
4915,09:55:00,,,,,,,,,,,,,,,,,,,,,,,,,
4916,09:56:00,,,,,,,,,,,,,,,,,,,,,,,,,
4917,09:57:00,,,,,,,,,,,,,,,,,,,,,,,,,
4918,09:58:00,,,,,,,,,,,,,,,,,,,,,,,,,
4919,09:59:00,,,,,,,,,,,,,,,,,,,,,,,,,
4920,10:00:00,,,,,,,,,,,,,,,,,,,,,,,,,
4921,10:01:00,,,,,,,,,,,,,,,,,,,,,,,,,
4922,10:02:00,,,,,,,,,,,,,,,,,,,,,,,,,
4923,10:03:00,,,,,,,,,,,,,,,,,,,,,,,,,
4924,10:04:00,,,,,,,,,,,,,,,,,,,,,,,,,
4925,10:05:00,,,,,,,,,,,,,,,,,,,,,,,,,
4926,10:06:00,,,,,,,,,,,,,,,,,,,,,,,,,
4927,10:07:00,,,,,,,,,,,,,,,,,,,,,,,,,
4928,10:08:00,,,,,,,,,,,,,,,,,,,,,,,,,
4929,10:09:00,,,,,,,,,,,,,,,,,,,,,,,,,
4930,10:10:00,,,,,,,,,,,,,,,,,,,,,,,,,
4931,10:11:00,,,,,,,,,,,,,,,,,,,,,,,,,
4932,10:12:00,,,,,,,,,,,,,,,,,,,,,,,,,
4933,10:13:00,,,,,,,,,,,,,,,,,,,,,,,,,
4934,10:14:00,,,,,,,,,,,,,,,,,,,,,,,,,
4935,10:15:00,,,,,,,,,,,,,,,,,,,,,,,,,
4936,10:16:00,,,,,,,,,,,,,,,,,,,,,,,,,
4937,10:17:00,,,,,,,,,,,,,,,,,,,,,,,,,
4938,10:18:00,,,,,,,,,,,,,,,,,,,,,,,,,
4939,10:19:00,,,,,,,,,,,,,,,,,,,,,,,,,
4940,10:20:00,,,,,,,,,,,,,,,,,,,,,,,,,
4941,10:21:00,,,,,,,,,,,,,,,,,,,,,,,,,
4942,10:22:00,,,,,,,,,,,,,,,,,,,,,,,,,
4943,10:23:00,,,,,,,,,,,,,,,,,,,,,,,,,
4944,10:24:00,,,,,,,,,,,,,,,,,,,,,,,,,
4945,10:25:00,,,,,,,,,,,,,,,,,,,,,,,,,
4946,10:26:00,,,,,,,,,,,,,,,,,,,,,,,,,
4947,10:27:00,,,,,,,,,,,,,,,,,,,,,,,,,
4948,10:28:00,,,,,,,,,,,,,,,,,,,,,,,,,
4949,10:29:00,,,,,,,,,,,,,,,,,,,,,,,,,
4950,10:30:00,,,,,,,,,,,,,,,,,,,,,,,,,
4951,10:31:00,,,,,,,,,,,,,,,,,,,,,,,,,
4952,10:32:00,,,,,,,,,,,,,,,,,,,,,,,,,
4953,10:33:00,,,,,,,,,,,,,,,,,,,,,,,,,
4954,10:34:00,,,,,,,,,,,,,,,,,,,,,,,,,
4955,10:35:00,,,,,,,,,,,,,,,,,,,,,,,,,
4956,10:36:00,,,,,,,,,,,,,,,,,,,,,,,,,
4957,10:37:00,,,,,,,,,,,,,,,,,,,,,,,,,
4958,10:38:00,,,,,,,,,,,,,,,,,,,,,,,,,
4959,10:39:00,,,,,,,,,,,,,,,,,,,,,,,,,
4960,10:40:00,,,,,,,,,,,,,,,,,,,,,,,,,
4961,10:41:00,,,,,,,,,,,,,,,,,,,,,,,,,
4962,10:42:00,,,,,,,,,,,,,,,,,,,,,,,,,
4963,10:43:00,,,,,,,,,,,,,,,,,,,,,,,,,
4964,10:44:00,,,,,,,,,,,,,,,,,,,,,,,,,
4965,10:45:00,,,,,,,,,,,,,,,,,,,,,,,,,
4966,10:46:00,,,,,,,,,,,,,,,,,,,,,,,,,
4967,10:47:00,,,,,,,,,,,,,,,,,,,,,,,,,
4968,10:48:00,,,,,,,,,,,,,,,,,,,,,,,,,
4969,10:49:00,,,,,,,,,,,,,,,,,,,,,,,,,
4970,10:50:00,,,,,,,,,,,,,,,,,,,,,,,,,
4971,10:51:00,,,,,,,,,,,,,,,,,,,,,,,,,
4972,10:52:00,,,,,,,,,,,,,,,,,,,,,,,,,
4973,10:53:00,,,,,,,,,,,,,,,,,,,,,,,,,
4974,10:54:00,,,,,,,,,,,,,,,,,,,,,,,,,
4975,10:55:00,,,,,,,,,,,,,,,,,,,,,,,,,
4976,10:56:00,,,,,,,,,,,,,,,,,,,,,,,,,
4977,10:57:00,,,,,,,,,,,,,,,,,,,,,,,,,
4978,10:58:00,,,,,,,,,,,,,,,,,,,,,,,,,
4979,10:59:00,,,,,,,,,,,,,,,,,,,,,,,,,
4980,11:00:00,,,,,,,,,,,,,,,,,,,,,,,,,
4981,11:01:00,,,,,,,,,,,,,,,,,,,,,,,,,
4982,11:02:00,,,,,,,,,,,,,,,,,,,,,,,,,
4983,11:03:00,,,,,,,,,,,,,,,,,,,,,,,,,
4984,11:04:00,,,,,,,,,,,,,,,,,,,,,,,,,
4985,11:05:00,,,,,,,,,,,,,,,,,,,,,,,,,
4986,11:06:00,,,,,,,,,,,,,,,,,,,,,,,,,
4987,11:07:00,,,,,,,,,,,,,,,,,,,,,,,,,
4988,11:08:00,,,,,,,,,,,,,,,,,,,,,,,,,
4989,11:09:00,,,,,,,,,,,,,,,,,,,,,,,,,
4990,11:10:00,,,,,,,,,,,,,,,,,,,,,,,,,
4991,11:11:00,,,,,,,,,,,,,,,,,,,,,,,,,
4992,11:12:00,,,,,,,,,,,,,,,,,,,,,,,,,
4993,11:13:00,,,,,,,,,,,,,,,,,,,,,,,,,
4994,11:14:00,,,,,,,,,,,,,,,,,,,,,,,,,
4995,11:15:00,,,,,,,,,,,,,,,,,,,,,,,,,
4996,11:16:00,,,,,,,,,,,,,,,,,,,,,,,,,
4997,11:17:00,,,,,,,,,,,,,,,,,,,,,,,,,
4998,11:18:00,,,,,,,,,,,,,,,,,,,,,,,,,
4999,11:19:00,,,,,,,,,,,,,,,,,,,,,,,,,
5000,11:20:00,,,,,,,,,,,,,,,,,,,,,,,,,
5001,11:21:00,,,,,,,,,,,,,,,,,,,,,,,,,
5002,11:22:00,,,,,,,,,,,,,,,,,,,,,,,,,
5003,11:23:00,,,,,,,,,,,,,,,,,,,,,,,,,
5004,11:24:00,,,,,,,,,,,,,,,,,,,,,,,,,
5005,11:25:00,,,,,,,,,,,,,,,,,,,,,,,,,
5006,11:26:00,,,,,,,,,,,,,,,,,,,,,,,,,
5007,11:27:00,,,,,,,,,,,,,,,,,,,,,,,,,
5008,11:28:00,,,,,,,,,,,,,,,,,,,,,,,,,
5009,11:29:00,,,,,,,,,,,,,,,,,,,,,,,,,
5010,11:30:00,,,,,,,,,,,,,,,,,,,,,,,,,
5011,11:31:00,,,,,,,,,,,,,,,,,,,,,,,,,
5012,11:32:00,,,,,,,,,,,,,,,,,,,,,,,,,
5013,11:33:00,,,,,,,,,,,,,,,,,,,,,,,,,
5014,11:34:00,,,,,,,,,,,,,,,,,,,,,,,,,
5015,11:35:00,,,,,,,,,,,,,,,,,,,,,,,,,
5016,11:36:00,,,,,,,,,,,,,,,,,,,,,,,,,
5017,11:37:00,,,,,,,,,,,,,,,,,,,,,,,,,
5018,11:38:00,,,,,,,,,,,,,,,,,,,,,,,,,
5019,11:39:00,,,,,,,,,,,,,,,,,,,,,,,,,
5020,11:40:00,,,,,,,,,,,,,,,,,,,,,,,,,
5021,11:41:00,,,,,,,,,,,,,,,,,,,,,,,,,
5022,11:42:00,,,,,,,,,,,,,,,,,,,,,,,,,
5023,11:43:00,,,,,,,,,,,,,,,,,,,,,,,,,
5024,11:44:00,,,,,,,,,,,,,,,,,,,,,,,,,
5025,11:45:00,,,,,,,,,,,,,,,,,,,,,,,,,
5026,11:46:00,,,,,,,,,,,,,,,,,,,,,,,,,
5027,11:47:00,,,,,,,,,,,,,,,,,,,,,,,,,
5028,11:48:00,,,,,,,,,,,,,,,,,,,,,,,,,
5029,11:49:00,,,,,,,,,,,,,,,,,,,,,,,,,
5030,11:50:00,,,,,,,,,,,,,,,,,,,,,,,,,
5031,11:51:00,,,,,,,,,,,,,,,,,,,,,,,,,
5032,11:52:00,,,,,,,,,,,,,,,,,,,,,,,,,
5033,11:53:00,,,,,,,,,,,,,,,,,,,,,,,,,
5034,11:54:00,,,,,,,,,,,,,,,,,,,,,,,,,
5035,11:55:00,,,,,,,,,,,,,,,,,,,,,,,,,
5036,11:56:00,,,,,,,,,,,,,,,,,,,,,,,,,
5037,11:57:00,,,,,,,,,,,,,,,,,,,,,,,,,
5038,11:58:00,,,,,,,,,,,,,,,,,,,,,,,,,
5039,11:59:00,,,,,,,,,,,,,,,,,,,,,,,,,
5040,12:00:00,,,,,,,,,,,,,,,,,,,,,,,,,
5041,12:01:00,,,,,,,,,,,,,,,,,,,,,,,,,
5042,12:02:00,,,,,,,,,,,,,,,,,,,,,,,,,
5043,12:03:00,,,,,,,,,,,,,,,,,,,,,,,,,
5044,12:04:00,,,,,,,,,,,,,,,,,,,,,,,,,
5045,12:05:00,,,,,,,,,,,,,,,,,,,,,,,,,
5046,12:06:00,,,,,,,,,,,,,,,,,,,,,,,,,
5047,12:07:00,,,,,,,,,,,,,,,,,,,,,,,,,
5048,12:08:00,,,,,,,,,,,,,,,,,,,,,,,,,
5049,12:09:00,,,,,,,,,,,,,,,,,,,,,,,,,
5050,12:10:00,,,,,,,,,,,,,,,,,,,,,,,,,
5051,12:11:00,,,,,,,,,,,,,,,,,,,,,,,,,
5052,12:12:00,,,,,,,,,,,,,,,,,,,,,,,,,
5053,12:13:00,,,,,,,,,,,,,,,,,,,,,,,,,
5054,12:14:00,,,,,,,,,,,,,,,,,,,,,,,,,
5055,12:15:00,,,,,,,,,,,,,,,,,,,,,,,,,
5056,12:16:00,,,,,,,,,,,,,,,,,,,,,,,,,
5057,12:17:00,,,,,,,,,,,,,,,,,,,,,,,,,
5058,12:18:00,,,,,,,,,,,,,,,,,,,,,,,,,
5059,12:19:00,,,,,,,,,,,,,,,,,,,,,,,,,
5060,12:20:00,,,,,,,,,,,,,,,,,,,,,,,,,
5061,12:21:00,,,,,,,,,,,,,,,,,,,,,,,,,
5062,12:22:00,,,,,,,,,,,,,,,,,,,,,,,,,
5063,12:23:00,,,,,,,,,,,,,,,,,,,,,,,,,
5064,12:24:00,,,,,,,,,,,,,,,,,,,,,,,,,
5065,12:25:00,,,,,,,,,,,,,,,,,,,,,,,,,
5066,12:26:00,,,,,,,,,,,,,,,,,,,,,,,,,
5067,12:27:00,,,,,,,,,,,,,,,,,,,,,,,,,
5068,12:28:00,,,,,,,,,,,,,,,,,,,,,,,,,
5069,12:29:00,,,,,,,,,,,,,,,,,,,,,,,,,
5070,12:30:00,,,,,,,,,,,,,,,,,,,,,,,,,
5071,12:31:00,,,,,,,,,,,,,,,,,,,,,,,,,
5072,12:32:00,,,,,,,,,,,,,,,,,,,,,,,,,
5073,12:33:00,,,,,,,,,,,,,,,,,,,,,,,,,
5074,12:34:00,,,,,,,,,,,,,,,,,,,,,,,,,
5075,12:35:00,,,,,,,,,,,,,,,,,,,,,,,,,
5076,12:36:00,,,,,,,,,,,,,,,,,,,,,,,,,
5077,12:37:00,,,,,,,,,,,,,,,,,,,,,,,,,
5078,12:38:00,,,,,,,,,,,,,,,,,,,,,,,,,
5079,12:39:00,,,,,,,,,,,,,,,,,,,,,,,,,
5080,12:40:00,,,,,,,,,,,,,,,,,,,,,,,,,
5081,12:41:00,,,,,,,,,,,,,,,,,,,,,,,,,
5082,12:42:00,,,,,,,,,,,,,,,,,,,,,,,,,
5083,12:43:00,,,,,,,,,,,,,,,,,,,,,,,,,
5084,12:44:00,,,,,,,,,,,,,,,,,,,,,,,,,
5085,12:45:00,,,,,,,,,,,,,,,,,,,,,,,,,
5086,12:46:00,,,,,,,,,,,,,,,,,,,,,,,,,
5087,12:47:00,,,,,,,,,,,,,,,,,,,,,,,,,
5088,12:48:00,,,,,,,,,,,,,,,,,,,,,,,,,
5089,12:49:00,,,,,,,,,,,,,,,,,,,,,,,,,
5090,12:50:00,,,,,,,,,,,,,,,,,,,,,,,,,
5091,12:51:00,,,,,,,,,,,,,,,,,,,,,,,,,
5092,12:52:00,,,,,,,,,,,,,,,,,,,,,,,,,
5093,12:53:00,,,,,,,,,,,,,,,,,,,,,,,,,
5094,12:54:00,,,,,,,,,,,,,,,,,,,,,,,,,
5095,12:55:00,,,,,,,,,,,,,,,,,,,,,,,,,
5096,12:56:00,,,,,,,,,,,,,,,,,,,,,,,,,
5097,12:57:00,,,,,,,,,,,,,,,,,,,,,,,,,
5098,12:58:00,,,,,,,,,,,,,,,,,,,,,,,,,
5099,12:59:00,,,,,,,,,,,,,,,,,,,,,,,,,
5100,13:00:00,,,,,,,,,,,,,,,,,,,,,,,,,
5101,13:01:00,,,,,,,,,,,,,,,,,,,,,,,,,
5102,13:02:00,,,,,,,,,,,,,,,,,,,,,,,,,
5103,13:03:00,,,,,,,,,,,,,,,,,,,,,,,,,
5104,13:04:00,,,,,,,,,,,,,,,,,,,,,,,,,
5105,13:05:00,,,,,,,,,,,,,,,,,,,,,,,,,
5106,13:06:00,,,,,,,,,,,,,,,,,,,,,,,,,
5107,13:07:00,,,,,,,,,,,,,,,,,,,,,,,,,
5108,13:08:00,,,,,,,,,,,,,,,,,,,,,,,,,
5109,13:09:00,,,,,,,,,,,,,,,,,,,,,,,,,
5110,13:10:00,,,,,,,,,,,,,,,,,,,,,,,,,
5111,13:11:00,,,,,,,,,,,,,,,,,,,,,,,,,
5112,13:12:00,,,,,,,,,,,,,,,,,,,,,,,,,
5113,13:13:00,,,,,,,,,,,,,,,,,,,,,,,,,
5114,13:14:00,,,,,,,,,,,,,,,,,,,,,,,,,
5115,13:15:00,,,,,,,,,,,,,,,,,,,,,,,,,
5116,13:16:00,,,,,,,,,,,,,,,,,,,,,,,,,
5117,13:17:00,,,,,,,,,,,,,,,,,,,,,,,,,
5118,13:18:00,,,,,,,,,,,,,,,,,,,,,,,,,
5119,13:19:00,,,,,,,,,,,,,,,,,,,,,,,,,
5120,13:20:00,,,,,,,,,,,,,,,,,,,,,,,,,
5121,13:21:00,,,,,,,,,,,,,,,,,,,,,,,,,
5122,13:22:00,,,,,,,,,,,,,,,,,,,,,,,,,
5123,13:23:00,,,,,,,,,,,,,,,,,,,,,,,,,
5124,13:24:00,,,,,,,,,,,,,,,,,,,,,,,,,
5125,13:25:00,,,,,,,,,,,,,,,,,,,,,,,,,
5126,13:26:00,,,,,,,,,,,,,,,,,,,,,,,,,
5127,13:27:00,,,,,,,,,,,,,,,,,,,,,,,,,
5128,13:28:00,,,,,,,,,,,,,,,,,,,,,,,,,
5129,13:29:00,,,,,,,,,,,,,,,,,,,,,,,,,
5130,13:30:00,,,,,,,,,,,,,,,,,,,,,,,,,
5131,13:31:00,,,,,,,,,,,,,,,,,,,,,,,,,
5132,13:32:00,,,,,,,,,,,,,,,,,,,,,,,,,
5133,13:33:00,,,,,,,,,,,,,,,,,,,,,,,,,
5134,13:34:00,,,,,,,,,,,,,,,,,,,,,,,,,
5135,13:35:00,,,,,,,,,,,,,,,,,,,,,,,,,
5136,13:36:00,,,,,,,,,,,,,,,,,,,,,,,,,
5137,13:37:00,,,,,,,,,,,,,,,,,,,,,,,,,
5138,13:38:00,,,,,,,,,,,,,,,,,,,,,,,,,
5139,13:39:00,,,,,,,,,,,,,,,,,,,,,,,,,
5140,13:40:00,,,,,,,,,,,,,,,,,,,,,,,,,
5141,13:41:00,,,,,,,,,,,,,,,,,,,,,,,,,
5142,13:42:00,,,,,,,,,,,,,,,,,,,,,,,,,
5143,13:43:00,,,,,,,,,,,,,,,,,,,,,,,,,
5144,13:44:00,,,,,,,,,,,,,,,,,,,,,,,,,
5145,13:45:00,,,,,,,,,,,,,,,,,,,,,,,,,
5146,13:46:00,,,,,,,,,,,,,,,,,,,,,,,,,
5147,13:47:00,,,,,,,,,,,,,,,,,,,,,,,,,
5148,13:48:00,,,,,,,,,,,,,,,,,,,,,,,,,
5149,13:49:00,,,,,,,,,,,,,,,,,,,,,,,,,
5150,13:50:00,,,,,,,,,,,,,,,,,,,,,,,,,
5151,13:51:00,,,,,,,,,,,,,,,,,,,,,,,,,
5152,13:52:00,,,,,,,,,,,,,,,,,,,,,,,,,
5153,13:53:00,,,,,,,,,,,,,,,,,,,,,,,,,
5154,13:54:00,,,,,,,,,,,,,,,,,,,,,,,,,
5155,13:55:00,,,,,,,,,,,,,,,,,,,,,,,,,
5156,13:56:00,,,,,,,,,,,,,,,,,,,,,,,,,
5157,13:57:00,,,,,,,,,,,,,,,,,,,,,,,,,
5158,13:58:00,,,,,,,,,,,,,,,,,,,,,,,,,
5159,13:59:00,,,,,,,,,,,,,,,,,,,,,,,,,
5160,14:00:00,,,,,,,,,,,,,,,,,,,,,,,,,
5161,14:01:00,,,,,,,,,,,,,,,,,,,,,,,,,
5162,14:02:00,,,,,,,,,,,,,,,,,,,,,,,,,
5163,14:03:00,,,,,,,,,,,,,,,,,,,,,,,,,
5164,14:04:00,,,,,,,,,,,,,,,,,,,,,,,,,
5165,14:05:00,,,,,,,,,,,,,,,,,,,,,,,,,
5166,14:06:00,,,,,,,,,,,,,,,,,,,,,,,,,
5167,14:07:00,,,,,,,,,,,,,,,,,,,,,,,,,
5168,14:08:00,,,,,,,,,,,,,,,,,,,,,,,,,
5169,14:09:00,,,,,,,,,,,,,,,,,,,,,,,,,
5170,14:10:00,,,,,,,,,,,,,,,,,,,,,,,,,
5171,14:11:00,,,,,,,,,,,,,,,,,,,,,,,,,
5172,14:12:00,,,,,,,,,,,,,,,,,,,,,,,,,
5173,14:13:00,,,,,,,,,,,,,,,,,,,,,,,,,
5174,14:14:00,,,,,,,,,,,,,,,,,,,,,,,,,
5175,14:15:00,,,,,,,,,,,,,,,,,,,,,,,,,
5176,14:16:00,,,,,,,,,,,,,,,,,,,,,,,,,
5177,14:17:00,,,,,,,,,,,,,,,,,,,,,,,,,
5178,14:18:00,,,,,,,,,,,,,,,,,,,,,,,,,
5179,14:19:00,,,,,,,,,,,,,,,,,,,,,,,,,
5180,14:20:00,,,,,,,,,,,,,,,,,,,,,,,,,
5181,14:21:00,,,,,,,,,,,,,,,,,,,,,,,,,
5182,14:22:00,,,,,,,,,,,,,,,,,,,,,,,,,
5183,14:23:00,,,,,,,,,,,,,,,,,,,,,,,,,
5184,14:24:00,,,,,,,,,,,,,,,,,,,,,,,,,
5185,14:25:00,,,,,,,,,,,,,,,,,,,,,,,,,
5186,14:26:00,,,,,,,,,,,,,,,,,,,,,,,,,
5187,14:27:00,,,,,,,,,,,,,,,,,,,,,,,,,
5188,14:28:00,,,,,,,,,,,,,,,,,,,,,,,,,
5189,14:29:00,,,,,,,,,,,,,,,,,,,,,,,,,
5190,14:30:00,,,,,,,,,,,,,,,,,,,,,,,,,
5191,14:31:00,,,,,,,,,,,,,,,,,,,,,,,,,
5192,14:32:00,,,,,,,,,,,,,,,,,,,,,,,,,
5193,14:33:00,,,,,,,,,,,,,,,,,,,,,,,,,
5194,14:34:00,,,,,,,,,,,,,,,,,,,,,,,,,
5195,14:35:00,,,,,,,,,,,,,,,,,,,,,,,,,
5196,14:36:00,,,,,,,,,,,,,,,,,,,,,,,,,
5197,14:37:00,,,,,,,,,,,,,,,,,,,,,,,,,
5198,14:38:00,,,,,,,,,,,,,,,,,,,,,,,,,
5199,14:39:00,,,,,,,,,,,,,,,,,,,,,,,,,
5200,14:40:00,,,,,,,,,,,,,,,,,,,,,,,,,
5201,14:41:00,,,,,,,,,,,,,,,,,,,,,,,,,
5202,14:42:00,,,,,,,,,,,,,,,,,,,,,,,,,
5203,14:43:00,,,,,,,,,,,,,,,,,,,,,,,,,
5204,14:44:00,,,,,,,,,,,,,,,,,,,,,,,,,
5205,14:45:00,,,,,,,,,,,,,,,,,,,,,,,,,
5206,14:46:00,,,,,,,,,,,,,,,,,,,,,,,,,
5207,14:47:00,,,,,,,,,,,,,,,,,,,,,,,,,
5208,14:48:00,,,,,,,,,,,,,,,,,,,,,,,,,
5209,14:49:00,,,,,,,,,,,,,,,,,,,,,,,,,
5210,14:50:00,,,,,,,,,,,,,,,,,,,,,,,,,
5211,14:51:00,,,,,,,,,,,,,,,,,,,,,,,,,
5212,14:52:00,,,,,,,,,,,,,,,,,,,,,,,,,
5213,14:53:00,,,,,,,,,,,,,,,,,,,,,,,,,
5214,14:54:00,,,,,,,,,,,,,,,,,,,,,,,,,
5215,14:55:00,,,,,,,,,,,,,,,,,,,,,,,,,
5216,14:56:00,,,,,,,,,,,,,,,,,,,,,,,,,
5217,14:57:00,,,,,,,,,,,,,,,,,,,,,,,,,
5218,14:58:00,,,,,,,,,,,,,,,,,,,,,,,,,
5219,14:59:00,,,,,,,,,,,,,,,,,,,,,,,,,
5220,15:00:00,,,,,,,,,,,,,,,,,,,,,,,,,
5221,15:01:00,,,,,,,,,,,,,,,,,,,,,,,,,
5222,15:02:00,,,,,,,,,,,,,,,,,,,,,,,,,
5223,15:03:00,,,,,,,,,,,,,,,,,,,,,,,,,
5224,15:04:00,,,,,,,,,,,,,,,,,,,,,,,,,
5225,15:05:00,,,,,,,,,,,,,,,,,,,,,,,,,
5226,15:06:00,,,,,,,,,,,,,,,,,,,,,,,,,
5227,15:07:00,,,,,,,,,,,,,,,,,,,,,,,,,
5228,15:08:00,,,,,,,,,,,,,,,,,,,,,,,,,
5229,15:09:00,,,,,,,,,,,,,,,,,,,,,,,,,
5230,15:10:00,,,,,,,,,,,,,,,,,,,,,,,,,
5231,15:11:00,,,,,,,,,,,,,,,,,,,,,,,,,
5232,15:12:00,,,,,,,,,,,,,,,,,,,,,,,,,
5233,15:13:00,,,,,,,,,,,,,,,,,,,,,,,,,
5234,15:14:00,,,,,,,,,,,,,,,,,,,,,,,,,
5235,15:15:00,,,,,,,,,,,,,,,,,,,,,,,,,
5236,15:16:00,,,,,,,,,,,,,,,,,,,,,,,,,
5237,15:17:00,,,,,,,,,,,,,,,,,,,,,,,,,
5238,15:18:00,,,,,,,,,,,,,,,,,,,,,,,,,
5239,15:19:00,,,,,,,,,,,,,,,,,,,,,,,,,
5240,15:20:00,,,,,,,,,,,,,,,,,,,,,,,,,
5241,15:21:00,,,,,,,,,,,,,,,,,,,,,,,,,
5242,15:22:00,,,,,,,,,,,,,,,,,,,,,,,,,
5243,15:23:00,,,,,,,,,,,,,,,,,,,,,,,,,
5244,15:24:00,,,,,,,,,,,,,,,,,,,,,,,,,
5245,15:25:00,,,,,,,,,,,,,,,,,,,,,,,,,
5246,15:26:00,,,,,,,,,,,,,,,,,,,,,,,,,
5247,15:27:00,,,,,,,,,,,,,,,,,,,,,,,,,
5248,15:28:00,,,,,,,,,,,,,,,,,,,,,,,,,
5249,15:29:00,,,,,,,,,,,,,,,,,,,,,,,,,
5250,15:30:00,,,,,,,,,,,,,,,,,,,,,,,,,
5251,15:31:00,,,,,,,,,,,,,,,,,,,,,,,,,
5252,15:32:00,,,,,,,,,,,,,,,,,,,,,,,,,
5253,15:33:00,,,,,,,,,,,,,,,,,,,,,,,,,
5254,15:34:00,,,,,,,,,,,,,,,,,,,,,,,,,
5255,15:35:00,,,,,,,,,,,,,,,,,,,,,,,,,
5256,15:36:00,,,,,,,,,,,,,,,,,,,,,,,,,
5257,15:37:00,,,,,,,,,,,,,,,,,,,,,,,,,
5258,15:38:00,,,,,,,,,,,,,,,,,,,,,,,,,
5259,15:39:00,,,,,,,,,,,,,,,,,,,,,,,,,
5260,15:40:00,,,,,,,,,,,,,,,,,,,,,,,,,
5261,15:41:00,,,,,,,,,,,,,,,,,,,,,,,,,
5262,15:42:00,,,,,,,,,,,,,,,,,,,,,,,,,
5263,15:43:00,,,,,,,,,,,,,,,,,,,,,,,,,
5264,15:44:00,,,,,,,,,,,,,,,,,,,,,,,,,
5265,15:45:00,,,,,,,,,,,,,,,,,,,,,,,,,
5266,15:46:00,,,,,,,,,,,,,,,,,,,,,,,,,
5267,15:47:00,,,,,,,,,,,,,,,,,,,,,,,,,
5268,15:48:00,,,,,,,,,,,,,,,,,,,,,,,,,
5269,15:49:00,,,,,,,,,,,,,,,,,,,,,,,,,
5270,15:50:00,,,,,,,,,,,,,,,,,,,,,,,,,
5271,15:51:00,,,,,,,,,,,,,,,,,,,,,,,,,
5272,15:52:00,,,,,,,,,,,,,,,,,,,,,,,,,
5273,15:53:00,,,,,,,,,,,,,,,,,,,,,,,,,
5274,15:54:00,,,,,,,,,,,,,,,,,,,,,,,,,
5275,15:55:00,,,,,,,,,,,,,,,,,,,,,,,,,
5276,15:56:00,,,,,,,,,,,,,,,,,,,,,,,,,
5277,15:57:00,,,,,,,,,,,,,,,,,,,,,,,,,
5278,15:58:00,,,,,,,,,,,,,,,,,,,,,,,,,
5279,15:59:00,,,,,,,,,,,,,,,,,,,,,,,,,
5280,16:00:00,,,,,,,,,,,,,,,,,,,,,,,,,
5281,16:01:00,,,,,,,,,,,,,,,,,,,,,,,,,
5282,16:02:00,,,,,,,,,,,,,,,,,,,,,,,,,
5283,16:03:00,,,,,,,,,,,,,,,,,,,,,,,,,
5284,16:04:00,,,,,,,,,,,,,,,,,,,,,,,,,
5285,16:05:00,,,,,,,,,,,,,,,,,,,,,,,,,
5286,16:06:00,,,,,,,,,,,,,,,,,,,,,,,,,
5287,16:07:00,,,,,,,,,,,,,,,,,,,,,,,,,
5288,16:08:00,,,,,,,,,,,,,,,,,,,,,,,,,
5289,16:09:00,,,,,,,,,,,,,,,,,,,,,,,,,
5290,16:10:00,,,,,,,,,,,,,,,,,,,,,,,,,
5291,16:11:00,,,,,,,,,,,,,,,,,,,,,,,,,
5292,16:12:00,,,,,,,,,,,,,,,,,,,,,,,,,
5293,16:13:00,,,,,,,,,,,,,,,,,,,,,,,,,
5294,16:14:00,,,,,,,,,,,,,,,,,,,,,,,,,
5295,16:15:00,,,,,,,,,,,,,,,,,,,,,,,,,
5296,16:16:00,,,,,,,,,,,,,,,,,,,,,,,,,
5297,16:17:00,,,,,,,,,,,,,,,,,,,,,,,,,
5298,16:18:00,,,,,,,,,,,,,,,,,,,,,,,,,
5299,16:19:00,,,,,,,,,,,,,,,,,,,,,,,,,
5300,16:20:00,,,,,,,,,,,,,,,,,,,,,,,,,
5301,16:21:00,,,,,,,,,,,,,,,,,,,,,,,,,
5302,16:22:00,,,,,,,,,,,,,,,,,,,,,,,,,
5303,16:23:00,,,,,,,,,,,,,,,,,,,,,,,,,
5304,16:24:00,,,,,,,,,,,,,,,,,,,,,,,,,
5305,16:25:00,,,,,,,,,,,,,,,,,,,,,,,,,
5306,16:26:00,,,,,,,,,,,,,,,,,,,,,,,,,
5307,16:27:00,,,,,,,,,,,,,,,,,,,,,,,,,
5308,16:28:00,,,,,,,,,,,,,,,,,,,,,,,,,
5309,16:29:00,,,,,,,,,,,,,,,,,,,,,,,,,
5310,16:30:00,,,,,,,,,,,,,,,,,,,,,,,,,
5311,16:31:00,,,,,,,,,,,,,,,,,,,,,,,,,
5312,16:32:00,,,,,,,,,,,,,,,,,,,,,,,,,
5313,16:33:00,,,,,,,,,,,,,,,,,,,,,,,,,
5314,16:34:00,,,,,,,,,,,,,,,,,,,,,,,,,
5315,16:35:00,,,,,,,,,,,,,,,,,,,,,,,,,
5316,16:36:00,,,,,,,,,,,,,,,,,,,,,,,,,
5317,16:37:00,,,,,,,,,,,,,,,,,,,,,,,,,
5318,16:38:00,,,,,,,,,,,,,,,,,,,,,,,,,
5319,16:39:00,,,,,,,,,,,,,,,,,,,,,,,,,
5320,16:40:00,,,,,,,,,,,,,,,,,,,,,,,,,
5321,16:41:00,,,,,,,,,,,,,,,,,,,,,,,,,
5322,16:42:00,,,,,,,,,,,,,,,,,,,,,,,,,
5323,16:43:00,,,,,,,,,,,,,,,,,,,,,,,,,
5324,16:44:00,,,,,,,,,,,,,,,,,,,,,,,,,
5325,16:45:00,,,,,,,,,,,,,,,,,,,,,,,,,
5326,16:46:00,,,,,,,,,,,,,,,,,,,,,,,,,
5327,16:47:00,,,,,,,,,,,,,,,,,,,,,,,,,
5328,16:48:00,,,,,,,,,,,,,,,,,,,,,,,,,
5329,16:49:00,,,,,,,,,,,,,,,,,,,,,,,,,
5330,16:50:00,,,,,,,,,,,,,,,,,,,,,,,,,
5331,16:51:00,,,,,,,,,,,,,,,,,,,,,,,,,
5332,16:52:00,,,,,,,,,,,,,,,,,,,,,,,,,
5333,16:53:00,,,,,,,,,,,,,,,,,,,,,,,,,
5334,16:54:00,,,,,,,,,,,,,,,,,,,,,,,,,
5335,16:55:00,,,,,,,,,,,,,,,,,,,,,,,,,
5336,16:56:00,,,,,,,,,,,,,,,,,,,,,,,,,
5337,16:57:00,,,,,,,,,,,,,,,,,,,,,,,,,
5338,16:58:00,,,,,,,,,,,,,,,,,,,,,,,,,
5339,16:59:00,,,,,,,,,,,,,,,,,,,,,,,,,
5340,17:00:00,,,,,,,,,,,,,,,,,,,,,,,,,
5341,17:01:00,,,,,,,,,,,,,,,,,,,,,,,,,
5342,17:02:00,,,,,,,,,,,,,,,,,,,,,,,,,
5343,17:03:00,,,,,,,,,,,,,,,,,,,,,,,,,
5344,17:04:00,,,,,,,,,,,,,,,,,,,,,,,,,
5345,17:05:00,,,,,,,,,,,,,,,,,,,,,,,,,
5346,17:06:00,,,,,,,,,,,,,,,,,,,,,,,,,
5347,17:07:00,,,,,,,,,,,,,,,,,,,,,,,,,
5348,17:08:00,,,,,,,,,,,,,,,,,,,,,,,,,
5349,17:09:00,,,,,,,,,,,,,,,,,,,,,,,,,
5350,17:10:00,,,,,,,,,,,,,,,,,,,,,,,,,
5351,17:11:00,,,,,,,,,,,,,,,,,,,,,,,,,
5352,17:12:00,,,,,,,,,,,,,,,,,,,,,,,,,
5353,17:13:00,,,,,,,,,,,,,,,,,,,,,,,,,
5354,17:14:00,,,,,,,,,,,,,,,,,,,,,,,,,
5355,17:15:00,,,,,,,,,,,,,,,,,,,,,,,,,
5356,17:16:00,,,,,,,,,,,,,,,,,,,,,,,,,
5357,17:17:00,,,,,,,,,,,,,,,,,,,,,,,,,
5358,17:18:00,,,,,,,,,,,,,,,,,,,,,,,,,
5359,17:19:00,,,,,,,,,,,,,,,,,,,,,,,,,
5360,17:20:00,,,,,,,,,,,,,,,,,,,,,,,,,
5361,17:21:00,,,,,,,,,,,,,,,,,,,,,,,,,
5362,17:22:00,,,,,,,,,,,,,,,,,,,,,,,,,
5363,17:23:00,,,,,,,,,,,,,,,,,,,,,,,,,
5364,17:24:00,,,,,,,,,,,,,,,,,,,,,,,,,
5365,17:25:00,,,,,,,,,,,,,,,,,,,,,,,,,
5366,17:26:00,,,,,,,,,,,,,,,,,,,,,,,,,
5367,17:27:00,,,,,,,,,,,,,,,,,,,,,,,,,
5368,17:28:00,,,,,,,,,,,,,,,,,,,,,,,,,
5369,17:29:00,,,,,,,,,,,,,,,,,,,,,,,,,
5370,17:30:00,,,,,,,,,,,,,,,,,,,,,,,,,
5371,17:31:00,,,,,,,,,,,,,,,,,,,,,,,,,
5372,17:32:00,,,,,,,,,,,,,,,,,,,,,,,,,
5373,17:33:00,,,,,,,,,,,,,,,,,,,,,,,,,
5374,17:34:00,,,,,,,,,,,,,,,,,,,,,,,,,
5375,17:35:00,,,,,,,,,,,,,,,,,,,,,,,,,
5376,17:36:00,,,,,,,,,,,,,,,,,,,,,,,,,
5377,17:37:00,,,,,,,,,,,,,,,,,,,,,,,,,
5378,17:38:00,,,,,,,,,,,,,,,,,,,,,,,,,
5379,17:39:00,,,,,,,,,,,,,,,,,,,,,,,,,
5380,17:40:00,,,,,,,,,,,,,,,,,,,,,,,,,
5381,17:41:00,,,,,,,,,,,,,,,,,,,,,,,,,
5382,17:42:00,,,,,,,,,,,,,,,,,,,,,,,,,
5383,17:43:00,,,,,,,,,,,,,,,,,,,,,,,,,
5384,17:44:00,,,,,,,,,,,,,,,,,,,,,,,,,
5385,17:45:00,,,,,,,,,,,,,,,,,,,,,,,,,
5386,17:46:00,,,,,,,,,,,,,,,,,,,,,,,,,
5387,17:47:00,,,,,,,,,,,,,,,,,,,,,,,,,
5388,17:48:00,,,,,,,,,,,,,,,,,,,,,,,,,
5389,17:49:00,,,,,,,,,,,,,,,,,,,,,,,,,
5390,17:50:00,,,,,,,,,,,,,,,,,,,,,,,,,
5391,17:51:00,,,,,,,,,,,,,,,,,,,,,,,,,
5392,17:52:00,,,,,,,,,,,,,,,,,,,,,,,,,
5393,17:53:00,,,,,,,,,,,,,,,,,,,,,,,,,
5394,17:54:00,,,,,,,,,,,,,,,,,,,,,,,,,
5395,17:55:00,,,,,,,,,,,,,,,,,,,,,,,,,
5396,17:56:00,,,,,,,,,,,,,,,,,,,,,,,,,
5397,17:57:00,,,,,,,,,,,,,,,,,,,,,,,,,
5398,17:58:00,,,,,,,,,,,,,,,,,,,,,,,,,
5399,17:59:00,,,,,,,,,,,,,,,,,,,,,,,,,
5400,18:00:00,,,,,,,,,,,,,,,,,,,,,,,,,
5401,18:01:00,,,,,,,,,,,,,,,,,,,,,,,,,
5402,18:02:00,,,,,,,,,,,,,,,,,,,,,,,,,
5403,18:03:00,,,,,,,,,,,,,,,,,,,,,,,,,
5404,18:04:00,,,,,,,,,,,,,,,,,,,,,,,,,
5405,18:05:00,,,,,,,,,,,,,,,,,,,,,,,,,
5406,18:06:00,,,,,,,,,,,,,,,,,,,,,,,,,
5407,18:07:00,,,,,,,,,,,,,,,,,,,,,,,,,
5408,18:08:00,,,,,,,,,,,,,,,,,,,,,,,,,
5409,18:09:00,,,,,,,,,,,,,,,,,,,,,,,,,
5410,18:10:00,,,,,,,,,,,,,,,,,,,,,,,,,
5411,18:11:00,,,,,,,,,,,,,,,,,,,,,,,,,
5412,18:12:00,,,,,,,,,,,,,,,,,,,,,,,,,
5413,18:13:00,,,,,,,,,,,,,,,,,,,,,,,,,
5414,18:14:00,,,,,,,,,,,,,,,,,,,,,,,,,
5415,18:15:00,,,,,,,,,,,,,,,,,,,,,,,,,
5416,18:16:00,,,,,,,,,,,,,,,,,,,,,,,,,
5417,18:17:00,,,,,,,,,,,,,,,,,,,,,,,,,
5418,18:18:00,,,,,,,,,,,,,,,,,,,,,,,,,
5419,18:19:00,,,,,,,,,,,,,,,,,,,,,,,,,
5420,18:20:00,,,,,,,,,,,,,,,,,,,,,,,,,
5421,18:21:00,,,,,,,,,,,,,,,,,,,,,,,,,
5422,18:22:00,,,,,,,,,,,,,,,,,,,,,,,,,
5423,18:23:00,,,,,,,,,,,,,,,,,,,,,,,,,
5424,18:24:00,,,,,,,,,,,,,,,,,,,,,,,,,
5425,18:25:00,,,,,,,,,,,,,,,,,,,,,,,,,
5426,18:26:00,,,,,,,,,,,,,,,,,,,,,,,,,
5427,18:27:00,,,,,,,,,,,,,,,,,,,,,,,,,
5428,18:28:00,,,,,,,,,,,,,,,,,,,,,,,,,
5429,18:29:00,,,,,,,,,,,,,,,,,,,,,,,,,
5430,18:30:00,,,,,,,,,,,,,,,,,,,,,,,,,
5431,18:31:00,,,,,,,,,,,,,,,,,,,,,,,,,
5432,18:32:00,,,,,,,,,,,,,,,,,,,,,,,,,
5433,18:33:00,,,,,,,,,,,,,,,,,,,,,,,,,
5434,18:34:00,,,,,,,,,,,,,,,,,,,,,,,,,
5435,18:35:00,,,,,,,,,,,,,,,,,,,,,,,,,
5436,18:36:00,,,,,,,,,,,,,,,,,,,,,,,,,
5437,18:37:00,,,,,,,,,,,,,,,,,,,,,,,,,
5438,18:38:00,,,,,,,,,,,,,,,,,,,,,,,,,
5439,18:39:00,,,,,,,,,,,,,,,,,,,,,,,,,
5440,18:40:00,,,,,,,,,,,,,,,,,,,,,,,,,
5441,18:41:00,,,,,,,,,,,,,,,,,,,,,,,,,
5442,18:42:00,,,,,,,,,,,,,,,,,,,,,,,,,
5443,18:43:00,,,,,,,,,,,,,,,,,,,,,,,,,
5444,18:44:00,,,,,,,,,,,,,,,,,,,,,,,,,
5445,18:45:00,,,,,,,,,,,,,,,,,,,,,,,,,
5446,18:46:00,,,,,,,,,,,,,,,,,,,,,,,,,
5447,18:47:00,,,,,,,,,,,,,,,,,,,,,,,,,
5448,18:48:00,,,,,,,,,,,,,,,,,,,,,,,,,
5449,18:49:00,,,,,,,,,,,,,,,,,,,,,,,,,
5450,18:50:00,,,,,,,,,,,,,,,,,,,,,,,,,
5451,18:51:00,,,,,,,,,,,,,,,,,,,,,,,,,
5452,18:52:00,,,,,,,,,,,,,,,,,,,,,,,,,
5453,18:53:00,,,,,,,,,,,,,,,,,,,,,,,,,
5454,18:54:00,,,,,,,,,,,,,,,,,,,,,,,,,
5455,18:55:00,,,,,,,,,,,,,,,,,,,,,,,,,
5456,18:56:00,,,,,,,,,,,,,,,,,,,,,,,,,
5457,18:57:00,,,,,,,,,,,,,,,,,,,,,,,,,
5458,18:58:00,,,,,,,,,,,,,,,,,,,,,,,,,
5459,18:59:00,,,,,,,,,,,,,,,,,,,,,,,,,
5460,19:00:00,,,,,,,,,,,,,,,,,,,,,,,,,
5461,19:01:00,,,,,,,,,,,,,,,,,,,,,,,,,
5462,19:02:00,,,,,,,,,,,,,,,,,,,,,,,,,
5463,19:03:00,,,,,,,,,,,,,,,,,,,,,,,,,
5464,19:04:00,,,,,,,,,,,,,,,,,,,,,,,,,
5465,19:05:00,,,,,,,,,,,,,,,,,,,,,,,,,
5466,19:06:00,,,,,,,,,,,,,,,,,,,,,,,,,
5467,19:07:00,,,,,,,,,,,,,,,,,,,,,,,,,
5468,19:08:00,,,,,,,,,,,,,,,,,,,,,,,,,
5469,19:09:00,,,,,,,,,,,,,,,,,,,,,,,,,
5470,19:10:00,,,,,,,,,,,,,,,,,,,,,,,,,
5471,19:11:00,,,,,,,,,,,,,,,,,,,,,,,,,
5472,19:12:00,,,,,,,,,,,,,,,,,,,,,,,,,
5473,19:13:00,,,,,,,,,,,,,,,,,,,,,,,,,
5474,19:14:00,,,,,,,,,,,,,,,,,,,,,,,,,
5475,19:15:00,,,,,,,,,,,,,,,,,,,,,,,,,
5476,19:16:00,,,,,,,,,,,,,,,,,,,,,,,,,
5477,19:17:00,,,,,,,,,,,,,,,,,,,,,,,,,
5478,19:18:00,,,,,,,,,,,,,,,,,,,,,,,,,
5479,19:19:00,,,,,,,,,,,,,,,,,,,,,,,,,
5480,19:20:00,,,,,,,,,,,,,,,,,,,,,,,,,
5481,19:21:00,,,,,,,,,,,,,,,,,,,,,,,,,
5482,19:22:00,,,,,,,,,,,,,,,,,,,,,,,,,
5483,19:23:00,,,,,,,,,,,,,,,,,,,,,,,,,
5484,19:24:00,,,,,,,,,,,,,,,,,,,,,,,,,
5485,19:25:00,,,,,,,,,,,,,,,,,,,,,,,,,
5486,19:26:00,,,,,,,,,,,,,,,,,,,,,,,,,
5487,19:27:00,,,,,,,,,,,,,,,,,,,,,,,,,
5488,19:28:00,,,,,,,,,,,,,,,,,,,,,,,,,
5489,19:29:00,,,,,,,,,,,,,,,,,,,,,,,,,
5490,19:30:00,,,,,,,,,,,,,,,,,,,,,,,,,
5491,19:31:00,,,,,,,,,,,,,,,,,,,,,,,,,
5492,19:32:00,,,,,,,,,,,,,,,,,,,,,,,,,
5493,19:33:00,,,,,,,,,,,,,,,,,,,,,,,,,
5494,19:34:00,,,,,,,,,,,,,,,,,,,,,,,,,
5495,19:35:00,,,,,,,,,,,,,,,,,,,,,,,,,
5496,19:36:00,,,,,,,,,,,,,,,,,,,,,,,,,
5497,19:37:00,,,,,,,,,,,,,,,,,,,,,,,,,
5498,19:38:00,,,,,,,,,,,,,,,,,,,,,,,,,
5499,19:39:00,,,,,,,,,,,,,,,,,,,,,,,,,
5500,19:40:00,,,,,,,,,,,,,,,,,,,,,,,,,
5501,19:41:00,,,,,,,,,,,,,,,,,,,,,,,,,
5502,19:42:00,,,,,,,,,,,,,,,,,,,,,,,,,
5503,19:43:00,,,,,,,,,,,,,,,,,,,,,,,,,
5504,19:44:00,,,,,,,,,,,,,,,,,,,,,,,,,
5505,19:45:00,,,,,,,,,,,,,,,,,,,,,,,,,
5506,19:46:00,,,,,,,,,,,,,,,,,,,,,,,,,
5507,19:47:00,,,,,,,,,,,,,,,,,,,,,,,,,
5508,19:48:00,,,,,,,,,,,,,,,,,,,,,,,,,
5509,19:49:00,,,,,,,,,,,,,,,,,,,,,,,,,
5510,19:50:00,,,,,,,,,,,,,,,,,,,,,,,,,
5511,19:51:00,,,,,,,,,,,,,,,,,,,,,,,,,
5512,19:52:00,,,,,,,,,,,,,,,,,,,,,,,,,
5513,19:53:00,,,,,,,,,,,,,,,,,,,,,,,,,
5514,19:54:00,,,,,,,,,,,,,,,,,,,,,,,,,
5515,19:55:00,,,,,,,,,,,,,,,,,,,,,,,,,
5516,19:56:00,,,,,,,,,,,,,,,,,,,,,,,,,
5517,19:57:00,,,,,,,,,,,,,,,,,,,,,,,,,
5518,19:58:00,,,,,,,,,,,,,,,,,,,,,,,,,
5519,19:59:00,,,,,,,,,,,,,,,,,,,,,,,,,
5520,20:00:00,,,,,,,,,,,,,,,,,,,,,,,,,
5521,20:01:00,,,,,,,,,,,,,,,,,,,,,,,,,
5522,20:02:00,,,,,,,,,,,,,,,,,,,,,,,,,
5523,20:03:00,,,,,,,,,,,,,,,,,,,,,,,,,
5524,20:04:00,,,,,,,,,,,,,,,,,,,,,,,,,
5525,20:05:00,,,,,,,,,,,,,,,,,,,,,,,,,
5526,20:06:00,,,,,,,,,,,,,,,,,,,,,,,,,
5527,20:07:00,,,,,,,,,,,,,,,,,,,,,,,,,
5528,20:08:00,,,,,,,,,,,,,,,,,,,,,,,,,
5529,20:09:00,,,,,,,,,,,,,,,,,,,,,,,,,
5530,20:10:00,,,,,,,,,,,,,,,,,,,,,,,,,
5531,20:11:00,,,,,,,,,,,,,,,,,,,,,,,,,
5532,20:12:00,,,,,,,,,,,,,,,,,,,,,,,,,
5533,20:13:00,,,,,,,,,,,,,,,,,,,,,,,,,
5534,20:14:00,,,,,,,,,,,,,,,,,,,,,,,,,
5535,20:15:00,,,,,,,,,,,,,,,,,,,,,,,,,
5536,20:16:00,,,,,,,,,,,,,,,,,,,,,,,,,
5537,20:17:00,,,,,,,,,,,,,,,,,,,,,,,,,
5538,20:18:00,,,,,,,,,,,,,,,,,,,,,,,,,
5539,20:19:00,,,,,,,,,,,,,,,,,,,,,,,,,
5540,20:20:00,,,,,,,,,,,,,,,,,,,,,,,,,
5541,20:21:00,,,,,,,,,,,,,,,,,,,,,,,,,
5542,20:22:00,,,,,,,,,,,,,,,,,,,,,,,,,
5543,20:23:00,,,,,,,,,,,,,,,,,,,,,,,,,
5544,20:24:00,,,,,,,,,,,,,,,,,,,,,,,,,
5545,20:25:00,,,,,,,,,,,,,,,,,,,,,,,,,
5546,20:26:00,,,,,,,,,,,,,,,,,,,,,,,,,
5547,20:27:00,,,,,,,,,,,,,,,,,,,,,,,,,
5548,20:28:00,,,,,,,,,,,,,,,,,,,,,,,,,
5549,20:29:00,,,,,,,,,,,,,,,,,,,,,,,,,
5550,20:30:00,,,,,,,,,,,,,,,,,,,,,,,,,
5551,20:31:00,,,,,,,,,,,,,,,,,,,,,,,,,
5552,20:32:00,,,,,,,,,,,,,,,,,,,,,,,,,
5553,20:33:00,,,,,,,,,,,,,,,,,,,,,,,,,
5554,20:34:00,,,,,,,,,,,,,,,,,,,,,,,,,
5555,20:35:00,,,,,,,,,,,,,,,,,,,,,,,,,
5556,20:36:00,,,,,,,,,,,,,,,,,,,,,,,,,
5557,20:37:00,,,,,,,,,,,,,,,,,,,,,,,,,
5558,20:38:00,,,,,,,,,,,,,,,,,,,,,,,,,
5559,20:39:00,,,,,,,,,,,,,,,,,,,,,,,,,
5560,20:40:00,,,,,,,,,,,,,,,,,,,,,,,,,
5561,20:41:00,,,,,,,,,,,,,,,,,,,,,,,,,
5562,20:42:00,,,,,,,,,,,,,,,,,,,,,,,,,
5563,20:43:00,,,,,,,,,,,,,,,,,,,,,,,,,
5564,20:44:00,,,,,,,,,,,,,,,,,,,,,,,,,
5565,20:45:00,,,,,,,,,,,,,,,,,,,,,,,,,
5566,20:46:00,,,,,,,,,,,,,,,,,,,,,,,,,
5567,20:47:00,,,,,,,,,,,,,,,,,,,,,,,,,
5568,20:48:00,,,,,,,,,,,,,,,,,,,,,,,,,
5569,20:49:00,,,,,,,,,,,,,,,,,,,,,,,,,
5570,20:50:00,,,,,,,,,,,,,,,,,,,,,,,,,
5571,20:51:00,,,,,,,,,,,,,,,,,,,,,,,,,
5572,20:52:00,,,,,,,,,,,,,,,,,,,,,,,,,
5573,20:53:00,,,,,,,,,,,,,,,,,,,,,,,,,
5574,20:54:00,,,,,,,,,,,,,,,,,,,,,,,,,
5575,20:55:00,,,,,,,,,,,,,,,,,,,,,,,,,
5576,20:56:00,,,,,,,,,,,,,,,,,,,,,,,,,
5577,20:57:00,,,,,,,,,,,,,,,,,,,,,,,,,
5578,20:58:00,,,,,,,,,,,,,,,,,,,,,,,,,
5579,20:59:00,,,,,,,,,,,,,,,,,,,,,,,,,
5580,21:00:00,,,,,,,,,,,,,,,,,,,,,,,,,
5581,21:01:00,,,,,,,,,,,,,,,,,,,,,,,,,
5582,21:02:00,,,,,,,,,,,,,,,,,,,,,,,,,
5583,21:03:00,,,,,,,,,,,,,,,,,,,,,,,,,
5584,21:04:00,,,,,,,,,,,,,,,,,,,,,,,,,
5585,21:05:00,,,,,,,,,,,,,,,,,,,,,,,,,
5586,21:06:00,,,,,,,,,,,,,,,,,,,,,,,,,
5587,21:07:00,,,,,,,,,,,,,,,,,,,,,,,,,
5588,21:08:00,,,,,,,,,,,,,,,,,,,,,,,,,
5589,21:09:00,,,,,,,,,,,,,,,,,,,,,,,,,
5590,21:10:00,,,,,,,,,,,,,,,,,,,,,,,,,
5591,21:11:00,,,,,,,,,,,,,,,,,,,,,,,,,
5592,21:12:00,,,,,,,,,,,,,,,,,,,,,,,,,
5593,21:13:00,,,,,,,,,,,,,,,,,,,,,,,,,
5594,21:14:00,,,,,,,,,,,,,,,,,,,,,,,,,
5595,21:15:00,,,,,,,,,,,,,,,,,,,,,,,,,
5596,21:16:00,,,,,,,,,,,,,,,,,,,,,,,,,
5597,21:17:00,,,,,,,,,,,,,,,,,,,,,,,,,
5598,21:18:00,,,,,,,,,,,,,,,,,,,,,,,,,
5599,21:19:00,,,,,,,,,,,,,,,,,,,,,,,,,
5600,21:20:00,,,,,,,,,,,,,,,,,,,,,,,,,
5601,21:21:00,,,,,,,,,,,,,,,,,,,,,,,,,
5602,21:22:00,,,,,,,,,,,,,,,,,,,,,,,,,
5603,21:23:00,,,,,,,,,,,,,,,,,,,,,,,,,
5604,21:24:00,,,,,,,,,,,,,,,,,,,,,,,,,
5605,21:25:00,,,,,,,,,,,,,,,,,,,,,,,,,
5606,21:26:00,,,,,,,,,,,,,,,,,,,,,,,,,
5607,21:27:00,,,,,,,,,,,,,,,,,,,,,,,,,
5608,21:28:00,,,,,,,,,,,,,,,,,,,,,,,,,
5609,21:29:00,,,,,,,,,,,,,,,,,,,,,,,,,
5610,21:30:00,,,,,,,,,,,,,,,,,,,,,,,,,
5611,21:31:00,,,,,,,,,,,,,,,,,,,,,,,,,
5612,21:32:00,,,,,,,,,,,,,,,,,,,,,,,,,
5613,21:33:00,,,,,,,,,,,,,,,,,,,,,,,,,
5614,21:34:00,,,,,,,,,,,,,,,,,,,,,,,,,
5615,21:35:00,,,,,,,,,,,,,,,,,,,,,,,,,
5616,21:36:00,,,,,,,,,,,,,,,,,,,,,,,,,
5617,21:37:00,,,,,,,,,,,,,,,,,,,,,,,,,
5618,21:38:00,,,,,,,,,,,,,,,,,,,,,,,,,
5619,21:39:00,,,,,,,,,,,,,,,,,,,,,,,,,
5620,21:40:00,,,,,,,,,,,,,,,,,,,,,,,,,
5621,21:41:00,,,,,,,,,,,,,,,,,,,,,,,,,
5622,21:42:00,,,,,,,,,,,,,,,,,,,,,,,,,
5623,21:43:00,,,,,,,,,,,,,,,,,,,,,,,,,
5624,21:44:00,,,,,,,,,,,,,,,,,,,,,,,,,
5625,21:45:00,,,,,,,,,,,,,,,,,,,,,,,,,
5626,21:46:00,,,,,,,,,,,,,,,,,,,,,,,,,
5627,21:47:00,,,,,,,,,,,,,,,,,,,,,,,,,
5628,21:48:00,,,,,,,,,,,,,,,,,,,,,,,,,
5629,21:49:00,,,,,,,,,,,,,,,,,,,,,,,,,
5630,21:50:00,,,,,,,,,,,,,,,,,,,,,,,,,
5631,21:51:00,,,,,,,,,,,,,,,,,,,,,,,,,
5632,21:52:00,,,,,,,,,,,,,,,,,,,,,,,,,
5633,21:53:00,,,,,,,,,,,,,,,,,,,,,,,,,
5634,21:54:00,,,,,,,,,,,,,,,,,,,,,,,,,
5635,21:55:00,,,,,,,,,,,,,,,,,,,,,,,,,
5636,21:56:00,,,,,,,,,,,,,,,,,,,,,,,,,
5637,21:57:00,,,,,,,,,,,,,,,,,,,,,,,,,
5638,21:58:00,,,,,,,,,,,,,,,,,,,,,,,,,
5639,21:59:00,,,,,,,,,,,,,,,,,,,,,,,,,
5640,22:00:00,,,,,,,,,,,,,,,,,,,,,,,,,
5641,22:01:00,,,,,,,,,,,,,,,,,,,,,,,,,
5642,22:02:00,,,,,,,,,,,,,,,,,,,,,,,,,
5643,22:03:00,,,,,,,,,,,,,,,,,,,,,,,,,
5644,22:04:00,,,,,,,,,,,,,,,,,,,,,,,,,
5645,22:05:00,,,,,,,,,,,,,,,,,,,,,,,,,
5646,22:06:00,,,,,,,,,,,,,,,,,,,,,,,,,
5647,22:07:00,,,,,,,,,,,,,,,,,,,,,,,,,
5648,22:08:00,,,,,,,,,,,,,,,,,,,,,,,,,
5649,22:09:00,,,,,,,,,,,,,,,,,,,,,,,,,
5650,22:10:00,,,,,,,,,,,,,,,,,,,,,,,,,
5651,22:11:00,,,,,,,,,,,,,,,,,,,,,,,,,
5652,22:12:00,,,,,,,,,,,,,,,,,,,,,,,,,
5653,22:13:00,,,,,,,,,,,,,,,,,,,,,,,,,
5654,22:14:00,,,,,,,,,,,,,,,,,,,,,,,,,
5655,22:15:00,,,,,,,,,,,,,,,,,,,,,,,,,
5656,22:16:00,,,,,,,,,,,,,,,,,,,,,,,,,
5657,22:17:00,,,,,,,,,,,,,,,,,,,,,,,,,
5658,22:18:00,,,,,,,,,,,,,,,,,,,,,,,,,
5659,22:19:00,,,,,,,,,,,,,,,,,,,,,,,,,
5660,22:20:00,,,,,,,,,,,,,,,,,,,,,,,,,
5661,22:21:00,,,,,,,,,,,,,,,,,,,,,,,,,
5662,22:22:00,,,,,,,,,,,,,,,,,,,,,,,,,
5663,22:23:00,,,,,,,,,,,,,,,,,,,,,,,,,
5664,22:24:00,,,,,,,,,,,,,,,,,,,,,,,,,
5665,22:25:00,,,,,,,,,,,,,,,,,,,,,,,,,
5666,22:26:00,,,,,,,,,,,,,,,,,,,,,,,,,
5667,22:27:00,,,,,,,,,,,,,,,,,,,,,,,,,
5668,22:28:00,,,,,,,,,,,,,,,,,,,,,,,,,
5669,22:29:00,,,,,,,,,,,,,,,,,,,,,,,,,
5670,22:30:00,,,,,,,,,,,,,,,,,,,,,,,,,
5671,22:31:00,,,,,,,,,,,,,,,,,,,,,,,,,
5672,22:32:00,,,,,,,,,,,,,,,,,,,,,,,,,
5673,22:33:00,,,,,,,,,,,,,,,,,,,,,,,,,
5674,22:34:00,,,,,,,,,,,,,,,,,,,,,,,,,
5675,22:35:00,,,,,,,,,,,,,,,,,,,,,,,,,
5676,22:36:00,,,,,,,,,,,,,,,,,,,,,,,,,
5677,22:37:00,,,,,,,,,,,,,,,,,,,,,,,,,
5678,22:38:00,,,,,,,,,,,,,,,,,,,,,,,,,
5679,22:39:00,,,,,,,,,,,,,,,,,,,,,,,,,
5680,22:40:00,,,,,,,,,,,,,,,,,,,,,,,,,
5681,22:41:00,,,,,,,,,,,,,,,,,,,,,,,,,
5682,22:42:00,,,,,,,,,,,,,,,,,,,,,,,,,
5683,22:43:00,,,,,,,,,,,,,,,,,,,,,,,,,
5684,22:44:00,,,,,,,,,,,,,,,,,,,,,,,,,
5685,22:45:00,,,,,,,,,,,,,,,,,,,,,,,,,
5686,22:46:00,,,,,,,,,,,,,,,,,,,,,,,,,
5687,22:47:00,,,,,,,,,,,,,,,,,,,,,,,,,
5688,22:48:00,,,,,,,,,,,,,,,,,,,,,,,,,
5689,22:49:00,,,,,,,,,,,,,,,,,,,,,,,,,
5690,22:50:00,,,,,,,,,,,,,,,,,,,,,,,,,
5691,22:51:00,,,,,,,,,,,,,,,,,,,,,,,,,
5692,22:52:00,,,,,,,,,,,,,,,,,,,,,,,,,
5693,22:53:00,,,,,,,,,,,,,,,,,,,,,,,,,
5694,22:54:00,,,,,,,,,,,,,,,,,,,,,,,,,
5695,22:55:00,,,,,,,,,,,,,,,,,,,,,,,,,
5696,22:56:00,,,,,,,,,,,,,,,,,,,,,,,,,
5697,22:57:00,,,,,,,,,,,,,,,,,,,,,,,,,
5698,22:58:00,,,,,,,,,,,,,,,,,,,,,,,,,
5699,22:59:00,,,,,,,,,,,,,,,,,,,,,,,,,
5700,23:00:00,,,,,,,,,,,,,,,,,,,,,,,,,
5701,23:01:00,,,,,,,,,,,,,,,,,,,,,,,,,
5702,23:02:00,,,,,,,,,,,,,,,,,,,,,,,,,
5703,23:03:00,,,,,,,,,,,,,,,,,,,,,,,,,
5704,23:04:00,,,,,,,,,,,,,,,,,,,,,,,,,
5705,23:05:00,,,,,,,,,,,,,,,,,,,,,,,,,
5706,23:06:00,,,,,,,,,,,,,,,,,,,,,,,,,
5707,23:07:00,,,,,,,,,,,,,,,,,,,,,,,,,
5708,23:08:00,,,,,,,,,,,,,,,,,,,,,,,,,
5709,23:09:00,,,,,,,,,,,,,,,,,,,,,,,,,
5710,23:10:00,,,,,,,,,,,,,,,,,,,,,,,,,
5711,23:11:00,,,,,,,,,,,,,,,,,,,,,,,,,
5712,23:12:00,,,,,,,,,,,,,,,,,,,,,,,,,
5713,23:13:00,,,,,,,,,,,,,,,,,,,,,,,,,
5714,23:14:00,,,,,,,,,,,,,,,,,,,,,,,,,
5715,23:15:00,,,,,,,,,,,,,,,,,,,,,,,,,
5716,23:16:00,,,,,,,,,,,,,,,,,,,,,,,,,
5717,23:17:00,,,,,,,,,,,,,,,,,,,,,,,,,
5718,23:18:00,,,,,,,,,,,,,,,,,,,,,,,,,
5719,23:19:00,,,,,,,,,,,,,,,,,,,,,,,,,
5720,23:20:00,,,,,,,,,,,,,,,,,,,,,,,,,
5721,23:21:00,,,,,,,,,,,,,,,,,,,,,,,,,
5722,23:22:00,,,,,,,,,,,,,,,,,,,,,,,,,
5723,23:23:00,,,,,,,,,,,,,,,,,,,,,,,,,
5724,23:24:00,,,,,,,,,,,,,,,,,,,,,,,,,
5725,23:25:00,,,,,,,,,,,,,,,,,,,,,,,,,
5726,23:26:00,,,,,,,,,,,,,,,,,,,,,,,,,
5727,23:27:00,,,,,,,,,,,,,,,,,,,,,,,,,
5728,23:28:00,,,,,,,,,,,,,,,,,,,,,,,,,
5729,23:29:00,,,,,,,,,,,,,,,,,,,,,,,,,
5730,23:30:00,,,,,,,,,,,,,,,,,,,,,,,,,
5731,23:31:00,,,,,,,,,,,,,,,,,,,,,,,,,
5732,23:32:00,,,,,,,,,,,,,,,,,,,,,,,,,
5733,23:33:00,,,,,,,,,,,,,,,,,,,,,,,,,
5734,23:34:00,,,,,,,,,,,,,,,,,,,,,,,,,
5735,23:35:00,,,,,,,,,,,,,,,,,,,,,,,,,
5736,23:36:00,,,,,,,,,,,,,,,,,,,,,,,,,
5737,23:37:00,,,,,,,,,,,,,,,,,,,,,,,,,
5738,23:38:00,,,,,,,,,,,,,,,,,,,,,,,,,
5739,23:39:00,,,,,,,,,,,,,,,,,,,,,,,,,
5740,23:40:00,,,,,,,,,,,,,,,,,,,,,,,,,
5741,23:41:00,,,,,,,,,,,,,,,,,,,,,,,,,
5742,23:42:00,,,,,,,,,,,,,,,,,,,,,,,,,
5743,23:43:00,,,,,,,,,,,,,,,,,,,,,,,,,
5744,23:44:00,,,,,,,,,,,,,,,,,,,,,,,,,
5745,23:45:00,,,,,,,,,,,,,,,,,,,,,,,,,
5746,23:46:00,,,,,,,,,,,,,,,,,,,,,,,,,
5747,23:47:00,,,,,,,,,,,,,,,,,,,,,,,,,
5748,23:48:00,,,,,,,,,,,,,,,,,,,,,,,,,
5749,23:49:00,,,,,,,,,,,,,,,,,,,,,,,,,
5750,23:50:00,,,,,,,,,,,,,,,,,,,,,,,,,
5751,23:51:00,,,,,,,,,,,,,,,,,,,,,,,,,
5752,23:52:00,,,,,,,,,,,,,,,,,,,,,,,,,
5753,23:53:00,,,,,,,,,,,,,,,,,,,,,,,,,
5754,23:54:00,,,,,,,,,,,,,,,,,,,,,,,,,
5755,23:55:00,,,,,,,,,,,,,,,,,,,,,,,,,
5756,23:56:00,,,,,,,,,,,,,,,,,,,,,,,,,
5757,23:57:00,,,,,,,,,,,,,,,,,,,,,,,,,
5758,23:58:00,,,,,,,,,,,,,,,,,,,,,,,,,
5759,23:59:00,,,,,,,,,,,,,,,,,,,,,,,,,
5760,00:00:00,,,,,,,,,,,,,,,,,,,,,,,,,
5761,00:01:00,,,,,,,,,,,,,,,,,,,,,,,,,
5762,00:02:00,,,,,,,,,,,,,,,,,,,,,,,,,
5763,00:03:00,,,,,,,,,,,,,,,,,,,,,,,,,
5764,00:04:00,,,,,,,,,,,,,,,,,,,,,,,,,
5765,00:05:00,,,,,,,,,,,,,,,,,,,,,,,,,
5766,00:06:00,,,,,,,,,,,,,,,,,,,,,,,,,
5767,00:07:00,,,,,,,,,,,,,,,,,,,,,,,,,
5768,00:08:00,,,,,,,,,,,,,,,,,,,,,,,,,
5769,00:09:00,,,,,,,,,,,,,,,,,,,,,,,,,
5770,00:10:00,,,,,,,,,,,,,,,,,,,,,,,,,
5771,00:11:00,,,,,,,,,,,,,,,,,,,,,,,,,
5772,00:12:00,,,,,,,,,,,,,,,,,,,,,,,,,
5773,00:13:00,,,,,,,,,,,,,,,,,,,,,,,,,
5774,00:14:00,,,,,,,,,,,,,,,,,,,,,,,,,
5775,00:15:00,,,,,,,,,,,,,,,,,,,,,,,,,
5776,00:16:00,,,,,,,,,,,,,,,,,,,,,,,,,
5777,00:17:00,,,,,,,,,,,,,,,,,,,,,,,,,
5778,00:18:00,,,,,,,,,,,,,,,,,,,,,,,,,
5779,00:19:00,,,,,,,,,,,,,,,,,,,,,,,,,
5780,00:20:00,,,,,,,,,,,,,,,,,,,,,,,,,
5781,00:21:00,,,,,,,,,,,,,,,,,,,,,,,,,
5782,00:22:00,,,,,,,,,,,,,,,,,,,,,,,,,
5783,00:23:00,,,,,,,,,,,,,,,,,,,,,,,,,
5784,00:24:00,,,,,,,,,,,,,,,,,,,,,,,,,
5785,00:25:00,,,,,,,,,,,,,,,,,,,,,,,,,
5786,00:26:00,,,,,,,,,,,,,,,,,,,,,,,,,
5787,00:27:00,,,,,,,,,,,,,,,,,,,,,,,,,
5788,00:28:00,,,,,,,,,,,,,,,,,,,,,,,,,
5789,00:29:00,,,,,,,,,,,,,,,,,,,,,,,,,
5790,00:30:00,,,,,,,,,,,,,,,,,,,,,,,,,
5791,00:31:00,,,,,,,,,,,,,,,,,,,,,,,,,
5792,00:32:00,,,,,,,,,,,,,,,,,,,,,,,,,
5793,00:33:00,,,,,,,,,,,,,,,,,,,,,,,,,
5794,00:34:00,,,,,,,,,,,,,,,,,,,,,,,,,
5795,00:35:00,,,,,,,,,,,,,,,,,,,,,,,,,
5796,00:36:00,,,,,,,,,,,,,,,,,,,,,,,,,
5797,00:37:00,,,,,,,,,,,,,,,,,,,,,,,,,
5798,00:38:00,,,,,,,,,,,,,,,,,,,,,,,,,
5799,00:39:00,,,,,,,,,,,,,,,,,,,,,,,,,
5800,00:40:00,,,,,,,,,,,,,,,,,,,,,,,,,
5801,00:41:00,,,,,,,,,,,,,,,,,,,,,,,,,
5802,00:42:00,,,,,,,,,,,,,,,,,,,,,,,,,
5803,00:43:00,,,,,,,,,,,,,,,,,,,,,,,,,
5804,00:44:00,,,,,,,,,,,,,,,,,,,,,,,,,
5805,00:45:00,,,,,,,,,,,,,,,,,,,,,,,,,
5806,00:46:00,,,,,,,,,,,,,,,,,,,,,,,,,
5807,00:47:00,,,,,,,,,,,,,,,,,,,,,,,,,
5808,00:48:00,,,,,,,,,,,,,,,,,,,,,,,,,
5809,00:49:00,,,,,,,,,,,,,,,,,,,,,,,,,
5810,00:50:00,,,,,,,,,,,,,,,,,,,,,,,,,
5811,00:51:00,,,,,,,,,,,,,,,,,,,,,,,,,
5812,00:52:00,,,,,,,,,,,,,,,,,,,,,,,,,
5813,00:53:00,,,,,,,,,,,,,,,,,,,,,,,,,
5814,00:54:00,,,,,,,,,,,,,,,,,,,,,,,,,
5815,00:55:00,,,,,,,,,,,,,,,,,,,,,,,,,
5816,00:56:00,,,,,,,,,,,,,,,,,,,,,,,,,
5817,00:57:00,,,,,,,,,,,,,,,,,,,,,,,,,
5818,00:58:00,,,,,,,,,,,,,,,,,,,,,,,,,
5819,00:59:00,,,,,,,,,,,,,,,,,,,,,,,,,
5820,01:00:00,,,,,,,,,,,,,,,,,,,,,,,,,
5821,01:01:00,,,,,,,,,,,,,,,,,,,,,,,,,
5822,01:02:00,,,,,,,,,,,,,,,,,,,,,,,,,
5823,01:03:00,,,,,,,,,,,,,,,,,,,,,,,,,
5824,01:04:00,,,,,,,,,,,,,,,,,,,,,,,,,
5825,01:05:00,,,,,,,,,,,,,,,,,,,,,,,,,
5826,01:06:00,,,,,,,,,,,,,,,,,,,,,,,,,
5827,01:07:00,,,,,,,,,,,,,,,,,,,,,,,,,
5828,01:08:00,,,,,,,,,,,,,,,,,,,,,,,,,
5829,01:09:00,,,,,,,,,,,,,,,,,,,,,,,,,
5830,01:10:00,,,,,,,,,,,,,,,,,,,,,,,,,
5831,01:11:00,,,,,,,,,,,,,,,,,,,,,,,,,
5832,01:12:00,,,,,,,,,,,,,,,,,,,,,,,,,
5833,01:13:00,,,,,,,,,,,,,,,,,,,,,,,,,
5834,01:14:00,,,,,,,,,,,,,,,,,,,,,,,,,
5835,01:15:00,,,,,,,,,,,,,,,,,,,,,,,,,
5836,01:16:00,,,,,,,,,,,,,,,,,,,,,,,,,
5837,01:17:00,,,,,,,,,,,,,,,,,,,,,,,,,
5838,01:18:00,,,,,,,,,,,,,,,,,,,,,,,,,
5839,01:19:00,,,,,,,,,,,,,,,,,,,,,,,,,
5840,01:20:00,,,,,,,,,,,,,,,,,,,,,,,,,
5841,01:21:00,,,,,,,,,,,,,,,,,,,,,,,,,
5842,01:22:00,,,,,,,,,,,,,,,,,,,,,,,,,
5843,01:23:00,,,,,,,,,,,,,,,,,,,,,,,,,
5844,01:24:00,,,,,,,,,,,,,,,,,,,,,,,,,
5845,01:25:00,,,,,,,,,,,,,,,,,,,,,,,,,
5846,01:26:00,,,,,,,,,,,,,,,,,,,,,,,,,
5847,01:27:00,,,,,,,,,,,,,,,,,,,,,,,,,
5848,01:28:00,,,,,,,,,,,,,,,,,,,,,,,,,
5849,01:29:00,,,,,,,,,,,,,,,,,,,,,,,,,
5850,01:30:00,,,,,,,,,,,,,,,,,,,,,,,,,
5851,01:31:00,,,,,,,,,,,,,,,,,,,,,,,,,
5852,01:32:00,,,,,,,,,,,,,,,,,,,,,,,,,
5853,01:33:00,,,,,,,,,,,,,,,,,,,,,,,,,
5854,01:34:00,,,,,,,,,,,,,,,,,,,,,,,,,
5855,01:35:00,,,,,,,,,,,,,,,,,,,,,,,,,
5856,01:36:00,,,,,,,,,,,,,,,,,,,,,,,,,
5857,01:37:00,,,,,,,,,,,,,,,,,,,,,,,,,
5858,01:38:00,,,,,,,,,,,,,,,,,,,,,,,,,
5859,01:39:00,,,,,,,,,,,,,,,,,,,,,,,,,
5860,01:40:00,,,,,,,,,,,,,,,,,,,,,,,,,
5861,01:41:00,,,,,,,,,,,,,,,,,,,,,,,,,
5862,01:42:00,,,,,,,,,,,,,,,,,,,,,,,,,
5863,01:43:00,,,,,,,,,,,,,,,,,,,,,,,,,
5864,01:44:00,,,,,,,,,,,,,,,,,,,,,,,,,
5865,01:45:00,,,,,,,,,,,,,,,,,,,,,,,,,
5866,01:46:00,,,,,,,,,,,,,,,,,,,,,,,,,
5867,01:47:00,,,,,,,,,,,,,,,,,,,,,,,,,
5868,01:48:00,,,,,,,,,,,,,,,,,,,,,,,,,
5869,01:49:00,,,,,,,,,,,,,,,,,,,,,,,,,
5870,01:50:00,,,,,,,,,,,,,,,,,,,,,,,,,
5871,01:51:00,,,,,,,,,,,,,,,,,,,,,,,,,
5872,01:52:00,,,,,,,,,,,,,,,,,,,,,,,,,
5873,01:53:00,,,,,,,,,,,,,,,,,,,,,,,,,
5874,01:54:00,,,,,,,,,,,,,,,,,,,,,,,,,
5875,01:55:00,,,,,,,,,,,,,,,,,,,,,,,,,
5876,01:56:00,,,,,,,,,,,,,,,,,,,,,,,,,
5877,01:57:00,,,,,,,,,,,,,,,,,,,,,,,,,
5878,01:58:00,,,,,,,,,,,,,,,,,,,,,,,,,
5879,01:59:00,,,,,,,,,,,,,,,,,,,,,,,,,
5880,02:00:00,,,,,,,,,,,,,,,,,,,,,,,,,
5881,02:01:00,,,,,,,,,,,,,,,,,,,,,,,,,
5882,02:02:00,,,,,,,,,,,,,,,,,,,,,,,,,
5883,02:03:00,,,,,,,,,,,,,,,,,,,,,,,,,
5884,02:04:00,,,,,,,,,,,,,,,,,,,,,,,,,
5885,02:05:00,,,,,,,,,,,,,,,,,,,,,,,,,
5886,02:06:00,,,,,,,,,,,,,,,,,,,,,,,,,
5887,02:07:00,,,,,,,,,,,,,,,,,,,,,,,,,
5888,02:08:00,,,,,,,,,,,,,,,,,,,,,,,,,
5889,02:09:00,,,,,,,,,,,,,,,,,,,,,,,,,
5890,02:10:00,,,,,,,,,,,,,,,,,,,,,,,,,
5891,02:11:00,,,,,,,,,,,,,,,,,,,,,,,,,
5892,02:12:00,,,,,,,,,,,,,,,,,,,,,,,,,
5893,02:13:00,,,,,,,,,,,,,,,,,,,,,,,,,
5894,02:14:00,,,,,,,,,,,,,,,,,,,,,,,,,
5895,02:15:00,,,,,,,,,,,,,,,,,,,,,,,,,
5896,02:16:00,,,,,,,,,,,,,,,,,,,,,,,,,
5897,02:17:00,,,,,,,,,,,,,,,,,,,,,,,,,
5898,02:18:00,,,,,,,,,,,,,,,,,,,,,,,,,
5899,02:19:00,,,,,,,,,,,,,,,,,,,,,,,,,
5900,02:20:00,,,,,,,,,,,,,,,,,,,,,,,,,
5901,02:21:00,,,,,,,,,,,,,,,,,,,,,,,,,
5902,02:22:00,,,,,,,,,,,,,,,,,,,,,,,,,
5903,02:23:00,,,,,,,,,,,,,,,,,,,,,,,,,
5904,02:24:00,,,,,,,,,,,,,,,,,,,,,,,,,
5905,02:25:00,,,,,,,,,,,,,,,,,,,,,,,,,
5906,02:26:00,,,,,,,,,,,,,,,,,,,,,,,,,
5907,02:27:00,,,,,,,,,,,,,,,,,,,,,,,,,
5908,02:28:00,,,,,,,,,,,,,,,,,,,,,,,,,
5909,02:29:00,,,,,,,,,,,,,,,,,,,,,,,,,
5910,02:30:00,,,,,,,,,,,,,,,,,,,,,,,,,
5911,02:31:00,,,,,,,,,,,,,,,,,,,,,,,,,
5912,02:32:00,,,,,,,,,,,,,,,,,,,,,,,,,
5913,02:33:00,,,,,,,,,,,,,,,,,,,,,,,,,
5914,02:34:00,,,,,,,,,,,,,,,,,,,,,,,,,
5915,02:35:00,,,,,,,,,,,,,,,,,,,,,,,,,
5916,02:36:00,,,,,,,,,,,,,,,,,,,,,,,,,
5917,02:37:00,,,,,,,,,,,,,,,,,,,,,,,,,
5918,02:38:00,,,,,,,,,,,,,,,,,,,,,,,,,
5919,02:39:00,,,,,,,,,,,,,,,,,,,,,,,,,
5920,02:40:00,,,,,,,,,,,,,,,,,,,,,,,,,
5921,02:41:00,,,,,,,,,,,,,,,,,,,,,,,,,
5922,02:42:00,,,,,,,,,,,,,,,,,,,,,,,,,
5923,02:43:00,,,,,,,,,,,,,,,,,,,,,,,,,
5924,02:44:00,,,,,,,,,,,,,,,,,,,,,,,,,
5925,02:45:00,,,,,,,,,,,,,,,,,,,,,,,,,
5926,02:46:00,,,,,,,,,,,,,,,,,,,,,,,,,
5927,02:47:00,,,,,,,,,,,,,,,,,,,,,,,,,
5928,02:48:00,,,,,,,,,,,,,,,,,,,,,,,,,
5929,02:49:00,,,,,,,,,,,,,,,,,,,,,,,,,
5930,02:50:00,,,,,,,,,,,,,,,,,,,,,,,,,
5931,02:51:00,,,,,,,,,,,,,,,,,,,,,,,,,
5932,02:52:00,,,,,,,,,,,,,,,,,,,,,,,,,
5933,02:53:00,,,,,,,,,,,,,,,,,,,,,,,,,
5934,02:54:00,,,,,,,,,,,,,,,,,,,,,,,,,
5935,02:55:00,,,,,,,,,,,,,,,,,,,,,,,,,
5936,02:56:00,,,,,,,,,,,,,,,,,,,,,,,,,
5937,02:57:00,,,,,,,,,,,,,,,,,,,,,,,,,
5938,02:58:00,,,,,,,,,,,,,,,,,,,,,,,,,
5939,02:59:00,,,,,,,,,,,,,,,,,,,,,,,,,
5940,03:00:00,,,,,,,,,,,,,,,,,,,,,,,,,
5941,03:01:00,,,,,,,,,,,,,,,,,,,,,,,,,
5942,03:02:00,,,,,,,,,,,,,,,,,,,,,,,,,
5943,03:03:00,,,,,,,,,,,,,,,,,,,,,,,,,
5944,03:04:00,,,,,,,,,,,,,,,,,,,,,,,,,
5945,03:05:00,,,,,,,,,,,,,,,,,,,,,,,,,
5946,03:06:00,,,,,,,,,,,,,,,,,,,,,,,,,
5947,03:07:00,,,,,,,,,,,,,,,,,,,,,,,,,
5948,03:08:00,,,,,,,,,,,,,,,,,,,,,,,,,
5949,03:09:00,,,,,,,,,,,,,,,,,,,,,,,,,
5950,03:10:00,,,,,,,,,,,,,,,,,,,,,,,,,
5951,03:11:00,,,,,,,,,,,,,,,,,,,,,,,,,
5952,03:12:00,,,,,,,,,,,,,,,,,,,,,,,,,
5953,03:13:00,,,,,,,,,,,,,,,,,,,,,,,,,
5954,03:14:00,,,,,,,,,,,,,,,,,,,,,,,,,
5955,03:15:00,,,,,,,,,,,,,,,,,,,,,,,,,
5956,03:16:00,,,,,,,,,,,,,,,,,,,,,,,,,
5957,03:17:00,,,,,,,,,,,,,,,,,,,,,,,,,
5958,03:18:00,,,,,,,,,,,,,,,,,,,,,,,,,
5959,03:19:00,,,,,,,,,,,,,,,,,,,,,,,,,
5960,03:20:00,,,,,,,,,,,,,,,,,,,,,,,,,
5961,03:21:00,,,,,,,,,,,,,,,,,,,,,,,,,
5962,03:22:00,,,,,,,,,,,,,,,,,,,,,,,,,
5963,03:23:00,,,,,,,,,,,,,,,,,,,,,,,,,
5964,03:24:00,,,,,,,,,,,,,,,,,,,,,,,,,
5965,03:25:00,,,,,,,,,,,,,,,,,,,,,,,,,
5966,03:26:00,,,,,,,,,,,,,,,,,,,,,,,,,
5967,03:27:00,,,,,,,,,,,,,,,,,,,,,,,,,
5968,03:28:00,,,,,,,,,,,,,,,,,,,,,,,,,
5969,03:29:00,,,,,,,,,,,,,,,,,,,,,,,,,
5970,03:30:00,,,,,,,,,,,,,,,,,,,,,,,,,
5971,03:31:00,,,,,,,,,,,,,,,,,,,,,,,,,
5972,03:32:00,,,,,,,,,,,,,,,,,,,,,,,,,
5973,03:33:00,,,,,,,,,,,,,,,,,,,,,,,,,
5974,03:34:00,,,,,,,,,,,,,,,,,,,,,,,,,
5975,03:35:00,,,,,,,,,,,,,,,,,,,,,,,,,
5976,03:36:00,,,,,,,,,,,,,,,,,,,,,,,,,
5977,03:37:00,,,,,,,,,,,,,,,,,,,,,,,,,
5978,03:38:00,,,,,,,,,,,,,,,,,,,,,,,,,
5979,03:39:00,,,,,,,,,,,,,,,,,,,,,,,,,
5980,03:40:00,,,,,,,,,,,,,,,,,,,,,,,,,
5981,03:41:00,,,,,,,,,,,,,,,,,,,,,,,,,
5982,03:42:00,,,,,,,,,,,,,,,,,,,,,,,,,
5983,03:43:00,,,,,,,,,,,,,,,,,,,,,,,,,
5984,03:44:00,,,,,,,,,,,,,,,,,,,,,,,,,
5985,03:45:00,,,,,,,,,,,,,,,,,,,,,,,,,
5986,03:46:00,,,,,,,,,,,,,,,,,,,,,,,,,
5987,03:47:00,,,,,,,,,,,,,,,,,,,,,,,,,
5988,03:48:00,,,,,,,,,,,,,,,,,,,,,,,,,
5989,03:49:00,,,,,,,,,,,,,,,,,,,,,,,,,
5990,03:50:00,,,,,,,,,,,,,,,,,,,,,,,,,
5991,03:51:00,,,,,,,,,,,,,,,,,,,,,,,,,
5992,03:52:00,,,,,,,,,,,,,,,,,,,,,,,,,
5993,03:53:00,,,,,,,,,,,,,,,,,,,,,,,,,
5994,03:54:00,,,,,,,,,,,,,,,,,,,,,,,,,
5995,03:55:00,,,,,,,,,,,,,,,,,,,,,,,,,
5996,03:56:00,,,,,,,,,,,,,,,,,,,,,,,,,
5997,03:57:00,,,,,,,,,,,,,,,,,,,,,,,,,
5998,03:58:00,,,,,,,,,,,,,,,,,,,,,,,,,
5999,03:59:00,,,,,,,,,,,,,,,,,,,,,,,,,
6000,04:00:00,,,,,,,,,,,,,,,,,,,,,,,,,
6001,04:01:00,,,,,,,,,,,,,,,,,,,,,,,,,
6002,04:02:00,,,,,,,,,,,,,,,,,,,,,,,,,
6003,04:03:00,,,,,,,,,,,,,,,,,,,,,,,,,
6004,04:04:00,,,,,,,,,,,,,,,,,,,,,,,,,
6005,04:05:00,,,,,,,,,,,,,,,,,,,,,,,,,
6006,04:06:00,,,,,,,,,,,,,,,,,,,,,,,,,
6007,04:07:00,,,,,,,,,,,,,,,,,,,,,,,,,
6008,04:08:00,,,,,,,,,,,,,,,,,,,,,,,,,
6009,04:09:00,,,,,,,,,,,,,,,,,,,,,,,,,
6010,04:10:00,,,,,,,,,,,,,,,,,,,,,,,,,
6011,04:11:00,,,,,,,,,,,,,,,,,,,,,,,,,
6012,04:12:00,,,,,,,,,,,,,,,,,,,,,,,,,
6013,04:13:00,,,,,,,,,,,,,,,,,,,,,,,,,
6014,04:14:00,,,,,,,,,,,,,,,,,,,,,,,,,
6015,04:15:00,,,,,,,,,,,,,,,,,,,,,,,,,
6016,04:16:00,,,,,,,,,,,,,,,,,,,,,,,,,
6017,04:17:00,,,,,,,,,,,,,,,,,,,,,,,,,
6018,04:18:00,,,,,,,,,,,,,,,,,,,,,,,,,
6019,04:19:00,,,,,,,,,,,,,,,,,,,,,,,,,
6020,04:20:00,,,,,,,,,,,,,,,,,,,,,,,,,
6021,04:21:00,,,,,,,,,,,,,,,,,,,,,,,,,
6022,04:22:00,,,,,,,,,,,,,,,,,,,,,,,,,
6023,04:23:00,,,,,,,,,,,,,,,,,,,,,,,,,
6024,04:24:00,,,,,,,,,,,,,,,,,,,,,,,,,
6025,04:25:00,,,,,,,,,,,,,,,,,,,,,,,,,
6026,04:26:00,,,,,,,,,,,,,,,,,,,,,,,,,
6027,04:27:00,,,,,,,,,,,,,,,,,,,,,,,,,
6028,04:28:00,,,,,,,,,,,,,,,,,,,,,,,,,
6029,04:29:00,,,,,,,,,,,,,,,,,,,,,,,,,
6030,04:30:00,,,,,,,,,,,,,,,,,,,,,,,,,
6031,04:31:00,,,,,,,,,,,,,,,,,,,,,,,,,
6032,04:32:00,,,,,,,,,,,,,,,,,,,,,,,,,
6033,04:33:00,,,,,,,,,,,,,,,,,,,,,,,,,
6034,04:34:00,,,,,,,,,,,,,,,,,,,,,,,,,
6035,04:35:00,,,,,,,,,,,,,,,,,,,,,,,,,
6036,04:36:00,,,,,,,,,,,,,,,,,,,,,,,,,
6037,04:37:00,,,,,,,,,,,,,,,,,,,,,,,,,
6038,04:38:00,,,,,,,,,,,,,,,,,,,,,,,,,
6039,04:39:00,,,,,,,,,,,,,,,,,,,,,,,,,
6040,04:40:00,,,,,,,,,,,,,,,,,,,,,,,,,
6041,04:41:00,,,,,,,,,,,,,,,,,,,,,,,,,
6042,04:42:00,,,,,,,,,,,,,,,,,,,,,,,,,
6043,04:43:00,,,,,,,,,,,,,,,,,,,,,,,,,
6044,04:44:00,,,,,,,,,,,,,,,,,,,,,,,,,
6045,04:45:00,,,,,,,,,,,,,,,,,,,,,,,,,
6046,04:46:00,,,,,,,,,,,,,,,,,,,,,,,,,
6047,04:47:00,,,,,,,,,,,,,,,,,,,,,,,,,
6048,04:48:00,,,,,,,,,,,,,,,,,,,,,,,,,
6049,04:49:00,,,,,,,,,,,,,,,,,,,,,,,,,
6050,04:50:00,,,,,,,,,,,,,,,,,,,,,,,,,
6051,04:51:00,,,,,,,,,,,,,,,,,,,,,,,,,
6052,04:52:00,,,,,,,,,,,,,,,,,,,,,,,,,
6053,04:53:00,,,,,,,,,,,,,,,,,,,,,,,,,
6054,04:54:00,,,,,,,,,,,,,,,,,,,,,,,,,
6055,04:55:00,,,,,,,,,,,,,,,,,,,,,,,,,
6056,04:56:00,,,,,,,,,,,,,,,,,,,,,,,,,
6057,04:57:00,,,,,,,,,,,,,,,,,,,,,,,,,
6058,04:58:00,,,,,,,,,,,,,,,,,,,,,,,,,
6059,04:59:00,,,,,,,,,,,,,,,,,,,,,,,,,
6060,05:00:00,,,,,,,,,,,,,,,,,,,,,,,,,
6061,05:01:00,,,,,,,,,,,,,,,,,,,,,,,,,
6062,05:02:00,,,,,,,,,,,,,,,,,,,,,,,,,
6063,05:03:00,,,,,,,,,,,,,,,,,,,,,,,,,
6064,05:04:00,,,,,,,,,,,,,,,,,,,,,,,,,
6065,05:05:00,,,,,,,,,,,,,,,,,,,,,,,,,
6066,05:06:00,,,,,,,,,,,,,,,,,,,,,,,,,
6067,05:07:00,,,,,,,,,,,,,,,,,,,,,,,,,
6068,05:08:00,,,,,,,,,,,,,,,,,,,,,,,,,
6069,05:09:00,,,,,,,,,,,,,,,,,,,,,,,,,
6070,05:10:00,,,,,,,,,,,,,,,,,,,,,,,,,
6071,05:11:00,,,,,,,,,,,,,,,,,,,,,,,,,
6072,05:12:00,,,,,,,,,,,,,,,,,,,,,,,,,
6073,05:13:00,,,,,,,,,,,,,,,,,,,,,,,,,
6074,05:14:00,,,,,,,,,,,,,,,,,,,,,,,,,
6075,05:15:00,,,,,,,,,,,,,,,,,,,,,,,,,
6076,05:16:00,,,,,,,,,,,,,,,,,,,,,,,,,
6077,05:17:00,,,,,,,,,,,,,,,,,,,,,,,,,
6078,05:18:00,,,,,,,,,,,,,,,,,,,,,,,,,
6079,05:19:00,,,,,,,,,,,,,,,,,,,,,,,,,
6080,05:20:00,,,,,,,,,,,,,,,,,,,,,,,,,
6081,05:21:00,,,,,,,,,,,,,,,,,,,,,,,,,
6082,05:22:00,,,,,,,,,,,,,,,,,,,,,,,,,
6083,05:23:00,,,,,,,,,,,,,,,,,,,,,,,,,
6084,05:24:00,,,,,,,,,,,,,,,,,,,,,,,,,
6085,05:25:00,,,,,,,,,,,,,,,,,,,,,,,,,
6086,05:26:00,,,,,,,,,,,,,,,,,,,,,,,,,
6087,05:27:00,,,,,,,,,,,,,,,,,,,,,,,,,
6088,05:28:00,,,,,,,,,,,,,,,,,,,,,,,,,
6089,05:29:00,,,,,,,,,,,,,,,,,,,,,,,,,
6090,05:30:00,,,,,,,,,,,,,,,,,,,,,,,,,
6091,05:31:00,,,,,,,,,,,,,,,,,,,,,,,,,
6092,05:32:00,,,,,,,,,,,,,,,,,,,,,,,,,
6093,05:33:00,,,,,,,,,,,,,,,,,,,,,,,,,
6094,05:34:00,,,,,,,,,,,,,,,,,,,,,,,,,
6095,05:35:00,,,,,,,,,,,,,,,,,,,,,,,,,
6096,05:36:00,,,,,,,,,,,,,,,,,,,,,,,,,
6097,05:37:00,,,,,,,,,,,,,,,,,,,,,,,,,
6098,05:38:00,,,,,,,,,,,,,,,,,,,,,,,,,
6099,05:39:00,,,,,,,,,,,,,,,,,,,,,,,,,
6100,05:40:00,,,,,,,,,,,,,,,,,,,,,,,,,
6101,05:41:00,,,,,,,,,,,,,,,,,,,,,,,,,
6102,05:42:00,,,,,,,,,,,,,,,,,,,,,,,,,
6103,05:43:00,,,,,,,,,,,,,,,,,,,,,,,,,
6104,05:44:00,,,,,,,,,,,,,,,,,,,,,,,,,
6105,05:45:00,,,,,,,,,,,,,,,,,,,,,,,,,
6106,05:46:00,,,,,,,,,,,,,,,,,,,,,,,,,
6107,05:47:00,,,,,,,,,,,,,,,,,,,,,,,,,
6108,05:48:00,,,,,,,,,,,,,,,,,,,,,,,,,
6109,05:49:00,,,,,,,,,,,,,,,,,,,,,,,,,
6110,05:50:00,,,,,,,,,,,,,,,,,,,,,,,,,
6111,05:51:00,,,,,,,,,,,,,,,,,,,,,,,,,
6112,05:52:00,,,,,,,,,,,,,,,,,,,,,,,,,
6113,05:53:00,,,,,,,,,,,,,,,,,,,,,,,,,
6114,05:54:00,,,,,,,,,,,,,,,,,,,,,,,,,
6115,05:55:00,,,,,,,,,,,,,,,,,,,,,,,,,
6116,05:56:00,,,,,,,,,,,,,,,,,,,,,,,,,
6117,05:57:00,,,,,,,,,,,,,,,,,,,,,,,,,
6118,05:58:00,,,,,,,,,,,,,,,,,,,,,,,,,
6119,05:59:00,,,,,,,,,,,,,,,,,,,,,,,,,
6120,06:00:00,,,,,,,,,,,,,,,,,,,,,,,,,
6121,06:01:00,,,,,,,,,,,,,,,,,,,,,,,,,
6122,06:02:00,,,,,,,,,,,,,,,,,,,,,,,,,
6123,06:03:00,,,,,,,,,,,,,,,,,,,,,,,,,
6124,06:04:00,,,,,,,,,,,,,,,,,,,,,,,,,
6125,06:05:00,,,,,,,,,,,,,,,,,,,,,,,,,
6126,06:06:00,,,,,,,,,,,,,,,,,,,,,,,,,
6127,06:07:00,,,,,,,,,,,,,,,,,,,,,,,,,
6128,06:08:00,,,,,,,,,,,,,,,,,,,,,,,,,
6129,06:09:00,,,,,,,,,,,,,,,,,,,,,,,,,
6130,06:10:00,,,,,,,,,,,,,,,,,,,,,,,,,
6131,06:11:00,,,,,,,,,,,,,,,,,,,,,,,,,
6132,06:12:00,,,,,,,,,,,,,,,,,,,,,,,,,
6133,06:13:00,,,,,,,,,,,,,,,,,,,,,,,,,
6134,06:14:00,,,,,,,,,,,,,,,,,,,,,,,,,
6135,06:15:00,,,,,,,,,,,,,,,,,,,,,,,,,
6136,06:16:00,,,,,,,,,,,,,,,,,,,,,,,,,
6137,06:17:00,,,,,,,,,,,,,,,,,,,,,,,,,
6138,06:18:00,,,,,,,,,,,,,,,,,,,,,,,,,
6139,06:19:00,,,,,,,,,,,,,,,,,,,,,,,,,
6140,06:20:00,,,,,,,,,,,,,,,,,,,,,,,,,
6141,06:21:00,,,,,,,,,,,,,,,,,,,,,,,,,
6142,06:22:00,,,,,,,,,,,,,,,,,,,,,,,,,
6143,06:23:00,,,,,,,,,,,,,,,,,,,,,,,,,
6144,06:24:00,,,,,,,,,,,,,,,,,,,,,,,,,
6145,06:25:00,,,,,,,,,,,,,,,,,,,,,,,,,
6146,06:26:00,,,,,,,,,,,,,,,,,,,,,,,,,
6147,06:27:00,,,,,,,,,,,,,,,,,,,,,,,,,
6148,06:28:00,,,,,,,,,,,,,,,,,,,,,,,,,
6149,06:29:00,,,,,,,,,,,,,,,,,,,,,,,,,
6150,06:30:00,,,,,,,,,,,,,,,,,,,,,,,,,
6151,06:31:00,,,,,,,,,,,,,,,,,,,,,,,,,
6152,06:32:00,,,,,,,,,,,,,,,,,,,,,,,,,
6153,06:33:00,,,,,,,,,,,,,,,,,,,,,,,,,
6154,06:34:00,,,,,,,,,,,,,,,,,,,,,,,,,
6155,06:35:00,,,,,,,,,,,,,,,,,,,,,,,,,
6156,06:36:00,,,,,,,,,,,,,,,,,,,,,,,,,
6157,06:37:00,,,,,,,,,,,,,,,,,,,,,,,,,
6158,06:38:00,,,,,,,,,,,,,,,,,,,,,,,,,
6159,06:39:00,,,,,,,,,,,,,,,,,,,,,,,,,
6160,06:40:00,,,,,,,,,,,,,,,,,,,,,,,,,
6161,06:41:00,,,,,,,,,,,,,,,,,,,,,,,,,
6162,06:42:00,,,,,,,,,,,,,,,,,,,,,,,,,
6163,06:43:00,,,,,,,,,,,,,,,,,,,,,,,,,
6164,06:44:00,,,,,,,,,,,,,,,,,,,,,,,,,
6165,06:45:00,,,,,,,,,,,,,,,,,,,,,,,,,
6166,06:46:00,,,,,,,,,,,,,,,,,,,,,,,,,
6167,06:47:00,,,,,,,,,,,,,,,,,,,,,,,,,
6168,06:48:00,,,,,,,,,,,,,,,,,,,,,,,,,
6169,06:49:00,,,,,,,,,,,,,,,,,,,,,,,,,
6170,06:50:00,,,,,,,,,,,,,,,,,,,,,,,,,
6171,06:51:00,,,,,,,,,,,,,,,,,,,,,,,,,
6172,06:52:00,,,,,,,,,,,,,,,,,,,,,,,,,
6173,06:53:00,,,,,,,,,,,,,,,,,,,,,,,,,
6174,06:54:00,,,,,,,,,,,,,,,,,,,,,,,,,
6175,06:55:00,,,,,,,,,,,,,,,,,,,,,,,,,
6176,06:56:00,,,,,,,,,,,,,,,,,,,,,,,,,
6177,06:57:00,,,,,,,,,,,,,,,,,,,,,,,,,
6178,06:58:00,,,,,,,,,,,,,,,,,,,,,,,,,
6179,06:59:00,,,,,,,,,,,,,,,,,,,,,,,,,
6180,07:00:00,,,,,,,,,,,,,,,,,,,,,,,,,
6181,07:01:00,,,,,,,,,,,,,,,,,,,,,,,,,
6182,07:02:00,,,,,,,,,,,,,,,,,,,,,,,,,
6183,07:03:00,,,,,,,,,,,,,,,,,,,,,,,,,
6184,07:04:00,,,,,,,,,,,,,,,,,,,,,,,,,
6185,07:05:00,,,,,,,,,,,,,,,,,,,,,,,,,
6186,07:06:00,,,,,,,,,,,,,,,,,,,,,,,,,
6187,07:07:00,,,,,,,,,,,,,,,,,,,,,,,,,
6188,07:08:00,,,,,,,,,,,,,,,,,,,,,,,,,
6189,07:09:00,,,,,,,,,,,,,,,,,,,,,,,,,
6190,07:10:00,,,,,,,,,,,,,,,,,,,,,,,,,
6191,07:11:00,,,,,,,,,,,,,,,,,,,,,,,,,
6192,07:12:00,,,,,,,,,,,,,,,,,,,,,,,,,
6193,07:13:00,,,,,,,,,,,,,,,,,,,,,,,,,
6194,07:14:00,,,,,,,,,,,,,,,,,,,,,,,,,
6195,07:15:00,,,,,,,,,,,,,,,,,,,,,,,,,
6196,07:16:00,,,,,,,,,,,,,,,,,,,,,,,,,
6197,07:17:00,,,,,,,,,,,,,,,,,,,,,,,,,
6198,07:18:00,,,,,,,,,,,,,,,,,,,,,,,,,
6199,07:19:00,,,,,,,,,,,,,,,,,,,,,,,,,
6200,07:20:00,,,,,,,,,,,,,,,,,,,,,,,,,
6201,07:21:00,,,,,,,,,,,,,,,,,,,,,,,,,
6202,07:22:00,,,,,,,,,,,,,,,,,,,,,,,,,
6203,07:23:00,,,,,,,,,,,,,,,,,,,,,,,,,
6204,07:24:00,,,,,,,,,,,,,,,,,,,,,,,,,
6205,07:25:00,,,,,,,,,,,,,,,,,,,,,,,,,
6206,07:26:00,,,,,,,,,,,,,,,,,,,,,,,,,
6207,07:27:00,,,,,,,,,,,,,,,,,,,,,,,,,
6208,07:28:00,,,,,,,,,,,,,,,,,,,,,,,,,
6209,07:29:00,,,,,,,,,,,,,,,,,,,,,,,,,
6210,07:30:00,,,,,,,,,,,,,,,,,,,,,,,,,
6211,07:31:00,,,,,,,,,,,,,,,,,,,,,,,,,
6212,07:32:00,,,,,,,,,,,,,,,,,,,,,,,,,
6213,07:33:00,,,,,,,,,,,,,,,,,,,,,,,,,
6214,07:34:00,,,,,,,,,,,,,,,,,,,,,,,,,
6215,07:35:00,,,,,,,,,,,,,,,,,,,,,,,,,
6216,07:36:00,,,,,,,,,,,,,,,,,,,,,,,,,
6217,07:37:00,,,,,,,,,,,,,,,,,,,,,,,,,
6218,07:38:00,,,,,,,,,,,,,,,,,,,,,,,,,
6219,07:39:00,,,,,,,,,,,,,,,,,,,,,,,,,
6220,07:40:00,,,,,,,,,,,,,,,,,,,,,,,,,
6221,07:41:00,,,,,,,,,,,,,,,,,,,,,,,,,
6222,07:42:00,,,,,,,,,,,,,,,,,,,,,,,,,
6223,07:43:00,,,,,,,,,,,,,,,,,,,,,,,,,
6224,07:44:00,,,,,,,,,,,,,,,,,,,,,,,,,
6225,07:45:00,,,,,,,,,,,,,,,,,,,,,,,,,
6226,07:46:00,,,,,,,,,,,,,,,,,,,,,,,,,
6227,07:47:00,,,,,,,,,,,,,,,,,,,,,,,,,
6228,07:48:00,,,,,,,,,,,,,,,,,,,,,,,,,
6229,07:49:00,,,,,,,,,,,,,,,,,,,,,,,,,
6230,07:50:00,,,,,,,,,,,,,,,,,,,,,,,,,
6231,07:51:00,,,,,,,,,,,,,,,,,,,,,,,,,
6232,07:52:00,,,,,,,,,,,,,,,,,,,,,,,,,
6233,07:53:00,,,,,,,,,,,,,,,,,,,,,,,,,
6234,07:54:00,,,,,,,,,,,,,,,,,,,,,,,,,
6235,07:55:00,,,,,,,,,,,,,,,,,,,,,,,,,
6236,07:56:00,,,,,,,,,,,,,,,,,,,,,,,,,
6237,07:57:00,,,,,,,,,,,,,,,,,,,,,,,,,
6238,07:58:00,,,,,,,,,,,,,,,,,,,,,,,,,
6239,07:59:00,,,,,,,,,,,,,,,,,,,,,,,,,
6240,08:00:00,,,,,,,,,,,,,,,,,,,,,,,,,
6241,08:01:00,,,,,,,,,,,,,,,,,,,,,,,,,
6242,08:02:00,,,,,,,,,,,,,,,,,,,,,,,,,
6243,08:03:00,,,,,,,,,,,,,,,,,,,,,,,,,
6244,08:04:00,,,,,,,,,,,,,,,,,,,,,,,,,
6245,08:05:00,,,,,,,,,,,,,,,,,,,,,,,,,
6246,08:06:00,,,,,,,,,,,,,,,,,,,,,,,,,
6247,08:07:00,,,,,,,,,,,,,,,,,,,,,,,,,
6248,08:08:00,,,,,,,,,,,,,,,,,,,,,,,,,
6249,08:09:00,,,,,,,,,,,,,,,,,,,,,,,,,
6250,08:10:00,,,,,,,,,,,,,,,,,,,,,,,,,
6251,08:11:00,,,,,,,,,,,,,,,,,,,,,,,,,
6252,08:12:00,,,,,,,,,,,,,,,,,,,,,,,,,
6253,08:13:00,,,,,,,,,,,,,,,,,,,,,,,,,
6254,08:14:00,,,,,,,,,,,,,,,,,,,,,,,,,
6255,08:15:00,,,,,,,,,,,,,,,,,,,,,,,,,
6256,08:16:00,,,,,,,,,,,,,,,,,,,,,,,,,
6257,08:17:00,,,,,,,,,,,,,,,,,,,,,,,,,
6258,08:18:00,,,,,,,,,,,,,,,,,,,,,,,,,
6259,08:19:00,,,,,,,,,,,,,,,,,,,,,,,,,
6260,08:20:00,,,,,,,,,,,,,,,,,,,,,,,,,
6261,08:21:00,,,,,,,,,,,,,,,,,,,,,,,,,
6262,08:22:00,,,,,,,,,,,,,,,,,,,,,,,,,
6263,08:23:00,,,,,,,,,,,,,,,,,,,,,,,,,
6264,08:24:00,,,,,,,,,,,,,,,,,,,,,,,,,
6265,08:25:00,,,,,,,,,,,,,,,,,,,,,,,,,
6266,08:26:00,,,,,,,,,,,,,,,,,,,,,,,,,
6267,08:27:00,,,,,,,,,,,,,,,,,,,,,,,,,
6268,08:28:00,,,,,,,,,,,,,,,,,,,,,,,,,
6269,08:29:00,,,,,,,,,,,,,,,,,,,,,,,,,
6270,08:30:00,,,,,,,,,,,,,,,,,,,,,,,,,
6271,08:31:00,,,,,,,,,,,,,,,,,,,,,,,,,
6272,08:32:00,,,,,,,,,,,,,,,,,,,,,,,,,
6273,08:33:00,,,,,,,,,,,,,,,,,,,,,,,,,
6274,08:34:00,,,,,,,,,,,,,,,,,,,,,,,,,
6275,08:35:00,,,,,,,,,,,,,,,,,,,,,,,,,
6276,08:36:00,,,,,,,,,,,,,,,,,,,,,,,,,
6277,08:37:00,,,,,,,,,,,,,,,,,,,,,,,,,
6278,08:38:00,,,,,,,,,,,,,,,,,,,,,,,,,
6279,08:39:00,,,,,,,,,,,,,,,,,,,,,,,,,
6280,08:40:00,,,,,,,,,,,,,,,,,,,,,,,,,
6281,08:41:00,,,,,,,,,,,,,,,,,,,,,,,,,
6282,08:42:00,,,,,,,,,,,,,,,,,,,,,,,,,
6283,08:43:00,,,,,,,,,,,,,,,,,,,,,,,,,
6284,08:44:00,,,,,,,,,,,,,,,,,,,,,,,,,
6285,08:45:00,,,,,,,,,,,,,,,,,,,,,,,,,
6286,08:46:00,,,,,,,,,,,,,,,,,,,,,,,,,
6287,08:47:00,,,,,,,,,,,,,,,,,,,,,,,,,
6288,08:48:00,,,,,,,,,,,,,,,,,,,,,,,,,
6289,08:49:00,,,,,,,,,,,,,,,,,,,,,,,,,
6290,08:50:00,,,,,,,,,,,,,,,,,,,,,,,,,
6291,08:51:00,,,,,,,,,,,,,,,,,,,,,,,,,
6292,08:52:00,,,,,,,,,,,,,,,,,,,,,,,,,
6293,08:53:00,,,,,,,,,,,,,,,,,,,,,,,,,
6294,08:54:00,,,,,,,,,,,,,,,,,,,,,,,,,
6295,08:55:00,,,,,,,,,,,,,,,,,,,,,,,,,
6296,08:56:00,,,,,,,,,,,,,,,,,,,,,,,,,
6297,08:57:00,,,,,,,,,,,,,,,,,,,,,,,,,
6298,08:58:00,,,,,,,,,,,,,,,,,,,,,,,,,
6299,08:59:00,,,,,,,,,,,,,,,,,,,,,,,,,
6300,09:00:00,,,,,,,,,,,,,,,,,,,,,,,,,
6301,09:01:00,,,,,,,,,,,,,,,,,,,,,,,,,
6302,09:02:00,,,,,,,,,,,,,,,,,,,,,,,,,
6303,09:03:00,,,,,,,,,,,,,,,,,,,,,,,,,
6304,09:04:00,,,,,,,,,,,,,,,,,,,,,,,,,
6305,09:05:00,,,,,,,,,,,,,,,,,,,,,,,,,
6306,09:06:00,,,,,,,,,,,,,,,,,,,,,,,,,
6307,09:07:00,,,,,,,,,,,,,,,,,,,,,,,,,
6308,09:08:00,,,,,,,,,,,,,,,,,,,,,,,,,
6309,09:09:00,,,,,,,,,,,,,,,,,,,,,,,,,
6310,09:10:00,,,,,,,,,,,,,,,,,,,,,,,,,
6311,09:11:00,,,,,,,,,,,,,,,,,,,,,,,,,
6312,09:12:00,,,,,,,,,,,,,,,,,,,,,,,,,
6313,09:13:00,,,,,,,,,,,,,,,,,,,,,,,,,
6314,09:14:00,,,,,,,,,,,,,,,,,,,,,,,,,
6315,09:15:00,,,,,,,,,,,,,,,,,,,,,,,,,
6316,09:16:00,,,,,,,,,,,,,,,,,,,,,,,,,
6317,09:17:00,,,,,,,,,,,,,,,,,,,,,,,,,
6318,09:18:00,,,,,,,,,,,,,,,,,,,,,,,,,
6319,09:19:00,,,,,,,,,,,,,,,,,,,,,,,,,
6320,09:20:00,,,,,,,,,,,,,,,,,,,,,,,,,
6321,09:21:00,,,,,,,,,,,,,,,,,,,,,,,,,
6322,09:22:00,,,,,,,,,,,,,,,,,,,,,,,,,
6323,09:23:00,,,,,,,,,,,,,,,,,,,,,,,,,
6324,09:24:00,,,,,,,,,,,,,,,,,,,,,,,,,
6325,09:25:00,,,,,,,,,,,,,,,,,,,,,,,,,
6326,09:26:00,,,,,,,,,,,,,,,,,,,,,,,,,
6327,09:27:00,,,,,,,,,,,,,,,,,,,,,,,,,
6328,09:28:00,,,,,,,,,,,,,,,,,,,,,,,,,
6329,09:29:00,,,,,,,,,,,,,,,,,,,,,,,,,
6330,09:30:00,,,,,,,,,,,,,,,,,,,,,,,,,
6331,09:31:00,,,,,,,,,,,,,,,,,,,,,,,,,
6332,09:32:00,,,,,,,,,,,,,,,,,,,,,,,,,
6333,09:33:00,,,,,,,,,,,,,,,,,,,,,,,,,
6334,09:34:00,,,,,,,,,,,,,,,,,,,,,,,,,
6335,09:35:00,,,,,,,,,,,,,,,,,,,,,,,,,
6336,09:36:00,,,,,,,,,,,,,,,,,,,,,,,,,
6337,09:37:00,,,,,,,,,,,,,,,,,,,,,,,,,
6338,09:38:00,,,,,,,,,,,,,,,,,,,,,,,,,
6339,09:39:00,,,,,,,,,,,,,,,,,,,,,,,,,
6340,09:40:00,,,,,,,,,,,,,,,,,,,,,,,,,
6341,09:41:00,,,,,,,,,,,,,,,,,,,,,,,,,
6342,09:42:00,,,,,,,,,,,,,,,,,,,,,,,,,
6343,09:43:00,,,,,,,,,,,,,,,,,,,,,,,,,
6344,09:44:00,,,,,,,,,,,,,,,,,,,,,,,,,
6345,09:45:00,,,,,,,,,,,,,,,,,,,,,,,,,
6346,09:46:00,,,,,,,,,,,,,,,,,,,,,,,,,
6347,09:47:00,,,,,,,,,,,,,,,,,,,,,,,,,
6348,09:48:00,,,,,,,,,,,,,,,,,,,,,,,,,
6349,09:49:00,,,,,,,,,,,,,,,,,,,,,,,,,
6350,09:50:00,,,,,,,,,,,,,,,,,,,,,,,,,
6351,09:51:00,,,,,,,,,,,,,,,,,,,,,,,,,
6352,09:52:00,,,,,,,,,,,,,,,,,,,,,,,,,
6353,09:53:00,,,,,,,,,,,,,,,,,,,,,,,,,
6354,09:54:00,,,,,,,,,,,,,,,,,,,,,,,,,
6355,09:55:00,,,,,,,,,,,,,,,,,,,,,,,,,
6356,09:56:00,,,,,,,,,,,,,,,,,,,,,,,,,
6357,09:57:00,,,,,,,,,,,,,,,,,,,,,,,,,
6358,09:58:00,,,,,,,,,,,,,,,,,,,,,,,,,
6359,09:59:00,,,,,,,,,,,,,,,,,,,,,,,,,
6360,10:00:00,,,,,,,,,,,,,,,,,,,,,,,,,
6361,10:01:00,,,,,,,,,,,,,,,,,,,,,,,,,
6362,10:02:00,,,,,,,,,,,,,,,,,,,,,,,,,
6363,10:03:00,,,,,,,,,,,,,,,,,,,,,,,,,
6364,10:04:00,,,,,,,,,,,,,,,,,,,,,,,,,
6365,10:05:00,,,,,,,,,,,,,,,,,,,,,,,,,
6366,10:06:00,,,,,,,,,,,,,,,,,,,,,,,,,
6367,10:07:00,,,,,,,,,,,,,,,,,,,,,,,,,
6368,10:08:00,,,,,,,,,,,,,,,,,,,,,,,,,
6369,10:09:00,,,,,,,,,,,,,,,,,,,,,,,,,
6370,10:10:00,,,,,,,,,,,,,,,,,,,,,,,,,
6371,10:11:00,,,,,,,,,,,,,,,,,,,,,,,,,
6372,10:12:00,,,,,,,,,,,,,,,,,,,,,,,,,
6373,10:13:00,,,,,,,,,,,,,,,,,,,,,,,,,
6374,10:14:00,,,,,,,,,,,,,,,,,,,,,,,,,
6375,10:15:00,,,,,,,,,,,,,,,,,,,,,,,,,
6376,10:16:00,,,,,,,,,,,,,,,,,,,,,,,,,
6377,10:17:00,,,,,,,,,,,,,,,,,,,,,,,,,
6378,10:18:00,,,,,,,,,,,,,,,,,,,,,,,,,
6379,10:19:00,,,,,,,,,,,,,,,,,,,,,,,,,
6380,10:20:00,,,,,,,,,,,,,,,,,,,,,,,,,
6381,10:21:00,,,,,,,,,,,,,,,,,,,,,,,,,
6382,10:22:00,,,,,,,,,,,,,,,,,,,,,,,,,
6383,10:23:00,,,,,,,,,,,,,,,,,,,,,,,,,
6384,10:24:00,,,,,,,,,,,,,,,,,,,,,,,,,
6385,10:25:00,,,,,,,,,,,,,,,,,,,,,,,,,
6386,10:26:00,,,,,,,,,,,,,,,,,,,,,,,,,
6387,10:27:00,,,,,,,,,,,,,,,,,,,,,,,,,
6388,10:28:00,,,,,,,,,,,,,,,,,,,,,,,,,
6389,10:29:00,,,,,,,,,,,,,,,,,,,,,,,,,
6390,10:30:00,,,,,,,,,,,,,,,,,,,,,,,,,
6391,10:31:00,,,,,,,,,,,,,,,,,,,,,,,,,
6392,10:32:00,,,,,,,,,,,,,,,,,,,,,,,,,
6393,10:33:00,,,,,,,,,,,,,,,,,,,,,,,,,
6394,10:34:00,,,,,,,,,,,,,,,,,,,,,,,,,
6395,10:35:00,,,,,,,,,,,,,,,,,,,,,,,,,
6396,10:36:00,,,,,,,,,,,,,,,,,,,,,,,,,
6397,10:37:00,,,,,,,,,,,,,,,,,,,,,,,,,
6398,10:38:00,,,,,,,,,,,,,,,,,,,,,,,,,
6399,10:39:00,,,,,,,,,,,,,,,,,,,,,,,,,
6400,10:40:00,,,,,,,,,,,,,,,,,,,,,,,,,
6401,10:41:00,,,,,,,,,,,,,,,,,,,,,,,,,
6402,10:42:00,,,,,,,,,,,,,,,,,,,,,,,,,
6403,10:43:00,,,,,,,,,,,,,,,,,,,,,,,,,
6404,10:44:00,,,,,,,,,,,,,,,,,,,,,,,,,
6405,10:45:00,,,,,,,,,,,,,,,,,,,,,,,,,
6406,10:46:00,,,,,,,,,,,,,,,,,,,,,,,,,
6407,10:47:00,,,,,,,,,,,,,,,,,,,,,,,,,
6408,10:48:00,,,,,,,,,,,,,,,,,,,,,,,,,
6409,10:49:00,,,,,,,,,,,,,,,,,,,,,,,,,
6410,10:50:00,,,,,,,,,,,,,,,,,,,,,,,,,
6411,10:51:00,,,,,,,,,,,,,,,,,,,,,,,,,
6412,10:52:00,,,,,,,,,,,,,,,,,,,,,,,,,
6413,10:53:00,,,,,,,,,,,,,,,,,,,,,,,,,
6414,10:54:00,,,,,,,,,,,,,,,,,,,,,,,,,
6415,10:55:00,,,,,,,,,,,,,,,,,,,,,,,,,
6416,10:56:00,,,,,,,,,,,,,,,,,,,,,,,,,
6417,10:57:00,,,,,,,,,,,,,,,,,,,,,,,,,
6418,10:58:00,,,,,,,,,,,,,,,,,,,,,,,,,
6419,10:59:00,,,,,,,,,,,,,,,,,,,,,,,,,
6420,11:00:00,,,,,,,,,,,,,,,,,,,,,,,,,
6421,11:01:00,,,,,,,,,,,,,,,,,,,,,,,,,
6422,11:02:00,,,,,,,,,,,,,,,,,,,,,,,,,
6423,11:03:00,,,,,,,,,,,,,,,,,,,,,,,,,
6424,11:04:00,,,,,,,,,,,,,,,,,,,,,,,,,
6425,11:05:00,,,,,,,,,,,,,,,,,,,,,,,,,
6426,11:06:00,,,,,,,,,,,,,,,,,,,,,,,,,
6427,11:07:00,,,,,,,,,,,,,,,,,,,,,,,,,
6428,11:08:00,,,,,,,,,,,,,,,,,,,,,,,,,
6429,11:09:00,,,,,,,,,,,,,,,,,,,,,,,,,
6430,11:10:00,,,,,,,,,,,,,,,,,,,,,,,,,
6431,11:11:00,,,,,,,,,,,,,,,,,,,,,,,,,
6432,11:12:00,,,,,,,,,,,,,,,,,,,,,,,,,
6433,11:13:00,,,,,,,,,,,,,,,,,,,,,,,,,
6434,11:14:00,,,,,,,,,,,,,,,,,,,,,,,,,
6435,11:15:00,,,,,,,,,,,,,,,,,,,,,,,,,
6436,11:16:00,,,,,,,,,,,,,,,,,,,,,,,,,
6437,11:17:00,,,,,,,,,,,,,,,,,,,,,,,,,
6438,11:18:00,,,,,,,,,,,,,,,,,,,,,,,,,
6439,11:19:00,,,,,,,,,,,,,,,,,,,,,,,,,
6440,11:20:00,,,,,,,,,,,,,,,,,,,,,,,,,
6441,11:21:00,,,,,,,,,,,,,,,,,,,,,,,,,
6442,11:22:00,,,,,,,,,,,,,,,,,,,,,,,,,
6443,11:23:00,,,,,,,,,,,,,,,,,,,,,,,,,
6444,11:24:00,,,,,,,,,,,,,,,,,,,,,,,,,
6445,11:25:00,,,,,,,,,,,,,,,,,,,,,,,,,
6446,11:26:00,,,,,,,,,,,,,,,,,,,,,,,,,
6447,11:27:00,,,,,,,,,,,,,,,,,,,,,,,,,
6448,11:28:00,,,,,,,,,,,,,,,,,,,,,,,,,
6449,11:29:00,,,,,,,,,,,,,,,,,,,,,,,,,
6450,11:30:00,,,,,,,,,,,,,,,,,,,,,,,,,
6451,11:31:00,,,,,,,,,,,,,,,,,,,,,,,,,
6452,11:32:00,,,,,,,,,,,,,,,,,,,,,,,,,
6453,11:33:00,,,,,,,,,,,,,,,,,,,,,,,,,
6454,11:34:00,,,,,,,,,,,,,,,,,,,,,,,,,
6455,11:35:00,,,,,,,,,,,,,,,,,,,,,,,,,
6456,11:36:00,,,,,,,,,,,,,,,,,,,,,,,,,
6457,11:37:00,,,,,,,,,,,,,,,,,,,,,,,,,
6458,11:38:00,,,,,,,,,,,,,,,,,,,,,,,,,
6459,11:39:00,,,,,,,,,,,,,,,,,,,,,,,,,
6460,11:40:00,,,,,,,,,,,,,,,,,,,,,,,,,
6461,11:41:00,,,,,,,,,,,,,,,,,,,,,,,,,
6462,11:42:00,,,,,,,,,,,,,,,,,,,,,,,,,
6463,11:43:00,,,,,,,,,,,,,,,,,,,,,,,,,
6464,11:44:00,,,,,,,,,,,,,,,,,,,,,,,,,
6465,11:45:00,,,,,,,,,,,,,,,,,,,,,,,,,
6466,11:46:00,,,,,,,,,,,,,,,,,,,,,,,,,
6467,11:47:00,,,,,,,,,,,,,,,,,,,,,,,,,
6468,11:48:00,,,,,,,,,,,,,,,,,,,,,,,,,
6469,11:49:00,,,,,,,,,,,,,,,,,,,,,,,,,
6470,11:50:00,,,,,,,,,,,,,,,,,,,,,,,,,
6471,11:51:00,,,,,,,,,,,,,,,,,,,,,,,,,
6472,11:52:00,,,,,,,,,,,,,,,,,,,,,,,,,
6473,11:53:00,,,,,,,,,,,,,,,,,,,,,,,,,
6474,11:54:00,,,,,,,,,,,,,,,,,,,,,,,,,
6475,11:55:00,,,,,,,,,,,,,,,,,,,,,,,,,
6476,11:56:00,,,,,,,,,,,,,,,,,,,,,,,,,
6477,11:57:00,,,,,,,,,,,,,,,,,,,,,,,,,
6478,11:58:00,,,,,,,,,,,,,,,,,,,,,,,,,
6479,11:59:00,,,,,,,,,,,,,,,,,,,,,,,,,
6480,12:00:00,,,,,,,,,,,,,,,,,,,,,,,,,
6481,12:01:00,,,,,,,,,,,,,,,,,,,,,,,,,
6482,12:02:00,,,,,,,,,,,,,,,,,,,,,,,,,
6483,12:03:00,,,,,,,,,,,,,,,,,,,,,,,,,
6484,12:04:00,,,,,,,,,,,,,,,,,,,,,,,,,
6485,12:05:00,,,,,,,,,,,,,,,,,,,,,,,,,
6486,12:06:00,,,,,,,,,,,,,,,,,,,,,,,,,
6487,12:07:00,,,,,,,,,,,,,,,,,,,,,,,,,
6488,12:08:00,,,,,,,,,,,,,,,,,,,,,,,,,
6489,12:09:00,,,,,,,,,,,,,,,,,,,,,,,,,
6490,12:10:00,,,,,,,,,,,,,,,,,,,,,,,,,
6491,12:11:00,,,,,,,,,,,,,,,,,,,,,,,,,
6492,12:12:00,,,,,,,,,,,,,,,,,,,,,,,,,
6493,12:13:00,,,,,,,,,,,,,,,,,,,,,,,,,
6494,12:14:00,,,,,,,,,,,,,,,,,,,,,,,,,
6495,12:15:00,,,,,,,,,,,,,,,,,,,,,,,,,
6496,12:16:00,,,,,,,,,,,,,,,,,,,,,,,,,
6497,12:17:00,,,,,,,,,,,,,,,,,,,,,,,,,
6498,12:18:00,,,,,,,,,,,,,,,,,,,,,,,,,
6499,12:19:00,,,,,,,,,,,,,,,,,,,,,,,,,
6500,12:20:00,,,,,,,,,,,,,,,,,,,,,,,,,
6501,12:21:00,,,,,,,,,,,,,,,,,,,,,,,,,
6502,12:22:00,,,,,,,,,,,,,,,,,,,,,,,,,
6503,12:23:00,,,,,,,,,,,,,,,,,,,,,,,,,
6504,12:24:00,,,,,,,,,,,,,,,,,,,,,,,,,
6505,12:25:00,,,,,,,,,,,,,,,,,,,,,,,,,
6506,12:26:00,,,,,,,,,,,,,,,,,,,,,,,,,
6507,12:27:00,,,,,,,,,,,,,,,,,,,,,,,,,
6508,12:28:00,,,,,,,,,,,,,,,,,,,,,,,,,
6509,12:29:00,,,,,,,,,,,,,,,,,,,,,,,,,
6510,12:30:00,,,,,,,,,,,,,,,,,,,,,,,,,
6511,12:31:00,,,,,,,,,,,,,,,,,,,,,,,,,
6512,12:32:00,,,,,,,,,,,,,,,,,,,,,,,,,
6513,12:33:00,,,,,,,,,,,,,,,,,,,,,,,,,
6514,12:34:00,,,,,,,,,,,,,,,,,,,,,,,,,
6515,12:35:00,,,,,,,,,,,,,,,,,,,,,,,,,
6516,12:36:00,,,,,,,,,,,,,,,,,,,,,,,,,
6517,12:37:00,,,,,,,,,,,,,,,,,,,,,,,,,
6518,12:38:00,,,,,,,,,,,,,,,,,,,,,,,,,
6519,12:39:00,,,,,,,,,,,,,,,,,,,,,,,,,
6520,12:40:00,,,,,,,,,,,,,,,,,,,,,,,,,
6521,12:41:00,,,,,,,,,,,,,,,,,,,,,,,,,
6522,12:42:00,,,,,,,,,,,,,,,,,,,,,,,,,
6523,12:43:00,,,,,,,,,,,,,,,,,,,,,,,,,
6524,12:44:00,,,,,,,,,,,,,,,,,,,,,,,,,
6525,12:45:00,,,,,,,,,,,,,,,,,,,,,,,,,
6526,12:46:00,,,,,,,,,,,,,,,,,,,,,,,,,
6527,12:47:00,,,,,,,,,,,,,,,,,,,,,,,,,
6528,12:48:00,,,,,,,,,,,,,,,,,,,,,,,,,
6529,12:49:00,,,,,,,,,,,,,,,,,,,,,,,,,
6530,12:50:00,,,,,,,,,,,,,,,,,,,,,,,,,
6531,12:51:00,,,,,,,,,,,,,,,,,,,,,,,,,
6532,12:52:00,,,,,,,,,,,,,,,,,,,,,,,,,
6533,12:53:00,,,,,,,,,,,,,,,,,,,,,,,,,
6534,12:54:00,,,,,,,,,,,,,,,,,,,,,,,,,
6535,12:55:00,,,,,,,,,,,,,,,,,,,,,,,,,
6536,12:56:00,,,,,,,,,,,,,,,,,,,,,,,,,
6537,12:57:00,,,,,,,,,,,,,,,,,,,,,,,,,
6538,12:58:00,,,,,,,,,,,,,,,,,,,,,,,,,
6539,12:59:00,,,,,,,,,,,,,,,,,,,,,,,,,
6540,13:00:00,,,,,,,,,,,,,,,,,,,,,,,,,
6541,13:01:00,,,,,,,,,,,,,,,,,,,,,,,,,
6542,13:02:00,,,,,,,,,,,,,,,,,,,,,,,,,
6543,13:03:00,,,,,,,,,,,,,,,,,,,,,,,,,
6544,13:04:00,,,,,,,,,,,,,,,,,,,,,,,,,
6545,13:05:00,,,,,,,,,,,,,,,,,,,,,,,,,
6546,13:06:00,,,,,,,,,,,,,,,,,,,,,,,,,
6547,13:07:00,,,,,,,,,,,,,,,,,,,,,,,,,
6548,13:08:00,,,,,,,,,,,,,,,,,,,,,,,,,
6549,13:09:00,,,,,,,,,,,,,,,,,,,,,,,,,
6550,13:10:00,,,,,,,,,,,,,,,,,,,,,,,,,
6551,13:11:00,,,,,,,,,,,,,,,,,,,,,,,,,
6552,13:12:00,,,,,,,,,,,,,,,,,,,,,,,,,
6553,13:13:00,,,,,,,,,,,,,,,,,,,,,,,,,
6554,13:14:00,,,,,,,,,,,,,,,,,,,,,,,,,
6555,13:15:00,,,,,,,,,,,,,,,,,,,,,,,,,
6556,13:16:00,,,,,,,,,,,,,,,,,,,,,,,,,
6557,13:17:00,,,,,,,,,,,,,,,,,,,,,,,,,
6558,13:18:00,,,,,,,,,,,,,,,,,,,,,,,,,
6559,13:19:00,,,,,,,,,,,,,,,,,,,,,,,,,
6560,13:20:00,,,,,,,,,,,,,,,,,,,,,,,,,
6561,13:21:00,,,,,,,,,,,,,,,,,,,,,,,,,
6562,13:22:00,,,,,,,,,,,,,,,,,,,,,,,,,
6563,13:23:00,,,,,,,,,,,,,,,,,,,,,,,,,
6564,13:24:00,,,,,,,,,,,,,,,,,,,,,,,,,
6565,13:25:00,,,,,,,,,,,,,,,,,,,,,,,,,
6566,13:26:00,,,,,,,,,,,,,,,,,,,,,,,,,
6567,13:27:00,,,,,,,,,,,,,,,,,,,,,,,,,
6568,13:28:00,,,,,,,,,,,,,,,,,,,,,,,,,
6569,13:29:00,,,,,,,,,,,,,,,,,,,,,,,,,
6570,13:30:00,,,,,,,,,,,,,,,,,,,,,,,,,
6571,13:31:00,,,,,,,,,,,,,,,,,,,,,,,,,
6572,13:32:00,,,,,,,,,,,,,,,,,,,,,,,,,
6573,13:33:00,,,,,,,,,,,,,,,,,,,,,,,,,
6574,13:34:00,,,,,,,,,,,,,,,,,,,,,,,,,
6575,13:35:00,,,,,,,,,,,,,,,,,,,,,,,,,
6576,13:36:00,,,,,,,,,,,,,,,,,,,,,,,,,
6577,13:37:00,,,,,,,,,,,,,,,,,,,,,,,,,
6578,13:38:00,,,,,,,,,,,,,,,,,,,,,,,,,
6579,13:39:00,,,,,,,,,,,,,,,,,,,,,,,,,
6580,13:40:00,,,,,,,,,,,,,,,,,,,,,,,,,
6581,13:41:00,,,,,,,,,,,,,,,,,,,,,,,,,
6582,13:42:00,,,,,,,,,,,,,,,,,,,,,,,,,
6583,13:43:00,,,,,,,,,,,,,,,,,,,,,,,,,
6584,13:44:00,,,,,,,,,,,,,,,,,,,,,,,,,
6585,13:45:00,,,,,,,,,,,,,,,,,,,,,,,,,
6586,13:46:00,,,,,,,,,,,,,,,,,,,,,,,,,
6587,13:47:00,,,,,,,,,,,,,,,,,,,,,,,,,
6588,13:48:00,,,,,,,,,,,,,,,,,,,,,,,,,
6589,13:49:00,,,,,,,,,,,,,,,,,,,,,,,,,
6590,13:50:00,,,,,,,,,,,,,,,,,,,,,,,,,
6591,13:51:00,,,,,,,,,,,,,,,,,,,,,,,,,
6592,13:52:00,,,,,,,,,,,,,,,,,,,,,,,,,
6593,13:53:00,,,,,,,,,,,,,,,,,,,,,,,,,
6594,13:54:00,,,,,,,,,,,,,,,,,,,,,,,,,
6595,13:55:00,,,,,,,,,,,,,,,,,,,,,,,,,
6596,13:56:00,,,,,,,,,,,,,,,,,,,,,,,,,
6597,13:57:00,,,,,,,,,,,,,,,,,,,,,,,,,
6598,13:58:00,,,,,,,,,,,,,,,,,,,,,,,,,
6599,13:59:00,,,,,,,,,,,,,,,,,,,,,,,,,
6600,14:00:00,,,,,,,,,,,,,,,,,,,,,,,,,
6601,14:01:00,,,,,,,,,,,,,,,,,,,,,,,,,
6602,14:02:00,,,,,,,,,,,,,,,,,,,,,,,,,
6603,14:03:00,,,,,,,,,,,,,,,,,,,,,,,,,
6604,14:04:00,,,,,,,,,,,,,,,,,,,,,,,,,
6605,14:05:00,,,,,,,,,,,,,,,,,,,,,,,,,
6606,14:06:00,,,,,,,,,,,,,,,,,,,,,,,,,
6607,14:07:00,,,,,,,,,,,,,,,,,,,,,,,,,
6608,14:08:00,,,,,,,,,,,,,,,,,,,,,,,,,
6609,14:09:00,,,,,,,,,,,,,,,,,,,,,,,,,
6610,14:10:00,,,,,,,,,,,,,,,,,,,,,,,,,
6611,14:11:00,,,,,,,,,,,,,,,,,,,,,,,,,
6612,14:12:00,,,,,,,,,,,,,,,,,,,,,,,,,
6613,14:13:00,,,,,,,,,,,,,,,,,,,,,,,,,
6614,14:14:00,,,,,,,,,,,,,,,,,,,,,,,,,
6615,14:15:00,,,,,,,,,,,,,,,,,,,,,,,,,
6616,14:16:00,,,,,,,,,,,,,,,,,,,,,,,,,
6617,14:17:00,,,,,,,,,,,,,,,,,,,,,,,,,
6618,14:18:00,,,,,,,,,,,,,,,,,,,,,,,,,
6619,14:19:00,,,,,,,,,,,,,,,,,,,,,,,,,
6620,14:20:00,,,,,,,,,,,,,,,,,,,,,,,,,
6621,14:21:00,,,,,,,,,,,,,,,,,,,,,,,,,
6622,14:22:00,,,,,,,,,,,,,,,,,,,,,,,,,
6623,14:23:00,,,,,,,,,,,,,,,,,,,,,,,,,
6624,14:24:00,,,,,,,,,,,,,,,,,,,,,,,,,
6625,14:25:00,,,,,,,,,,,,,,,,,,,,,,,,,
6626,14:26:00,,,,,,,,,,,,,,,,,,,,,,,,,
6627,14:27:00,,,,,,,,,,,,,,,,,,,,,,,,,
6628,14:28:00,,,,,,,,,,,,,,,,,,,,,,,,,
6629,14:29:00,,,,,,,,,,,,,,,,,,,,,,,,,
6630,14:30:00,,,,,,,,,,,,,,,,,,,,,,,,,
6631,14:31:00,,,,,,,,,,,,,,,,,,,,,,,,,
6632,14:32:00,,,,,,,,,,,,,,,,,,,,,,,,,
6633,14:33:00,,,,,,,,,,,,,,,,,,,,,,,,,
6634,14:34:00,,,,,,,,,,,,,,,,,,,,,,,,,
6635,14:35:00,,,,,,,,,,,,,,,,,,,,,,,,,
6636,14:36:00,,,,,,,,,,,,,,,,,,,,,,,,,
6637,14:37:00,,,,,,,,,,,,,,,,,,,,,,,,,
6638,14:38:00,,,,,,,,,,,,,,,,,,,,,,,,,
6639,14:39:00,,,,,,,,,,,,,,,,,,,,,,,,,
6640,14:40:00,,,,,,,,,,,,,,,,,,,,,,,,,
6641,14:41:00,,,,,,,,,,,,,,,,,,,,,,,,,
6642,14:42:00,,,,,,,,,,,,,,,,,,,,,,,,,
6643,14:43:00,,,,,,,,,,,,,,,,,,,,,,,,,
6644,14:44:00,,,,,,,,,,,,,,,,,,,,,,,,,
6645,14:45:00,,,,,,,,,,,,,,,,,,,,,,,,,
6646,14:46:00,,,,,,,,,,,,,,,,,,,,,,,,,
6647,14:47:00,,,,,,,,,,,,,,,,,,,,,,,,,
6648,14:48:00,,,,,,,,,,,,,,,,,,,,,,,,,
6649,14:49:00,,,,,,,,,,,,,,,,,,,,,,,,,
6650,14:50:00,,,,,,,,,,,,,,,,,,,,,,,,,
6651,14:51:00,,,,,,,,,,,,,,,,,,,,,,,,,
6652,14:52:00,,,,,,,,,,,,,,,,,,,,,,,,,
6653,14:53:00,,,,,,,,,,,,,,,,,,,,,,,,,
6654,14:54:00,,,,,,,,,,,,,,,,,,,,,,,,,
6655,14:55:00,,,,,,,,,,,,,,,,,,,,,,,,,
6656,14:56:00,,,,,,,,,,,,,,,,,,,,,,,,,
6657,14:57:00,,,,,,,,,,,,,,,,,,,,,,,,,
6658,14:58:00,,,,,,,,,,,,,,,,,,,,,,,,,
6659,14:59:00,,,,,,,,,,,,,,,,,,,,,,,,,
6660,15:00:00,,,,,,,,,,,,,,,,,,,,,,,,,
6661,15:01:00,,,,,,,,,,,,,,,,,,,,,,,,,
6662,15:02:00,,,,,,,,,,,,,,,,,,,,,,,,,
6663,15:03:00,,,,,,,,,,,,,,,,,,,,,,,,,
6664,15:04:00,,,,,,,,,,,,,,,,,,,,,,,,,
6665,15:05:00,,,,,,,,,,,,,,,,,,,,,,,,,
6666,15:06:00,,,,,,,,,,,,,,,,,,,,,,,,,
6667,15:07:00,,,,,,,,,,,,,,,,,,,,,,,,,
6668,15:08:00,,,,,,,,,,,,,,,,,,,,,,,,,
6669,15:09:00,,,,,,,,,,,,,,,,,,,,,,,,,
6670,15:10:00,,,,,,,,,,,,,,,,,,,,,,,,,
6671,15:11:00,,,,,,,,,,,,,,,,,,,,,,,,,
6672,15:12:00,,,,,,,,,,,,,,,,,,,,,,,,,
6673,15:13:00,,,,,,,,,,,,,,,,,,,,,,,,,
6674,15:14:00,,,,,,,,,,,,,,,,,,,,,,,,,
6675,15:15:00,,,,,,,,,,,,,,,,,,,,,,,,,
6676,15:16:00,,,,,,,,,,,,,,,,,,,,,,,,,
6677,15:17:00,,,,,,,,,,,,,,,,,,,,,,,,,
6678,15:18:00,,,,,,,,,,,,,,,,,,,,,,,,,
6679,15:19:00,,,,,,,,,,,,,,,,,,,,,,,,,
6680,15:20:00,,,,,,,,,,,,,,,,,,,,,,,,,
6681,15:21:00,,,,,,,,,,,,,,,,,,,,,,,,,
6682,15:22:00,,,,,,,,,,,,,,,,,,,,,,,,,
6683,15:23:00,,,,,,,,,,,,,,,,,,,,,,,,,
6684,15:24:00,,,,,,,,,,,,,,,,,,,,,,,,,
6685,15:25:00,,,,,,,,,,,,,,,,,,,,,,,,,
6686,15:26:00,,,,,,,,,,,,,,,,,,,,,,,,,
6687,15:27:00,,,,,,,,,,,,,,,,,,,,,,,,,
6688,15:28:00,,,,,,,,,,,,,,,,,,,,,,,,,
6689,15:29:00,,,,,,,,,,,,,,,,,,,,,,,,,
6690,15:30:00,,,,,,,,,,,,,,,,,,,,,,,,,
6691,15:31:00,,,,,,,,,,,,,,,,,,,,,,,,,
6692,15:32:00,,,,,,,,,,,,,,,,,,,,,,,,,
6693,15:33:00,,,,,,,,,,,,,,,,,,,,,,,,,
6694,15:34:00,,,,,,,,,,,,,,,,,,,,,,,,,
6695,15:35:00,,,,,,,,,,,,,,,,,,,,,,,,,
6696,15:36:00,,,,,,,,,,,,,,,,,,,,,,,,,
6697,15:37:00,,,,,,,,,,,,,,,,,,,,,,,,,
6698,15:38:00,,,,,,,,,,,,,,,,,,,,,,,,,
6699,15:39:00,,,,,,,,,,,,,,,,,,,,,,,,,
6700,15:40:00,,,,,,,,,,,,,,,,,,,,,,,,,
6701,15:41:00,,,,,,,,,,,,,,,,,,,,,,,,,
6702,15:42:00,,,,,,,,,,,,,,,,,,,,,,,,,
6703,15:43:00,,,,,,,,,,,,,,,,,,,,,,,,,
6704,15:44:00,,,,,,,,,,,,,,,,,,,,,,,,,
6705,15:45:00,,,,,,,,,,,,,,,,,,,,,,,,,
6706,15:46:00,,,,,,,,,,,,,,,,,,,,,,,,,
6707,15:47:00,,,,,,,,,,,,,,,,,,,,,,,,,
6708,15:48:00,,,,,,,,,,,,,,,,,,,,,,,,,
6709,15:49:00,,,,,,,,,,,,,,,,,,,,,,,,,
6710,15:50:00,,,,,,,,,,,,,,,,,,,,,,,,,
6711,15:51:00,,,,,,,,,,,,,,,,,,,,,,,,,
6712,15:52:00,,,,,,,,,,,,,,,,,,,,,,,,,
6713,15:53:00,,,,,,,,,,,,,,,,,,,,,,,,,
6714,15:54:00,,,,,,,,,,,,,,,,,,,,,,,,,
6715,15:55:00,,,,,,,,,,,,,,,,,,,,,,,,,
6716,15:56:00,,,,,,,,,,,,,,,,,,,,,,,,,
6717,15:57:00,,,,,,,,,,,,,,,,,,,,,,,,,
6718,15:58:00,,,,,,,,,,,,,,,,,,,,,,,,,
6719,15:59:00,,,,,,,,,,,,,,,,,,,,,,,,,
6720,16:00:00,,,,,,,,,,,,,,,,,,,,,,,,,
6721,16:01:00,,,,,,,,,,,,,,,,,,,,,,,,,
6722,16:02:00,,,,,,,,,,,,,,,,,,,,,,,,,
6723,16:03:00,,,,,,,,,,,,,,,,,,,,,,,,,
6724,16:04:00,,,,,,,,,,,,,,,,,,,,,,,,,
6725,16:05:00,,,,,,,,,,,,,,,,,,,,,,,,,
6726,16:06:00,,,,,,,,,,,,,,,,,,,,,,,,,
6727,16:07:00,,,,,,,,,,,,,,,,,,,,,,,,,
6728,16:08:00,,,,,,,,,,,,,,,,,,,,,,,,,
6729,16:09:00,,,,,,,,,,,,,,,,,,,,,,,,,
6730,16:10:00,,,,,,,,,,,,,,,,,,,,,,,,,
6731,16:11:00,,,,,,,,,,,,,,,,,,,,,,,,,
6732,16:12:00,,,,,,,,,,,,,,,,,,,,,,,,,
6733,16:13:00,,,,,,,,,,,,,,,,,,,,,,,,,
6734,16:14:00,,,,,,,,,,,,,,,,,,,,,,,,,
6735,16:15:00,,,,,,,,,,,,,,,,,,,,,,,,,
6736,16:16:00,,,,,,,,,,,,,,,,,,,,,,,,,
6737,16:17:00,,,,,,,,,,,,,,,,,,,,,,,,,
6738,16:18:00,,,,,,,,,,,,,,,,,,,,,,,,,
6739,16:19:00,,,,,,,,,,,,,,,,,,,,,,,,,
6740,16:20:00,,,,,,,,,,,,,,,,,,,,,,,,,
6741,16:21:00,,,,,,,,,,,,,,,,,,,,,,,,,
6742,16:22:00,,,,,,,,,,,,,,,,,,,,,,,,,
6743,16:23:00,,,,,,,,,,,,,,,,,,,,,,,,,
6744,16:24:00,,,,,,,,,,,,,,,,,,,,,,,,,
6745,16:25:00,,,,,,,,,,,,,,,,,,,,,,,,,
6746,16:26:00,,,,,,,,,,,,,,,,,,,,,,,,,
6747,16:27:00,,,,,,,,,,,,,,,,,,,,,,,,,
6748,16:28:00,,,,,,,,,,,,,,,,,,,,,,,,,
6749,16:29:00,,,,,,,,,,,,,,,,,,,,,,,,,
6750,16:30:00,,,,,,,,,,,,,,,,,,,,,,,,,
6751,16:31:00,,,,,,,,,,,,,,,,,,,,,,,,,
6752,16:32:00,,,,,,,,,,,,,,,,,,,,,,,,,
6753,16:33:00,,,,,,,,,,,,,,,,,,,,,,,,,
6754,16:34:00,,,,,,,,,,,,,,,,,,,,,,,,,
6755,16:35:00,,,,,,,,,,,,,,,,,,,,,,,,,
6756,16:36:00,,,,,,,,,,,,,,,,,,,,,,,,,
6757,16:37:00,,,,,,,,,,,,,,,,,,,,,,,,,
6758,16:38:00,,,,,,,,,,,,,,,,,,,,,,,,,
6759,16:39:00,,,,,,,,,,,,,,,,,,,,,,,,,
6760,16:40:00,,,,,,,,,,,,,,,,,,,,,,,,,
6761,16:41:00,,,,,,,,,,,,,,,,,,,,,,,,,
6762,16:42:00,,,,,,,,,,,,,,,,,,,,,,,,,
6763,16:43:00,,,,,,,,,,,,,,,,,,,,,,,,,
6764,16:44:00,,,,,,,,,,,,,,,,,,,,,,,,,
6765,16:45:00,,,,,,,,,,,,,,,,,,,,,,,,,
6766,16:46:00,,,,,,,,,,,,,,,,,,,,,,,,,
6767,16:47:00,,,,,,,,,,,,,,,,,,,,,,,,,
6768,16:48:00,,,,,,,,,,,,,,,,,,,,,,,,,
6769,16:49:00,,,,,,,,,,,,,,,,,,,,,,,,,
6770,16:50:00,,,,,,,,,,,,,,,,,,,,,,,,,
6771,16:51:00,,,,,,,,,,,,,,,,,,,,,,,,,
6772,16:52:00,,,,,,,,,,,,,,,,,,,,,,,,,
6773,16:53:00,,,,,,,,,,,,,,,,,,,,,,,,,
6774,16:54:00,,,,,,,,,,,,,,,,,,,,,,,,,
6775,16:55:00,,,,,,,,,,,,,,,,,,,,,,,,,
6776,16:56:00,,,,,,,,,,,,,,,,,,,,,,,,,
6777,16:57:00,,,,,,,,,,,,,,,,,,,,,,,,,
6778,16:58:00,,,,,,,,,,,,,,,,,,,,,,,,,
6779,16:59:00,,,,,,,,,,,,,,,,,,,,,,,,,
6780,17:00:00,,,,,,,,,,,,,,,,,,,,,,,,,
6781,17:01:00,,,,,,,,,,,,,,,,,,,,,,,,,
6782,17:02:00,,,,,,,,,,,,,,,,,,,,,,,,,
6783,17:03:00,,,,,,,,,,,,,,,,,,,,,,,,,
6784,17:04:00,,,,,,,,,,,,,,,,,,,,,,,,,
6785,17:05:00,,,,,,,,,,,,,,,,,,,,,,,,,
6786,17:06:00,,,,,,,,,,,,,,,,,,,,,,,,,
6787,17:07:00,,,,,,,,,,,,,,,,,,,,,,,,,
6788,17:08:00,,,,,,,,,,,,,,,,,,,,,,,,,
6789,17:09:00,,,,,,,,,,,,,,,,,,,,,,,,,
6790,17:10:00,,,,,,,,,,,,,,,,,,,,,,,,,
6791,17:11:00,,,,,,,,,,,,,,,,,,,,,,,,,
6792,17:12:00,,,,,,,,,,,,,,,,,,,,,,,,,
6793,17:13:00,,,,,,,,,,,,,,,,,,,,,,,,,
6794,17:14:00,,,,,,,,,,,,,,,,,,,,,,,,,
6795,17:15:00,,,,,,,,,,,,,,,,,,,,,,,,,
6796,17:16:00,,,,,,,,,,,,,,,,,,,,,,,,,
6797,17:17:00,,,,,,,,,,,,,,,,,,,,,,,,,
6798,17:18:00,,,,,,,,,,,,,,,,,,,,,,,,,
6799,17:19:00,,,,,,,,,,,,,,,,,,,,,,,,,
6800,17:20:00,,,,,,,,,,,,,,,,,,,,,,,,,
6801,17:21:00,,,,,,,,,,,,,,,,,,,,,,,,,
6802,17:22:00,,,,,,,,,,,,,,,,,,,,,,,,,
6803,17:23:00,,,,,,,,,,,,,,,,,,,,,,,,,
6804,17:24:00,,,,,,,,,,,,,,,,,,,,,,,,,
6805,17:25:00,,,,,,,,,,,,,,,,,,,,,,,,,
6806,17:26:00,,,,,,,,,,,,,,,,,,,,,,,,,
6807,17:27:00,,,,,,,,,,,,,,,,,,,,,,,,,
6808,17:28:00,,,,,,,,,,,,,,,,,,,,,,,,,
6809,17:29:00,,,,,,,,,,,,,,,,,,,,,,,,,
6810,17:30:00,,,,,,,,,,,,,,,,,,,,,,,,,
6811,17:31:00,,,,,,,,,,,,,,,,,,,,,,,,,
6812,17:32:00,,,,,,,,,,,,,,,,,,,,,,,,,
6813,17:33:00,,,,,,,,,,,,,,,,,,,,,,,,,
6814,17:34:00,,,,,,,,,,,,,,,,,,,,,,,,,
6815,17:35:00,,,,,,,,,,,,,,,,,,,,,,,,,
6816,17:36:00,,,,,,,,,,,,,,,,,,,,,,,,,
6817,17:37:00,,,,,,,,,,,,,,,,,,,,,,,,,
6818,17:38:00,,,,,,,,,,,,,,,,,,,,,,,,,
6819,17:39:00,,,,,,,,,,,,,,,,,,,,,,,,,
6820,17:40:00,,,,,,,,,,,,,,,,,,,,,,,,,
6821,17:41:00,,,,,,,,,,,,,,,,,,,,,,,,,
6822,17:42:00,,,,,,,,,,,,,,,,,,,,,,,,,
6823,17:43:00,,,,,,,,,,,,,,,,,,,,,,,,,
6824,17:44:00,,,,,,,,,,,,,,,,,,,,,,,,,
6825,17:45:00,,,,,,,,,,,,,,,,,,,,,,,,,
6826,17:46:00,,,,,,,,,,,,,,,,,,,,,,,,,
6827,17:47:00,,,,,,,,,,,,,,,,,,,,,,,,,
6828,17:48:00,,,,,,,,,,,,,,,,,,,,,,,,,
6829,17:49:00,,,,,,,,,,,,,,,,,,,,,,,,,
6830,17:50:00,,,,,,,,,,,,,,,,,,,,,,,,,
6831,17:51:00,,,,,,,,,,,,,,,,,,,,,,,,,
6832,17:52:00,,,,,,,,,,,,,,,,,,,,,,,,,
6833,17:53:00,,,,,,,,,,,,,,,,,,,,,,,,,
6834,17:54:00,,,,,,,,,,,,,,,,,,,,,,,,,
6835,17:55:00,,,,,,,,,,,,,,,,,,,,,,,,,
6836,17:56:00,,,,,,,,,,,,,,,,,,,,,,,,,
6837,17:57:00,,,,,,,,,,,,,,,,,,,,,,,,,
6838,17:58:00,,,,,,,,,,,,,,,,,,,,,,,,,
6839,17:59:00,,,,,,,,,,,,,,,,,,,,,,,,,
6840,18:00:00,,,,,,,,,,,,,,,,,,,,,,,,,
6841,18:01:00,,,,,,,,,,,,,,,,,,,,,,,,,
6842,18:02:00,,,,,,,,,,,,,,,,,,,,,,,,,
6843,18:03:00,,,,,,,,,,,,,,,,,,,,,,,,,
6844,18:04:00,,,,,,,,,,,,,,,,,,,,,,,,,
6845,18:05:00,,,,,,,,,,,,,,,,,,,,,,,,,
6846,18:06:00,,,,,,,,,,,,,,,,,,,,,,,,,
6847,18:07:00,,,,,,,,,,,,,,,,,,,,,,,,,
6848,18:08:00,,,,,,,,,,,,,,,,,,,,,,,,,
6849,18:09:00,,,,,,,,,,,,,,,,,,,,,,,,,
6850,18:10:00,,,,,,,,,,,,,,,,,,,,,,,,,
6851,18:11:00,,,,,,,,,,,,,,,,,,,,,,,,,
6852,18:12:00,,,,,,,,,,,,,,,,,,,,,,,,,
6853,18:13:00,,,,,,,,,,,,,,,,,,,,,,,,,
6854,18:14:00,,,,,,,,,,,,,,,,,,,,,,,,,
6855,18:15:00,,,,,,,,,,,,,,,,,,,,,,,,,
6856,18:16:00,,,,,,,,,,,,,,,,,,,,,,,,,
6857,18:17:00,,,,,,,,,,,,,,,,,,,,,,,,,
6858,18:18:00,,,,,,,,,,,,,,,,,,,,,,,,,
6859,18:19:00,,,,,,,,,,,,,,,,,,,,,,,,,
6860,18:20:00,,,,,,,,,,,,,,,,,,,,,,,,,
6861,18:21:00,,,,,,,,,,,,,,,,,,,,,,,,,
6862,18:22:00,,,,,,,,,,,,,,,,,,,,,,,,,
6863,18:23:00,,,,,,,,,,,,,,,,,,,,,,,,,
6864,18:24:00,,,,,,,,,,,,,,,,,,,,,,,,,
6865,18:25:00,,,,,,,,,,,,,,,,,,,,,,,,,
6866,18:26:00,,,,,,,,,,,,,,,,,,,,,,,,,
6867,18:27:00,,,,,,,,,,,,,,,,,,,,,,,,,
6868,18:28:00,,,,,,,,,,,,,,,,,,,,,,,,,
6869,18:29:00,,,,,,,,,,,,,,,,,,,,,,,,,
6870,18:30:00,,,,,,,,,,,,,,,,,,,,,,,,,
6871,18:31:00,,,,,,,,,,,,,,,,,,,,,,,,,
6872,18:32:00,,,,,,,,,,,,,,,,,,,,,,,,,
6873,18:33:00,,,,,,,,,,,,,,,,,,,,,,,,,
6874,18:34:00,,,,,,,,,,,,,,,,,,,,,,,,,
6875,18:35:00,,,,,,,,,,,,,,,,,,,,,,,,,
6876,18:36:00,,,,,,,,,,,,,,,,,,,,,,,,,
6877,18:37:00,,,,,,,,,,,,,,,,,,,,,,,,,
6878,18:38:00,,,,,,,,,,,,,,,,,,,,,,,,,
6879,18:39:00,,,,,,,,,,,,,,,,,,,,,,,,,
6880,18:40:00,,,,,,,,,,,,,,,,,,,,,,,,,
6881,18:41:00,,,,,,,,,,,,,,,,,,,,,,,,,
6882,18:42:00,,,,,,,,,,,,,,,,,,,,,,,,,
6883,18:43:00,,,,,,,,,,,,,,,,,,,,,,,,,
6884,18:44:00,,,,,,,,,,,,,,,,,,,,,,,,,
6885,18:45:00,,,,,,,,,,,,,,,,,,,,,,,,,
6886,18:46:00,,,,,,,,,,,,,,,,,,,,,,,,,
6887,18:47:00,,,,,,,,,,,,,,,,,,,,,,,,,
6888,18:48:00,,,,,,,,,,,,,,,,,,,,,,,,,
6889,18:49:00,,,,,,,,,,,,,,,,,,,,,,,,,
6890,18:50:00,,,,,,,,,,,,,,,,,,,,,,,,,
6891,18:51:00,,,,,,,,,,,,,,,,,,,,,,,,,
6892,18:52:00,,,,,,,,,,,,,,,,,,,,,,,,,
6893,18:53:00,,,,,,,,,,,,,,,,,,,,,,,,,
6894,18:54:00,,,,,,,,,,,,,,,,,,,,,,,,,
6895,18:55:00,,,,,,,,,,,,,,,,,,,,,,,,,
6896,18:56:00,,,,,,,,,,,,,,,,,,,,,,,,,
6897,18:57:00,,,,,,,,,,,,,,,,,,,,,,,,,
6898,18:58:00,,,,,,,,,,,,,,,,,,,,,,,,,
6899,18:59:00,,,,,,,,,,,,,,,,,,,,,,,,,
6900,19:00:00,,,,,,,,,,,,,,,,,,,,,,,,,
6901,19:01:00,,,,,,,,,,,,,,,,,,,,,,,,,
6902,19:02:00,,,,,,,,,,,,,,,,,,,,,,,,,
6903,19:03:00,,,,,,,,,,,,,,,,,,,,,,,,,
6904,19:04:00,,,,,,,,,,,,,,,,,,,,,,,,,
6905,19:05:00,,,,,,,,,,,,,,,,,,,,,,,,,
6906,19:06:00,,,,,,,,,,,,,,,,,,,,,,,,,
6907,19:07:00,,,,,,,,,,,,,,,,,,,,,,,,,
6908,19:08:00,,,,,,,,,,,,,,,,,,,,,,,,,
6909,19:09:00,,,,,,,,,,,,,,,,,,,,,,,,,
6910,19:10:00,,,,,,,,,,,,,,,,,,,,,,,,,
6911,19:11:00,,,,,,,,,,,,,,,,,,,,,,,,,
6912,19:12:00,,,,,,,,,,,,,,,,,,,,,,,,,
6913,19:13:00,,,,,,,,,,,,,,,,,,,,,,,,,
6914,19:14:00,,,,,,,,,,,,,,,,,,,,,,,,,
6915,19:15:00,,,,,,,,,,,,,,,,,,,,,,,,,
6916,19:16:00,,,,,,,,,,,,,,,,,,,,,,,,,
6917,19:17:00,,,,,,,,,,,,,,,,,,,,,,,,,
6918,19:18:00,,,,,,,,,,,,,,,,,,,,,,,,,
6919,19:19:00,,,,,,,,,,,,,,,,,,,,,,,,,
6920,19:20:00,,,,,,,,,,,,,,,,,,,,,,,,,
6921,19:21:00,,,,,,,,,,,,,,,,,,,,,,,,,
6922,19:22:00,,,,,,,,,,,,,,,,,,,,,,,,,
6923,19:23:00,,,,,,,,,,,,,,,,,,,,,,,,,
6924,19:24:00,,,,,,,,,,,,,,,,,,,,,,,,,
6925,19:25:00,,,,,,,,,,,,,,,,,,,,,,,,,
6926,19:26:00,,,,,,,,,,,,,,,,,,,,,,,,,
6927,19:27:00,,,,,,,,,,,,,,,,,,,,,,,,,
6928,19:28:00,,,,,,,,,,,,,,,,,,,,,,,,,
6929,19:29:00,,,,,,,,,,,,,,,,,,,,,,,,,
6930,19:30:00,,,,,,,,,,,,,,,,,,,,,,,,,
6931,19:31:00,,,,,,,,,,,,,,,,,,,,,,,,,
6932,19:32:00,,,,,,,,,,,,,,,,,,,,,,,,,
6933,19:33:00,,,,,,,,,,,,,,,,,,,,,,,,,
6934,19:34:00,,,,,,,,,,,,,,,,,,,,,,,,,
6935,19:35:00,,,,,,,,,,,,,,,,,,,,,,,,,
6936,19:36:00,,,,,,,,,,,,,,,,,,,,,,,,,
6937,19:37:00,,,,,,,,,,,,,,,,,,,,,,,,,
6938,19:38:00,,,,,,,,,,,,,,,,,,,,,,,,,
6939,19:39:00,,,,,,,,,,,,,,,,,,,,,,,,,
6940,19:40:00,,,,,,,,,,,,,,,,,,,,,,,,,
6941,19:41:00,,,,,,,,,,,,,,,,,,,,,,,,,
6942,19:42:00,,,,,,,,,,,,,,,,,,,,,,,,,
6943,19:43:00,,,,,,,,,,,,,,,,,,,,,,,,,
6944,19:44:00,,,,,,,,,,,,,,,,,,,,,,,,,
6945,19:45:00,,,,,,,,,,,,,,,,,,,,,,,,,
6946,19:46:00,,,,,,,,,,,,,,,,,,,,,,,,,
6947,19:47:00,,,,,,,,,,,,,,,,,,,,,,,,,
6948,19:48:00,,,,,,,,,,,,,,,,,,,,,,,,,
6949,19:49:00,,,,,,,,,,,,,,,,,,,,,,,,,
6950,19:50:00,,,,,,,,,,,,,,,,,,,,,,,,,
6951,19:51:00,,,,,,,,,,,,,,,,,,,,,,,,,
6952,19:52:00,,,,,,,,,,,,,,,,,,,,,,,,,
6953,19:53:00,,,,,,,,,,,,,,,,,,,,,,,,,
6954,19:54:00,,,,,,,,,,,,,,,,,,,,,,,,,
6955,19:55:00,,,,,,,,,,,,,,,,,,,,,,,,,
6956,19:56:00,,,,,,,,,,,,,,,,,,,,,,,,,
6957,19:57:00,,,,,,,,,,,,,,,,,,,,,,,,,
6958,19:58:00,,,,,,,,,,,,,,,,,,,,,,,,,
6959,19:59:00,,,,,,,,,,,,,,,,,,,,,,,,,
6960,20:00:00,,,,,,,,,,,,,,,,,,,,,,,,,
6961,20:01:00,,,,,,,,,,,,,,,,,,,,,,,,,
6962,20:02:00,,,,,,,,,,,,,,,,,,,,,,,,,
6963,20:03:00,,,,,,,,,,,,,,,,,,,,,,,,,
6964,20:04:00,,,,,,,,,,,,,,,,,,,,,,,,,
6965,20:05:00,,,,,,,,,,,,,,,,,,,,,,,,,
6966,20:06:00,,,,,,,,,,,,,,,,,,,,,,,,,
6967,20:07:00,,,,,,,,,,,,,,,,,,,,,,,,,
6968,20:08:00,,,,,,,,,,,,,,,,,,,,,,,,,
6969,20:09:00,,,,,,,,,,,,,,,,,,,,,,,,,
6970,20:10:00,,,,,,,,,,,,,,,,,,,,,,,,,
6971,20:11:00,,,,,,,,,,,,,,,,,,,,,,,,,
6972,20:12:00,,,,,,,,,,,,,,,,,,,,,,,,,
6973,20:13:00,,,,,,,,,,,,,,,,,,,,,,,,,
6974,20:14:00,,,,,,,,,,,,,,,,,,,,,,,,,
6975,20:15:00,,,,,,,,,,,,,,,,,,,,,,,,,
6976,20:16:00,,,,,,,,,,,,,,,,,,,,,,,,,
6977,20:17:00,,,,,,,,,,,,,,,,,,,,,,,,,
6978,20:18:00,,,,,,,,,,,,,,,,,,,,,,,,,
6979,20:19:00,,,,,,,,,,,,,,,,,,,,,,,,,
6980,20:20:00,,,,,,,,,,,,,,,,,,,,,,,,,
6981,20:21:00,,,,,,,,,,,,,,,,,,,,,,,,,
6982,20:22:00,,,,,,,,,,,,,,,,,,,,,,,,,
6983,20:23:00,,,,,,,,,,,,,,,,,,,,,,,,,
6984,20:24:00,,,,,,,,,,,,,,,,,,,,,,,,,
6985,20:25:00,,,,,,,,,,,,,,,,,,,,,,,,,
6986,20:26:00,,,,,,,,,,,,,,,,,,,,,,,,,
6987,20:27:00,,,,,,,,,,,,,,,,,,,,,,,,,
6988,20:28:00,,,,,,,,,,,,,,,,,,,,,,,,,
6989,20:29:00,,,,,,,,,,,,,,,,,,,,,,,,,
6990,20:30:00,,,,,,,,,,,,,,,,,,,,,,,,,
6991,20:31:00,,,,,,,,,,,,,,,,,,,,,,,,,
6992,20:32:00,,,,,,,,,,,,,,,,,,,,,,,,,
6993,20:33:00,,,,,,,,,,,,,,,,,,,,,,,,,
6994,20:34:00,,,,,,,,,,,,,,,,,,,,,,,,,
6995,20:35:00,,,,,,,,,,,,,,,,,,,,,,,,,
6996,20:36:00,,,,,,,,,,,,,,,,,,,,,,,,,
6997,20:37:00,,,,,,,,,,,,,,,,,,,,,,,,,
6998,20:38:00,,,,,,,,,,,,,,,,,,,,,,,,,
6999,20:39:00,,,,,,,,,,,,,,,,,,,,,,,,,
7000,20:40:00,,,,,,,,,,,,,,,,,,,,,,,,,
7001,20:41:00,,,,,,,,,,,,,,,,,,,,,,,,,
7002,20:42:00,,,,,,,,,,,,,,,,,,,,,,,,,
7003,20:43:00,,,,,,,,,,,,,,,,,,,,,,,,,
7004,20:44:00,,,,,,,,,,,,,,,,,,,,,,,,,
7005,20:45:00,,,,,,,,,,,,,,,,,,,,,,,,,
7006,20:46:00,,,,,,,,,,,,,,,,,,,,,,,,,
7007,20:47:00,,,,,,,,,,,,,,,,,,,,,,,,,
7008,20:48:00,,,,,,,,,,,,,,,,,,,,,,,,,
7009,20:49:00,,,,,,,,,,,,,,,,,,,,,,,,,
7010,20:50:00,,,,,,,,,,,,,,,,,,,,,,,,,
7011,20:51:00,,,,,,,,,,,,,,,,,,,,,,,,,
7012,20:52:00,,,,,,,,,,,,,,,,,,,,,,,,,
7013,20:53:00,,,,,,,,,,,,,,,,,,,,,,,,,
7014,20:54:00,,,,,,,,,,,,,,,,,,,,,,,,,
7015,20:55:00,,,,,,,,,,,,,,,,,,,,,,,,,
7016,20:56:00,,,,,,,,,,,,,,,,,,,,,,,,,
7017,20:57:00,,,,,,,,,,,,,,,,,,,,,,,,,
7018,20:58:00,,,,,,,,,,,,,,,,,,,,,,,,,
7019,20:59:00,,,,,,,,,,,,,,,,,,,,,,,,,
7020,21:00:00,,,,,,,,,,,,,,,,,,,,,,,,,
7021,21:01:00,,,,,,,,,,,,,,,,,,,,,,,,,
7022,21:02:00,,,,,,,,,,,,,,,,,,,,,,,,,
7023,21:03:00,,,,,,,,,,,,,,,,,,,,,,,,,
7024,21:04:00,,,,,,,,,,,,,,,,,,,,,,,,,
7025,21:05:00,,,,,,,,,,,,,,,,,,,,,,,,,
7026,21:06:00,,,,,,,,,,,,,,,,,,,,,,,,,
7027,21:07:00,,,,,,,,,,,,,,,,,,,,,,,,,
7028,21:08:00,,,,,,,,,,,,,,,,,,,,,,,,,
7029,21:09:00,,,,,,,,,,,,,,,,,,,,,,,,,
7030,21:10:00,,,,,,,,,,,,,,,,,,,,,,,,,
7031,21:11:00,,,,,,,,,,,,,,,,,,,,,,,,,
7032,21:12:00,,,,,,,,,,,,,,,,,,,,,,,,,
7033,21:13:00,,,,,,,,,,,,,,,,,,,,,,,,,
7034,21:14:00,,,,,,,,,,,,,,,,,,,,,,,,,
7035,21:15:00,,,,,,,,,,,,,,,,,,,,,,,,,
7036,21:16:00,,,,,,,,,,,,,,,,,,,,,,,,,
7037,21:17:00,,,,,,,,,,,,,,,,,,,,,,,,,
7038,21:18:00,,,,,,,,,,,,,,,,,,,,,,,,,
7039,21:19:00,,,,,,,,,,,,,,,,,,,,,,,,,
7040,21:20:00,,,,,,,,,,,,,,,,,,,,,,,,,
7041,21:21:00,,,,,,,,,,,,,,,,,,,,,,,,,
7042,21:22:00,,,,,,,,,,,,,,,,,,,,,,,,,
7043,21:23:00,,,,,,,,,,,,,,,,,,,,,,,,,
7044,21:24:00,,,,,,,,,,,,,,,,,,,,,,,,,
7045,21:25:00,,,,,,,,,,,,,,,,,,,,,,,,,
7046,21:26:00,,,,,,,,,,,,,,,,,,,,,,,,,
7047,21:27:00,,,,,,,,,,,,,,,,,,,,,,,,,
7048,21:28:00,,,,,,,,,,,,,,,,,,,,,,,,,
7049,21:29:00,,,,,,,,,,,,,,,,,,,,,,,,,
7050,21:30:00,,,,,,,,,,,,,,,,,,,,,,,,,
7051,21:31:00,,,,,,,,,,,,,,,,,,,,,,,,,
7052,21:32:00,,,,,,,,,,,,,,,,,,,,,,,,,
7053,21:33:00,,,,,,,,,,,,,,,,,,,,,,,,,
7054,21:34:00,,,,,,,,,,,,,,,,,,,,,,,,,
7055,21:35:00,,,,,,,,,,,,,,,,,,,,,,,,,
7056,21:36:00,,,,,,,,,,,,,,,,,,,,,,,,,
7057,21:37:00,,,,,,,,,,,,,,,,,,,,,,,,,
7058,21:38:00,,,,,,,,,,,,,,,,,,,,,,,,,
7059,21:39:00,,,,,,,,,,,,,,,,,,,,,,,,,
7060,21:40:00,,,,,,,,,,,,,,,,,,,,,,,,,
7061,21:41:00,,,,,,,,,,,,,,,,,,,,,,,,,
7062,21:42:00,,,,,,,,,,,,,,,,,,,,,,,,,
7063,21:43:00,,,,,,,,,,,,,,,,,,,,,,,,,
7064,21:44:00,,,,,,,,,,,,,,,,,,,,,,,,,
7065,21:45:00,,,,,,,,,,,,,,,,,,,,,,,,,
7066,21:46:00,,,,,,,,,,,,,,,,,,,,,,,,,
7067,21:47:00,,,,,,,,,,,,,,,,,,,,,,,,,
7068,21:48:00,,,,,,,,,,,,,,,,,,,,,,,,,
7069,21:49:00,,,,,,,,,,,,,,,,,,,,,,,,,
7070,21:50:00,,,,,,,,,,,,,,,,,,,,,,,,,
7071,21:51:00,,,,,,,,,,,,,,,,,,,,,,,,,
7072,21:52:00,,,,,,,,,,,,,,,,,,,,,,,,,
7073,21:53:00,,,,,,,,,,,,,,,,,,,,,,,,,
7074,21:54:00,,,,,,,,,,,,,,,,,,,,,,,,,
7075,21:55:00,,,,,,,,,,,,,,,,,,,,,,,,,
7076,21:56:00,,,,,,,,,,,,,,,,,,,,,,,,,
7077,21:57:00,,,,,,,,,,,,,,,,,,,,,,,,,
7078,21:58:00,,,,,,,,,,,,,,,,,,,,,,,,,
7079,21:59:00,,,,,,,,,,,,,,,,,,,,,,,,,
7080,22:00:00,,,,,,,,,,,,,,,,,,,,,,,,,
7081,22:01:00,,,,,,,,,,,,,,,,,,,,,,,,,
7082,22:02:00,,,,,,,,,,,,,,,,,,,,,,,,,
7083,22:03:00,,,,,,,,,,,,,,,,,,,,,,,,,
7084,22:04:00,,,,,,,,,,,,,,,,,,,,,,,,,
7085,22:05:00,,,,,,,,,,,,,,,,,,,,,,,,,
7086,22:06:00,,,,,,,,,,,,,,,,,,,,,,,,,
7087,22:07:00,,,,,,,,,,,,,,,,,,,,,,,,,
7088,22:08:00,,,,,,,,,,,,,,,,,,,,,,,,,
7089,22:09:00,,,,,,,,,,,,,,,,,,,,,,,,,
7090,22:10:00,,,,,,,,,,,,,,,,,,,,,,,,,
7091,22:11:00,,,,,,,,,,,,,,,,,,,,,,,,,
7092,22:12:00,,,,,,,,,,,,,,,,,,,,,,,,,
7093,22:13:00,,,,,,,,,,,,,,,,,,,,,,,,,
7094,22:14:00,,,,,,,,,,,,,,,,,,,,,,,,,
7095,22:15:00,,,,,,,,,,,,,,,,,,,,,,,,,
7096,22:16:00,,,,,,,,,,,,,,,,,,,,,,,,,
7097,22:17:00,,,,,,,,,,,,,,,,,,,,,,,,,
7098,22:18:00,,,,,,,,,,,,,,,,,,,,,,,,,
7099,22:19:00,,,,,,,,,,,,,,,,,,,,,,,,,
7100,22:20:00,,,,,,,,,,,,,,,,,,,,,,,,,
7101,22:21:00,,,,,,,,,,,,,,,,,,,,,,,,,
7102,22:22:00,,,,,,,,,,,,,,,,,,,,,,,,,
7103,22:23:00,,,,,,,,,,,,,,,,,,,,,,,,,
7104,22:24:00,,,,,,,,,,,,,,,,,,,,,,,,,
7105,22:25:00,,,,,,,,,,,,,,,,,,,,,,,,,
7106,22:26:00,,,,,,,,,,,,,,,,,,,,,,,,,
7107,22:27:00,,,,,,,,,,,,,,,,,,,,,,,,,
7108,22:28:00,,,,,,,,,,,,,,,,,,,,,,,,,
7109,22:29:00,,,,,,,,,,,,,,,,,,,,,,,,,
7110,22:30:00,,,,,,,,,,,,,,,,,,,,,,,,,
7111,22:31:00,,,,,,,,,,,,,,,,,,,,,,,,,
7112,22:32:00,,,,,,,,,,,,,,,,,,,,,,,,,
7113,22:33:00,,,,,,,,,,,,,,,,,,,,,,,,,
7114,22:34:00,,,,,,,,,,,,,,,,,,,,,,,,,
7115,22:35:00,,,,,,,,,,,,,,,,,,,,,,,,,
7116,22:36:00,,,,,,,,,,,,,,,,,,,,,,,,,
7117,22:37:00,,,,,,,,,,,,,,,,,,,,,,,,,
7118,22:38:00,,,,,,,,,,,,,,,,,,,,,,,,,
7119,22:39:00,,,,,,,,,,,,,,,,,,,,,,,,,
7120,22:40:00,,,,,,,,,,,,,,,,,,,,,,,,,
7121,22:41:00,,,,,,,,,,,,,,,,,,,,,,,,,
7122,22:42:00,,,,,,,,,,,,,,,,,,,,,,,,,
7123,22:43:00,,,,,,,,,,,,,,,,,,,,,,,,,
7124,22:44:00,,,,,,,,,,,,,,,,,,,,,,,,,
7125,22:45:00,,,,,,,,,,,,,,,,,,,,,,,,,
7126,22:46:00,,,,,,,,,,,,,,,,,,,,,,,,,
7127,22:47:00,,,,,,,,,,,,,,,,,,,,,,,,,
7128,22:48:00,,,,,,,,,,,,,,,,,,,,,,,,,
7129,22:49:00,,,,,,,,,,,,,,,,,,,,,,,,,
7130,22:50:00,,,,,,,,,,,,,,,,,,,,,,,,,
7131,22:51:00,,,,,,,,,,,,,,,,,,,,,,,,,
7132,22:52:00,,,,,,,,,,,,,,,,,,,,,,,,,
7133,22:53:00,,,,,,,,,,,,,,,,,,,,,,,,,
7134,22:54:00,,,,,,,,,,,,,,,,,,,,,,,,,
7135,22:55:00,,,,,,,,,,,,,,,,,,,,,,,,,
7136,22:56:00,,,,,,,,,,,,,,,,,,,,,,,,,
7137,22:57:00,,,,,,,,,,,,,,,,,,,,,,,,,
7138,22:58:00,,,,,,,,,,,,,,,,,,,,,,,,,
7139,22:59:00,,,,,,,,,,,,,,,,,,,,,,,,,
7140,23:00:00,,,,,,,,,,,,,,,,,,,,,,,,,
7141,23:01:00,,,,,,,,,,,,,,,,,,,,,,,,,
7142,23:02:00,,,,,,,,,,,,,,,,,,,,,,,,,
7143,23:03:00,,,,,,,,,,,,,,,,,,,,,,,,,
7144,23:04:00,,,,,,,,,,,,,,,,,,,,,,,,,
7145,23:05:00,,,,,,,,,,,,,,,,,,,,,,,,,
7146,23:06:00,,,,,,,,,,,,,,,,,,,,,,,,,
7147,23:07:00,,,,,,,,,,,,,,,,,,,,,,,,,
7148,23:08:00,,,,,,,,,,,,,,,,,,,,,,,,,
7149,23:09:00,,,,,,,,,,,,,,,,,,,,,,,,,
7150,23:10:00,,,,,,,,,,,,,,,,,,,,,,,,,
7151,23:11:00,,,,,,,,,,,,,,,,,,,,,,,,,
7152,23:12:00,,,,,,,,,,,,,,,,,,,,,,,,,
7153,23:13:00,,,,,,,,,,,,,,,,,,,,,,,,,
7154,23:14:00,,,,,,,,,,,,,,,,,,,,,,,,,
7155,23:15:00,,,,,,,,,,,,,,,,,,,,,,,,,
7156,23:16:00,,,,,,,,,,,,,,,,,,,,,,,,,
7157,23:17:00,,,,,,,,,,,,,,,,,,,,,,,,,
7158,23:18:00,,,,,,,,,,,,,,,,,,,,,,,,,
7159,23:19:00,,,,,,,,,,,,,,,,,,,,,,,,,
7160,23:20:00,,,,,,,,,,,,,,,,,,,,,,,,,
7161,23:21:00,,,,,,,,,,,,,,,,,,,,,,,,,
7162,23:22:00,,,,,,,,,,,,,,,,,,,,,,,,,
7163,23:23:00,,,,,,,,,,,,,,,,,,,,,,,,,
7164,23:24:00,,,,,,,,,,,,,,,,,,,,,,,,,
7165,23:25:00,,,,,,,,,,,,,,,,,,,,,,,,,
7166,23:26:00,,,,,,,,,,,,,,,,,,,,,,,,,
7167,23:27:00,,,,,,,,,,,,,,,,,,,,,,,,,
7168,23:28:00,,,,,,,,,,,,,,,,,,,,,,,,,
7169,23:29:00,,,,,,,,,,,,,,,,,,,,,,,,,
7170,23:30:00,,,,,,,,,,,,,,,,,,,,,,,,,
7171,23:31:00,,,,,,,,,,,,,,,,,,,,,,,,,
7172,23:32:00,,,,,,,,,,,,,,,,,,,,,,,,,
7173,23:33:00,,,,,,,,,,,,,,,,,,,,,,,,,
7174,23:34:00,,,,,,,,,,,,,,,,,,,,,,,,,
7175,23:35:00,,,,,,,,,,,,,,,,,,,,,,,,,
7176,23:36:00,,,,,,,,,,,,,,,,,,,,,,,,,
7177,23:37:00,,,,,,,,,,,,,,,,,,,,,,,,,
7178,23:38:00,,,,,,,,,,,,,,,,,,,,,,,,,
7179,23:39:00,,,,,,,,,,,,,,,,,,,,,,,,,
7180,23:40:00,,,,,,,,,,,,,,,,,,,,,,,,,
7181,23:41:00,,,,,,,,,,,,,,,,,,,,,,,,,
7182,23:42:00,,,,,,,,,,,,,,,,,,,,,,,,,
7183,23:43:00,,,,,,,,,,,,,,,,,,,,,,,,,
7184,23:44:00,,,,,,,,,,,,,,,,,,,,,,,,,
7185,23:45:00,,,,,,,,,,,,,,,,,,,,,,,,,
7186,23:46:00,,,,,,,,,,,,,,,,,,,,,,,,,
7187,23:47:00,,,,,,,,,,,,,,,,,,,,,,,,,
7188,23:48:00,,,,,,,,,,,,,,,,,,,,,,,,,
7189,23:49:00,,,,,,,,,,,,,,,,,,,,,,,,,
7190,23:50:00,,,,,,,,,,,,,,,,,,,,,,,,,
7191,23:51:00,,,,,,,,,,,,,,,,,,,,,,,,,
7192,23:52:00,,,,,,,,,,,,,,,,,,,,,,,,,
7193,23:53:00,,,,,,,,,,,,,,,,,,,,,,,,,
7194,23:54:00,,,,,,,,,,,,,,,,,,,,,,,,,
7195,23:55:00,,,,,,,,,,,,,,,,,,,,,,,,,
7196,23:56:00,,,,,,,,,,,,,,,,,,,,,,,,,
7197,23:57:00,,,,,,,,,,,,,,,,,,,,,,,,,
7198,23:58:00,,,,,,,,,,,,,,,,,,,,,,,,,
7199,23:59:00,,,,,,,,,,,,,,,,,,,,,,,,,
7200,00:00:00,,,,,,,,,,,,,,,,,,,,,,,,,
7201,00:01:00,,,,,,,,,,,,,,,,,,,,,,,,,
7202,00:02:00,,,,,,,,,,,,,,,,,,,,,,,,,
7203,00:03:00,,,,,,,,,,,,,,,,,,,,,,,,,
7204,00:04:00,,,,,,,,,,,,,,,,,,,,,,,,,
7205,00:05:00,,,,,,,,,,,,,,,,,,,,,,,,,
7206,00:06:00,,,,,,,,,,,,,,,,,,,,,,,,,
7207,00:07:00,,,,,,,,,,,,,,,,,,,,,,,,,
7208,00:08:00,,,,,,,,,,,,,,,,,,,,,,,,,
7209,00:09:00,,,,,,,,,,,,,,,,,,,,,,,,,
7210,00:10:00,,,,,,,,,,,,,,,,,,,,,,,,,
7211,00:11:00,,,,,,,,,,,,,,,,,,,,,,,,,
7212,00:12:00,,,,,,,,,,,,,,,,,,,,,,,,,
7213,00:13:00,,,,,,,,,,,,,,,,,,,,,,,,,
7214,00:14:00,,,,,,,,,,,,,,,,,,,,,,,,,
7215,00:15:00,,,,,,,,,,,,,,,,,,,,,,,,,
7216,00:16:00,,,,,,,,,,,,,,,,,,,,,,,,,
7217,00:17:00,,,,,,,,,,,,,,,,,,,,,,,,,
7218,00:18:00,,,,,,,,,,,,,,,,,,,,,,,,,
7219,00:19:00,,,,,,,,,,,,,,,,,,,,,,,,,
7220,00:20:00,,,,,,,,,,,,,,,,,,,,,,,,,
7221,00:21:00,,,,,,,,,,,,,,,,,,,,,,,,,
7222,00:22:00,,,,,,,,,,,,,,,,,,,,,,,,,
7223,00:23:00,,,,,,,,,,,,,,,,,,,,,,,,,
7224,00:24:00,,,,,,,,,,,,,,,,,,,,,,,,,
7225,00:25:00,,,,,,,,,,,,,,,,,,,,,,,,,
7226,00:26:00,,,,,,,,,,,,,,,,,,,,,,,,,
7227,00:27:00,,,,,,,,,,,,,,,,,,,,,,,,,
7228,00:28:00,,,,,,,,,,,,,,,,,,,,,,,,,
7229,00:29:00,,,,,,,,,,,,,,,,,,,,,,,,,
7230,00:30:00,,,,,,,,,,,,,,,,,,,,,,,,,
7231,00:31:00,,,,,,,,,,,,,,,,,,,,,,,,,
7232,00:32:00,,,,,,,,,,,,,,,,,,,,,,,,,
7233,00:33:00,,,,,,,,,,,,,,,,,,,,,,,,,
7234,00:34:00,,,,,,,,,,,,,,,,,,,,,,,,,
7235,00:35:00,,,,,,,,,,,,,,,,,,,,,,,,,
7236,00:36:00,,,,,,,,,,,,,,,,,,,,,,,,,
7237,00:37:00,,,,,,,,,,,,,,,,,,,,,,,,,
7238,00:38:00,,,,,,,,,,,,,,,,,,,,,,,,,
7239,00:39:00,,,,,,,,,,,,,,,,,,,,,,,,,
7240,00:40:00,,,,,,,,,,,,,,,,,,,,,,,,,
7241,00:41:00,,,,,,,,,,,,,,,,,,,,,,,,,
7242,00:42:00,,,,,,,,,,,,,,,,,,,,,,,,,
7243,00:43:00,,,,,,,,,,,,,,,,,,,,,,,,,
7244,00:44:00,,,,,,,,,,,,,,,,,,,,,,,,,
7245,00:45:00,,,,,,,,,,,,,,,,,,,,,,,,,
7246,00:46:00,,,,,,,,,,,,,,,,,,,,,,,,,
7247,00:47:00,,,,,,,,,,,,,,,,,,,,,,,,,
7248,00:48:00,,,,,,,,,,,,,,,,,,,,,,,,,
7249,00:49:00,,,,,,,,,,,,,,,,,,,,,,,,,
7250,00:50:00,,,,,,,,,,,,,,,,,,,,,,,,,
7251,00:51:00,,,,,,,,,,,,,,,,,,,,,,,,,
7252,00:52:00,,,,,,,,,,,,,,,,,,,,,,,,,
7253,00:53:00,,,,,,,,,,,,,,,,,,,,,,,,,
7254,00:54:00,,,,,,,,,,,,,,,,,,,,,,,,,
7255,00:55:00,,,,,,,,,,,,,,,,,,,,,,,,,
7256,00:56:00,,,,,,,,,,,,,,,,,,,,,,,,,
7257,00:57:00,,,,,,,,,,,,,,,,,,,,,,,,,
7258,00:58:00,,,,,,,,,,,,,,,,,,,,,,,,,
7259,00:59:00,,,,,,,,,,,,,,,,,,,,,,,,,
7260,01:00:00,,,,,,,,,,,,,,,,,,,,,,,,,
7261,01:01:00,,,,,,,,,,,,,,,,,,,,,,,,,
7262,01:02:00,,,,,,,,,,,,,,,,,,,,,,,,,
7263,01:03:00,,,,,,,,,,,,,,,,,,,,,,,,,
7264,01:04:00,,,,,,,,,,,,,,,,,,,,,,,,,
7265,01:05:00,,,,,,,,,,,,,,,,,,,,,,,,,
7266,01:06:00,,,,,,,,,,,,,,,,,,,,,,,,,
7267,01:07:00,,,,,,,,,,,,,,,,,,,,,,,,,
7268,01:08:00,,,,,,,,,,,,,,,,,,,,,,,,,
7269,01:09:00,,,,,,,,,,,,,,,,,,,,,,,,,
7270,01:10:00,,,,,,,,,,,,,,,,,,,,,,,,,
7271,01:11:00,,,,,,,,,,,,,,,,,,,,,,,,,
7272,01:12:00,,,,,,,,,,,,,,,,,,,,,,,,,
7273,01:13:00,,,,,,,,,,,,,,,,,,,,,,,,,
7274,01:14:00,,,,,,,,,,,,,,,,,,,,,,,,,
7275,01:15:00,,,,,,,,,,,,,,,,,,,,,,,,,
7276,01:16:00,,,,,,,,,,,,,,,,,,,,,,,,,
7277,01:17:00,,,,,,,,,,,,,,,,,,,,,,,,,
7278,01:18:00,,,,,,,,,,,,,,,,,,,,,,,,,
7279,01:19:00,,,,,,,,,,,,,,,,,,,,,,,,,
7280,01:20:00,,,,,,,,,,,,,,,,,,,,,,,,,
7281,01:21:00,,,,,,,,,,,,,,,,,,,,,,,,,
7282,01:22:00,,,,,,,,,,,,,,,,,,,,,,,,,
7283,01:23:00,,,,,,,,,,,,,,,,,,,,,,,,,
7284,01:24:00,,,,,,,,,,,,,,,,,,,,,,,,,
7285,01:25:00,,,,,,,,,,,,,,,,,,,,,,,,,
7286,01:26:00,,,,,,,,,,,,,,,,,,,,,,,,,
7287,01:27:00,,,,,,,,,,,,,,,,,,,,,,,,,
7288,01:28:00,,,,,,,,,,,,,,,,,,,,,,,,,
7289,01:29:00,,,,,,,,,,,,,,,,,,,,,,,,,
7290,01:30:00,,,,,,,,,,,,,,,,,,,,,,,,,
7291,01:31:00,,,,,,,,,,,,,,,,,,,,,,,,,
7292,01:32:00,,,,,,,,,,,,,,,,,,,,,,,,,
7293,01:33:00,,,,,,,,,,,,,,,,,,,,,,,,,
7294,01:34:00,,,,,,,,,,,,,,,,,,,,,,,,,
7295,01:35:00,,,,,,,,,,,,,,,,,,,,,,,,,
7296,01:36:00,,,,,,,,,,,,,,,,,,,,,,,,,
7297,01:37:00,,,,,,,,,,,,,,,,,,,,,,,,,
7298,01:38:00,,,,,,,,,,,,,,,,,,,,,,,,,
7299,01:39:00,,,,,,,,,,,,,,,,,,,,,,,,,
7300,01:40:00,,,,,,,,,,,,,,,,,,,,,,,,,
7301,01:41:00,,,,,,,,,,,,,,,,,,,,,,,,,
7302,01:42:00,,,,,,,,,,,,,,,,,,,,,,,,,
7303,01:43:00,,,,,,,,,,,,,,,,,,,,,,,,,
7304,01:44:00,,,,,,,,,,,,,,,,,,,,,,,,,
7305,01:45:00,,,,,,,,,,,,,,,,,,,,,,,,,
7306,01:46:00,,,,,,,,,,,,,,,,,,,,,,,,,
7307,01:47:00,,,,,,,,,,,,,,,,,,,,,,,,,
7308,01:48:00,,,,,,,,,,,,,,,,,,,,,,,,,
7309,01:49:00,,,,,,,,,,,,,,,,,,,,,,,,,
7310,01:50:00,,,,,,,,,,,,,,,,,,,,,,,,,
7311,01:51:00,,,,,,,,,,,,,,,,,,,,,,,,,
7312,01:52:00,,,,,,,,,,,,,,,,,,,,,,,,,
7313,01:53:00,,,,,,,,,,,,,,,,,,,,,,,,,
7314,01:54:00,,,,,,,,,,,,,,,,,,,,,,,,,
7315,01:55:00,,,,,,,,,,,,,,,,,,,,,,,,,
7316,01:56:00,,,,,,,,,,,,,,,,,,,,,,,,,
7317,01:57:00,,,,,,,,,,,,,,,,,,,,,,,,,
7318,01:58:00,,,,,,,,,,,,,,,,,,,,,,,,,
7319,01:59:00,,,,,,,,,,,,,,,,,,,,,,,,,
7320,02:00:00,,,,,,,,,,,,,,,,,,,,,,,,,
7321,02:01:00,,,,,,,,,,,,,,,,,,,,,,,,,
7322,02:02:00,,,,,,,,,,,,,,,,,,,,,,,,,
7323,02:03:00,,,,,,,,,,,,,,,,,,,,,,,,,
7324,02:04:00,,,,,,,,,,,,,,,,,,,,,,,,,
7325,02:05:00,,,,,,,,,,,,,,,,,,,,,,,,,
7326,02:06:00,,,,,,,,,,,,,,,,,,,,,,,,,
7327,02:07:00,,,,,,,,,,,,,,,,,,,,,,,,,
7328,02:08:00,,,,,,,,,,,,,,,,,,,,,,,,,
7329,02:09:00,,,,,,,,,,,,,,,,,,,,,,,,,
7330,02:10:00,,,,,,,,,,,,,,,,,,,,,,,,,
7331,02:11:00,,,,,,,,,,,,,,,,,,,,,,,,,
7332,02:12:00,,,,,,,,,,,,,,,,,,,,,,,,,
7333,02:13:00,,,,,,,,,,,,,,,,,,,,,,,,,
7334,02:14:00,,,,,,,,,,,,,,,,,,,,,,,,,
7335,02:15:00,,,,,,,,,,,,,,,,,,,,,,,,,
7336,02:16:00,,,,,,,,,,,,,,,,,,,,,,,,,
7337,02:17:00,,,,,,,,,,,,,,,,,,,,,,,,,
7338,02:18:00,,,,,,,,,,,,,,,,,,,,,,,,,
7339,02:19:00,,,,,,,,,,,,,,,,,,,,,,,,,
7340,02:20:00,,,,,,,,,,,,,,,,,,,,,,,,,
7341,02:21:00,,,,,,,,,,,,,,,,,,,,,,,,,
7342,02:22:00,,,,,,,,,,,,,,,,,,,,,,,,,
7343,02:23:00,,,,,,,,,,,,,,,,,,,,,,,,,
7344,02:24:00,,,,,,,,,,,,,,,,,,,,,,,,,
7345,02:25:00,,,,,,,,,,,,,,,,,,,,,,,,,
7346,02:26:00,,,,,,,,,,,,,,,,,,,,,,,,,
7347,02:27:00,,,,,,,,,,,,,,,,,,,,,,,,,
7348,02:28:00,,,,,,,,,,,,,,,,,,,,,,,,,
7349,02:29:00,,,,,,,,,,,,,,,,,,,,,,,,,
7350,02:30:00,,,,,,,,,,,,,,,,,,,,,,,,,
7351,02:31:00,,,,,,,,,,,,,,,,,,,,,,,,,
7352,02:32:00,,,,,,,,,,,,,,,,,,,,,,,,,
7353,02:33:00,,,,,,,,,,,,,,,,,,,,,,,,,
7354,02:34:00,,,,,,,,,,,,,,,,,,,,,,,,,
7355,02:35:00,,,,,,,,,,,,,,,,,,,,,,,,,
7356,02:36:00,,,,,,,,,,,,,,,,,,,,,,,,,
7357,02:37:00,,,,,,,,,,,,,,,,,,,,,,,,,
7358,02:38:00,,,,,,,,,,,,,,,,,,,,,,,,,
7359,02:39:00,,,,,,,,,,,,,,,,,,,,,,,,,
7360,02:40:00,,,,,,,,,,,,,,,,,,,,,,,,,
7361,02:41:00,,,,,,,,,,,,,,,,,,,,,,,,,
7362,02:42:00,,,,,,,,,,,,,,,,,,,,,,,,,
7363,02:43:00,,,,,,,,,,,,,,,,,,,,,,,,,
7364,02:44:00,,,,,,,,,,,,,,,,,,,,,,,,,
7365,02:45:00,,,,,,,,,,,,,,,,,,,,,,,,,
7366,02:46:00,,,,,,,,,,,,,,,,,,,,,,,,,
7367,02:47:00,,,,,,,,,,,,,,,,,,,,,,,,,
7368,02:48:00,,,,,,,,,,,,,,,,,,,,,,,,,
7369,02:49:00,,,,,,,,,,,,,,,,,,,,,,,,,
7370,02:50:00,,,,,,,,,,,,,,,,,,,,,,,,,
7371,02:51:00,,,,,,,,,,,,,,,,,,,,,,,,,
7372,02:52:00,,,,,,,,,,,,,,,,,,,,,,,,,
7373,02:53:00,,,,,,,,,,,,,,,,,,,,,,,,,
7374,02:54:00,,,,,,,,,,,,,,,,,,,,,,,,,
7375,02:55:00,,,,,,,,,,,,,,,,,,,,,,,,,
7376,02:56:00,,,,,,,,,,,,,,,,,,,,,,,,,
7377,02:57:00,,,,,,,,,,,,,,,,,,,,,,,,,
7378,02:58:00,,,,,,,,,,,,,,,,,,,,,,,,,
7379,02:59:00,,,,,,,,,,,,,,,,,,,,,,,,,
7380,03:00:00,,,,,,,,,,,,,,,,,,,,,,,,,
7381,03:01:00,,,,,,,,,,,,,,,,,,,,,,,,,
7382,03:02:00,,,,,,,,,,,,,,,,,,,,,,,,,
7383,03:03:00,,,,,,,,,,,,,,,,,,,,,,,,,
7384,03:04:00,,,,,,,,,,,,,,,,,,,,,,,,,
7385,03:05:00,,,,,,,,,,,,,,,,,,,,,,,,,
7386,03:06:00,,,,,,,,,,,,,,,,,,,,,,,,,
7387,03:07:00,,,,,,,,,,,,,,,,,,,,,,,,,
7388,03:08:00,,,,,,,,,,,,,,,,,,,,,,,,,
7389,03:09:00,,,,,,,,,,,,,,,,,,,,,,,,,
7390,03:10:00,,,,,,,,,,,,,,,,,,,,,,,,,
7391,03:11:00,,,,,,,,,,,,,,,,,,,,,,,,,
7392,03:12:00,,,,,,,,,,,,,,,,,,,,,,,,,
7393,03:13:00,,,,,,,,,,,,,,,,,,,,,,,,,
7394,03:14:00,,,,,,,,,,,,,,,,,,,,,,,,,
7395,03:15:00,,,,,,,,,,,,,,,,,,,,,,,,,
7396,03:16:00,,,,,,,,,,,,,,,,,,,,,,,,,
7397,03:17:00,,,,,,,,,,,,,,,,,,,,,,,,,
7398,03:18:00,,,,,,,,,,,,,,,,,,,,,,,,,
7399,03:19:00,,,,,,,,,,,,,,,,,,,,,,,,,
7400,03:20:00,,,,,,,,,,,,,,,,,,,,,,,,,
7401,03:21:00,,,,,,,,,,,,,,,,,,,,,,,,,
7402,03:22:00,,,,,,,,,,,,,,,,,,,,,,,,,
7403,03:23:00,,,,,,,,,,,,,,,,,,,,,,,,,
7404,03:24:00,,,,,,,,,,,,,,,,,,,,,,,,,
7405,03:25:00,,,,,,,,,,,,,,,,,,,,,,,,,
7406,03:26:00,,,,,,,,,,,,,,,,,,,,,,,,,
7407,03:27:00,,,,,,,,,,,,,,,,,,,,,,,,,
7408,03:28:00,,,,,,,,,,,,,,,,,,,,,,,,,
7409,03:29:00,,,,,,,,,,,,,,,,,,,,,,,,,
7410,03:30:00,,,,,,,,,,,,,,,,,,,,,,,,,
7411,03:31:00,,,,,,,,,,,,,,,,,,,,,,,,,
7412,03:32:00,,,,,,,,,,,,,,,,,,,,,,,,,
7413,03:33:00,,,,,,,,,,,,,,,,,,,,,,,,,
7414,03:34:00,,,,,,,,,,,,,,,,,,,,,,,,,
7415,03:35:00,,,,,,,,,,,,,,,,,,,,,,,,,
7416,03:36:00,,,,,,,,,,,,,,,,,,,,,,,,,
7417,03:37:00,,,,,,,,,,,,,,,,,,,,,,,,,
7418,03:38:00,,,,,,,,,,,,,,,,,,,,,,,,,
7419,03:39:00,,,,,,,,,,,,,,,,,,,,,,,,,
7420,03:40:00,,,,,,,,,,,,,,,,,,,,,,,,,
7421,03:41:00,,,,,,,,,,,,,,,,,,,,,,,,,
7422,03:42:00,,,,,,,,,,,,,,,,,,,,,,,,,
7423,03:43:00,,,,,,,,,,,,,,,,,,,,,,,,,
7424,03:44:00,,,,,,,,,,,,,,,,,,,,,,,,,
7425,03:45:00,,,,,,,,,,,,,,,,,,,,,,,,,
7426,03:46:00,,,,,,,,,,,,,,,,,,,,,,,,,
7427,03:47:00,,,,,,,,,,,,,,,,,,,,,,,,,
7428,03:48:00,,,,,,,,,,,,,,,,,,,,,,,,,
7429,03:49:00,,,,,,,,,,,,,,,,,,,,,,,,,
7430,03:50:00,,,,,,,,,,,,,,,,,,,,,,,,,
7431,03:51:00,,,,,,,,,,,,,,,,,,,,,,,,,
7432,03:52:00,,,,,,,,,,,,,,,,,,,,,,,,,
7433,03:53:00,,,,,,,,,,,,,,,,,,,,,,,,,
7434,03:54:00,,,,,,,,,,,,,,,,,,,,,,,,,
7435,03:55:00,,,,,,,,,,,,,,,,,,,,,,,,,
7436,03:56:00,,,,,,,,,,,,,,,,,,,,,,,,,
7437,03:57:00,,,,,,,,,,,,,,,,,,,,,,,,,
7438,03:58:00,,,,,,,,,,,,,,,,,,,,,,,,,
7439,03:59:00,,,,,,,,,,,,,,,,,,,,,,,,,
7440,04:00:00,,,,,,,,,,,,,,,,,,,,,,,,,
7441,04:01:00,,,,,,,,,,,,,,,,,,,,,,,,,
7442,04:02:00,,,,,,,,,,,,,,,,,,,,,,,,,
7443,04:03:00,,,,,,,,,,,,,,,,,,,,,,,,,
7444,04:04:00,,,,,,,,,,,,,,,,,,,,,,,,,
7445,04:05:00,,,,,,,,,,,,,,,,,,,,,,,,,
7446,04:06:00,,,,,,,,,,,,,,,,,,,,,,,,,
7447,04:07:00,,,,,,,,,,,,,,,,,,,,,,,,,
7448,04:08:00,,,,,,,,,,,,,,,,,,,,,,,,,
7449,04:09:00,,,,,,,,,,,,,,,,,,,,,,,,,
7450,04:10:00,,,,,,,,,,,,,,,,,,,,,,,,,
7451,04:11:00,,,,,,,,,,,,,,,,,,,,,,,,,
7452,04:12:00,,,,,,,,,,,,,,,,,,,,,,,,,
7453,04:13:00,,,,,,,,,,,,,,,,,,,,,,,,,
7454,04:14:00,,,,,,,,,,,,,,,,,,,,,,,,,
7455,04:15:00,,,,,,,,,,,,,,,,,,,,,,,,,
7456,04:16:00,,,,,,,,,,,,,,,,,,,,,,,,,
7457,04:17:00,,,,,,,,,,,,,,,,,,,,,,,,,
7458,04:18:00,,,,,,,,,,,,,,,,,,,,,,,,,
7459,04:19:00,,,,,,,,,,,,,,,,,,,,,,,,,
7460,04:20:00,,,,,,,,,,,,,,,,,,,,,,,,,
7461,04:21:00,,,,,,,,,,,,,,,,,,,,,,,,,
7462,04:22:00,,,,,,,,,,,,,,,,,,,,,,,,,
7463,04:23:00,,,,,,,,,,,,,,,,,,,,,,,,,
7464,04:24:00,,,,,,,,,,,,,,,,,,,,,,,,,
7465,04:25:00,,,,,,,,,,,,,,,,,,,,,,,,,
7466,04:26:00,,,,,,,,,,,,,,,,,,,,,,,,,
7467,04:27:00,,,,,,,,,,,,,,,,,,,,,,,,,
7468,04:28:00,,,,,,,,,,,,,,,,,,,,,,,,,
7469,04:29:00,,,,,,,,,,,,,,,,,,,,,,,,,
7470,04:30:00,,,,,,,,,,,,,,,,,,,,,,,,,
7471,04:31:00,,,,,,,,,,,,,,,,,,,,,,,,,
7472,04:32:00,,,,,,,,,,,,,,,,,,,,,,,,,
7473,04:33:00,,,,,,,,,,,,,,,,,,,,,,,,,
7474,04:34:00,,,,,,,,,,,,,,,,,,,,,,,,,
7475,04:35:00,,,,,,,,,,,,,,,,,,,,,,,,,
7476,04:36:00,,,,,,,,,,,,,,,,,,,,,,,,,
7477,04:37:00,,,,,,,,,,,,,,,,,,,,,,,,,
7478,04:38:00,,,,,,,,,,,,,,,,,,,,,,,,,
7479,04:39:00,,,,,,,,,,,,,,,,,,,,,,,,,
7480,04:40:00,,,,,,,,,,,,,,,,,,,,,,,,,
7481,04:41:00,,,,,,,,,,,,,,,,,,,,,,,,,
7482,04:42:00,,,,,,,,,,,,,,,,,,,,,,,,,
7483,04:43:00,,,,,,,,,,,,,,,,,,,,,,,,,
7484,04:44:00,,,,,,,,,,,,,,,,,,,,,,,,,
7485,04:45:00,,,,,,,,,,,,,,,,,,,,,,,,,
7486,04:46:00,,,,,,,,,,,,,,,,,,,,,,,,,
7487,04:47:00,,,,,,,,,,,,,,,,,,,,,,,,,
7488,04:48:00,,,,,,,,,,,,,,,,,,,,,,,,,
7489,04:49:00,,,,,,,,,,,,,,,,,,,,,,,,,
7490,04:50:00,,,,,,,,,,,,,,,,,,,,,,,,,
7491,04:51:00,,,,,,,,,,,,,,,,,,,,,,,,,
7492,04:52:00,,,,,,,,,,,,,,,,,,,,,,,,,
7493,04:53:00,,,,,,,,,,,,,,,,,,,,,,,,,
7494,04:54:00,,,,,,,,,,,,,,,,,,,,,,,,,
7495,04:55:00,,,,,,,,,,,,,,,,,,,,,,,,,
7496,04:56:00,,,,,,,,,,,,,,,,,,,,,,,,,
7497,04:57:00,,,,,,,,,,,,,,,,,,,,,,,,,
7498,04:58:00,,,,,,,,,,,,,,,,,,,,,,,,,
7499,04:59:00,,,,,,,,,,,,,,,,,,,,,,,,,
7500,05:00:00,,,,,,,,,,,,,,,,,,,,,,,,,
7501,05:01:00,,,,,,,,,,,,,,,,,,,,,,,,,
7502,05:02:00,,,,,,,,,,,,,,,,,,,,,,,,,
7503,05:03:00,,,,,,,,,,,,,,,,,,,,,,,,,
7504,05:04:00,,,,,,,,,,,,,,,,,,,,,,,,,
7505,05:05:00,,,,,,,,,,,,,,,,,,,,,,,,,
7506,05:06:00,,,,,,,,,,,,,,,,,,,,,,,,,
7507,05:07:00,,,,,,,,,,,,,,,,,,,,,,,,,
7508,05:08:00,,,,,,,,,,,,,,,,,,,,,,,,,
7509,05:09:00,,,,,,,,,,,,,,,,,,,,,,,,,
7510,05:10:00,,,,,,,,,,,,,,,,,,,,,,,,,
7511,05:11:00,,,,,,,,,,,,,,,,,,,,,,,,,
7512,05:12:00,,,,,,,,,,,,,,,,,,,,,,,,,
7513,05:13:00,,,,,,,,,,,,,,,,,,,,,,,,,
7514,05:14:00,,,,,,,,,,,,,,,,,,,,,,,,,
7515,05:15:00,,,,,,,,,,,,,,,,,,,,,,,,,
7516,05:16:00,,,,,,,,,,,,,,,,,,,,,,,,,
7517,05:17:00,,,,,,,,,,,,,,,,,,,,,,,,,
7518,05:18:00,,,,,,,,,,,,,,,,,,,,,,,,,
7519,05:19:00,,,,,,,,,,,,,,,,,,,,,,,,,
7520,05:20:00,,,,,,,,,,,,,,,,,,,,,,,,,
7521,05:21:00,,,,,,,,,,,,,,,,,,,,,,,,,
7522,05:22:00,,,,,,,,,,,,,,,,,,,,,,,,,
7523,05:23:00,,,,,,,,,,,,,,,,,,,,,,,,,
7524,05:24:00,,,,,,,,,,,,,,,,,,,,,,,,,
7525,05:25:00,,,,,,,,,,,,,,,,,,,,,,,,,
7526,05:26:00,,,,,,,,,,,,,,,,,,,,,,,,,
7527,05:27:00,,,,,,,,,,,,,,,,,,,,,,,,,
7528,05:28:00,,,,,,,,,,,,,,,,,,,,,,,,,
7529,05:29:00,,,,,,,,,,,,,,,,,,,,,,,,,
7530,05:30:00,,,,,,,,,,,,,,,,,,,,,,,,,
7531,05:31:00,,,,,,,,,,,,,,,,,,,,,,,,,
7532,05:32:00,,,,,,,,,,,,,,,,,,,,,,,,,
7533,05:33:00,,,,,,,,,,,,,,,,,,,,,,,,,
7534,05:34:00,,,,,,,,,,,,,,,,,,,,,,,,,
7535,05:35:00,,,,,,,,,,,,,,,,,,,,,,,,,
7536,05:36:00,,,,,,,,,,,,,,,,,,,,,,,,,
7537,05:37:00,,,,,,,,,,,,,,,,,,,,,,,,,
7538,05:38:00,,,,,,,,,,,,,,,,,,,,,,,,,
7539,05:39:00,,,,,,,,,,,,,,,,,,,,,,,,,
7540,05:40:00,,,,,,,,,,,,,,,,,,,,,,,,,
7541,05:41:00,,,,,,,,,,,,,,,,,,,,,,,,,
7542,05:42:00,,,,,,,,,,,,,,,,,,,,,,,,,
7543,05:43:00,,,,,,,,,,,,,,,,,,,,,,,,,
7544,05:44:00,,,,,,,,,,,,,,,,,,,,,,,,,
7545,05:45:00,,,,,,,,,,,,,,,,,,,,,,,,,
7546,05:46:00,,,,,,,,,,,,,,,,,,,,,,,,,
7547,05:47:00,,,,,,,,,,,,,,,,,,,,,,,,,
7548,05:48:00,,,,,,,,,,,,,,,,,,,,,,,,,
7549,05:49:00,,,,,,,,,,,,,,,,,,,,,,,,,
7550,05:50:00,,,,,,,,,,,,,,,,,,,,,,,,,
7551,05:51:00,,,,,,,,,,,,,,,,,,,,,,,,,
7552,05:52:00,,,,,,,,,,,,,,,,,,,,,,,,,
7553,05:53:00,,,,,,,,,,,,,,,,,,,,,,,,,
7554,05:54:00,,,,,,,,,,,,,,,,,,,,,,,,,
7555,05:55:00,,,,,,,,,,,,,,,,,,,,,,,,,
7556,05:56:00,,,,,,,,,,,,,,,,,,,,,,,,,
7557,05:57:00,,,,,,,,,,,,,,,,,,,,,,,,,
7558,05:58:00,,,,,,,,,,,,,,,,,,,,,,,,,
7559,05:59:00,,,,,,,,,,,,,,,,,,,,,,,,,
7560,06:00:00,,,,,,,,,,,,,,,,,,,,,,,,,
7561,06:01:00,,,,,,,,,,,,,,,,,,,,,,,,,
7562,06:02:00,,,,,,,,,,,,,,,,,,,,,,,,,
7563,06:03:00,,,,,,,,,,,,,,,,,,,,,,,,,
7564,06:04:00,,,,,,,,,,,,,,,,,,,,,,,,,
7565,06:05:00,,,,,,,,,,,,,,,,,,,,,,,,,
7566,06:06:00,,,,,,,,,,,,,,,,,,,,,,,,,
7567,06:07:00,,,,,,,,,,,,,,,,,,,,,,,,,
7568,06:08:00,,,,,,,,,,,,,,,,,,,,,,,,,
7569,06:09:00,,,,,,,,,,,,,,,,,,,,,,,,,
7570,06:10:00,,,,,,,,,,,,,,,,,,,,,,,,,
7571,06:11:00,,,,,,,,,,,,,,,,,,,,,,,,,
7572,06:12:00,,,,,,,,,,,,,,,,,,,,,,,,,
7573,06:13:00,,,,,,,,,,,,,,,,,,,,,,,,,
7574,06:14:00,,,,,,,,,,,,,,,,,,,,,,,,,
7575,06:15:00,,,,,,,,,,,,,,,,,,,,,,,,,
7576,06:16:00,,,,,,,,,,,,,,,,,,,,,,,,,
7577,06:17:00,,,,,,,,,,,,,,,,,,,,,,,,,
7578,06:18:00,,,,,,,,,,,,,,,,,,,,,,,,,
7579,06:19:00,,,,,,,,,,,,,,,,,,,,,,,,,
7580,06:20:00,,,,,,,,,,,,,,,,,,,,,,,,,
7581,06:21:00,,,,,,,,,,,,,,,,,,,,,,,,,
7582,06:22:00,,,,,,,,,,,,,,,,,,,,,,,,,
7583,06:23:00,,,,,,,,,,,,,,,,,,,,,,,,,
7584,06:24:00,,,,,,,,,,,,,,,,,,,,,,,,,
7585,06:25:00,,,,,,,,,,,,,,,,,,,,,,,,,
7586,06:26:00,,,,,,,,,,,,,,,,,,,,,,,,,
7587,06:27:00,,,,,,,,,,,,,,,,,,,,,,,,,
7588,06:28:00,,,,,,,,,,,,,,,,,,,,,,,,,
7589,06:29:00,,,,,,,,,,,,,,,,,,,,,,,,,
7590,06:30:00,,,,,,,,,,,,,,,,,,,,,,,,,
7591,06:31:00,,,,,,,,,,,,,,,,,,,,,,,,,
7592,06:32:00,,,,,,,,,,,,,,,,,,,,,,,,,
7593,06:33:00,,,,,,,,,,,,,,,,,,,,,,,,,
7594,06:34:00,,,,,,,,,,,,,,,,,,,,,,,,,
7595,06:35:00,,,,,,,,,,,,,,,,,,,,,,,,,
7596,06:36:00,,,,,,,,,,,,,,,,,,,,,,,,,
7597,06:37:00,,,,,,,,,,,,,,,,,,,,,,,,,
7598,06:38:00,,,,,,,,,,,,,,,,,,,,,,,,,
7599,06:39:00,,,,,,,,,,,,,,,,,,,,,,,,,
7600,06:40:00,,,,,,,,,,,,,,,,,,,,,,,,,
7601,06:41:00,,,,,,,,,,,,,,,,,,,,,,,,,
7602,06:42:00,,,,,,,,,,,,,,,,,,,,,,,,,
7603,06:43:00,,,,,,,,,,,,,,,,,,,,,,,,,
7604,06:44:00,,,,,,,,,,,,,,,,,,,,,,,,,
7605,06:45:00,,,,,,,,,,,,,,,,,,,,,,,,,
7606,06:46:00,,,,,,,,,,,,,,,,,,,,,,,,,
7607,06:47:00,,,,,,,,,,,,,,,,,,,,,,,,,
7608,06:48:00,,,,,,,,,,,,,,,,,,,,,,,,,
7609,06:49:00,,,,,,,,,,,,,,,,,,,,,,,,,
7610,06:50:00,,,,,,,,,,,,,,,,,,,,,,,,,
7611,06:51:00,,,,,,,,,,,,,,,,,,,,,,,,,
7612,06:52:00,,,,,,,,,,,,,,,,,,,,,,,,,
7613,06:53:00,,,,,,,,,,,,,,,,,,,,,,,,,
7614,06:54:00,,,,,,,,,,,,,,,,,,,,,,,,,
7615,06:55:00,,,,,,,,,,,,,,,,,,,,,,,,,
7616,06:56:00,,,,,,,,,,,,,,,,,,,,,,,,,
7617,06:57:00,,,,,,,,,,,,,,,,,,,,,,,,,
7618,06:58:00,,,,,,,,,,,,,,,,,,,,,,,,,
7619,06:59:00,,,,,,,,,,,,,,,,,,,,,,,,,
7620,07:00:00,,,,,,,,,,,,,,,,,,,,,,,,,
7621,07:01:00,,,,,,,,,,,,,,,,,,,,,,,,,
7622,07:02:00,,,,,,,,,,,,,,,,,,,,,,,,,
7623,07:03:00,,,,,,,,,,,,,,,,,,,,,,,,,
7624,07:04:00,,,,,,,,,,,,,,,,,,,,,,,,,
7625,07:05:00,,,,,,,,,,,,,,,,,,,,,,,,,
7626,07:06:00,,,,,,,,,,,,,,,,,,,,,,,,,
7627,07:07:00,,,,,,,,,,,,,,,,,,,,,,,,,
7628,07:08:00,,,,,,,,,,,,,,,,,,,,,,,,,
7629,07:09:00,,,,,,,,,,,,,,,,,,,,,,,,,
7630,07:10:00,,,,,,,,,,,,,,,,,,,,,,,,,
7631,07:11:00,,,,,,,,,,,,,,,,,,,,,,,,,
7632,07:12:00,,,,,,,,,,,,,,,,,,,,,,,,,
7633,07:13:00,,,,,,,,,,,,,,,,,,,,,,,,,
7634,07:14:00,,,,,,,,,,,,,,,,,,,,,,,,,
7635,07:15:00,,,,,,,,,,,,,,,,,,,,,,,,,
7636,07:16:00,,,,,,,,,,,,,,,,,,,,,,,,,
7637,07:17:00,,,,,,,,,,,,,,,,,,,,,,,,,
7638,07:18:00,,,,,,,,,,,,,,,,,,,,,,,,,
7639,07:19:00,,,,,,,,,,,,,,,,,,,,,,,,,
7640,07:20:00,,,,,,,,,,,,,,,,,,,,,,,,,
7641,07:21:00,,,,,,,,,,,,,,,,,,,,,,,,,
7642,07:22:00,,,,,,,,,,,,,,,,,,,,,,,,,
7643,07:23:00,,,,,,,,,,,,,,,,,,,,,,,,,
7644,07:24:00,,,,,,,,,,,,,,,,,,,,,,,,,
7645,07:25:00,,,,,,,,,,,,,,,,,,,,,,,,,
7646,07:26:00,,,,,,,,,,,,,,,,,,,,,,,,,
7647,07:27:00,,,,,,,,,,,,,,,,,,,,,,,,,
7648,07:28:00,,,,,,,,,,,,,,,,,,,,,,,,,
7649,07:29:00,,,,,,,,,,,,,,,,,,,,,,,,,
7650,07:30:00,,,,,,,,,,,,,,,,,,,,,,,,,
7651,07:31:00,,,,,,,,,,,,,,,,,,,,,,,,,
7652,07:32:00,,,,,,,,,,,,,,,,,,,,,,,,,
7653,07:33:00,,,,,,,,,,,,,,,,,,,,,,,,,
7654,07:34:00,,,,,,,,,,,,,,,,,,,,,,,,,
7655,07:35:00,,,,,,,,,,,,,,,,,,,,,,,,,
7656,07:36:00,,,,,,,,,,,,,,,,,,,,,,,,,
7657,07:37:00,,,,,,,,,,,,,,,,,,,,,,,,,
7658,07:38:00,,,,,,,,,,,,,,,,,,,,,,,,,
7659,07:39:00,,,,,,,,,,,,,,,,,,,,,,,,,
7660,07:40:00,,,,,,,,,,,,,,,,,,,,,,,,,
7661,07:41:00,,,,,,,,,,,,,,,,,,,,,,,,,
7662,07:42:00,,,,,,,,,,,,,,,,,,,,,,,,,
7663,07:43:00,,,,,,,,,,,,,,,,,,,,,,,,,
7664,07:44:00,,,,,,,,,,,,,,,,,,,,,,,,,
7665,07:45:00,,,,,,,,,,,,,,,,,,,,,,,,,
7666,07:46:00,,,,,,,,,,,,,,,,,,,,,,,,,
7667,07:47:00,,,,,,,,,,,,,,,,,,,,,,,,,
7668,07:48:00,,,,,,,,,,,,,,,,,,,,,,,,,
7669,07:49:00,,,,,,,,,,,,,,,,,,,,,,,,,
7670,07:50:00,,,,,,,,,,,,,,,,,,,,,,,,,
7671,07:51:00,,,,,,,,,,,,,,,,,,,,,,,,,
7672,07:52:00,,,,,,,,,,,,,,,,,,,,,,,,,
7673,07:53:00,,,,,,,,,,,,,,,,,,,,,,,,,
7674,07:54:00,,,,,,,,,,,,,,,,,,,,,,,,,
7675,07:55:00,,,,,,,,,,,,,,,,,,,,,,,,,
7676,07:56:00,,,,,,,,,,,,,,,,,,,,,,,,,
7677,07:57:00,,,,,,,,,,,,,,,,,,,,,,,,,
7678,07:58:00,,,,,,,,,,,,,,,,,,,,,,,,,
7679,07:59:00,,,,,,,,,,,,,,,,,,,,,,,,,
7680,08:00:00,,,,,,,,,,,,,,,,,,,,,,,,,
7681,08:01:00,,,,,,,,,,,,,,,,,,,,,,,,,
7682,08:02:00,,,,,,,,,,,,,,,,,,,,,,,,,
7683,08:03:00,,,,,,,,,,,,,,,,,,,,,,,,,
7684,08:04:00,,,,,,,,,,,,,,,,,,,,,,,,,
7685,08:05:00,,,,,,,,,,,,,,,,,,,,,,,,,
7686,08:06:00,,,,,,,,,,,,,,,,,,,,,,,,,
7687,08:07:00,,,,,,,,,,,,,,,,,,,,,,,,,
7688,08:08:00,,,,,,,,,,,,,,,,,,,,,,,,,
7689,08:09:00,,,,,,,,,,,,,,,,,,,,,,,,,
7690,08:10:00,,,,,,,,,,,,,,,,,,,,,,,,,
7691,08:11:00,,,,,,,,,,,,,,,,,,,,,,,,,
7692,08:12:00,,,,,,,,,,,,,,,,,,,,,,,,,
7693,08:13:00,,,,,,,,,,,,,,,,,,,,,,,,,
7694,08:14:00,,,,,,,,,,,,,,,,,,,,,,,,,
7695,08:15:00,,,,,,,,,,,,,,,,,,,,,,,,,
7696,08:16:00,,,,,,,,,,,,,,,,,,,,,,,,,
7697,08:17:00,,,,,,,,,,,,,,,,,,,,,,,,,
7698,08:18:00,,,,,,,,,,,,,,,,,,,,,,,,,
7699,08:19:00,,,,,,,,,,,,,,,,,,,,,,,,,
7700,08:20:00,,,,,,,,,,,,,,,,,,,,,,,,,
7701,08:21:00,,,,,,,,,,,,,,,,,,,,,,,,,
7702,08:22:00,,,,,,,,,,,,,,,,,,,,,,,,,
7703,08:23:00,,,,,,,,,,,,,,,,,,,,,,,,,
7704,08:24:00,,,,,,,,,,,,,,,,,,,,,,,,,
7705,08:25:00,,,,,,,,,,,,,,,,,,,,,,,,,
7706,08:26:00,,,,,,,,,,,,,,,,,,,,,,,,,
7707,08:27:00,,,,,,,,,,,,,,,,,,,,,,,,,
7708,08:28:00,,,,,,,,,,,,,,,,,,,,,,,,,
7709,08:29:00,,,,,,,,,,,,,,,,,,,,,,,,,
7710,08:30:00,,,,,,,,,,,,,,,,,,,,,,,,,
7711,08:31:00,,,,,,,,,,,,,,,,,,,,,,,,,
7712,08:32:00,,,,,,,,,,,,,,,,,,,,,,,,,
7713,08:33:00,,,,,,,,,,,,,,,,,,,,,,,,,
7714,08:34:00,,,,,,,,,,,,,,,,,,,,,,,,,
7715,08:35:00,,,,,,,,,,,,,,,,,,,,,,,,,
7716,08:36:00,,,,,,,,,,,,,,,,,,,,,,,,,
7717,08:37:00,,,,,,,,,,,,,,,,,,,,,,,,,
7718,08:38:00,,,,,,,,,,,,,,,,,,,,,,,,,
7719,08:39:00,,,,,,,,,,,,,,,,,,,,,,,,,
7720,08:40:00,,,,,,,,,,,,,,,,,,,,,,,,,
7721,08:41:00,,,,,,,,,,,,,,,,,,,,,,,,,
7722,08:42:00,,,,,,,,,,,,,,,,,,,,,,,,,
7723,08:43:00,,,,,,,,,,,,,,,,,,,,,,,,,
7724,08:44:00,,,,,,,,,,,,,,,,,,,,,,,,,
7725,08:45:00,,,,,,,,,,,,,,,,,,,,,,,,,
7726,08:46:00,,,,,,,,,,,,,,,,,,,,,,,,,
7727,08:47:00,,,,,,,,,,,,,,,,,,,,,,,,,
7728,08:48:00,,,,,,,,,,,,,,,,,,,,,,,,,
7729,08:49:00,,,,,,,,,,,,,,,,,,,,,,,,,
7730,08:50:00,,,,,,,,,,,,,,,,,,,,,,,,,
7731,08:51:00,,,,,,,,,,,,,,,,,,,,,,,,,
7732,08:52:00,,,,,,,,,,,,,,,,,,,,,,,,,
7733,08:53:00,,,,,,,,,,,,,,,,,,,,,,,,,
7734,08:54:00,,,,,,,,,,,,,,,,,,,,,,,,,
7735,08:55:00,,,,,,,,,,,,,,,,,,,,,,,,,
7736,08:56:00,,,,,,,,,,,,,,,,,,,,,,,,,
7737,08:57:00,,,,,,,,,,,,,,,,,,,,,,,,,
7738,08:58:00,,,,,,,,,,,,,,,,,,,,,,,,,
7739,08:59:00,,,,,,,,,,,,,,,,,,,,,,,,,
7740,09:00:00,,,,,,,,,,,,,,,,,,,,,,,,,
7741,09:01:00,,,,,,,,,,,,,,,,,,,,,,,,,
7742,09:02:00,,,,,,,,,,,,,,,,,,,,,,,,,
7743,09:03:00,,,,,,,,,,,,,,,,,,,,,,,,,
7744,09:04:00,,,,,,,,,,,,,,,,,,,,,,,,,
7745,09:05:00,,,,,,,,,,,,,,,,,,,,,,,,,
7746,09:06:00,,,,,,,,,,,,,,,,,,,,,,,,,
7747,09:07:00,,,,,,,,,,,,,,,,,,,,,,,,,
7748,09:08:00,,,,,,,,,,,,,,,,,,,,,,,,,
7749,09:09:00,,,,,,,,,,,,,,,,,,,,,,,,,
7750,09:10:00,,,,,,,,,,,,,,,,,,,,,,,,,
7751,09:11:00,,,,,,,,,,,,,,,,,,,,,,,,,
7752,09:12:00,,,,,,,,,,,,,,,,,,,,,,,,,
7753,09:13:00,,,,,,,,,,,,,,,,,,,,,,,,,
7754,09:14:00,,,,,,,,,,,,,,,,,,,,,,,,,
7755,09:15:00,,,,,,,,,,,,,,,,,,,,,,,,,
7756,09:16:00,,,,,,,,,,,,,,,,,,,,,,,,,
7757,09:17:00,,,,,,,,,,,,,,,,,,,,,,,,,
7758,09:18:00,,,,,,,,,,,,,,,,,,,,,,,,,
7759,09:19:00,,,,,,,,,,,,,,,,,,,,,,,,,
7760,09:20:00,,,,,,,,,,,,,,,,,,,,,,,,,
7761,09:21:00,,,,,,,,,,,,,,,,,,,,,,,,,
7762,09:22:00,,,,,,,,,,,,,,,,,,,,,,,,,
7763,09:23:00,,,,,,,,,,,,,,,,,,,,,,,,,
7764,09:24:00,,,,,,,,,,,,,,,,,,,,,,,,,
7765,09:25:00,,,,,,,,,,,,,,,,,,,,,,,,,
7766,09:26:00,,,,,,,,,,,,,,,,,,,,,,,,,
7767,09:27:00,,,,,,,,,,,,,,,,,,,,,,,,,
7768,09:28:00,,,,,,,,,,,,,,,,,,,,,,,,,
7769,09:29:00,,,,,,,,,,,,,,,,,,,,,,,,,
7770,09:30:00,,,,,,,,,,,,,,,,,,,,,,,,,
7771,09:31:00,,,,,,,,,,,,,,,,,,,,,,,,,
7772,09:32:00,,,,,,,,,,,,,,,,,,,,,,,,,
7773,09:33:00,,,,,,,,,,,,,,,,,,,,,,,,,
7774,09:34:00,,,,,,,,,,,,,,,,,,,,,,,,,
7775,09:35:00,,,,,,,,,,,,,,,,,,,,,,,,,
7776,09:36:00,,,,,,,,,,,,,,,,,,,,,,,,,
7777,09:37:00,,,,,,,,,,,,,,,,,,,,,,,,,
7778,09:38:00,,,,,,,,,,,,,,,,,,,,,,,,,
7779,09:39:00,,,,,,,,,,,,,,,,,,,,,,,,,
7780,09:40:00,,,,,,,,,,,,,,,,,,,,,,,,,
7781,09:41:00,,,,,,,,,,,,,,,,,,,,,,,,,
7782,09:42:00,,,,,,,,,,,,,,,,,,,,,,,,,
7783,09:43:00,,,,,,,,,,,,,,,,,,,,,,,,,
7784,09:44:00,,,,,,,,,,,,,,,,,,,,,,,,,
7785,09:45:00,,,,,,,,,,,,,,,,,,,,,,,,,
7786,09:46:00,,,,,,,,,,,,,,,,,,,,,,,,,
7787,09:47:00,,,,,,,,,,,,,,,,,,,,,,,,,
7788,09:48:00,,,,,,,,,,,,,,,,,,,,,,,,,
7789,09:49:00,,,,,,,,,,,,,,,,,,,,,,,,,
7790,09:50:00,,,,,,,,,,,,,,,,,,,,,,,,,
7791,09:51:00,,,,,,,,,,,,,,,,,,,,,,,,,
7792,09:52:00,,,,,,,,,,,,,,,,,,,,,,,,,
7793,09:53:00,,,,,,,,,,,,,,,,,,,,,,,,,
7794,09:54:00,,,,,,,,,,,,,,,,,,,,,,,,,
7795,09:55:00,,,,,,,,,,,,,,,,,,,,,,,,,
7796,09:56:00,,,,,,,,,,,,,,,,,,,,,,,,,
7797,09:57:00,,,,,,,,,,,,,,,,,,,,,,,,,
7798,09:58:00,,,,,,,,,,,,,,,,,,,,,,,,,
7799,09:59:00,,,,,,,,,,,,,,,,,,,,,,,,,
7800,10:00:00,,,,,,,,,,,,,,,,,,,,,,,,,
7801,10:01:00,,,,,,,,,,,,,,,,,,,,,,,,,
7802,10:02:00,,,,,,,,,,,,,,,,,,,,,,,,,
7803,10:03:00,,,,,,,,,,,,,,,,,,,,,,,,,
7804,10:04:00,,,,,,,,,,,,,,,,,,,,,,,,,
7805,10:05:00,,,,,,,,,,,,,,,,,,,,,,,,,
7806,10:06:00,,,,,,,,,,,,,,,,,,,,,,,,,
7807,10:07:00,,,,,,,,,,,,,,,,,,,,,,,,,
7808,10:08:00,,,,,,,,,,,,,,,,,,,,,,,,,
7809,10:09:00,,,,,,,,,,,,,,,,,,,,,,,,,
7810,10:10:00,,,,,,,,,,,,,,,,,,,,,,,,,
7811,10:11:00,,,,,,,,,,,,,,,,,,,,,,,,,
7812,10:12:00,,,,,,,,,,,,,,,,,,,,,,,,,
7813,10:13:00,,,,,,,,,,,,,,,,,,,,,,,,,
7814,10:14:00,,,,,,,,,,,,,,,,,,,,,,,,,
7815,10:15:00,,,,,,,,,,,,,,,,,,,,,,,,,
7816,10:16:00,,,,,,,,,,,,,,,,,,,,,,,,,
7817,10:17:00,,,,,,,,,,,,,,,,,,,,,,,,,
7818,10:18:00,,,,,,,,,,,,,,,,,,,,,,,,,
7819,10:19:00,,,,,,,,,,,,,,,,,,,,,,,,,
7820,10:20:00,,,,,,,,,,,,,,,,,,,,,,,,,
7821,10:21:00,,,,,,,,,,,,,,,,,,,,,,,,,
7822,10:22:00,,,,,,,,,,,,,,,,,,,,,,,,,
7823,10:23:00,,,,,,,,,,,,,,,,,,,,,,,,,
7824,10:24:00,,,,,,,,,,,,,,,,,,,,,,,,,
7825,10:25:00,,,,,,,,,,,,,,,,,,,,,,,,,
7826,10:26:00,,,,,,,,,,,,,,,,,,,,,,,,,
7827,10:27:00,,,,,,,,,,,,,,,,,,,,,,,,,
7828,10:28:00,,,,,,,,,,,,,,,,,,,,,,,,,
7829,10:29:00,,,,,,,,,,,,,,,,,,,,,,,,,
7830,10:30:00,,,,,,,,,,,,,,,,,,,,,,,,,
7831,10:31:00,,,,,,,,,,,,,,,,,,,,,,,,,
7832,10:32:00,,,,,,,,,,,,,,,,,,,,,,,,,
7833,10:33:00,,,,,,,,,,,,,,,,,,,,,,,,,
7834,10:34:00,,,,,,,,,,,,,,,,,,,,,,,,,
7835,10:35:00,,,,,,,,,,,,,,,,,,,,,,,,,
7836,10:36:00,,,,,,,,,,,,,,,,,,,,,,,,,
7837,10:37:00,,,,,,,,,,,,,,,,,,,,,,,,,
7838,10:38:00,,,,,,,,,,,,,,,,,,,,,,,,,
7839,10:39:00,,,,,,,,,,,,,,,,,,,,,,,,,
7840,10:40:00,,,,,,,,,,,,,,,,,,,,,,,,,
7841,10:41:00,,,,,,,,,,,,,,,,,,,,,,,,,
7842,10:42:00,,,,,,,,,,,,,,,,,,,,,,,,,
7843,10:43:00,,,,,,,,,,,,,,,,,,,,,,,,,
7844,10:44:00,,,,,,,,,,,,,,,,,,,,,,,,,
7845,10:45:00,,,,,,,,,,,,,,,,,,,,,,,,,
7846,10:46:00,,,,,,,,,,,,,,,,,,,,,,,,,
7847,10:47:00,,,,,,,,,,,,,,,,,,,,,,,,,
7848,10:48:00,,,,,,,,,,,,,,,,,,,,,,,,,
7849,10:49:00,,,,,,,,,,,,,,,,,,,,,,,,,
7850,10:50:00,,,,,,,,,,,,,,,,,,,,,,,,,
7851,10:51:00,,,,,,,,,,,,,,,,,,,,,,,,,
7852,10:52:00,,,,,,,,,,,,,,,,,,,,,,,,,
7853,10:53:00,,,,,,,,,,,,,,,,,,,,,,,,,
7854,10:54:00,,,,,,,,,,,,,,,,,,,,,,,,,
7855,10:55:00,,,,,,,,,,,,,,,,,,,,,,,,,
7856,10:56:00,,,,,,,,,,,,,,,,,,,,,,,,,
7857,10:57:00,,,,,,,,,,,,,,,,,,,,,,,,,
7858,10:58:00,,,,,,,,,,,,,,,,,,,,,,,,,
7859,10:59:00,,,,,,,,,,,,,,,,,,,,,,,,,
7860,11:00:00,,,,,,,,,,,,,,,,,,,,,,,,,
7861,11:01:00,,,,,,,,,,,,,,,,,,,,,,,,,
7862,11:02:00,,,,,,,,,,,,,,,,,,,,,,,,,
7863,11:03:00,,,,,,,,,,,,,,,,,,,,,,,,,
7864,11:04:00,,,,,,,,,,,,,,,,,,,,,,,,,
7865,11:05:00,,,,,,,,,,,,,,,,,,,,,,,,,
7866,11:06:00,,,,,,,,,,,,,,,,,,,,,,,,,
7867,11:07:00,,,,,,,,,,,,,,,,,,,,,,,,,
7868,11:08:00,,,,,,,,,,,,,,,,,,,,,,,,,
7869,11:09:00,,,,,,,,,,,,,,,,,,,,,,,,,
7870,11:10:00,,,,,,,,,,,,,,,,,,,,,,,,,
7871,11:11:00,,,,,,,,,,,,,,,,,,,,,,,,,
7872,11:12:00,,,,,,,,,,,,,,,,,,,,,,,,,
7873,11:13:00,,,,,,,,,,,,,,,,,,,,,,,,,
7874,11:14:00,,,,,,,,,,,,,,,,,,,,,,,,,
7875,11:15:00,,,,,,,,,,,,,,,,,,,,,,,,,
7876,11:16:00,,,,,,,,,,,,,,,,,,,,,,,,,
7877,11:17:00,,,,,,,,,,,,,,,,,,,,,,,,,
7878,11:18:00,,,,,,,,,,,,,,,,,,,,,,,,,
7879,11:19:00,,,,,,,,,,,,,,,,,,,,,,,,,
7880,11:20:00,,,,,,,,,,,,,,,,,,,,,,,,,
7881,11:21:00,,,,,,,,,,,,,,,,,,,,,,,,,
7882,11:22:00,,,,,,,,,,,,,,,,,,,,,,,,,
7883,11:23:00,,,,,,,,,,,,,,,,,,,,,,,,,
7884,11:24:00,,,,,,,,,,,,,,,,,,,,,,,,,
7885,11:25:00,,,,,,,,,,,,,,,,,,,,,,,,,
7886,11:26:00,,,,,,,,,,,,,,,,,,,,,,,,,
7887,11:27:00,,,,,,,,,,,,,,,,,,,,,,,,,
7888,11:28:00,,,,,,,,,,,,,,,,,,,,,,,,,
7889,11:29:00,,,,,,,,,,,,,,,,,,,,,,,,,
7890,11:30:00,,,,,,,,,,,,,,,,,,,,,,,,,
7891,11:31:00,,,,,,,,,,,,,,,,,,,,,,,,,
7892,11:32:00,,,,,,,,,,,,,,,,,,,,,,,,,
7893,11:33:00,,,,,,,,,,,,,,,,,,,,,,,,,
7894,11:34:00,,,,,,,,,,,,,,,,,,,,,,,,,
7895,11:35:00,,,,,,,,,,,,,,,,,,,,,,,,,
7896,11:36:00,,,,,,,,,,,,,,,,,,,,,,,,,
7897,11:37:00,,,,,,,,,,,,,,,,,,,,,,,,,
7898,11:38:00,,,,,,,,,,,,,,,,,,,,,,,,,
7899,11:39:00,,,,,,,,,,,,,,,,,,,,,,,,,
7900,11:40:00,,,,,,,,,,,,,,,,,,,,,,,,,
7901,11:41:00,,,,,,,,,,,,,,,,,,,,,,,,,
7902,11:42:00,,,,,,,,,,,,,,,,,,,,,,,,,
7903,11:43:00,,,,,,,,,,,,,,,,,,,,,,,,,
7904,11:44:00,,,,,,,,,,,,,,,,,,,,,,,,,
7905,11:45:00,,,,,,,,,,,,,,,,,,,,,,,,,
7906,11:46:00,,,,,,,,,,,,,,,,,,,,,,,,,
7907,11:47:00,,,,,,,,,,,,,,,,,,,,,,,,,
7908,11:48:00,,,,,,,,,,,,,,,,,,,,,,,,,
7909,11:49:00,,,,,,,,,,,,,,,,,,,,,,,,,
7910,11:50:00,,,,,,,,,,,,,,,,,,,,,,,,,
7911,11:51:00,,,,,,,,,,,,,,,,,,,,,,,,,
7912,11:52:00,,,,,,,,,,,,,,,,,,,,,,,,,
7913,11:53:00,,,,,,,,,,,,,,,,,,,,,,,,,
7914,11:54:00,,,,,,,,,,,,,,,,,,,,,,,,,
7915,11:55:00,,,,,,,,,,,,,,,,,,,,,,,,,
7916,11:56:00,,,,,,,,,,,,,,,,,,,,,,,,,
7917,11:57:00,,,,,,,,,,,,,,,,,,,,,,,,,
7918,11:58:00,,,,,,,,,,,,,,,,,,,,,,,,,
7919,11:59:00,,,,,,,,,,,,,,,,,,,,,,,,,
7920,12:00:00,,,,,,,,,,,,,,,,,,,,,,,,,
7921,12:01:00,,,,,,,,,,,,,,,,,,,,,,,,,
7922,12:02:00,,,,,,,,,,,,,,,,,,,,,,,,,
7923,12:03:00,,,,,,,,,,,,,,,,,,,,,,,,,
7924,12:04:00,,,,,,,,,,,,,,,,,,,,,,,,,
7925,12:05:00,,,,,,,,,,,,,,,,,,,,,,,,,
7926,12:06:00,,,,,,,,,,,,,,,,,,,,,,,,,
7927,12:07:00,,,,,,,,,,,,,,,,,,,,,,,,,
7928,12:08:00,,,,,,,,,,,,,,,,,,,,,,,,,
7929,12:09:00,,,,,,,,,,,,,,,,,,,,,,,,,
7930,12:10:00,,,,,,,,,,,,,,,,,,,,,,,,,
7931,12:11:00,,,,,,,,,,,,,,,,,,,,,,,,,
7932,12:12:00,,,,,,,,,,,,,,,,,,,,,,,,,
7933,12:13:00,,,,,,,,,,,,,,,,,,,,,,,,,
7934,12:14:00,,,,,,,,,,,,,,,,,,,,,,,,,
7935,12:15:00,,,,,,,,,,,,,,,,,,,,,,,,,
7936,12:16:00,,,,,,,,,,,,,,,,,,,,,,,,,
7937,12:17:00,,,,,,,,,,,,,,,,,,,,,,,,,
7938,12:18:00,,,,,,,,,,,,,,,,,,,,,,,,,
7939,12:19:00,,,,,,,,,,,,,,,,,,,,,,,,,
7940,12:20:00,,,,,,,,,,,,,,,,,,,,,,,,,
7941,12:21:00,,,,,,,,,,,,,,,,,,,,,,,,,
7942,12:22:00,,,,,,,,,,,,,,,,,,,,,,,,,
7943,12:23:00,,,,,,,,,,,,,,,,,,,,,,,,,
7944,12:24:00,,,,,,,,,,,,,,,,,,,,,,,,,
7945,12:25:00,,,,,,,,,,,,,,,,,,,,,,,,,
7946,12:26:00,,,,,,,,,,,,,,,,,,,,,,,,,
7947,12:27:00,,,,,,,,,,,,,,,,,,,,,,,,,
7948,12:28:00,,,,,,,,,,,,,,,,,,,,,,,,,
7949,12:29:00,,,,,,,,,,,,,,,,,,,,,,,,,
7950,12:30:00,,,,,,,,,,,,,,,,,,,,,,,,,
7951,12:31:00,,,,,,,,,,,,,,,,,,,,,,,,,
7952,12:32:00,,,,,,,,,,,,,,,,,,,,,,,,,
7953,12:33:00,,,,,,,,,,,,,,,,,,,,,,,,,
7954,12:34:00,,,,,,,,,,,,,,,,,,,,,,,,,
7955,12:35:00,,,,,,,,,,,,,,,,,,,,,,,,,
7956,12:36:00,,,,,,,,,,,,,,,,,,,,,,,,,
7957,12:37:00,,,,,,,,,,,,,,,,,,,,,,,,,
7958,12:38:00,,,,,,,,,,,,,,,,,,,,,,,,,
7959,12:39:00,,,,,,,,,,,,,,,,,,,,,,,,,
7960,12:40:00,,,,,,,,,,,,,,,,,,,,,,,,,
7961,12:41:00,,,,,,,,,,,,,,,,,,,,,,,,,
7962,12:42:00,,,,,,,,,,,,,,,,,,,,,,,,,
7963,12:43:00,,,,,,,,,,,,,,,,,,,,,,,,,
7964,12:44:00,,,,,,,,,,,,,,,,,,,,,,,,,
7965,12:45:00,,,,,,,,,,,,,,,,,,,,,,,,,
7966,12:46:00,,,,,,,,,,,,,,,,,,,,,,,,,
7967,12:47:00,,,,,,,,,,,,,,,,,,,,,,,,,
7968,12:48:00,,,,,,,,,,,,,,,,,,,,,,,,,
7969,12:49:00,,,,,,,,,,,,,,,,,,,,,,,,,
7970,12:50:00,,,,,,,,,,,,,,,,,,,,,,,,,
7971,12:51:00,,,,,,,,,,,,,,,,,,,,,,,,,
7972,12:52:00,,,,,,,,,,,,,,,,,,,,,,,,,
7973,12:53:00,,,,,,,,,,,,,,,,,,,,,,,,,
7974,12:54:00,,,,,,,,,,,,,,,,,,,,,,,,,
7975,12:55:00,,,,,,,,,,,,,,,,,,,,,,,,,
7976,12:56:00,,,,,,,,,,,,,,,,,,,,,,,,,
7977,12:57:00,,,,,,,,,,,,,,,,,,,,,,,,,
7978,12:58:00,,,,,,,,,,,,,,,,,,,,,,,,,
7979,12:59:00,,,,,,,,,,,,,,,,,,,,,,,,,
7980,13:00:00,,,,,,,,,,,,,,,,,,,,,,,,,
7981,13:01:00,,,,,,,,,,,,,,,,,,,,,,,,,
7982,13:02:00,,,,,,,,,,,,,,,,,,,,,,,,,
7983,13:03:00,,,,,,,,,,,,,,,,,,,,,,,,,
7984,13:04:00,,,,,,,,,,,,,,,,,,,,,,,,,
7985,13:05:00,,,,,,,,,,,,,,,,,,,,,,,,,
7986,13:06:00,,,,,,,,,,,,,,,,,,,,,,,,,
7987,13:07:00,,,,,,,,,,,,,,,,,,,,,,,,,
7988,13:08:00,,,,,,,,,,,,,,,,,,,,,,,,,
7989,13:09:00,,,,,,,,,,,,,,,,,,,,,,,,,
7990,13:10:00,,,,,,,,,,,,,,,,,,,,,,,,,
7991,13:11:00,,,,,,,,,,,,,,,,,,,,,,,,,
7992,13:12:00,,,,,,,,,,,,,,,,,,,,,,,,,
7993,13:13:00,,,,,,,,,,,,,,,,,,,,,,,,,
7994,13:14:00,,,,,,,,,,,,,,,,,,,,,,,,,
7995,13:15:00,,,,,,,,,,,,,,,,,,,,,,,,,
7996,13:16:00,,,,,,,,,,,,,,,,,,,,,,,,,
7997,13:17:00,,,,,,,,,,,,,,,,,,,,,,,,,
7998,13:18:00,,,,,,,,,,,,,,,,,,,,,,,,,
7999,13:19:00,,,,,,,,,,,,,,,,,,,,,,,,,
8000,13:20:00,,,,,,,,,,,,,,,,,,,,,,,,,
8001,13:21:00,,,,,,,,,,,,,,,,,,,,,,,,,
8002,13:22:00,,,,,,,,,,,,,,,,,,,,,,,,,
8003,13:23:00,,,,,,,,,,,,,,,,,,,,,,,,,
8004,13:24:00,,,,,,,,,,,,,,,,,,,,,,,,,
8005,13:25:00,,,,,,,,,,,,,,,,,,,,,,,,,
8006,13:26:00,,,,,,,,,,,,,,,,,,,,,,,,,
8007,13:27:00,,,,,,,,,,,,,,,,,,,,,,,,,
8008,13:28:00,,,,,,,,,,,,,,,,,,,,,,,,,
8009,13:29:00,,,,,,,,,,,,,,,,,,,,,,,,,
8010,13:30:00,,,,,,,,,,,,,,,,,,,,,,,,,
8011,13:31:00,,,,,,,,,,,,,,,,,,,,,,,,,
8012,13:32:00,,,,,,,,,,,,,,,,,,,,,,,,,
8013,13:33:00,,,,,,,,,,,,,,,,,,,,,,,,,
8014,13:34:00,,,,,,,,,,,,,,,,,,,,,,,,,
8015,13:35:00,,,,,,,,,,,,,,,,,,,,,,,,,
8016,13:36:00,,,,,,,,,,,,,,,,,,,,,,,,,
8017,13:37:00,,,,,,,,,,,,,,,,,,,,,,,,,
8018,13:38:00,,,,,,,,,,,,,,,,,,,,,,,,,
8019,13:39:00,,,,,,,,,,,,,,,,,,,,,,,,,
8020,13:40:00,,,,,,,,,,,,,,,,,,,,,,,,,
8021,13:41:00,,,,,,,,,,,,,,,,,,,,,,,,,
8022,13:42:00,,,,,,,,,,,,,,,,,,,,,,,,,
8023,13:43:00,,,,,,,,,,,,,,,,,,,,,,,,,
8024,13:44:00,,,,,,,,,,,,,,,,,,,,,,,,,
8025,13:45:00,,,,,,,,,,,,,,,,,,,,,,,,,
8026,13:46:00,,,,,,,,,,,,,,,,,,,,,,,,,
8027,13:47:00,,,,,,,,,,,,,,,,,,,,,,,,,
8028,13:48:00,,,,,,,,,,,,,,,,,,,,,,,,,
8029,13:49:00,,,,,,,,,,,,,,,,,,,,,,,,,
8030,13:50:00,,,,,,,,,,,,,,,,,,,,,,,,,
8031,13:51:00,,,,,,,,,,,,,,,,,,,,,,,,,
8032,13:52:00,,,,,,,,,,,,,,,,,,,,,,,,,
8033,13:53:00,,,,,,,,,,,,,,,,,,,,,,,,,
8034,13:54:00,,,,,,,,,,,,,,,,,,,,,,,,,
8035,13:55:00,,,,,,,,,,,,,,,,,,,,,,,,,
8036,13:56:00,,,,,,,,,,,,,,,,,,,,,,,,,
8037,13:57:00,,,,,,,,,,,,,,,,,,,,,,,,,
8038,13:58:00,,,,,,,,,,,,,,,,,,,,,,,,,
8039,13:59:00,,,,,,,,,,,,,,,,,,,,,,,,,
8040,14:00:00,,,,,,,,,,,,,,,,,,,,,,,,,
8041,14:01:00,,,,,,,,,,,,,,,,,,,,,,,,,
8042,14:02:00,,,,,,,,,,,,,,,,,,,,,,,,,
8043,14:03:00,,,,,,,,,,,,,,,,,,,,,,,,,
8044,14:04:00,,,,,,,,,,,,,,,,,,,,,,,,,
8045,14:05:00,,,,,,,,,,,,,,,,,,,,,,,,,
8046,14:06:00,,,,,,,,,,,,,,,,,,,,,,,,,
8047,14:07:00,,,,,,,,,,,,,,,,,,,,,,,,,
8048,14:08:00,,,,,,,,,,,,,,,,,,,,,,,,,
8049,14:09:00,,,,,,,,,,,,,,,,,,,,,,,,,
8050,14:10:00,,,,,,,,,,,,,,,,,,,,,,,,,
8051,14:11:00,,,,,,,,,,,,,,,,,,,,,,,,,
8052,14:12:00,,,,,,,,,,,,,,,,,,,,,,,,,
8053,14:13:00,,,,,,,,,,,,,,,,,,,,,,,,,
8054,14:14:00,,,,,,,,,,,,,,,,,,,,,,,,,
8055,14:15:00,,,,,,,,,,,,,,,,,,,,,,,,,
8056,14:16:00,,,,,,,,,,,,,,,,,,,,,,,,,
8057,14:17:00,,,,,,,,,,,,,,,,,,,,,,,,,
8058,14:18:00,,,,,,,,,,,,,,,,,,,,,,,,,
8059,14:19:00,,,,,,,,,,,,,,,,,,,,,,,,,
8060,14:20:00,,,,,,,,,,,,,,,,,,,,,,,,,
8061,14:21:00,,,,,,,,,,,,,,,,,,,,,,,,,
8062,14:22:00,,,,,,,,,,,,,,,,,,,,,,,,,
8063,14:23:00,,,,,,,,,,,,,,,,,,,,,,,,,
8064,14:24:00,,,,,,,,,,,,,,,,,,,,,,,,,
8065,14:25:00,,,,,,,,,,,,,,,,,,,,,,,,,
8066,14:26:00,,,,,,,,,,,,,,,,,,,,,,,,,
8067,14:27:00,,,,,,,,,,,,,,,,,,,,,,,,,
8068,14:28:00,,,,,,,,,,,,,,,,,,,,,,,,,
8069,14:29:00,,,,,,,,,,,,,,,,,,,,,,,,,
8070,14:30:00,,,,,,,,,,,,,,,,,,,,,,,,,
8071,14:31:00,,,,,,,,,,,,,,,,,,,,,,,,,
8072,14:32:00,,,,,,,,,,,,,,,,,,,,,,,,,
8073,14:33:00,,,,,,,,,,,,,,,,,,,,,,,,,
8074,14:34:00,,,,,,,,,,,,,,,,,,,,,,,,,
8075,14:35:00,,,,,,,,,,,,,,,,,,,,,,,,,
8076,14:36:00,,,,,,,,,,,,,,,,,,,,,,,,,
8077,14:37:00,,,,,,,,,,,,,,,,,,,,,,,,,
8078,14:38:00,,,,,,,,,,,,,,,,,,,,,,,,,
8079,14:39:00,,,,,,,,,,,,,,,,,,,,,,,,,
8080,14:40:00,,,,,,,,,,,,,,,,,,,,,,,,,
8081,14:41:00,,,,,,,,,,,,,,,,,,,,,,,,,
8082,14:42:00,,,,,,,,,,,,,,,,,,,,,,,,,
8083,14:43:00,,,,,,,,,,,,,,,,,,,,,,,,,
8084,14:44:00,,,,,,,,,,,,,,,,,,,,,,,,,
8085,14:45:00,,,,,,,,,,,,,,,,,,,,,,,,,
8086,14:46:00,,,,,,,,,,,,,,,,,,,,,,,,,
8087,14:47:00,,,,,,,,,,,,,,,,,,,,,,,,,
8088,14:48:00,,,,,,,,,,,,,,,,,,,,,,,,,
8089,14:49:00,,,,,,,,,,,,,,,,,,,,,,,,,
8090,14:50:00,,,,,,,,,,,,,,,,,,,,,,,,,
8091,14:51:00,,,,,,,,,,,,,,,,,,,,,,,,,
8092,14:52:00,,,,,,,,,,,,,,,,,,,,,,,,,
8093,14:53:00,,,,,,,,,,,,,,,,,,,,,,,,,
8094,14:54:00,,,,,,,,,,,,,,,,,,,,,,,,,
8095,14:55:00,,,,,,,,,,,,,,,,,,,,,,,,,
8096,14:56:00,,,,,,,,,,,,,,,,,,,,,,,,,
8097,14:57:00,,,,,,,,,,,,,,,,,,,,,,,,,
8098,14:58:00,,,,,,,,,,,,,,,,,,,,,,,,,
8099,14:59:00,,,,,,,,,,,,,,,,,,,,,,,,,
8100,15:00:00,,,,,,,,,,,,,,,,,,,,,,,,,
8101,15:01:00,,,,,,,,,,,,,,,,,,,,,,,,,
8102,15:02:00,,,,,,,,,,,,,,,,,,,,,,,,,
8103,15:03:00,,,,,,,,,,,,,,,,,,,,,,,,,
8104,15:04:00,,,,,,,,,,,,,,,,,,,,,,,,,
8105,15:05:00,,,,,,,,,,,,,,,,,,,,,,,,,
8106,15:06:00,,,,,,,,,,,,,,,,,,,,,,,,,
8107,15:07:00,,,,,,,,,,,,,,,,,,,,,,,,,
8108,15:08:00,,,,,,,,,,,,,,,,,,,,,,,,,
8109,15:09:00,,,,,,,,,,,,,,,,,,,,,,,,,
8110,15:10:00,,,,,,,,,,,,,,,,,,,,,,,,,
8111,15:11:00,,,,,,,,,,,,,,,,,,,,,,,,,
8112,15:12:00,,,,,,,,,,,,,,,,,,,,,,,,,
8113,15:13:00,,,,,,,,,,,,,,,,,,,,,,,,,
8114,15:14:00,,,,,,,,,,,,,,,,,,,,,,,,,
8115,15:15:00,,,,,,,,,,,,,,,,,,,,,,,,,
8116,15:16:00,,,,,,,,,,,,,,,,,,,,,,,,,
8117,15:17:00,,,,,,,,,,,,,,,,,,,,,,,,,
8118,15:18:00,,,,,,,,,,,,,,,,,,,,,,,,,
8119,15:19:00,,,,,,,,,,,,,,,,,,,,,,,,,
8120,15:20:00,,,,,,,,,,,,,,,,,,,,,,,,,
8121,15:21:00,,,,,,,,,,,,,,,,,,,,,,,,,
8122,15:22:00,,,,,,,,,,,,,,,,,,,,,,,,,
8123,15:23:00,,,,,,,,,,,,,,,,,,,,,,,,,
8124,15:24:00,,,,,,,,,,,,,,,,,,,,,,,,,
8125,15:25:00,,,,,,,,,,,,,,,,,,,,,,,,,
8126,15:26:00,,,,,,,,,,,,,,,,,,,,,,,,,
8127,15:27:00,,,,,,,,,,,,,,,,,,,,,,,,,
8128,15:28:00,,,,,,,,,,,,,,,,,,,,,,,,,
8129,15:29:00,,,,,,,,,,,,,,,,,,,,,,,,,
8130,15:30:00,,,,,,,,,,,,,,,,,,,,,,,,,
8131,15:31:00,,,,,,,,,,,,,,,,,,,,,,,,,
8132,15:32:00,,,,,,,,,,,,,,,,,,,,,,,,,
8133,15:33:00,,,,,,,,,,,,,,,,,,,,,,,,,
8134,15:34:00,,,,,,,,,,,,,,,,,,,,,,,,,
8135,15:35:00,,,,,,,,,,,,,,,,,,,,,,,,,
8136,15:36:00,,,,,,,,,,,,,,,,,,,,,,,,,
8137,15:37:00,,,,,,,,,,,,,,,,,,,,,,,,,
8138,15:38:00,,,,,,,,,,,,,,,,,,,,,,,,,
8139,15:39:00,,,,,,,,,,,,,,,,,,,,,,,,,
8140,15:40:00,,,,,,,,,,,,,,,,,,,,,,,,,
8141,15:41:00,,,,,,,,,,,,,,,,,,,,,,,,,
8142,15:42:00,,,,,,,,,,,,,,,,,,,,,,,,,
8143,15:43:00,,,,,,,,,,,,,,,,,,,,,,,,,
8144,15:44:00,,,,,,,,,,,,,,,,,,,,,,,,,
8145,15:45:00,,,,,,,,,,,,,,,,,,,,,,,,,
8146,15:46:00,,,,,,,,,,,,,,,,,,,,,,,,,
8147,15:47:00,,,,,,,,,,,,,,,,,,,,,,,,,
8148,15:48:00,,,,,,,,,,,,,,,,,,,,,,,,,
8149,15:49:00,,,,,,,,,,,,,,,,,,,,,,,,,
8150,15:50:00,,,,,,,,,,,,,,,,,,,,,,,,,
8151,15:51:00,,,,,,,,,,,,,,,,,,,,,,,,,
8152,15:52:00,,,,,,,,,,,,,,,,,,,,,,,,,
8153,15:53:00,,,,,,,,,,,,,,,,,,,,,,,,,
8154,15:54:00,,,,,,,,,,,,,,,,,,,,,,,,,
8155,15:55:00,,,,,,,,,,,,,,,,,,,,,,,,,
8156,15:56:00,,,,,,,,,,,,,,,,,,,,,,,,,
8157,15:57:00,,,,,,,,,,,,,,,,,,,,,,,,,
8158,15:58:00,,,,,,,,,,,,,,,,,,,,,,,,,
8159,15:59:00,,,,,,,,,,,,,,,,,,,,,,,,,
8160,16:00:00,,,,,,,,,,,,,,,,,,,,,,,,,
8161,16:01:00,,,,,,,,,,,,,,,,,,,,,,,,,
8162,16:02:00,,,,,,,,,,,,,,,,,,,,,,,,,
8163,16:03:00,,,,,,,,,,,,,,,,,,,,,,,,,
8164,16:04:00,,,,,,,,,,,,,,,,,,,,,,,,,
8165,16:05:00,,,,,,,,,,,,,,,,,,,,,,,,,
8166,16:06:00,,,,,,,,,,,,,,,,,,,,,,,,,
8167,16:07:00,,,,,,,,,,,,,,,,,,,,,,,,,
8168,16:08:00,,,,,,,,,,,,,,,,,,,,,,,,,
8169,16:09:00,,,,,,,,,,,,,,,,,,,,,,,,,
8170,16:10:00,,,,,,,,,,,,,,,,,,,,,,,,,
8171,16:11:00,,,,,,,,,,,,,,,,,,,,,,,,,
8172,16:12:00,,,,,,,,,,,,,,,,,,,,,,,,,
8173,16:13:00,,,,,,,,,,,,,,,,,,,,,,,,,
8174,16:14:00,,,,,,,,,,,,,,,,,,,,,,,,,
8175,16:15:00,,,,,,,,,,,,,,,,,,,,,,,,,
8176,16:16:00,,,,,,,,,,,,,,,,,,,,,,,,,
8177,16:17:00,,,,,,,,,,,,,,,,,,,,,,,,,
8178,16:18:00,,,,,,,,,,,,,,,,,,,,,,,,,
8179,16:19:00,,,,,,,,,,,,,,,,,,,,,,,,,
8180,16:20:00,,,,,,,,,,,,,,,,,,,,,,,,,
8181,16:21:00,,,,,,,,,,,,,,,,,,,,,,,,,
8182,16:22:00,,,,,,,,,,,,,,,,,,,,,,,,,
8183,16:23:00,,,,,,,,,,,,,,,,,,,,,,,,,
8184,16:24:00,,,,,,,,,,,,,,,,,,,,,,,,,
8185,16:25:00,,,,,,,,,,,,,,,,,,,,,,,,,
8186,16:26:00,,,,,,,,,,,,,,,,,,,,,,,,,
8187,16:27:00,,,,,,,,,,,,,,,,,,,,,,,,,
8188,16:28:00,,,,,,,,,,,,,,,,,,,,,,,,,
8189,16:29:00,,,,,,,,,,,,,,,,,,,,,,,,,
8190,16:30:00,,,,,,,,,,,,,,,,,,,,,,,,,
8191,16:31:00,,,,,,,,,,,,,,,,,,,,,,,,,
8192,16:32:00,,,,,,,,,,,,,,,,,,,,,,,,,
8193,16:33:00,,,,,,,,,,,,,,,,,,,,,,,,,
8194,16:34:00,,,,,,,,,,,,,,,,,,,,,,,,,
8195,16:35:00,,,,,,,,,,,,,,,,,,,,,,,,,
8196,16:36:00,,,,,,,,,,,,,,,,,,,,,,,,,
8197,16:37:00,,,,,,,,,,,,,,,,,,,,,,,,,
8198,16:38:00,,,,,,,,,,,,,,,,,,,,,,,,,
8199,16:39:00,,,,,,,,,,,,,,,,,,,,,,,,,
8200,16:40:00,,,,,,,,,,,,,,,,,,,,,,,,,
8201,16:41:00,,,,,,,,,,,,,,,,,,,,,,,,,
8202,16:42:00,,,,,,,,,,,,,,,,,,,,,,,,,
8203,16:43:00,,,,,,,,,,,,,,,,,,,,,,,,,
8204,16:44:00,,,,,,,,,,,,,,,,,,,,,,,,,
8205,16:45:00,,,,,,,,,,,,,,,,,,,,,,,,,
8206,16:46:00,,,,,,,,,,,,,,,,,,,,,,,,,
8207,16:47:00,,,,,,,,,,,,,,,,,,,,,,,,,
8208,16:48:00,,,,,,,,,,,,,,,,,,,,,,,,,
8209,16:49:00,,,,,,,,,,,,,,,,,,,,,,,,,
8210,16:50:00,,,,,,,,,,,,,,,,,,,,,,,,,
8211,16:51:00,,,,,,,,,,,,,,,,,,,,,,,,,
8212,16:52:00,,,,,,,,,,,,,,,,,,,,,,,,,
8213,16:53:00,,,,,,,,,,,,,,,,,,,,,,,,,
8214,16:54:00,,,,,,,,,,,,,,,,,,,,,,,,,
8215,16:55:00,,,,,,,,,,,,,,,,,,,,,,,,,
8216,16:56:00,,,,,,,,,,,,,,,,,,,,,,,,,
8217,16:57:00,,,,,,,,,,,,,,,,,,,,,,,,,
8218,16:58:00,,,,,,,,,,,,,,,,,,,,,,,,,
8219,16:59:00,,,,,,,,,,,,,,,,,,,,,,,,,
8220,17:00:00,,,,,,,,,,,,,,,,,,,,,,,,,
8221,17:01:00,,,,,,,,,,,,,,,,,,,,,,,,,
8222,17:02:00,,,,,,,,,,,,,,,,,,,,,,,,,
8223,17:03:00,,,,,,,,,,,,,,,,,,,,,,,,,
8224,17:04:00,,,,,,,,,,,,,,,,,,,,,,,,,
8225,17:05:00,,,,,,,,,,,,,,,,,,,,,,,,,
8226,17:06:00,,,,,,,,,,,,,,,,,,,,,,,,,
8227,17:07:00,,,,,,,,,,,,,,,,,,,,,,,,,
8228,17:08:00,,,,,,,,,,,,,,,,,,,,,,,,,
8229,17:09:00,,,,,,,,,,,,,,,,,,,,,,,,,
8230,17:10:00,,,,,,,,,,,,,,,,,,,,,,,,,
8231,17:11:00,,,,,,,,,,,,,,,,,,,,,,,,,
8232,17:12:00,,,,,,,,,,,,,,,,,,,,,,,,,
8233,17:13:00,,,,,,,,,,,,,,,,,,,,,,,,,
8234,17:14:00,,,,,,,,,,,,,,,,,,,,,,,,,
8235,17:15:00,,,,,,,,,,,,,,,,,,,,,,,,,
8236,17:16:00,,,,,,,,,,,,,,,,,,,,,,,,,
8237,17:17:00,,,,,,,,,,,,,,,,,,,,,,,,,
8238,17:18:00,,,,,,,,,,,,,,,,,,,,,,,,,
8239,17:19:00,,,,,,,,,,,,,,,,,,,,,,,,,
8240,17:20:00,,,,,,,,,,,,,,,,,,,,,,,,,
8241,17:21:00,,,,,,,,,,,,,,,,,,,,,,,,,
8242,17:22:00,,,,,,,,,,,,,,,,,,,,,,,,,
8243,17:23:00,,,,,,,,,,,,,,,,,,,,,,,,,
8244,17:24:00,,,,,,,,,,,,,,,,,,,,,,,,,
8245,17:25:00,,,,,,,,,,,,,,,,,,,,,,,,,
8246,17:26:00,,,,,,,,,,,,,,,,,,,,,,,,,
8247,17:27:00,,,,,,,,,,,,,,,,,,,,,,,,,
8248,17:28:00,,,,,,,,,,,,,,,,,,,,,,,,,
8249,17:29:00,,,,,,,,,,,,,,,,,,,,,,,,,
8250,17:30:00,,,,,,,,,,,,,,,,,,,,,,,,,
8251,17:31:00,,,,,,,,,,,,,,,,,,,,,,,,,
8252,17:32:00,,,,,,,,,,,,,,,,,,,,,,,,,
8253,17:33:00,,,,,,,,,,,,,,,,,,,,,,,,,
8254,17:34:00,,,,,,,,,,,,,,,,,,,,,,,,,
8255,17:35:00,,,,,,,,,,,,,,,,,,,,,,,,,
8256,17:36:00,,,,,,,,,,,,,,,,,,,,,,,,,
8257,17:37:00,,,,,,,,,,,,,,,,,,,,,,,,,
8258,17:38:00,,,,,,,,,,,,,,,,,,,,,,,,,
8259,17:39:00,,,,,,,,,,,,,,,,,,,,,,,,,
8260,17:40:00,,,,,,,,,,,,,,,,,,,,,,,,,
8261,17:41:00,,,,,,,,,,,,,,,,,,,,,,,,,
8262,17:42:00,,,,,,,,,,,,,,,,,,,,,,,,,
8263,17:43:00,,,,,,,,,,,,,,,,,,,,,,,,,
8264,17:44:00,,,,,,,,,,,,,,,,,,,,,,,,,
8265,17:45:00,,,,,,,,,,,,,,,,,,,,,,,,,
8266,17:46:00,,,,,,,,,,,,,,,,,,,,,,,,,
8267,17:47:00,,,,,,,,,,,,,,,,,,,,,,,,,
8268,17:48:00,,,,,,,,,,,,,,,,,,,,,,,,,
8269,17:49:00,,,,,,,,,,,,,,,,,,,,,,,,,
8270,17:50:00,,,,,,,,,,,,,,,,,,,,,,,,,
8271,17:51:00,,,,,,,,,,,,,,,,,,,,,,,,,
8272,17:52:00,,,,,,,,,,,,,,,,,,,,,,,,,
8273,17:53:00,,,,,,,,,,,,,,,,,,,,,,,,,
8274,17:54:00,,,,,,,,,,,,,,,,,,,,,,,,,
8275,17:55:00,,,,,,,,,,,,,,,,,,,,,,,,,
8276,17:56:00,,,,,,,,,,,,,,,,,,,,,,,,,
8277,17:57:00,,,,,,,,,,,,,,,,,,,,,,,,,
8278,17:58:00,,,,,,,,,,,,,,,,,,,,,,,,,
8279,17:59:00,,,,,,,,,,,,,,,,,,,,,,,,,
8280,18:00:00,,,,,,,,,,,,,,,,,,,,,,,,,
8281,18:01:00,,,,,,,,,,,,,,,,,,,,,,,,,
8282,18:02:00,,,,,,,,,,,,,,,,,,,,,,,,,
8283,18:03:00,,,,,,,,,,,,,,,,,,,,,,,,,
8284,18:04:00,,,,,,,,,,,,,,,,,,,,,,,,,
8285,18:05:00,,,,,,,,,,,,,,,,,,,,,,,,,
8286,18:06:00,,,,,,,,,,,,,,,,,,,,,,,,,
8287,18:07:00,,,,,,,,,,,,,,,,,,,,,,,,,
8288,18:08:00,,,,,,,,,,,,,,,,,,,,,,,,,
8289,18:09:00,,,,,,,,,,,,,,,,,,,,,,,,,
8290,18:10:00,,,,,,,,,,,,,,,,,,,,,,,,,
8291,18:11:00,,,,,,,,,,,,,,,,,,,,,,,,,
8292,18:12:00,,,,,,,,,,,,,,,,,,,,,,,,,
8293,18:13:00,,,,,,,,,,,,,,,,,,,,,,,,,
8294,18:14:00,,,,,,,,,,,,,,,,,,,,,,,,,
8295,18:15:00,,,,,,,,,,,,,,,,,,,,,,,,,
8296,18:16:00,,,,,,,,,,,,,,,,,,,,,,,,,
8297,18:17:00,,,,,,,,,,,,,,,,,,,,,,,,,
8298,18:18:00,,,,,,,,,,,,,,,,,,,,,,,,,
8299,18:19:00,,,,,,,,,,,,,,,,,,,,,,,,,
8300,18:20:00,,,,,,,,,,,,,,,,,,,,,,,,,
8301,18:21:00,,,,,,,,,,,,,,,,,,,,,,,,,
8302,18:22:00,,,,,,,,,,,,,,,,,,,,,,,,,
8303,18:23:00,,,,,,,,,,,,,,,,,,,,,,,,,
8304,18:24:00,,,,,,,,,,,,,,,,,,,,,,,,,
8305,18:25:00,,,,,,,,,,,,,,,,,,,,,,,,,
8306,18:26:00,,,,,,,,,,,,,,,,,,,,,,,,,
8307,18:27:00,,,,,,,,,,,,,,,,,,,,,,,,,
8308,18:28:00,,,,,,,,,,,,,,,,,,,,,,,,,
8309,18:29:00,,,,,,,,,,,,,,,,,,,,,,,,,
8310,18:30:00,,,,,,,,,,,,,,,,,,,,,,,,,
8311,18:31:00,,,,,,,,,,,,,,,,,,,,,,,,,
8312,18:32:00,,,,,,,,,,,,,,,,,,,,,,,,,
8313,18:33:00,,,,,,,,,,,,,,,,,,,,,,,,,
8314,18:34:00,,,,,,,,,,,,,,,,,,,,,,,,,
8315,18:35:00,,,,,,,,,,,,,,,,,,,,,,,,,
8316,18:36:00,,,,,,,,,,,,,,,,,,,,,,,,,
8317,18:37:00,,,,,,,,,,,,,,,,,,,,,,,,,
8318,18:38:00,,,,,,,,,,,,,,,,,,,,,,,,,
8319,18:39:00,,,,,,,,,,,,,,,,,,,,,,,,,
8320,18:40:00,,,,,,,,,,,,,,,,,,,,,,,,,
8321,18:41:00,,,,,,,,,,,,,,,,,,,,,,,,,
8322,18:42:00,,,,,,,,,,,,,,,,,,,,,,,,,
8323,18:43:00,,,,,,,,,,,,,,,,,,,,,,,,,
8324,18:44:00,,,,,,,,,,,,,,,,,,,,,,,,,
8325,18:45:00,,,,,,,,,,,,,,,,,,,,,,,,,
8326,18:46:00,,,,,,,,,,,,,,,,,,,,,,,,,
8327,18:47:00,,,,,,,,,,,,,,,,,,,,,,,,,
8328,18:48:00,,,,,,,,,,,,,,,,,,,,,,,,,
8329,18:49:00,,,,,,,,,,,,,,,,,,,,,,,,,
8330,18:50:00,,,,,,,,,,,,,,,,,,,,,,,,,
8331,18:51:00,,,,,,,,,,,,,,,,,,,,,,,,,
8332,18:52:00,,,,,,,,,,,,,,,,,,,,,,,,,
8333,18:53:00,,,,,,,,,,,,,,,,,,,,,,,,,
8334,18:54:00,,,,,,,,,,,,,,,,,,,,,,,,,
8335,18:55:00,,,,,,,,,,,,,,,,,,,,,,,,,
8336,18:56:00,,,,,,,,,,,,,,,,,,,,,,,,,
8337,18:57:00,,,,,,,,,,,,,,,,,,,,,,,,,
8338,18:58:00,,,,,,,,,,,,,,,,,,,,,,,,,
8339,18:59:00,,,,,,,,,,,,,,,,,,,,,,,,,
8340,19:00:00,,,,,,,,,,,,,,,,,,,,,,,,,
8341,19:01:00,,,,,,,,,,,,,,,,,,,,,,,,,
8342,19:02:00,,,,,,,,,,,,,,,,,,,,,,,,,
8343,19:03:00,,,,,,,,,,,,,,,,,,,,,,,,,
8344,19:04:00,,,,,,,,,,,,,,,,,,,,,,,,,
8345,19:05:00,,,,,,,,,,,,,,,,,,,,,,,,,
8346,19:06:00,,,,,,,,,,,,,,,,,,,,,,,,,
8347,19:07:00,,,,,,,,,,,,,,,,,,,,,,,,,
8348,19:08:00,,,,,,,,,,,,,,,,,,,,,,,,,
8349,19:09:00,,,,,,,,,,,,,,,,,,,,,,,,,
8350,19:10:00,,,,,,,,,,,,,,,,,,,,,,,,,
8351,19:11:00,,,,,,,,,,,,,,,,,,,,,,,,,
8352,19:12:00,,,,,,,,,,,,,,,,,,,,,,,,,
8353,19:13:00,,,,,,,,,,,,,,,,,,,,,,,,,
8354,19:14:00,,,,,,,,,,,,,,,,,,,,,,,,,
8355,19:15:00,,,,,,,,,,,,,,,,,,,,,,,,,
8356,19:16:00,,,,,,,,,,,,,,,,,,,,,,,,,
8357,19:17:00,,,,,,,,,,,,,,,,,,,,,,,,,
8358,19:18:00,,,,,,,,,,,,,,,,,,,,,,,,,
8359,19:19:00,,,,,,,,,,,,,,,,,,,,,,,,,
8360,19:20:00,,,,,,,,,,,,,,,,,,,,,,,,,
8361,19:21:00,,,,,,,,,,,,,,,,,,,,,,,,,
8362,19:22:00,,,,,,,,,,,,,,,,,,,,,,,,,
8363,19:23:00,,,,,,,,,,,,,,,,,,,,,,,,,
8364,19:24:00,,,,,,,,,,,,,,,,,,,,,,,,,
8365,19:25:00,,,,,,,,,,,,,,,,,,,,,,,,,
8366,19:26:00,,,,,,,,,,,,,,,,,,,,,,,,,
8367,19:27:00,,,,,,,,,,,,,,,,,,,,,,,,,
8368,19:28:00,,,,,,,,,,,,,,,,,,,,,,,,,
8369,19:29:00,,,,,,,,,,,,,,,,,,,,,,,,,
8370,19:30:00,,,,,,,,,,,,,,,,,,,,,,,,,
8371,19:31:00,,,,,,,,,,,,,,,,,,,,,,,,,
8372,19:32:00,,,,,,,,,,,,,,,,,,,,,,,,,
8373,19:33:00,,,,,,,,,,,,,,,,,,,,,,,,,
8374,19:34:00,,,,,,,,,,,,,,,,,,,,,,,,,
8375,19:35:00,,,,,,,,,,,,,,,,,,,,,,,,,
8376,19:36:00,,,,,,,,,,,,,,,,,,,,,,,,,
8377,19:37:00,,,,,,,,,,,,,,,,,,,,,,,,,
8378,19:38:00,,,,,,,,,,,,,,,,,,,,,,,,,
8379,19:39:00,,,,,,,,,,,,,,,,,,,,,,,,,
8380,19:40:00,,,,,,,,,,,,,,,,,,,,,,,,,
8381,19:41:00,,,,,,,,,,,,,,,,,,,,,,,,,
8382,19:42:00,,,,,,,,,,,,,,,,,,,,,,,,,
8383,19:43:00,,,,,,,,,,,,,,,,,,,,,,,,,
8384,19:44:00,,,,,,,,,,,,,,,,,,,,,,,,,
8385,19:45:00,,,,,,,,,,,,,,,,,,,,,,,,,
8386,19:46:00,,,,,,,,,,,,,,,,,,,,,,,,,
8387,19:47:00,,,,,,,,,,,,,,,,,,,,,,,,,
8388,19:48:00,,,,,,,,,,,,,,,,,,,,,,,,,
8389,19:49:00,,,,,,,,,,,,,,,,,,,,,,,,,
8390,19:50:00,,,,,,,,,,,,,,,,,,,,,,,,,
8391,19:51:00,,,,,,,,,,,,,,,,,,,,,,,,,
8392,19:52:00,,,,,,,,,,,,,,,,,,,,,,,,,
8393,19:53:00,,,,,,,,,,,,,,,,,,,,,,,,,
8394,19:54:00,,,,,,,,,,,,,,,,,,,,,,,,,
8395,19:55:00,,,,,,,,,,,,,,,,,,,,,,,,,
8396,19:56:00,,,,,,,,,,,,,,,,,,,,,,,,,
8397,19:57:00,,,,,,,,,,,,,,,,,,,,,,,,,
8398,19:58:00,,,,,,,,,,,,,,,,,,,,,,,,,
8399,19:59:00,,,,,,,,,,,,,,,,,,,,,,,,,
8400,20:00:00,,,,,,,,,,,,,,,,,,,,,,,,,
8401,20:01:00,,,,,,,,,,,,,,,,,,,,,,,,,
8402,20:02:00,,,,,,,,,,,,,,,,,,,,,,,,,
8403,20:03:00,,,,,,,,,,,,,,,,,,,,,,,,,
8404,20:04:00,,,,,,,,,,,,,,,,,,,,,,,,,
8405,20:05:00,,,,,,,,,,,,,,,,,,,,,,,,,
8406,20:06:00,,,,,,,,,,,,,,,,,,,,,,,,,
8407,20:07:00,,,,,,,,,,,,,,,,,,,,,,,,,
8408,20:08:00,,,,,,,,,,,,,,,,,,,,,,,,,
8409,20:09:00,,,,,,,,,,,,,,,,,,,,,,,,,
8410,20:10:00,,,,,,,,,,,,,,,,,,,,,,,,,
8411,20:11:00,,,,,,,,,,,,,,,,,,,,,,,,,
8412,20:12:00,,,,,,,,,,,,,,,,,,,,,,,,,
8413,20:13:00,,,,,,,,,,,,,,,,,,,,,,,,,
8414,20:14:00,,,,,,,,,,,,,,,,,,,,,,,,,
8415,20:15:00,,,,,,,,,,,,,,,,,,,,,,,,,
8416,20:16:00,,,,,,,,,,,,,,,,,,,,,,,,,
8417,20:17:00,,,,,,,,,,,,,,,,,,,,,,,,,
8418,20:18:00,,,,,,,,,,,,,,,,,,,,,,,,,
8419,20:19:00,,,,,,,,,,,,,,,,,,,,,,,,,
8420,20:20:00,,,,,,,,,,,,,,,,,,,,,,,,,
8421,20:21:00,,,,,,,,,,,,,,,,,,,,,,,,,
8422,20:22:00,,,,,,,,,,,,,,,,,,,,,,,,,
8423,20:23:00,,,,,,,,,,,,,,,,,,,,,,,,,
8424,20:24:00,,,,,,,,,,,,,,,,,,,,,,,,,
8425,20:25:00,,,,,,,,,,,,,,,,,,,,,,,,,
8426,20:26:00,,,,,,,,,,,,,,,,,,,,,,,,,
8427,20:27:00,,,,,,,,,,,,,,,,,,,,,,,,,
8428,20:28:00,,,,,,,,,,,,,,,,,,,,,,,,,
8429,20:29:00,,,,,,,,,,,,,,,,,,,,,,,,,
8430,20:30:00,,,,,,,,,,,,,,,,,,,,,,,,,
8431,20:31:00,,,,,,,,,,,,,,,,,,,,,,,,,
8432,20:32:00,,,,,,,,,,,,,,,,,,,,,,,,,
8433,20:33:00,,,,,,,,,,,,,,,,,,,,,,,,,
8434,20:34:00,,,,,,,,,,,,,,,,,,,,,,,,,
8435,20:35:00,,,,,,,,,,,,,,,,,,,,,,,,,
8436,20:36:00,,,,,,,,,,,,,,,,,,,,,,,,,
8437,20:37:00,,,,,,,,,,,,,,,,,,,,,,,,,
8438,20:38:00,,,,,,,,,,,,,,,,,,,,,,,,,
8439,20:39:00,,,,,,,,,,,,,,,,,,,,,,,,,
8440,20:40:00,,,,,,,,,,,,,,,,,,,,,,,,,
8441,20:41:00,,,,,,,,,,,,,,,,,,,,,,,,,
8442,20:42:00,,,,,,,,,,,,,,,,,,,,,,,,,
8443,20:43:00,,,,,,,,,,,,,,,,,,,,,,,,,
8444,20:44:00,,,,,,,,,,,,,,,,,,,,,,,,,
8445,20:45:00,,,,,,,,,,,,,,,,,,,,,,,,,
8446,20:46:00,,,,,,,,,,,,,,,,,,,,,,,,,
8447,20:47:00,,,,,,,,,,,,,,,,,,,,,,,,,
8448,20:48:00,,,,,,,,,,,,,,,,,,,,,,,,,
8449,20:49:00,,,,,,,,,,,,,,,,,,,,,,,,,
8450,20:50:00,,,,,,,,,,,,,,,,,,,,,,,,,
8451,20:51:00,,,,,,,,,,,,,,,,,,,,,,,,,
8452,20:52:00,,,,,,,,,,,,,,,,,,,,,,,,,
8453,20:53:00,,,,,,,,,,,,,,,,,,,,,,,,,
8454,20:54:00,,,,,,,,,,,,,,,,,,,,,,,,,
8455,20:55:00,,,,,,,,,,,,,,,,,,,,,,,,,
8456,20:56:00,,,,,,,,,,,,,,,,,,,,,,,,,
8457,20:57:00,,,,,,,,,,,,,,,,,,,,,,,,,
8458,20:58:00,,,,,,,,,,,,,,,,,,,,,,,,,
8459,20:59:00,,,,,,,,,,,,,,,,,,,,,,,,,
8460,21:00:00,,,,,,,,,,,,,,,,,,,,,,,,,
8461,21:01:00,,,,,,,,,,,,,,,,,,,,,,,,,
8462,21:02:00,,,,,,,,,,,,,,,,,,,,,,,,,
8463,21:03:00,,,,,,,,,,,,,,,,,,,,,,,,,
8464,21:04:00,,,,,,,,,,,,,,,,,,,,,,,,,
8465,21:05:00,,,,,,,,,,,,,,,,,,,,,,,,,
8466,21:06:00,,,,,,,,,,,,,,,,,,,,,,,,,
8467,21:07:00,,,,,,,,,,,,,,,,,,,,,,,,,
8468,21:08:00,,,,,,,,,,,,,,,,,,,,,,,,,
8469,21:09:00,,,,,,,,,,,,,,,,,,,,,,,,,
8470,21:10:00,,,,,,,,,,,,,,,,,,,,,,,,,
8471,21:11:00,,,,,,,,,,,,,,,,,,,,,,,,,
8472,21:12:00,,,,,,,,,,,,,,,,,,,,,,,,,
8473,21:13:00,,,,,,,,,,,,,,,,,,,,,,,,,
8474,21:14:00,,,,,,,,,,,,,,,,,,,,,,,,,
8475,21:15:00,,,,,,,,,,,,,,,,,,,,,,,,,
8476,21:16:00,,,,,,,,,,,,,,,,,,,,,,,,,
8477,21:17:00,,,,,,,,,,,,,,,,,,,,,,,,,
8478,21:18:00,,,,,,,,,,,,,,,,,,,,,,,,,
8479,21:19:00,,,,,,,,,,,,,,,,,,,,,,,,,
8480,21:20:00,,,,,,,,,,,,,,,,,,,,,,,,,
8481,21:21:00,,,,,,,,,,,,,,,,,,,,,,,,,
8482,21:22:00,,,,,,,,,,,,,,,,,,,,,,,,,
8483,21:23:00,,,,,,,,,,,,,,,,,,,,,,,,,
8484,21:24:00,,,,,,,,,,,,,,,,,,,,,,,,,
8485,21:25:00,,,,,,,,,,,,,,,,,,,,,,,,,
8486,21:26:00,,,,,,,,,,,,,,,,,,,,,,,,,
8487,21:27:00,,,,,,,,,,,,,,,,,,,,,,,,,
8488,21:28:00,,,,,,,,,,,,,,,,,,,,,,,,,
8489,21:29:00,,,,,,,,,,,,,,,,,,,,,,,,,
8490,21:30:00,,,,,,,,,,,,,,,,,,,,,,,,,
8491,21:31:00,,,,,,,,,,,,,,,,,,,,,,,,,
8492,21:32:00,,,,,,,,,,,,,,,,,,,,,,,,,
8493,21:33:00,,,,,,,,,,,,,,,,,,,,,,,,,
8494,21:34:00,,,,,,,,,,,,,,,,,,,,,,,,,
8495,21:35:00,,,,,,,,,,,,,,,,,,,,,,,,,
8496,21:36:00,,,,,,,,,,,,,,,,,,,,,,,,,
8497,21:37:00,,,,,,,,,,,,,,,,,,,,,,,,,
8498,21:38:00,,,,,,,,,,,,,,,,,,,,,,,,,
8499,21:39:00,,,,,,,,,,,,,,,,,,,,,,,,,
8500,21:40:00,,,,,,,,,,,,,,,,,,,,,,,,,
8501,21:41:00,,,,,,,,,,,,,,,,,,,,,,,,,
8502,21:42:00,,,,,,,,,,,,,,,,,,,,,,,,,
8503,21:43:00,,,,,,,,,,,,,,,,,,,,,,,,,
8504,21:44:00,,,,,,,,,,,,,,,,,,,,,,,,,
8505,21:45:00,,,,,,,,,,,,,,,,,,,,,,,,,
8506,21:46:00,,,,,,,,,,,,,,,,,,,,,,,,,
8507,21:47:00,,,,,,,,,,,,,,,,,,,,,,,,,
8508,21:48:00,,,,,,,,,,,,,,,,,,,,,,,,,
8509,21:49:00,,,,,,,,,,,,,,,,,,,,,,,,,
8510,21:50:00,,,,,,,,,,,,,,,,,,,,,,,,,
8511,21:51:00,,,,,,,,,,,,,,,,,,,,,,,,,
8512,21:52:00,,,,,,,,,,,,,,,,,,,,,,,,,
8513,21:53:00,,,,,,,,,,,,,,,,,,,,,,,,,
8514,21:54:00,,,,,,,,,,,,,,,,,,,,,,,,,
8515,21:55:00,,,,,,,,,,,,,,,,,,,,,,,,,
8516,21:56:00,,,,,,,,,,,,,,,,,,,,,,,,,
8517,21:57:00,,,,,,,,,,,,,,,,,,,,,,,,,
8518,21:58:00,,,,,,,,,,,,,,,,,,,,,,,,,
8519,21:59:00,,,,,,,,,,,,,,,,,,,,,,,,,
8520,22:00:00,,,,,,,,,,,,,,,,,,,,,,,,,
8521,22:01:00,,,,,,,,,,,,,,,,,,,,,,,,,
8522,22:02:00,,,,,,,,,,,,,,,,,,,,,,,,,
8523,22:03:00,,,,,,,,,,,,,,,,,,,,,,,,,
8524,22:04:00,,,,,,,,,,,,,,,,,,,,,,,,,
8525,22:05:00,,,,,,,,,,,,,,,,,,,,,,,,,
8526,22:06:00,,,,,,,,,,,,,,,,,,,,,,,,,
8527,22:07:00,,,,,,,,,,,,,,,,,,,,,,,,,
8528,22:08:00,,,,,,,,,,,,,,,,,,,,,,,,,
8529,22:09:00,,,,,,,,,,,,,,,,,,,,,,,,,
8530,22:10:00,,,,,,,,,,,,,,,,,,,,,,,,,
8531,22:11:00,,,,,,,,,,,,,,,,,,,,,,,,,
8532,22:12:00,,,,,,,,,,,,,,,,,,,,,,,,,
8533,22:13:00,,,,,,,,,,,,,,,,,,,,,,,,,
8534,22:14:00,,,,,,,,,,,,,,,,,,,,,,,,,
8535,22:15:00,,,,,,,,,,,,,,,,,,,,,,,,,
8536,22:16:00,,,,,,,,,,,,,,,,,,,,,,,,,
8537,22:17:00,,,,,,,,,,,,,,,,,,,,,,,,,
8538,22:18:00,,,,,,,,,,,,,,,,,,,,,,,,,
8539,22:19:00,,,,,,,,,,,,,,,,,,,,,,,,,
8540,22:20:00,,,,,,,,,,,,,,,,,,,,,,,,,
8541,22:21:00,,,,,,,,,,,,,,,,,,,,,,,,,
8542,22:22:00,,,,,,,,,,,,,,,,,,,,,,,,,
8543,22:23:00,,,,,,,,,,,,,,,,,,,,,,,,,
8544,22:24:00,,,,,,,,,,,,,,,,,,,,,,,,,
8545,22:25:00,,,,,,,,,,,,,,,,,,,,,,,,,
8546,22:26:00,,,,,,,,,,,,,,,,,,,,,,,,,
8547,22:27:00,,,,,,,,,,,,,,,,,,,,,,,,,
8548,22:28:00,,,,,,,,,,,,,,,,,,,,,,,,,
8549,22:29:00,,,,,,,,,,,,,,,,,,,,,,,,,
8550,22:30:00,,,,,,,,,,,,,,,,,,,,,,,,,
8551,22:31:00,,,,,,,,,,,,,,,,,,,,,,,,,
8552,22:32:00,,,,,,,,,,,,,,,,,,,,,,,,,
8553,22:33:00,,,,,,,,,,,,,,,,,,,,,,,,,
8554,22:34:00,,,,,,,,,,,,,,,,,,,,,,,,,
8555,22:35:00,,,,,,,,,,,,,,,,,,,,,,,,,
8556,22:36:00,,,,,,,,,,,,,,,,,,,,,,,,,
8557,22:37:00,,,,,,,,,,,,,,,,,,,,,,,,,
8558,22:38:00,,,,,,,,,,,,,,,,,,,,,,,,,
8559,22:39:00,,,,,,,,,,,,,,,,,,,,,,,,,
8560,22:40:00,,,,,,,,,,,,,,,,,,,,,,,,,
8561,22:41:00,,,,,,,,,,,,,,,,,,,,,,,,,
8562,22:42:00,,,,,,,,,,,,,,,,,,,,,,,,,
8563,22:43:00,,,,,,,,,,,,,,,,,,,,,,,,,
8564,22:44:00,,,,,,,,,,,,,,,,,,,,,,,,,
8565,22:45:00,,,,,,,,,,,,,,,,,,,,,,,,,
8566,22:46:00,,,,,,,,,,,,,,,,,,,,,,,,,
8567,22:47:00,,,,,,,,,,,,,,,,,,,,,,,,,
8568,22:48:00,,,,,,,,,,,,,,,,,,,,,,,,,
8569,22:49:00,,,,,,,,,,,,,,,,,,,,,,,,,
8570,22:50:00,,,,,,,,,,,,,,,,,,,,,,,,,
8571,22:51:00,,,,,,,,,,,,,,,,,,,,,,,,,
8572,22:52:00,,,,,,,,,,,,,,,,,,,,,,,,,
8573,22:53:00,,,,,,,,,,,,,,,,,,,,,,,,,
8574,22:54:00,,,,,,,,,,,,,,,,,,,,,,,,,
8575,22:55:00,,,,,,,,,,,,,,,,,,,,,,,,,
8576,22:56:00,,,,,,,,,,,,,,,,,,,,,,,,,
8577,22:57:00,,,,,,,,,,,,,,,,,,,,,,,,,
8578,22:58:00,,,,,,,,,,,,,,,,,,,,,,,,,
8579,22:59:00,,,,,,,,,,,,,,,,,,,,,,,,,
8580,23:00:00,,,,,,,,,,,,,,,,,,,,,,,,,
8581,23:01:00,,,,,,,,,,,,,,,,,,,,,,,,,
8582,23:02:00,,,,,,,,,,,,,,,,,,,,,,,,,
8583,23:03:00,,,,,,,,,,,,,,,,,,,,,,,,,
8584,23:04:00,,,,,,,,,,,,,,,,,,,,,,,,,
8585,23:05:00,,,,,,,,,,,,,,,,,,,,,,,,,
8586,23:06:00,,,,,,,,,,,,,,,,,,,,,,,,,
8587,23:07:00,,,,,,,,,,,,,,,,,,,,,,,,,
8588,23:08:00,,,,,,,,,,,,,,,,,,,,,,,,,
8589,23:09:00,,,,,,,,,,,,,,,,,,,,,,,,,
8590,23:10:00,,,,,,,,,,,,,,,,,,,,,,,,,
8591,23:11:00,,,,,,,,,,,,,,,,,,,,,,,,,
8592,23:12:00,,,,,,,,,,,,,,,,,,,,,,,,,
8593,23:13:00,,,,,,,,,,,,,,,,,,,,,,,,,
8594,23:14:00,,,,,,,,,,,,,,,,,,,,,,,,,
8595,23:15:00,,,,,,,,,,,,,,,,,,,,,,,,,
8596,23:16:00,,,,,,,,,,,,,,,,,,,,,,,,,
8597,23:17:00,,,,,,,,,,,,,,,,,,,,,,,,,
8598,23:18:00,,,,,,,,,,,,,,,,,,,,,,,,,
8599,23:19:00,,,,,,,,,,,,,,,,,,,,,,,,,
8600,23:20:00,,,,,,,,,,,,,,,,,,,,,,,,,
8601,23:21:00,,,,,,,,,,,,,,,,,,,,,,,,,
8602,23:22:00,,,,,,,,,,,,,,,,,,,,,,,,,
8603,23:23:00,,,,,,,,,,,,,,,,,,,,,,,,,
8604,23:24:00,,,,,,,,,,,,,,,,,,,,,,,,,
8605,23:25:00,,,,,,,,,,,,,,,,,,,,,,,,,
8606,23:26:00,,,,,,,,,,,,,,,,,,,,,,,,,
8607,23:27:00,,,,,,,,,,,,,,,,,,,,,,,,,
8608,23:28:00,,,,,,,,,,,,,,,,,,,,,,,,,
8609,23:29:00,,,,,,,,,,,,,,,,,,,,,,,,,
8610,23:30:00,,,,,,,,,,,,,,,,,,,,,,,,,
8611,23:31:00,,,,,,,,,,,,,,,,,,,,,,,,,
8612,23:32:00,,,,,,,,,,,,,,,,,,,,,,,,,
8613,23:33:00,,,,,,,,,,,,,,,,,,,,,,,,,
8614,23:34:00,,,,,,,,,,,,,,,,,,,,,,,,,
8615,23:35:00,,,,,,,,,,,,,,,,,,,,,,,,,
8616,23:36:00,,,,,,,,,,,,,,,,,,,,,,,,,
8617,23:37:00,,,,,,,,,,,,,,,,,,,,,,,,,
8618,23:38:00,,,,,,,,,,,,,,,,,,,,,,,,,
8619,23:39:00,,,,,,,,,,,,,,,,,,,,,,,,,
8620,23:40:00,,,,,,,,,,,,,,,,,,,,,,,,,
8621,23:41:00,,,,,,,,,,,,,,,,,,,,,,,,,
8622,23:42:00,,,,,,,,,,,,,,,,,,,,,,,,,
8623,23:43:00,,,,,,,,,,,,,,,,,,,,,,,,,
8624,23:44:00,,,,,,,,,,,,,,,,,,,,,,,,,
8625,23:45:00,,,,,,,,,,,,,,,,,,,,,,,,,
8626,23:46:00,,,,,,,,,,,,,,,,,,,,,,,,,
8627,23:47:00,,,,,,,,,,,,,,,,,,,,,,,,,
8628,23:48:00,,,,,,,,,,,,,,,,,,,,,,,,,
8629,23:49:00,,,,,,,,,,,,,,,,,,,,,,,,,
8630,23:50:00,,,,,,,,,,,,,,,,,,,,,,,,,
8631,23:51:00,,,,,,,,,,,,,,,,,,,,,,,,,
8632,23:52:00,,,,,,,,,,,,,,,,,,,,,,,,,
8633,23:53:00,,,,,,,,,,,,,,,,,,,,,,,,,
8634,23:54:00,,,,,,,,,,,,,,,,,,,,,,,,,
8635,23:55:00,,,,,,,,,,,,,,,,,,,,,,,,,
8636,23:56:00,,,,,,,,,,,,,,,,,,,,,,,,,
8637,23:57:00,,,,,,,,,,,,,,,,,,,,,,,,,
8638,23:58:00,,,,,,,,,,,,,,,,,,,,,,,,,
8639,23:59:00,,,,,,,,,,,,,,,,,,,,,,,,,
8640,00:00:00,,,,,,,,,,,,,,,,,,,,,,,,,
8641,00:01:00,,,,,,,,,,,,,,,,,,,,,,,,,
8642,00:02:00,,,,,,,,,,,,,,,,,,,,,,,,,
8643,00:03:00,,,,,,,,,,,,,,,,,,,,,,,,,
8644,00:04:00,,,,,,,,,,,,,,,,,,,,,,,,,
8645,00:05:00,,,,,,,,,,,,,,,,,,,,,,,,,
8646,00:06:00,,,,,,,,,,,,,,,,,,,,,,,,,
8647,00:07:00,,,,,,,,,,,,,,,,,,,,,,,,,
8648,00:08:00,,,,,,,,,,,,,,,,,,,,,,,,,
8649,00:09:00,,,,,,,,,,,,,,,,,,,,,,,,,
8650,00:10:00,,,,,,,,,,,,,,,,,,,,,,,,,
8651,00:11:00,,,,,,,,,,,,,,,,,,,,,,,,,
8652,00:12:00,,,,,,,,,,,,,,,,,,,,,,,,,
8653,00:13:00,,,,,,,,,,,,,,,,,,,,,,,,,
8654,00:14:00,,,,,,,,,,,,,,,,,,,,,,,,,
8655,00:15:00,,,,,,,,,,,,,,,,,,,,,,,,,
8656,00:16:00,,,,,,,,,,,,,,,,,,,,,,,,,
8657,00:17:00,,,,,,,,,,,,,,,,,,,,,,,,,
8658,00:18:00,,,,,,,,,,,,,,,,,,,,,,,,,
8659,00:19:00,,,,,,,,,,,,,,,,,,,,,,,,,
8660,00:20:00,,,,,,,,,,,,,,,,,,,,,,,,,
8661,00:21:00,,,,,,,,,,,,,,,,,,,,,,,,,
8662,00:22:00,,,,,,,,,,,,,,,,,,,,,,,,,
8663,00:23:00,,,,,,,,,,,,,,,,,,,,,,,,,
8664,00:24:00,,,,,,,,,,,,,,,,,,,,,,,,,
8665,00:25:00,,,,,,,,,,,,,,,,,,,,,,,,,
8666,00:26:00,,,,,,,,,,,,,,,,,,,,,,,,,
8667,00:27:00,,,,,,,,,,,,,,,,,,,,,,,,,
8668,00:28:00,,,,,,,,,,,,,,,,,,,,,,,,,
8669,00:29:00,,,,,,,,,,,,,,,,,,,,,,,,,
8670,00:30:00,,,,,,,,,,,,,,,,,,,,,,,,,
8671,00:31:00,,,,,,,,,,,,,,,,,,,,,,,,,
8672,00:32:00,,,,,,,,,,,,,,,,,,,,,,,,,
8673,00:33:00,,,,,,,,,,,,,,,,,,,,,,,,,
8674,00:34:00,,,,,,,,,,,,,,,,,,,,,,,,,
8675,00:35:00,,,,,,,,,,,,,,,,,,,,,,,,,
8676,00:36:00,,,,,,,,,,,,,,,,,,,,,,,,,
8677,00:37:00,,,,,,,,,,,,,,,,,,,,,,,,,
8678,00:38:00,,,,,,,,,,,,,,,,,,,,,,,,,
8679,00:39:00,,,,,,,,,,,,,,,,,,,,,,,,,
8680,00:40:00,,,,,,,,,,,,,,,,,,,,,,,,,
8681,00:41:00,,,,,,,,,,,,,,,,,,,,,,,,,
8682,00:42:00,,,,,,,,,,,,,,,,,,,,,,,,,
8683,00:43:00,,,,,,,,,,,,,,,,,,,,,,,,,
8684,00:44:00,,,,,,,,,,,,,,,,,,,,,,,,,
8685,00:45:00,,,,,,,,,,,,,,,,,,,,,,,,,
8686,00:46:00,,,,,,,,,,,,,,,,,,,,,,,,,
8687,00:47:00,,,,,,,,,,,,,,,,,,,,,,,,,
8688,00:48:00,,,,,,,,,,,,,,,,,,,,,,,,,
8689,00:49:00,,,,,,,,,,,,,,,,,,,,,,,,,
8690,00:50:00,,,,,,,,,,,,,,,,,,,,,,,,,
8691,00:51:00,,,,,,,,,,,,,,,,,,,,,,,,,
8692,00:52:00,,,,,,,,,,,,,,,,,,,,,,,,,
8693,00:53:00,,,,,,,,,,,,,,,,,,,,,,,,,
8694,00:54:00,,,,,,,,,,,,,,,,,,,,,,,,,
8695,00:55:00,,,,,,,,,,,,,,,,,,,,,,,,,
8696,00:56:00,,,,,,,,,,,,,,,,,,,,,,,,,
8697,00:57:00,,,,,,,,,,,,,,,,,,,,,,,,,
8698,00:58:00,,,,,,,,,,,,,,,,,,,,,,,,,
8699,00:59:00,,,,,,,,,,,,,,,,,,,,,,,,,
8700,01:00:00,,,,,,,,,,,,,,,,,,,,,,,,,
8701,01:01:00,,,,,,,,,,,,,,,,,,,,,,,,,
8702,01:02:00,,,,,,,,,,,,,,,,,,,,,,,,,
8703,01:03:00,,,,,,,,,,,,,,,,,,,,,,,,,
8704,01:04:00,,,,,,,,,,,,,,,,,,,,,,,,,
8705,01:05:00,,,,,,,,,,,,,,,,,,,,,,,,,
8706,01:06:00,,,,,,,,,,,,,,,,,,,,,,,,,
8707,01:07:00,,,,,,,,,,,,,,,,,,,,,,,,,
8708,01:08:00,,,,,,,,,,,,,,,,,,,,,,,,,
8709,01:09:00,,,,,,,,,,,,,,,,,,,,,,,,,
8710,01:10:00,,,,,,,,,,,,,,,,,,,,,,,,,
8711,01:11:00,,,,,,,,,,,,,,,,,,,,,,,,,
8712,01:12:00,,,,,,,,,,,,,,,,,,,,,,,,,
8713,01:13:00,,,,,,,,,,,,,,,,,,,,,,,,,
8714,01:14:00,,,,,,,,,,,,,,,,,,,,,,,,,
8715,01:15:00,,,,,,,,,,,,,,,,,,,,,,,,,
8716,01:16:00,,,,,,,,,,,,,,,,,,,,,,,,,
8717,01:17:00,,,,,,,,,,,,,,,,,,,,,,,,,
8718,01:18:00,,,,,,,,,,,,,,,,,,,,,,,,,
8719,01:19:00,,,,,,,,,,,,,,,,,,,,,,,,,
8720,01:20:00,,,,,,,,,,,,,,,,,,,,,,,,,
8721,01:21:00,,,,,,,,,,,,,,,,,,,,,,,,,
8722,01:22:00,,,,,,,,,,,,,,,,,,,,,,,,,
8723,01:23:00,,,,,,,,,,,,,,,,,,,,,,,,,
8724,01:24:00,,,,,,,,,,,,,,,,,,,,,,,,,
8725,01:25:00,,,,,,,,,,,,,,,,,,,,,,,,,
8726,01:26:00,,,,,,,,,,,,,,,,,,,,,,,,,
8727,01:27:00,,,,,,,,,,,,,,,,,,,,,,,,,
8728,01:28:00,,,,,,,,,,,,,,,,,,,,,,,,,
8729,01:29:00,,,,,,,,,,,,,,,,,,,,,,,,,
8730,01:30:00,,,,,,,,,,,,,,,,,,,,,,,,,
8731,01:31:00,,,,,,,,,,,,,,,,,,,,,,,,,
8732,01:32:00,,,,,,,,,,,,,,,,,,,,,,,,,
8733,01:33:00,,,,,,,,,,,,,,,,,,,,,,,,,
8734,01:34:00,,,,,,,,,,,,,,,,,,,,,,,,,
8735,01:35:00,,,,,,,,,,,,,,,,,,,,,,,,,
8736,01:36:00,,,,,,,,,,,,,,,,,,,,,,,,,
8737,01:37:00,,,,,,,,,,,,,,,,,,,,,,,,,
8738,01:38:00,,,,,,,,,,,,,,,,,,,,,,,,,
8739,01:39:00,,,,,,,,,,,,,,,,,,,,,,,,,
8740,01:40:00,,,,,,,,,,,,,,,,,,,,,,,,,
8741,01:41:00,,,,,,,,,,,,,,,,,,,,,,,,,
8742,01:42:00,,,,,,,,,,,,,,,,,,,,,,,,,
8743,01:43:00,,,,,,,,,,,,,,,,,,,,,,,,,
8744,01:44:00,,,,,,,,,,,,,,,,,,,,,,,,,
8745,01:45:00,,,,,,,,,,,,,,,,,,,,,,,,,
8746,01:46:00,,,,,,,,,,,,,,,,,,,,,,,,,
8747,01:47:00,,,,,,,,,,,,,,,,,,,,,,,,,
8748,01:48:00,,,,,,,,,,,,,,,,,,,,,,,,,
8749,01:49:00,,,,,,,,,,,,,,,,,,,,,,,,,
8750,01:50:00,,,,,,,,,,,,,,,,,,,,,,,,,
8751,01:51:00,,,,,,,,,,,,,,,,,,,,,,,,,
8752,01:52:00,,,,,,,,,,,,,,,,,,,,,,,,,
8753,01:53:00,,,,,,,,,,,,,,,,,,,,,,,,,
8754,01:54:00,,,,,,,,,,,,,,,,,,,,,,,,,
8755,01:55:00,,,,,,,,,,,,,,,,,,,,,,,,,
8756,01:56:00,,,,,,,,,,,,,,,,,,,,,,,,,
8757,01:57:00,,,,,,,,,,,,,,,,,,,,,,,,,
8758,01:58:00,,,,,,,,,,,,,,,,,,,,,,,,,
8759,01:59:00,,,,,,,,,,,,,,,,,,,,,,,,,
8760,02:00:00,,,,,,,,,,,,,,,,,,,,,,,,,
8761,02:01:00,,,,,,,,,,,,,,,,,,,,,,,,,
8762,02:02:00,,,,,,,,,,,,,,,,,,,,,,,,,
8763,02:03:00,,,,,,,,,,,,,,,,,,,,,,,,,
8764,02:04:00,,,,,,,,,,,,,,,,,,,,,,,,,
8765,02:05:00,,,,,,,,,,,,,,,,,,,,,,,,,
8766,02:06:00,,,,,,,,,,,,,,,,,,,,,,,,,
8767,02:07:00,,,,,,,,,,,,,,,,,,,,,,,,,
8768,02:08:00,,,,,,,,,,,,,,,,,,,,,,,,,
8769,02:09:00,,,,,,,,,,,,,,,,,,,,,,,,,
8770,02:10:00,,,,,,,,,,,,,,,,,,,,,,,,,
8771,02:11:00,,,,,,,,,,,,,,,,,,,,,,,,,
8772,02:12:00,,,,,,,,,,,,,,,,,,,,,,,,,
8773,02:13:00,,,,,,,,,,,,,,,,,,,,,,,,,
8774,02:14:00,,,,,,,,,,,,,,,,,,,,,,,,,
8775,02:15:00,,,,,,,,,,,,,,,,,,,,,,,,,
8776,02:16:00,,,,,,,,,,,,,,,,,,,,,,,,,
8777,02:17:00,,,,,,,,,,,,,,,,,,,,,,,,,
8778,02:18:00,,,,,,,,,,,,,,,,,,,,,,,,,
8779,02:19:00,,,,,,,,,,,,,,,,,,,,,,,,,
8780,02:20:00,,,,,,,,,,,,,,,,,,,,,,,,,
8781,02:21:00,,,,,,,,,,,,,,,,,,,,,,,,,
8782,02:22:00,,,,,,,,,,,,,,,,,,,,,,,,,
8783,02:23:00,,,,,,,,,,,,,,,,,,,,,,,,,
8784,02:24:00,,,,,,,,,,,,,,,,,,,,,,,,,
8785,02:25:00,,,,,,,,,,,,,,,,,,,,,,,,,
8786,02:26:00,,,,,,,,,,,,,,,,,,,,,,,,,
8787,02:27:00,,,,,,,,,,,,,,,,,,,,,,,,,
8788,02:28:00,,,,,,,,,,,,,,,,,,,,,,,,,
8789,02:29:00,,,,,,,,,,,,,,,,,,,,,,,,,
8790,02:30:00,,,,,,,,,,,,,,,,,,,,,,,,,
8791,02:31:00,,,,,,,,,,,,,,,,,,,,,,,,,
8792,02:32:00,,,,,,,,,,,,,,,,,,,,,,,,,
8793,02:33:00,,,,,,,,,,,,,,,,,,,,,,,,,
8794,02:34:00,,,,,,,,,,,,,,,,,,,,,,,,,
8795,02:35:00,,,,,,,,,,,,,,,,,,,,,,,,,
8796,02:36:00,,,,,,,,,,,,,,,,,,,,,,,,,
8797,02:37:00,,,,,,,,,,,,,,,,,,,,,,,,,
8798,02:38:00,,,,,,,,,,,,,,,,,,,,,,,,,
8799,02:39:00,,,,,,,,,,,,,,,,,,,,,,,,,
8800,02:40:00,,,,,,,,,,,,,,,,,,,,,,,,,
8801,02:41:00,,,,,,,,,,,,,,,,,,,,,,,,,
8802,02:42:00,,,,,,,,,,,,,,,,,,,,,,,,,
8803,02:43:00,,,,,,,,,,,,,,,,,,,,,,,,,
8804,02:44:00,,,,,,,,,,,,,,,,,,,,,,,,,
8805,02:45:00,,,,,,,,,,,,,,,,,,,,,,,,,
8806,02:46:00,,,,,,,,,,,,,,,,,,,,,,,,,
8807,02:47:00,,,,,,,,,,,,,,,,,,,,,,,,,
8808,02:48:00,,,,,,,,,,,,,,,,,,,,,,,,,
8809,02:49:00,,,,,,,,,,,,,,,,,,,,,,,,,
8810,02:50:00,,,,,,,,,,,,,,,,,,,,,,,,,
8811,02:51:00,,,,,,,,,,,,,,,,,,,,,,,,,
8812,02:52:00,,,,,,,,,,,,,,,,,,,,,,,,,
8813,02:53:00,,,,,,,,,,,,,,,,,,,,,,,,,
8814,02:54:00,,,,,,,,,,,,,,,,,,,,,,,,,
8815,02:55:00,,,,,,,,,,,,,,,,,,,,,,,,,
8816,02:56:00,,,,,,,,,,,,,,,,,,,,,,,,,
8817,02:57:00,,,,,,,,,,,,,,,,,,,,,,,,,
8818,02:58:00,,,,,,,,,,,,,,,,,,,,,,,,,
8819,02:59:00,,,,,,,,,,,,,,,,,,,,,,,,,
8820,03:00:00,,,,,,,,,,,,,,,,,,,,,,,,,
8821,03:01:00,,,,,,,,,,,,,,,,,,,,,,,,,
8822,03:02:00,,,,,,,,,,,,,,,,,,,,,,,,,
8823,03:03:00,,,,,,,,,,,,,,,,,,,,,,,,,
8824,03:04:00,,,,,,,,,,,,,,,,,,,,,,,,,
8825,03:05:00,,,,,,,,,,,,,,,,,,,,,,,,,
8826,03:06:00,,,,,,,,,,,,,,,,,,,,,,,,,
8827,03:07:00,,,,,,,,,,,,,,,,,,,,,,,,,
8828,03:08:00,,,,,,,,,,,,,,,,,,,,,,,,,
8829,03:09:00,,,,,,,,,,,,,,,,,,,,,,,,,
8830,03:10:00,,,,,,,,,,,,,,,,,,,,,,,,,
8831,03:11:00,,,,,,,,,,,,,,,,,,,,,,,,,
8832,03:12:00,,,,,,,,,,,,,,,,,,,,,,,,,
8833,03:13:00,,,,,,,,,,,,,,,,,,,,,,,,,
8834,03:14:00,,,,,,,,,,,,,,,,,,,,,,,,,
8835,03:15:00,,,,,,,,,,,,,,,,,,,,,,,,,
8836,03:16:00,,,,,,,,,,,,,,,,,,,,,,,,,
8837,03:17:00,,,,,,,,,,,,,,,,,,,,,,,,,
8838,03:18:00,,,,,,,,,,,,,,,,,,,,,,,,,
8839,03:19:00,,,,,,,,,,,,,,,,,,,,,,,,,
8840,03:20:00,,,,,,,,,,,,,,,,,,,,,,,,,
8841,03:21:00,,,,,,,,,,,,,,,,,,,,,,,,,
8842,03:22:00,,,,,,,,,,,,,,,,,,,,,,,,,
8843,03:23:00,,,,,,,,,,,,,,,,,,,,,,,,,
8844,03:24:00,,,,,,,,,,,,,,,,,,,,,,,,,
8845,03:25:00,,,,,,,,,,,,,,,,,,,,,,,,,
8846,03:26:00,,,,,,,,,,,,,,,,,,,,,,,,,
8847,03:27:00,,,,,,,,,,,,,,,,,,,,,,,,,
8848,03:28:00,,,,,,,,,,,,,,,,,,,,,,,,,
8849,03:29:00,,,,,,,,,,,,,,,,,,,,,,,,,
8850,03:30:00,,,,,,,,,,,,,,,,,,,,,,,,,
8851,03:31:00,,,,,,,,,,,,,,,,,,,,,,,,,
8852,03:32:00,,,,,,,,,,,,,,,,,,,,,,,,,
8853,03:33:00,,,,,,,,,,,,,,,,,,,,,,,,,
8854,03:34:00,,,,,,,,,,,,,,,,,,,,,,,,,
8855,03:35:00,,,,,,,,,,,,,,,,,,,,,,,,,
8856,03:36:00,,,,,,,,,,,,,,,,,,,,,,,,,
8857,03:37:00,,,,,,,,,,,,,,,,,,,,,,,,,
8858,03:38:00,,,,,,,,,,,,,,,,,,,,,,,,,
8859,03:39:00,,,,,,,,,,,,,,,,,,,,,,,,,
8860,03:40:00,,,,,,,,,,,,,,,,,,,,,,,,,
8861,03:41:00,,,,,,,,,,,,,,,,,,,,,,,,,
8862,03:42:00,,,,,,,,,,,,,,,,,,,,,,,,,
8863,03:43:00,,,,,,,,,,,,,,,,,,,,,,,,,
8864,03:44:00,,,,,,,,,,,,,,,,,,,,,,,,,
8865,03:45:00,,,,,,,,,,,,,,,,,,,,,,,,,
8866,03:46:00,,,,,,,,,,,,,,,,,,,,,,,,,
8867,03:47:00,,,,,,,,,,,,,,,,,,,,,,,,,
8868,03:48:00,,,,,,,,,,,,,,,,,,,,,,,,,
8869,03:49:00,,,,,,,,,,,,,,,,,,,,,,,,,
8870,03:50:00,,,,,,,,,,,,,,,,,,,,,,,,,
8871,03:51:00,,,,,,,,,,,,,,,,,,,,,,,,,
8872,03:52:00,,,,,,,,,,,,,,,,,,,,,,,,,
8873,03:53:00,,,,,,,,,,,,,,,,,,,,,,,,,
8874,03:54:00,,,,,,,,,,,,,,,,,,,,,,,,,
8875,03:55:00,,,,,,,,,,,,,,,,,,,,,,,,,
8876,03:56:00,,,,,,,,,,,,,,,,,,,,,,,,,
8877,03:57:00,,,,,,,,,,,,,,,,,,,,,,,,,
8878,03:58:00,,,,,,,,,,,,,,,,,,,,,,,,,
8879,03:59:00,,,,,,,,,,,,,,,,,,,,,,,,,
8880,04:00:00,,,,,,,,,,,,,,,,,,,,,,,,,
8881,04:01:00,,,,,,,,,,,,,,,,,,,,,,,,,
8882,04:02:00,,,,,,,,,,,,,,,,,,,,,,,,,
8883,04:03:00,,,,,,,,,,,,,,,,,,,,,,,,,
8884,04:04:00,,,,,,,,,,,,,,,,,,,,,,,,,
8885,04:05:00,,,,,,,,,,,,,,,,,,,,,,,,,
8886,04:06:00,,,,,,,,,,,,,,,,,,,,,,,,,
8887,04:07:00,,,,,,,,,,,,,,,,,,,,,,,,,
8888,04:08:00,,,,,,,,,,,,,,,,,,,,,,,,,
8889,04:09:00,,,,,,,,,,,,,,,,,,,,,,,,,
8890,04:10:00,,,,,,,,,,,,,,,,,,,,,,,,,
8891,04:11:00,,,,,,,,,,,,,,,,,,,,,,,,,
8892,04:12:00,,,,,,,,,,,,,,,,,,,,,,,,,
8893,04:13:00,,,,,,,,,,,,,,,,,,,,,,,,,
8894,04:14:00,,,,,,,,,,,,,,,,,,,,,,,,,
8895,04:15:00,,,,,,,,,,,,,,,,,,,,,,,,,
8896,04:16:00,,,,,,,,,,,,,,,,,,,,,,,,,
8897,04:17:00,,,,,,,,,,,,,,,,,,,,,,,,,
8898,04:18:00,,,,,,,,,,,,,,,,,,,,,,,,,
8899,04:19:00,,,,,,,,,,,,,,,,,,,,,,,,,
8900,04:20:00,,,,,,,,,,,,,,,,,,,,,,,,,
8901,04:21:00,,,,,,,,,,,,,,,,,,,,,,,,,
8902,04:22:00,,,,,,,,,,,,,,,,,,,,,,,,,
8903,04:23:00,,,,,,,,,,,,,,,,,,,,,,,,,
8904,04:24:00,,,,,,,,,,,,,,,,,,,,,,,,,
8905,04:25:00,,,,,,,,,,,,,,,,,,,,,,,,,
8906,04:26:00,,,,,,,,,,,,,,,,,,,,,,,,,
8907,04:27:00,,,,,,,,,,,,,,,,,,,,,,,,,
8908,04:28:00,,,,,,,,,,,,,,,,,,,,,,,,,
8909,04:29:00,,,,,,,,,,,,,,,,,,,,,,,,,
8910,04:30:00,,,,,,,,,,,,,,,,,,,,,,,,,
8911,04:31:00,,,,,,,,,,,,,,,,,,,,,,,,,
8912,04:32:00,,,,,,,,,,,,,,,,,,,,,,,,,
8913,04:33:00,,,,,,,,,,,,,,,,,,,,,,,,,
8914,04:34:00,,,,,,,,,,,,,,,,,,,,,,,,,
8915,04:35:00,,,,,,,,,,,,,,,,,,,,,,,,,
8916,04:36:00,,,,,,,,,,,,,,,,,,,,,,,,,
8917,04:37:00,,,,,,,,,,,,,,,,,,,,,,,,,
8918,04:38:00,,,,,,,,,,,,,,,,,,,,,,,,,
8919,04:39:00,,,,,,,,,,,,,,,,,,,,,,,,,
8920,04:40:00,,,,,,,,,,,,,,,,,,,,,,,,,
8921,04:41:00,,,,,,,,,,,,,,,,,,,,,,,,,
8922,04:42:00,,,,,,,,,,,,,,,,,,,,,,,,,
8923,04:43:00,,,,,,,,,,,,,,,,,,,,,,,,,
8924,04:44:00,,,,,,,,,,,,,,,,,,,,,,,,,
8925,04:45:00,,,,,,,,,,,,,,,,,,,,,,,,,
8926,04:46:00,,,,,,,,,,,,,,,,,,,,,,,,,
8927,04:47:00,,,,,,,,,,,,,,,,,,,,,,,,,
8928,04:48:00,,,,,,,,,,,,,,,,,,,,,,,,,
8929,04:49:00,,,,,,,,,,,,,,,,,,,,,,,,,
8930,04:50:00,,,,,,,,,,,,,,,,,,,,,,,,,
8931,04:51:00,,,,,,,,,,,,,,,,,,,,,,,,,
8932,04:52:00,,,,,,,,,,,,,,,,,,,,,,,,,
8933,04:53:00,,,,,,,,,,,,,,,,,,,,,,,,,
8934,04:54:00,,,,,,,,,,,,,,,,,,,,,,,,,
8935,04:55:00,,,,,,,,,,,,,,,,,,,,,,,,,
8936,04:56:00,,,,,,,,,,,,,,,,,,,,,,,,,
8937,04:57:00,,,,,,,,,,,,,,,,,,,,,,,,,
8938,04:58:00,,,,,,,,,,,,,,,,,,,,,,,,,
8939,04:59:00,,,,,,,,,,,,,,,,,,,,,,,,,
8940,05:00:00,,,,,,,,,,,,,,,,,,,,,,,,,
8941,05:01:00,,,,,,,,,,,,,,,,,,,,,,,,,
8942,05:02:00,,,,,,,,,,,,,,,,,,,,,,,,,
8943,05:03:00,,,,,,,,,,,,,,,,,,,,,,,,,
8944,05:04:00,,,,,,,,,,,,,,,,,,,,,,,,,
8945,05:05:00,,,,,,,,,,,,,,,,,,,,,,,,,
8946,05:06:00,,,,,,,,,,,,,,,,,,,,,,,,,
8947,05:07:00,,,,,,,,,,,,,,,,,,,,,,,,,
8948,05:08:00,,,,,,,,,,,,,,,,,,,,,,,,,
8949,05:09:00,,,,,,,,,,,,,,,,,,,,,,,,,
8950,05:10:00,,,,,,,,,,,,,,,,,,,,,,,,,
8951,05:11:00,,,,,,,,,,,,,,,,,,,,,,,,,
8952,05:12:00,,,,,,,,,,,,,,,,,,,,,,,,,
8953,05:13:00,,,,,,,,,,,,,,,,,,,,,,,,,
8954,05:14:00,,,,,,,,,,,,,,,,,,,,,,,,,
8955,05:15:00,,,,,,,,,,,,,,,,,,,,,,,,,
8956,05:16:00,,,,,,,,,,,,,,,,,,,,,,,,,
8957,05:17:00,,,,,,,,,,,,,,,,,,,,,,,,,
8958,05:18:00,,,,,,,,,,,,,,,,,,,,,,,,,
8959,05:19:00,,,,,,,,,,,,,,,,,,,,,,,,,
8960,05:20:00,,,,,,,,,,,,,,,,,,,,,,,,,
8961,05:21:00,,,,,,,,,,,,,,,,,,,,,,,,,
8962,05:22:00,,,,,,,,,,,,,,,,,,,,,,,,,
8963,05:23:00,,,,,,,,,,,,,,,,,,,,,,,,,
8964,05:24:00,,,,,,,,,,,,,,,,,,,,,,,,,
8965,05:25:00,,,,,,,,,,,,,,,,,,,,,,,,,
8966,05:26:00,,,,,,,,,,,,,,,,,,,,,,,,,
8967,05:27:00,,,,,,,,,,,,,,,,,,,,,,,,,
8968,05:28:00,,,,,,,,,,,,,,,,,,,,,,,,,
8969,05:29:00,,,,,,,,,,,,,,,,,,,,,,,,,
8970,05:30:00,,,,,,,,,,,,,,,,,,,,,,,,,
8971,05:31:00,,,,,,,,,,,,,,,,,,,,,,,,,
8972,05:32:00,,,,,,,,,,,,,,,,,,,,,,,,,
8973,05:33:00,,,,,,,,,,,,,,,,,,,,,,,,,
8974,05:34:00,,,,,,,,,,,,,,,,,,,,,,,,,
8975,05:35:00,,,,,,,,,,,,,,,,,,,,,,,,,
8976,05:36:00,,,,,,,,,,,,,,,,,,,,,,,,,
8977,05:37:00,,,,,,,,,,,,,,,,,,,,,,,,,
8978,05:38:00,,,,,,,,,,,,,,,,,,,,,,,,,
8979,05:39:00,,,,,,,,,,,,,,,,,,,,,,,,,
8980,05:40:00,,,,,,,,,,,,,,,,,,,,,,,,,
8981,05:41:00,,,,,,,,,,,,,,,,,,,,,,,,,
8982,05:42:00,,,,,,,,,,,,,,,,,,,,,,,,,
8983,05:43:00,,,,,,,,,,,,,,,,,,,,,,,,,
8984,05:44:00,,,,,,,,,,,,,,,,,,,,,,,,,
8985,05:45:00,,,,,,,,,,,,,,,,,,,,,,,,,
8986,05:46:00,,,,,,,,,,,,,,,,,,,,,,,,,
8987,05:47:00,,,,,,,,,,,,,,,,,,,,,,,,,
8988,05:48:00,,,,,,,,,,,,,,,,,,,,,,,,,
8989,05:49:00,,,,,,,,,,,,,,,,,,,,,,,,,
8990,05:50:00,,,,,,,,,,,,,,,,,,,,,,,,,
8991,05:51:00,,,,,,,,,,,,,,,,,,,,,,,,,
8992,05:52:00,,,,,,,,,,,,,,,,,,,,,,,,,
8993,05:53:00,,,,,,,,,,,,,,,,,,,,,,,,,
8994,05:54:00,,,,,,,,,,,,,,,,,,,,,,,,,
8995,05:55:00,,,,,,,,,,,,,,,,,,,,,,,,,
8996,05:56:00,,,,,,,,,,,,,,,,,,,,,,,,,
8997,05:57:00,,,,,,,,,,,,,,,,,,,,,,,,,
8998,05:58:00,,,,,,,,,,,,,,,,,,,,,,,,,
8999,05:59:00,,,,,,,,,,,,,,,,,,,,,,,,,
9000,06:00:00,,,,,,,,,,,,,,,,,,,,,,,,,
9001,06:01:00,,,,,,,,,,,,,,,,,,,,,,,,,
9002,06:02:00,,,,,,,,,,,,,,,,,,,,,,,,,
9003,06:03:00,,,,,,,,,,,,,,,,,,,,,,,,,
9004,06:04:00,,,,,,,,,,,,,,,,,,,,,,,,,
9005,06:05:00,,,,,,,,,,,,,,,,,,,,,,,,,
9006,06:06:00,,,,,,,,,,,,,,,,,,,,,,,,,
9007,06:07:00,,,,,,,,,,,,,,,,,,,,,,,,,
9008,06:08:00,,,,,,,,,,,,,,,,,,,,,,,,,
9009,06:09:00,,,,,,,,,,,,,,,,,,,,,,,,,
9010,06:10:00,,,,,,,,,,,,,,,,,,,,,,,,,
9011,06:11:00,,,,,,,,,,,,,,,,,,,,,,,,,
9012,06:12:00,,,,,,,,,,,,,,,,,,,,,,,,,
9013,06:13:00,,,,,,,,,,,,,,,,,,,,,,,,,
9014,06:14:00,,,,,,,,,,,,,,,,,,,,,,,,,
9015,06:15:00,,,,,,,,,,,,,,,,,,,,,,,,,
9016,06:16:00,,,,,,,,,,,,,,,,,,,,,,,,,
9017,06:17:00,,,,,,,,,,,,,,,,,,,,,,,,,
9018,06:18:00,,,,,,,,,,,,,,,,,,,,,,,,,
9019,06:19:00,,,,,,,,,,,,,,,,,,,,,,,,,
9020,06:20:00,,,,,,,,,,,,,,,,,,,,,,,,,
9021,06:21:00,,,,,,,,,,,,,,,,,,,,,,,,,
9022,06:22:00,,,,,,,,,,,,,,,,,,,,,,,,,
9023,06:23:00,,,,,,,,,,,,,,,,,,,,,,,,,
9024,06:24:00,,,,,,,,,,,,,,,,,,,,,,,,,
9025,06:25:00,,,,,,,,,,,,,,,,,,,,,,,,,
9026,06:26:00,,,,,,,,,,,,,,,,,,,,,,,,,
9027,06:27:00,,,,,,,,,,,,,,,,,,,,,,,,,
9028,06:28:00,,,,,,,,,,,,,,,,,,,,,,,,,
9029,06:29:00,,,,,,,,,,,,,,,,,,,,,,,,,
9030,06:30:00,,,,,,,,,,,,,,,,,,,,,,,,,
9031,06:31:00,,,,,,,,,,,,,,,,,,,,,,,,,
9032,06:32:00,,,,,,,,,,,,,,,,,,,,,,,,,
9033,06:33:00,,,,,,,,,,,,,,,,,,,,,,,,,
9034,06:34:00,,,,,,,,,,,,,,,,,,,,,,,,,
9035,06:35:00,,,,,,,,,,,,,,,,,,,,,,,,,
9036,06:36:00,,,,,,,,,,,,,,,,,,,,,,,,,
9037,06:37:00,,,,,,,,,,,,,,,,,,,,,,,,,
9038,06:38:00,,,,,,,,,,,,,,,,,,,,,,,,,
9039,06:39:00,,,,,,,,,,,,,,,,,,,,,,,,,
9040,06:40:00,,,,,,,,,,,,,,,,,,,,,,,,,
9041,06:41:00,,,,,,,,,,,,,,,,,,,,,,,,,
9042,06:42:00,,,,,,,,,,,,,,,,,,,,,,,,,
9043,06:43:00,,,,,,,,,,,,,,,,,,,,,,,,,
9044,06:44:00,,,,,,,,,,,,,,,,,,,,,,,,,
9045,06:45:00,,,,,,,,,,,,,,,,,,,,,,,,,
9046,06:46:00,,,,,,,,,,,,,,,,,,,,,,,,,
9047,06:47:00,,,,,,,,,,,,,,,,,,,,,,,,,
9048,06:48:00,,,,,,,,,,,,,,,,,,,,,,,,,
9049,06:49:00,,,,,,,,,,,,,,,,,,,,,,,,,
9050,06:50:00,,,,,,,,,,,,,,,,,,,,,,,,,
9051,06:51:00,,,,,,,,,,,,,,,,,,,,,,,,,
9052,06:52:00,,,,,,,,,,,,,,,,,,,,,,,,,
9053,06:53:00,,,,,,,,,,,,,,,,,,,,,,,,,
9054,06:54:00,,,,,,,,,,,,,,,,,,,,,,,,,
9055,06:55:00,,,,,,,,,,,,,,,,,,,,,,,,,
9056,06:56:00,,,,,,,,,,,,,,,,,,,,,,,,,
9057,06:57:00,,,,,,,,,,,,,,,,,,,,,,,,,
9058,06:58:00,,,,,,,,,,,,,,,,,,,,,,,,,
9059,06:59:00,,,,,,,,,,,,,,,,,,,,,,,,,
9060,07:00:00,,,,,,,,,,,,,,,,,,,,,,,,,
9061,07:01:00,,,,,,,,,,,,,,,,,,,,,,,,,
9062,07:02:00,,,,,,,,,,,,,,,,,,,,,,,,,
9063,07:03:00,,,,,,,,,,,,,,,,,,,,,,,,,
9064,07:04:00,,,,,,,,,,,,,,,,,,,,,,,,,
9065,07:05:00,,,,,,,,,,,,,,,,,,,,,,,,,
9066,07:06:00,,,,,,,,,,,,,,,,,,,,,,,,,
9067,07:07:00,,,,,,,,,,,,,,,,,,,,,,,,,
9068,07:08:00,,,,,,,,,,,,,,,,,,,,,,,,,
9069,07:09:00,,,,,,,,,,,,,,,,,,,,,,,,,
9070,07:10:00,,,,,,,,,,,,,,,,,,,,,,,,,
9071,07:11:00,,,,,,,,,,,,,,,,,,,,,,,,,
9072,07:12:00,,,,,,,,,,,,,,,,,,,,,,,,,
9073,07:13:00,,,,,,,,,,,,,,,,,,,,,,,,,
9074,07:14:00,,,,,,,,,,,,,,,,,,,,,,,,,
9075,07:15:00,,,,,,,,,,,,,,,,,,,,,,,,,
9076,07:16:00,,,,,,,,,,,,,,,,,,,,,,,,,
9077,07:17:00,,,,,,,,,,,,,,,,,,,,,,,,,
9078,07:18:00,,,,,,,,,,,,,,,,,,,,,,,,,
9079,07:19:00,,,,,,,,,,,,,,,,,,,,,,,,,
9080,07:20:00,,,,,,,,,,,,,,,,,,,,,,,,,
9081,07:21:00,,,,,,,,,,,,,,,,,,,,,,,,,
9082,07:22:00,,,,,,,,,,,,,,,,,,,,,,,,,
9083,07:23:00,,,,,,,,,,,,,,,,,,,,,,,,,
9084,07:24:00,,,,,,,,,,,,,,,,,,,,,,,,,
9085,07:25:00,,,,,,,,,,,,,,,,,,,,,,,,,
9086,07:26:00,,,,,,,,,,,,,,,,,,,,,,,,,
9087,07:27:00,,,,,,,,,,,,,,,,,,,,,,,,,
9088,07:28:00,,,,,,,,,,,,,,,,,,,,,,,,,
9089,07:29:00,,,,,,,,,,,,,,,,,,,,,,,,,
9090,07:30:00,,,,,,,,,,,,,,,,,,,,,,,,,
9091,07:31:00,,,,,,,,,,,,,,,,,,,,,,,,,
9092,07:32:00,,,,,,,,,,,,,,,,,,,,,,,,,
9093,07:33:00,,,,,,,,,,,,,,,,,,,,,,,,,
9094,07:34:00,,,,,,,,,,,,,,,,,,,,,,,,,
9095,07:35:00,,,,,,,,,,,,,,,,,,,,,,,,,
9096,07:36:00,,,,,,,,,,,,,,,,,,,,,,,,,
9097,07:37:00,,,,,,,,,,,,,,,,,,,,,,,,,
9098,07:38:00,,,,,,,,,,,,,,,,,,,,,,,,,
9099,07:39:00,,,,,,,,,,,,,,,,,,,,,,,,,
9100,07:40:00,,,,,,,,,,,,,,,,,,,,,,,,,
9101,07:41:00,,,,,,,,,,,,,,,,,,,,,,,,,
9102,07:42:00,,,,,,,,,,,,,,,,,,,,,,,,,
9103,07:43:00,,,,,,,,,,,,,,,,,,,,,,,,,
9104,07:44:00,,,,,,,,,,,,,,,,,,,,,,,,,
9105,07:45:00,,,,,,,,,,,,,,,,,,,,,,,,,
9106,07:46:00,,,,,,,,,,,,,,,,,,,,,,,,,
9107,07:47:00,,,,,,,,,,,,,,,,,,,,,,,,,
9108,07:48:00,,,,,,,,,,,,,,,,,,,,,,,,,
9109,07:49:00,,,,,,,,,,,,,,,,,,,,,,,,,
9110,07:50:00,,,,,,,,,,,,,,,,,,,,,,,,,
9111,07:51:00,,,,,,,,,,,,,,,,,,,,,,,,,
9112,07:52:00,,,,,,,,,,,,,,,,,,,,,,,,,
9113,07:53:00,,,,,,,,,,,,,,,,,,,,,,,,,
9114,07:54:00,,,,,,,,,,,,,,,,,,,,,,,,,
9115,07:55:00,,,,,,,,,,,,,,,,,,,,,,,,,
9116,07:56:00,,,,,,,,,,,,,,,,,,,,,,,,,
9117,07:57:00,,,,,,,,,,,,,,,,,,,,,,,,,
9118,07:58:00,,,,,,,,,,,,,,,,,,,,,,,,,
9119,07:59:00,,,,,,,,,,,,,,,,,,,,,,,,,
9120,08:00:00,,,,,,,,,,,,,,,,,,,,,,,,,
9121,08:01:00,,,,,,,,,,,,,,,,,,,,,,,,,
9122,08:02:00,,,,,,,,,,,,,,,,,,,,,,,,,
9123,08:03:00,,,,,,,,,,,,,,,,,,,,,,,,,
9124,08:04:00,,,,,,,,,,,,,,,,,,,,,,,,,
9125,08:05:00,,,,,,,,,,,,,,,,,,,,,,,,,
9126,08:06:00,,,,,,,,,,,,,,,,,,,,,,,,,
9127,08:07:00,,,,,,,,,,,,,,,,,,,,,,,,,
9128,08:08:00,,,,,,,,,,,,,,,,,,,,,,,,,
9129,08:09:00,,,,,,,,,,,,,,,,,,,,,,,,,
9130,08:10:00,,,,,,,,,,,,,,,,,,,,,,,,,
9131,08:11:00,,,,,,,,,,,,,,,,,,,,,,,,,
9132,08:12:00,,,,,,,,,,,,,,,,,,,,,,,,,
9133,08:13:00,,,,,,,,,,,,,,,,,,,,,,,,,
9134,08:14:00,,,,,,,,,,,,,,,,,,,,,,,,,
9135,08:15:00,,,,,,,,,,,,,,,,,,,,,,,,,
9136,08:16:00,,,,,,,,,,,,,,,,,,,,,,,,,
9137,08:17:00,,,,,,,,,,,,,,,,,,,,,,,,,
9138,08:18:00,,,,,,,,,,,,,,,,,,,,,,,,,
9139,08:19:00,,,,,,,,,,,,,,,,,,,,,,,,,
9140,08:20:00,,,,,,,,,,,,,,,,,,,,,,,,,
9141,08:21:00,,,,,,,,,,,,,,,,,,,,,,,,,
9142,08:22:00,,,,,,,,,,,,,,,,,,,,,,,,,
9143,08:23:00,,,,,,,,,,,,,,,,,,,,,,,,,
9144,08:24:00,,,,,,,,,,,,,,,,,,,,,,,,,
9145,08:25:00,,,,,,,,,,,,,,,,,,,,,,,,,
9146,08:26:00,,,,,,,,,,,,,,,,,,,,,,,,,
9147,08:27:00,,,,,,,,,,,,,,,,,,,,,,,,,
9148,08:28:00,,,,,,,,,,,,,,,,,,,,,,,,,
9149,08:29:00,,,,,,,,,,,,,,,,,,,,,,,,,
9150,08:30:00,,,,,,,,,,,,,,,,,,,,,,,,,
9151,08:31:00,,,,,,,,,,,,,,,,,,,,,,,,,
9152,08:32:00,,,,,,,,,,,,,,,,,,,,,,,,,
9153,08:33:00,,,,,,,,,,,,,,,,,,,,,,,,,
9154,08:34:00,,,,,,,,,,,,,,,,,,,,,,,,,
9155,08:35:00,,,,,,,,,,,,,,,,,,,,,,,,,
9156,08:36:00,,,,,,,,,,,,,,,,,,,,,,,,,
9157,08:37:00,,,,,,,,,,,,,,,,,,,,,,,,,
9158,08:38:00,,,,,,,,,,,,,,,,,,,,,,,,,
9159,08:39:00,,,,,,,,,,,,,,,,,,,,,,,,,
9160,08:40:00,,,,,,,,,,,,,,,,,,,,,,,,,
9161,08:41:00,,,,,,,,,,,,,,,,,,,,,,,,,
9162,08:42:00,,,,,,,,,,,,,,,,,,,,,,,,,
9163,08:43:00,,,,,,,,,,,,,,,,,,,,,,,,,
9164,08:44:00,,,,,,,,,,,,,,,,,,,,,,,,,
9165,08:45:00,,,,,,,,,,,,,,,,,,,,,,,,,
9166,08:46:00,,,,,,,,,,,,,,,,,,,,,,,,,
9167,08:47:00,,,,,,,,,,,,,,,,,,,,,,,,,
9168,08:48:00,,,,,,,,,,,,,,,,,,,,,,,,,
9169,08:49:00,,,,,,,,,,,,,,,,,,,,,,,,,
9170,08:50:00,,,,,,,,,,,,,,,,,,,,,,,,,
9171,08:51:00,,,,,,,,,,,,,,,,,,,,,,,,,
9172,08:52:00,,,,,,,,,,,,,,,,,,,,,,,,,
9173,08:53:00,,,,,,,,,,,,,,,,,,,,,,,,,
9174,08:54:00,,,,,,,,,,,,,,,,,,,,,,,,,
9175,08:55:00,,,,,,,,,,,,,,,,,,,,,,,,,
9176,08:56:00,,,,,,,,,,,,,,,,,,,,,,,,,
9177,08:57:00,,,,,,,,,,,,,,,,,,,,,,,,,
9178,08:58:00,,,,,,,,,,,,,,,,,,,,,,,,,
9179,08:59:00,,,,,,,,,,,,,,,,,,,,,,,,,
9180,09:00:00,,,,,,,,,,,,,,,,,,,,,,,,,
9181,09:01:00,,,,,,,,,,,,,,,,,,,,,,,,,
9182,09:02:00,,,,,,,,,,,,,,,,,,,,,,,,,
9183,09:03:00,,,,,,,,,,,,,,,,,,,,,,,,,
9184,09:04:00,,,,,,,,,,,,,,,,,,,,,,,,,
9185,09:05:00,,,,,,,,,,,,,,,,,,,,,,,,,
9186,09:06:00,,,,,,,,,,,,,,,,,,,,,,,,,
9187,09:07:00,,,,,,,,,,,,,,,,,,,,,,,,,
9188,09:08:00,,,,,,,,,,,,,,,,,,,,,,,,,
9189,09:09:00,,,,,,,,,,,,,,,,,,,,,,,,,
9190,09:10:00,,,,,,,,,,,,,,,,,,,,,,,,,
9191,09:11:00,,,,,,,,,,,,,,,,,,,,,,,,,
9192,09:12:00,,,,,,,,,,,,,,,,,,,,,,,,,
9193,09:13:00,,,,,,,,,,,,,,,,,,,,,,,,,
9194,09:14:00,,,,,,,,,,,,,,,,,,,,,,,,,
9195,09:15:00,,,,,,,,,,,,,,,,,,,,,,,,,
9196,09:16:00,,,,,,,,,,,,,,,,,,,,,,,,,
9197,09:17:00,,,,,,,,,,,,,,,,,,,,,,,,,
9198,09:18:00,,,,,,,,,,,,,,,,,,,,,,,,,
9199,09:19:00,,,,,,,,,,,,,,,,,,,,,,,,,
9200,09:20:00,,,,,,,,,,,,,,,,,,,,,,,,,
9201,09:21:00,,,,,,,,,,,,,,,,,,,,,,,,,
9202,09:22:00,,,,,,,,,,,,,,,,,,,,,,,,,
9203,09:23:00,,,,,,,,,,,,,,,,,,,,,,,,,
9204,09:24:00,,,,,,,,,,,,,,,,,,,,,,,,,
9205,09:25:00,,,,,,,,,,,,,,,,,,,,,,,,,
9206,09:26:00,,,,,,,,,,,,,,,,,,,,,,,,,
9207,09:27:00,,,,,,,,,,,,,,,,,,,,,,,,,
9208,09:28:00,,,,,,,,,,,,,,,,,,,,,,,,,
9209,09:29:00,,,,,,,,,,,,,,,,,,,,,,,,,
9210,09:30:00,,,,,,,,,,,,,,,,,,,,,,,,,
9211,09:31:00,,,,,,,,,,,,,,,,,,,,,,,,,
9212,09:32:00,,,,,,,,,,,,,,,,,,,,,,,,,
9213,09:33:00,,,,,,,,,,,,,,,,,,,,,,,,,
9214,09:34:00,,,,,,,,,,,,,,,,,,,,,,,,,
9215,09:35:00,,,,,,,,,,,,,,,,,,,,,,,,,
9216,09:36:00,,,,,,,,,,,,,,,,,,,,,,,,,
9217,09:37:00,,,,,,,,,,,,,,,,,,,,,,,,,
9218,09:38:00,,,,,,,,,,,,,,,,,,,,,,,,,
9219,09:39:00,,,,,,,,,,,,,,,,,,,,,,,,,
9220,09:40:00,,,,,,,,,,,,,,,,,,,,,,,,,
9221,09:41:00,,,,,,,,,,,,,,,,,,,,,,,,,
9222,09:42:00,,,,,,,,,,,,,,,,,,,,,,,,,
9223,09:43:00,,,,,,,,,,,,,,,,,,,,,,,,,
9224,09:44:00,,,,,,,,,,,,,,,,,,,,,,,,,
9225,09:45:00,,,,,,,,,,,,,,,,,,,,,,,,,
9226,09:46:00,,,,,,,,,,,,,,,,,,,,,,,,,
9227,09:47:00,,,,,,,,,,,,,,,,,,,,,,,,,
9228,09:48:00,,,,,,,,,,,,,,,,,,,,,,,,,
9229,09:49:00,,,,,,,,,,,,,,,,,,,,,,,,,
9230,09:50:00,,,,,,,,,,,,,,,,,,,,,,,,,
9231,09:51:00,,,,,,,,,,,,,,,,,,,,,,,,,
9232,09:52:00,,,,,,,,,,,,,,,,,,,,,,,,,
9233,09:53:00,,,,,,,,,,,,,,,,,,,,,,,,,
9234,09:54:00,,,,,,,,,,,,,,,,,,,,,,,,,
9235,09:55:00,,,,,,,,,,,,,,,,,,,,,,,,,
9236,09:56:00,,,,,,,,,,,,,,,,,,,,,,,,,
9237,09:57:00,,,,,,,,,,,,,,,,,,,,,,,,,
9238,09:58:00,,,,,,,,,,,,,,,,,,,,,,,,,
9239,09:59:00,,,,,,,,,,,,,,,,,,,,,,,,,
9240,10:00:00,,,,,,,,,,,,,,,,,,,,,,,,,
9241,10:01:00,,,,,,,,,,,,,,,,,,,,,,,,,
9242,10:02:00,,,,,,,,,,,,,,,,,,,,,,,,,
9243,10:03:00,,,,,,,,,,,,,,,,,,,,,,,,,
9244,10:04:00,,,,,,,,,,,,,,,,,,,,,,,,,
9245,10:05:00,,,,,,,,,,,,,,,,,,,,,,,,,
9246,10:06:00,,,,,,,,,,,,,,,,,,,,,,,,,
9247,10:07:00,,,,,,,,,,,,,,,,,,,,,,,,,
9248,10:08:00,,,,,,,,,,,,,,,,,,,,,,,,,
9249,10:09:00,,,,,,,,,,,,,,,,,,,,,,,,,
9250,10:10:00,,,,,,,,,,,,,,,,,,,,,,,,,
9251,10:11:00,,,,,,,,,,,,,,,,,,,,,,,,,
9252,10:12:00,,,,,,,,,,,,,,,,,,,,,,,,,
9253,10:13:00,,,,,,,,,,,,,,,,,,,,,,,,,
9254,10:14:00,,,,,,,,,,,,,,,,,,,,,,,,,
9255,10:15:00,,,,,,,,,,,,,,,,,,,,,,,,,
9256,10:16:00,,,,,,,,,,,,,,,,,,,,,,,,,
9257,10:17:00,,,,,,,,,,,,,,,,,,,,,,,,,
9258,10:18:00,,,,,,,,,,,,,,,,,,,,,,,,,
9259,10:19:00,,,,,,,,,,,,,,,,,,,,,,,,,
9260,10:20:00,,,,,,,,,,,,,,,,,,,,,,,,,
9261,10:21:00,,,,,,,,,,,,,,,,,,,,,,,,,
9262,10:22:00,,,,,,,,,,,,,,,,,,,,,,,,,
9263,10:23:00,,,,,,,,,,,,,,,,,,,,,,,,,
9264,10:24:00,,,,,,,,,,,,,,,,,,,,,,,,,
9265,10:25:00,,,,,,,,,,,,,,,,,,,,,,,,,
9266,10:26:00,,,,,,,,,,,,,,,,,,,,,,,,,
9267,10:27:00,,,,,,,,,,,,,,,,,,,,,,,,,
9268,10:28:00,,,,,,,,,,,,,,,,,,,,,,,,,
9269,10:29:00,,,,,,,,,,,,,,,,,,,,,,,,,
9270,10:30:00,,,,,,,,,,,,,,,,,,,,,,,,,
9271,10:31:00,,,,,,,,,,,,,,,,,,,,,,,,,
9272,10:32:00,,,,,,,,,,,,,,,,,,,,,,,,,
9273,10:33:00,,,,,,,,,,,,,,,,,,,,,,,,,
9274,10:34:00,,,,,,,,,,,,,,,,,,,,,,,,,
9275,10:35:00,,,,,,,,,,,,,,,,,,,,,,,,,
9276,10:36:00,,,,,,,,,,,,,,,,,,,,,,,,,
9277,10:37:00,,,,,,,,,,,,,,,,,,,,,,,,,
9278,10:38:00,,,,,,,,,,,,,,,,,,,,,,,,,
9279,10:39:00,,,,,,,,,,,,,,,,,,,,,,,,,
9280,10:40:00,,,,,,,,,,,,,,,,,,,,,,,,,
9281,10:41:00,,,,,,,,,,,,,,,,,,,,,,,,,
9282,10:42:00,,,,,,,,,,,,,,,,,,,,,,,,,
9283,10:43:00,,,,,,,,,,,,,,,,,,,,,,,,,
9284,10:44:00,,,,,,,,,,,,,,,,,,,,,,,,,
9285,10:45:00,,,,,,,,,,,,,,,,,,,,,,,,,
9286,10:46:00,,,,,,,,,,,,,,,,,,,,,,,,,
9287,10:47:00,,,,,,,,,,,,,,,,,,,,,,,,,
9288,10:48:00,,,,,,,,,,,,,,,,,,,,,,,,,
9289,10:49:00,,,,,,,,,,,,,,,,,,,,,,,,,
9290,10:50:00,,,,,,,,,,,,,,,,,,,,,,,,,
9291,10:51:00,,,,,,,,,,,,,,,,,,,,,,,,,
9292,10:52:00,,,,,,,,,,,,,,,,,,,,,,,,,
9293,10:53:00,,,,,,,,,,,,,,,,,,,,,,,,,
9294,10:54:00,,,,,,,,,,,,,,,,,,,,,,,,,
9295,10:55:00,,,,,,,,,,,,,,,,,,,,,,,,,
9296,10:56:00,,,,,,,,,,,,,,,,,,,,,,,,,
9297,10:57:00,,,,,,,,,,,,,,,,,,,,,,,,,
9298,10:58:00,,,,,,,,,,,,,,,,,,,,,,,,,
9299,10:59:00,,,,,,,,,,,,,,,,,,,,,,,,,
9300,11:00:00,,,,,,,,,,,,,,,,,,,,,,,,,
9301,11:01:00,,,,,,,,,,,,,,,,,,,,,,,,,
9302,11:02:00,,,,,,,,,,,,,,,,,,,,,,,,,
9303,11:03:00,,,,,,,,,,,,,,,,,,,,,,,,,
9304,11:04:00,,,,,,,,,,,,,,,,,,,,,,,,,
9305,11:05:00,,,,,,,,,,,,,,,,,,,,,,,,,
9306,11:06:00,,,,,,,,,,,,,,,,,,,,,,,,,
9307,11:07:00,,,,,,,,,,,,,,,,,,,,,,,,,
9308,11:08:00,,,,,,,,,,,,,,,,,,,,,,,,,
9309,11:09:00,,,,,,,,,,,,,,,,,,,,,,,,,
9310,11:10:00,,,,,,,,,,,,,,,,,,,,,,,,,
9311,11:11:00,,,,,,,,,,,,,,,,,,,,,,,,,
9312,11:12:00,,,,,,,,,,,,,,,,,,,,,,,,,
9313,11:13:00,,,,,,,,,,,,,,,,,,,,,,,,,
9314,11:14:00,,,,,,,,,,,,,,,,,,,,,,,,,
9315,11:15:00,,,,,,,,,,,,,,,,,,,,,,,,,
9316,11:16:00,,,,,,,,,,,,,,,,,,,,,,,,,
9317,11:17:00,,,,,,,,,,,,,,,,,,,,,,,,,
9318,11:18:00,,,,,,,,,,,,,,,,,,,,,,,,,
9319,11:19:00,,,,,,,,,,,,,,,,,,,,,,,,,
9320,11:20:00,,,,,,,,,,,,,,,,,,,,,,,,,
9321,11:21:00,,,,,,,,,,,,,,,,,,,,,,,,,
9322,11:22:00,,,,,,,,,,,,,,,,,,,,,,,,,
9323,11:23:00,,,,,,,,,,,,,,,,,,,,,,,,,
9324,11:24:00,,,,,,,,,,,,,,,,,,,,,,,,,
9325,11:25:00,,,,,,,,,,,,,,,,,,,,,,,,,
9326,11:26:00,,,,,,,,,,,,,,,,,,,,,,,,,
9327,11:27:00,,,,,,,,,,,,,,,,,,,,,,,,,
9328,11:28:00,,,,,,,,,,,,,,,,,,,,,,,,,
9329,11:29:00,,,,,,,,,,,,,,,,,,,,,,,,,
9330,11:30:00,,,,,,,,,,,,,,,,,,,,,,,,,
9331,11:31:00,,,,,,,,,,,,,,,,,,,,,,,,,
9332,11:32:00,,,,,,,,,,,,,,,,,,,,,,,,,
9333,11:33:00,,,,,,,,,,,,,,,,,,,,,,,,,
9334,11:34:00,,,,,,,,,,,,,,,,,,,,,,,,,
9335,11:35:00,,,,,,,,,,,,,,,,,,,,,,,,,
9336,11:36:00,,,,,,,,,,,,,,,,,,,,,,,,,
9337,11:37:00,,,,,,,,,,,,,,,,,,,,,,,,,
9338,11:38:00,,,,,,,,,,,,,,,,,,,,,,,,,
9339,11:39:00,,,,,,,,,,,,,,,,,,,,,,,,,
9340,11:40:00,,,,,,,,,,,,,,,,,,,,,,,,,
9341,11:41:00,,,,,,,,,,,,,,,,,,,,,,,,,
9342,11:42:00,,,,,,,,,,,,,,,,,,,,,,,,,
9343,11:43:00,,,,,,,,,,,,,,,,,,,,,,,,,
9344,11:44:00,,,,,,,,,,,,,,,,,,,,,,,,,
9345,11:45:00,,,,,,,,,,,,,,,,,,,,,,,,,
9346,11:46:00,,,,,,,,,,,,,,,,,,,,,,,,,
9347,11:47:00,,,,,,,,,,,,,,,,,,,,,,,,,
9348,11:48:00,,,,,,,,,,,,,,,,,,,,,,,,,
9349,11:49:00,,,,,,,,,,,,,,,,,,,,,,,,,
9350,11:50:00,,,,,,,,,,,,,,,,,,,,,,,,,
9351,11:51:00,,,,,,,,,,,,,,,,,,,,,,,,,
9352,11:52:00,,,,,,,,,,,,,,,,,,,,,,,,,
9353,11:53:00,,,,,,,,,,,,,,,,,,,,,,,,,
9354,11:54:00,,,,,,,,,,,,,,,,,,,,,,,,,
9355,11:55:00,,,,,,,,,,,,,,,,,,,,,,,,,
9356,11:56:00,,,,,,,,,,,,,,,,,,,,,,,,,
9357,11:57:00,,,,,,,,,,,,,,,,,,,,,,,,,
9358,11:58:00,,,,,,,,,,,,,,,,,,,,,,,,,
9359,11:59:00,,,,,,,,,,,,,,,,,,,,,,,,,
9360,12:00:00,,,,,,,,,,,,,,,,,,,,,,,,,
9361,12:01:00,,,,,,,,,,,,,,,,,,,,,,,,,
9362,12:02:00,,,,,,,,,,,,,,,,,,,,,,,,,
9363,12:03:00,,,,,,,,,,,,,,,,,,,,,,,,,
9364,12:04:00,,,,,,,,,,,,,,,,,,,,,,,,,
9365,12:05:00,,,,,,,,,,,,,,,,,,,,,,,,,
9366,12:06:00,,,,,,,,,,,,,,,,,,,,,,,,,
9367,12:07:00,,,,,,,,,,,,,,,,,,,,,,,,,
9368,12:08:00,,,,,,,,,,,,,,,,,,,,,,,,,
9369,12:09:00,,,,,,,,,,,,,,,,,,,,,,,,,
9370,12:10:00,,,,,,,,,,,,,,,,,,,,,,,,,
9371,12:11:00,,,,,,,,,,,,,,,,,,,,,,,,,
9372,12:12:00,,,,,,,,,,,,,,,,,,,,,,,,,
9373,12:13:00,,,,,,,,,,,,,,,,,,,,,,,,,
9374,12:14:00,,,,,,,,,,,,,,,,,,,,,,,,,
9375,12:15:00,,,,,,,,,,,,,,,,,,,,,,,,,
9376,12:16:00,,,,,,,,,,,,,,,,,,,,,,,,,
9377,12:17:00,,,,,,,,,,,,,,,,,,,,,,,,,
9378,12:18:00,,,,,,,,,,,,,,,,,,,,,,,,,
9379,12:19:00,,,,,,,,,,,,,,,,,,,,,,,,,
9380,12:20:00,,,,,,,,,,,,,,,,,,,,,,,,,
9381,12:21:00,,,,,,,,,,,,,,,,,,,,,,,,,
9382,12:22:00,,,,,,,,,,,,,,,,,,,,,,,,,
9383,12:23:00,,,,,,,,,,,,,,,,,,,,,,,,,
9384,12:24:00,,,,,,,,,,,,,,,,,,,,,,,,,
9385,12:25:00,,,,,,,,,,,,,,,,,,,,,,,,,
9386,12:26:00,,,,,,,,,,,,,,,,,,,,,,,,,
9387,12:27:00,,,,,,,,,,,,,,,,,,,,,,,,,
9388,12:28:00,,,,,,,,,,,,,,,,,,,,,,,,,
9389,12:29:00,,,,,,,,,,,,,,,,,,,,,,,,,
9390,12:30:00,,,,,,,,,,,,,,,,,,,,,,,,,
9391,12:31:00,,,,,,,,,,,,,,,,,,,,,,,,,
9392,12:32:00,,,,,,,,,,,,,,,,,,,,,,,,,
9393,12:33:00,,,,,,,,,,,,,,,,,,,,,,,,,
9394,12:34:00,,,,,,,,,,,,,,,,,,,,,,,,,
9395,12:35:00,,,,,,,,,,,,,,,,,,,,,,,,,
9396,12:36:00,,,,,,,,,,,,,,,,,,,,,,,,,
9397,12:37:00,,,,,,,,,,,,,,,,,,,,,,,,,
9398,12:38:00,,,,,,,,,,,,,,,,,,,,,,,,,
9399,12:39:00,,,,,,,,,,,,,,,,,,,,,,,,,
9400,12:40:00,,,,,,,,,,,,,,,,,,,,,,,,,
9401,12:41:00,,,,,,,,,,,,,,,,,,,,,,,,,
9402,12:42:00,,,,,,,,,,,,,,,,,,,,,,,,,
9403,12:43:00,,,,,,,,,,,,,,,,,,,,,,,,,
9404,12:44:00,,,,,,,,,,,,,,,,,,,,,,,,,
9405,12:45:00,,,,,,,,,,,,,,,,,,,,,,,,,
9406,12:46:00,,,,,,,,,,,,,,,,,,,,,,,,,
9407,12:47:00,,,,,,,,,,,,,,,,,,,,,,,,,
9408,12:48:00,,,,,,,,,,,,,,,,,,,,,,,,,
9409,12:49:00,,,,,,,,,,,,,,,,,,,,,,,,,
9410,12:50:00,,,,,,,,,,,,,,,,,,,,,,,,,
9411,12:51:00,,,,,,,,,,,,,,,,,,,,,,,,,
9412,12:52:00,,,,,,,,,,,,,,,,,,,,,,,,,
9413,12:53:00,,,,,,,,,,,,,,,,,,,,,,,,,
9414,12:54:00,,,,,,,,,,,,,,,,,,,,,,,,,
9415,12:55:00,,,,,,,,,,,,,,,,,,,,,,,,,
9416,12:56:00,,,,,,,,,,,,,,,,,,,,,,,,,
9417,12:57:00,,,,,,,,,,,,,,,,,,,,,,,,,
9418,12:58:00,,,,,,,,,,,,,,,,,,,,,,,,,
9419,12:59:00,,,,,,,,,,,,,,,,,,,,,,,,,
9420,13:00:00,,,,,,,,,,,,,,,,,,,,,,,,,
9421,13:01:00,,,,,,,,,,,,,,,,,,,,,,,,,
9422,13:02:00,,,,,,,,,,,,,,,,,,,,,,,,,
9423,13:03:00,,,,,,,,,,,,,,,,,,,,,,,,,
9424,13:04:00,,,,,,,,,,,,,,,,,,,,,,,,,
9425,13:05:00,,,,,,,,,,,,,,,,,,,,,,,,,
9426,13:06:00,,,,,,,,,,,,,,,,,,,,,,,,,
9427,13:07:00,,,,,,,,,,,,,,,,,,,,,,,,,
9428,13:08:00,,,,,,,,,,,,,,,,,,,,,,,,,
9429,13:09:00,,,,,,,,,,,,,,,,,,,,,,,,,
9430,13:10:00,,,,,,,,,,,,,,,,,,,,,,,,,
9431,13:11:00,,,,,,,,,,,,,,,,,,,,,,,,,
9432,13:12:00,,,,,,,,,,,,,,,,,,,,,,,,,
9433,13:13:00,,,,,,,,,,,,,,,,,,,,,,,,,
9434,13:14:00,,,,,,,,,,,,,,,,,,,,,,,,,
9435,13:15:00,,,,,,,,,,,,,,,,,,,,,,,,,
9436,13:16:00,,,,,,,,,,,,,,,,,,,,,,,,,
9437,13:17:00,,,,,,,,,,,,,,,,,,,,,,,,,
9438,13:18:00,,,,,,,,,,,,,,,,,,,,,,,,,
9439,13:19:00,,,,,,,,,,,,,,,,,,,,,,,,,
9440,13:20:00,,,,,,,,,,,,,,,,,,,,,,,,,
9441,13:21:00,,,,,,,,,,,,,,,,,,,,,,,,,
9442,13:22:00,,,,,,,,,,,,,,,,,,,,,,,,,
9443,13:23:00,,,,,,,,,,,,,,,,,,,,,,,,,
9444,13:24:00,,,,,,,,,,,,,,,,,,,,,,,,,
9445,13:25:00,,,,,,,,,,,,,,,,,,,,,,,,,
9446,13:26:00,,,,,,,,,,,,,,,,,,,,,,,,,
9447,13:27:00,,,,,,,,,,,,,,,,,,,,,,,,,
9448,13:28:00,,,,,,,,,,,,,,,,,,,,,,,,,
9449,13:29:00,,,,,,,,,,,,,,,,,,,,,,,,,
9450,13:30:00,,,,,,,,,,,,,,,,,,,,,,,,,
9451,13:31:00,,,,,,,,,,,,,,,,,,,,,,,,,
9452,13:32:00,,,,,,,,,,,,,,,,,,,,,,,,,
9453,13:33:00,,,,,,,,,,,,,,,,,,,,,,,,,
9454,13:34:00,,,,,,,,,,,,,,,,,,,,,,,,,
9455,13:35:00,,,,,,,,,,,,,,,,,,,,,,,,,
9456,13:36:00,,,,,,,,,,,,,,,,,,,,,,,,,
9457,13:37:00,,,,,,,,,,,,,,,,,,,,,,,,,
9458,13:38:00,,,,,,,,,,,,,,,,,,,,,,,,,
9459,13:39:00,,,,,,,,,,,,,,,,,,,,,,,,,
9460,13:40:00,,,,,,,,,,,,,,,,,,,,,,,,,
9461,13:41:00,,,,,,,,,,,,,,,,,,,,,,,,,
9462,13:42:00,,,,,,,,,,,,,,,,,,,,,,,,,
9463,13:43:00,,,,,,,,,,,,,,,,,,,,,,,,,
9464,13:44:00,,,,,,,,,,,,,,,,,,,,,,,,,
9465,13:45:00,,,,,,,,,,,,,,,,,,,,,,,,,
9466,13:46:00,,,,,,,,,,,,,,,,,,,,,,,,,
9467,13:47:00,,,,,,,,,,,,,,,,,,,,,,,,,
9468,13:48:00,,,,,,,,,,,,,,,,,,,,,,,,,
9469,13:49:00,,,,,,,,,,,,,,,,,,,,,,,,,
9470,13:50:00,,,,,,,,,,,,,,,,,,,,,,,,,
9471,13:51:00,,,,,,,,,,,,,,,,,,,,,,,,,
9472,13:52:00,,,,,,,,,,,,,,,,,,,,,,,,,
9473,13:53:00,,,,,,,,,,,,,,,,,,,,,,,,,
9474,13:54:00,,,,,,,,,,,,,,,,,,,,,,,,,
9475,13:55:00,,,,,,,,,,,,,,,,,,,,,,,,,
9476,13:56:00,,,,,,,,,,,,,,,,,,,,,,,,,
9477,13:57:00,,,,,,,,,,,,,,,,,,,,,,,,,
9478,13:58:00,,,,,,,,,,,,,,,,,,,,,,,,,
9479,13:59:00,,,,,,,,,,,,,,,,,,,,,,,,,
9480,14:00:00,,,,,,,,,,,,,,,,,,,,,,,,,
9481,14:01:00,,,,,,,,,,,,,,,,,,,,,,,,,
9482,14:02:00,,,,,,,,,,,,,,,,,,,,,,,,,
9483,14:03:00,,,,,,,,,,,,,,,,,,,,,,,,,
9484,14:04:00,,,,,,,,,,,,,,,,,,,,,,,,,
9485,14:05:00,,,,,,,,,,,,,,,,,,,,,,,,,
9486,14:06:00,,,,,,,,,,,,,,,,,,,,,,,,,
9487,14:07:00,,,,,,,,,,,,,,,,,,,,,,,,,
9488,14:08:00,,,,,,,,,,,,,,,,,,,,,,,,,
9489,14:09:00,,,,,,,,,,,,,,,,,,,,,,,,,
9490,14:10:00,,,,,,,,,,,,,,,,,,,,,,,,,
9491,14:11:00,,,,,,,,,,,,,,,,,,,,,,,,,
9492,14:12:00,,,,,,,,,,,,,,,,,,,,,,,,,
9493,14:13:00,,,,,,,,,,,,,,,,,,,,,,,,,
9494,14:14:00,,,,,,,,,,,,,,,,,,,,,,,,,
9495,14:15:00,,,,,,,,,,,,,,,,,,,,,,,,,
9496,14:16:00,,,,,,,,,,,,,,,,,,,,,,,,,
9497,14:17:00,,,,,,,,,,,,,,,,,,,,,,,,,
9498,14:18:00,,,,,,,,,,,,,,,,,,,,,,,,,
9499,14:19:00,,,,,,,,,,,,,,,,,,,,,,,,,
9500,14:20:00,,,,,,,,,,,,,,,,,,,,,,,,,
9501,14:21:00,,,,,,,,,,,,,,,,,,,,,,,,,
9502,14:22:00,,,,,,,,,,,,,,,,,,,,,,,,,
9503,14:23:00,,,,,,,,,,,,,,,,,,,,,,,,,
9504,14:24:00,,,,,,,,,,,,,,,,,,,,,,,,,
9505,14:25:00,,,,,,,,,,,,,,,,,,,,,,,,,
9506,14:26:00,,,,,,,,,,,,,,,,,,,,,,,,,
9507,14:27:00,,,,,,,,,,,,,,,,,,,,,,,,,
9508,14:28:00,,,,,,,,,,,,,,,,,,,,,,,,,
9509,14:29:00,,,,,,,,,,,,,,,,,,,,,,,,,
9510,14:30:00,,,,,,,,,,,,,,,,,,,,,,,,,
9511,14:31:00,,,,,,,,,,,,,,,,,,,,,,,,,
9512,14:32:00,,,,,,,,,,,,,,,,,,,,,,,,,
9513,14:33:00,,,,,,,,,,,,,,,,,,,,,,,,,
9514,14:34:00,,,,,,,,,,,,,,,,,,,,,,,,,
9515,14:35:00,,,,,,,,,,,,,,,,,,,,,,,,,
9516,14:36:00,,,,,,,,,,,,,,,,,,,,,,,,,
9517,14:37:00,,,,,,,,,,,,,,,,,,,,,,,,,
9518,14:38:00,,,,,,,,,,,,,,,,,,,,,,,,,
9519,14:39:00,,,,,,,,,,,,,,,,,,,,,,,,,
9520,14:40:00,,,,,,,,,,,,,,,,,,,,,,,,,
9521,14:41:00,,,,,,,,,,,,,,,,,,,,,,,,,
9522,14:42:00,,,,,,,,,,,,,,,,,,,,,,,,,
9523,14:43:00,,,,,,,,,,,,,,,,,,,,,,,,,
9524,14:44:00,,,,,,,,,,,,,,,,,,,,,,,,,
9525,14:45:00,,,,,,,,,,,,,,,,,,,,,,,,,
9526,14:46:00,,,,,,,,,,,,,,,,,,,,,,,,,
9527,14:47:00,,,,,,,,,,,,,,,,,,,,,,,,,
9528,14:48:00,,,,,,,,,,,,,,,,,,,,,,,,,
9529,14:49:00,,,,,,,,,,,,,,,,,,,,,,,,,
9530,14:50:00,,,,,,,,,,,,,,,,,,,,,,,,,
9531,14:51:00,,,,,,,,,,,,,,,,,,,,,,,,,
9532,14:52:00,,,,,,,,,,,,,,,,,,,,,,,,,
9533,14:53:00,,,,,,,,,,,,,,,,,,,,,,,,,
9534,14:54:00,,,,,,,,,,,,,,,,,,,,,,,,,
9535,14:55:00,,,,,,,,,,,,,,,,,,,,,,,,,
9536,14:56:00,,,,,,,,,,,,,,,,,,,,,,,,,
9537,14:57:00,,,,,,,,,,,,,,,,,,,,,,,,,
9538,14:58:00,,,,,,,,,,,,,,,,,,,,,,,,,
9539,14:59:00,,,,,,,,,,,,,,,,,,,,,,,,,
9540,15:00:00,,,,,,,,,,,,,,,,,,,,,,,,,
9541,15:01:00,,,,,,,,,,,,,,,,,,,,,,,,,
9542,15:02:00,,,,,,,,,,,,,,,,,,,,,,,,,
9543,15:03:00,,,,,,,,,,,,,,,,,,,,,,,,,
9544,15:04:00,,,,,,,,,,,,,,,,,,,,,,,,,
9545,15:05:00,,,,,,,,,,,,,,,,,,,,,,,,,
9546,15:06:00,,,,,,,,,,,,,,,,,,,,,,,,,
9547,15:07:00,,,,,,,,,,,,,,,,,,,,,,,,,
9548,15:08:00,,,,,,,,,,,,,,,,,,,,,,,,,
9549,15:09:00,,,,,,,,,,,,,,,,,,,,,,,,,
9550,15:10:00,,,,,,,,,,,,,,,,,,,,,,,,,
9551,15:11:00,,,,,,,,,,,,,,,,,,,,,,,,,
9552,15:12:00,,,,,,,,,,,,,,,,,,,,,,,,,
9553,15:13:00,,,,,,,,,,,,,,,,,,,,,,,,,
9554,15:14:00,,,,,,,,,,,,,,,,,,,,,,,,,
9555,15:15:00,,,,,,,,,,,,,,,,,,,,,,,,,
9556,15:16:00,,,,,,,,,,,,,,,,,,,,,,,,,
9557,15:17:00,,,,,,,,,,,,,,,,,,,,,,,,,
9558,15:18:00,,,,,,,,,,,,,,,,,,,,,,,,,
9559,15:19:00,,,,,,,,,,,,,,,,,,,,,,,,,
9560,15:20:00,,,,,,,,,,,,,,,,,,,,,,,,,
9561,15:21:00,,,,,,,,,,,,,,,,,,,,,,,,,
9562,15:22:00,,,,,,,,,,,,,,,,,,,,,,,,,
9563,15:23:00,,,,,,,,,,,,,,,,,,,,,,,,,
9564,15:24:00,,,,,,,,,,,,,,,,,,,,,,,,,
9565,15:25:00,,,,,,,,,,,,,,,,,,,,,,,,,
9566,15:26:00,,,,,,,,,,,,,,,,,,,,,,,,,
9567,15:27:00,,,,,,,,,,,,,,,,,,,,,,,,,
9568,15:28:00,,,,,,,,,,,,,,,,,,,,,,,,,
9569,15:29:00,,,,,,,,,,,,,,,,,,,,,,,,,
9570,15:30:00,,,,,,,,,,,,,,,,,,,,,,,,,
9571,15:31:00,,,,,,,,,,,,,,,,,,,,,,,,,
9572,15:32:00,,,,,,,,,,,,,,,,,,,,,,,,,
9573,15:33:00,,,,,,,,,,,,,,,,,,,,,,,,,
9574,15:34:00,,,,,,,,,,,,,,,,,,,,,,,,,
9575,15:35:00,,,,,,,,,,,,,,,,,,,,,,,,,
9576,15:36:00,,,,,,,,,,,,,,,,,,,,,,,,,
9577,15:37:00,,,,,,,,,,,,,,,,,,,,,,,,,
9578,15:38:00,,,,,,,,,,,,,,,,,,,,,,,,,
9579,15:39:00,,,,,,,,,,,,,,,,,,,,,,,,,
9580,15:40:00,,,,,,,,,,,,,,,,,,,,,,,,,
9581,15:41:00,,,,,,,,,,,,,,,,,,,,,,,,,
9582,15:42:00,,,,,,,,,,,,,,,,,,,,,,,,,
9583,15:43:00,,,,,,,,,,,,,,,,,,,,,,,,,
9584,15:44:00,,,,,,,,,,,,,,,,,,,,,,,,,
9585,15:45:00,,,,,,,,,,,,,,,,,,,,,,,,,
9586,15:46:00,,,,,,,,,,,,,,,,,,,,,,,,,
9587,15:47:00,,,,,,,,,,,,,,,,,,,,,,,,,
9588,15:48:00,,,,,,,,,,,,,,,,,,,,,,,,,
9589,15:49:00,,,,,,,,,,,,,,,,,,,,,,,,,
9590,15:50:00,,,,,,,,,,,,,,,,,,,,,,,,,
9591,15:51:00,,,,,,,,,,,,,,,,,,,,,,,,,
9592,15:52:00,,,,,,,,,,,,,,,,,,,,,,,,,
9593,15:53:00,,,,,,,,,,,,,,,,,,,,,,,,,
9594,15:54:00,,,,,,,,,,,,,,,,,,,,,,,,,
9595,15:55:00,,,,,,,,,,,,,,,,,,,,,,,,,
9596,15:56:00,,,,,,,,,,,,,,,,,,,,,,,,,
9597,15:57:00,,,,,,,,,,,,,,,,,,,,,,,,,
9598,15:58:00,,,,,,,,,,,,,,,,,,,,,,,,,
9599,15:59:00,,,,,,,,,,,,,,,,,,,,,,,,,
9600,16:00:00,,,,,,,,,,,,,,,,,,,,,,,,,
9601,16:01:00,,,,,,,,,,,,,,,,,,,,,,,,,
9602,16:02:00,,,,,,,,,,,,,,,,,,,,,,,,,
9603,16:03:00,,,,,,,,,,,,,,,,,,,,,,,,,
9604,16:04:00,,,,,,,,,,,,,,,,,,,,,,,,,
9605,16:05:00,,,,,,,,,,,,,,,,,,,,,,,,,
9606,16:06:00,,,,,,,,,,,,,,,,,,,,,,,,,
9607,16:07:00,,,,,,,,,,,,,,,,,,,,,,,,,
9608,16:08:00,,,,,,,,,,,,,,,,,,,,,,,,,
9609,16:09:00,,,,,,,,,,,,,,,,,,,,,,,,,
9610,16:10:00,,,,,,,,,,,,,,,,,,,,,,,,,
9611,16:11:00,,,,,,,,,,,,,,,,,,,,,,,,,
9612,16:12:00,,,,,,,,,,,,,,,,,,,,,,,,,
9613,16:13:00,,,,,,,,,,,,,,,,,,,,,,,,,
9614,16:14:00,,,,,,,,,,,,,,,,,,,,,,,,,
9615,16:15:00,,,,,,,,,,,,,,,,,,,,,,,,,
9616,16:16:00,,,,,,,,,,,,,,,,,,,,,,,,,
9617,16:17:00,,,,,,,,,,,,,,,,,,,,,,,,,
9618,16:18:00,,,,,,,,,,,,,,,,,,,,,,,,,
9619,16:19:00,,,,,,,,,,,,,,,,,,,,,,,,,
9620,16:20:00,,,,,,,,,,,,,,,,,,,,,,,,,
9621,16:21:00,,,,,,,,,,,,,,,,,,,,,,,,,
9622,16:22:00,,,,,,,,,,,,,,,,,,,,,,,,,
9623,16:23:00,,,,,,,,,,,,,,,,,,,,,,,,,
9624,16:24:00,,,,,,,,,,,,,,,,,,,,,,,,,
9625,16:25:00,,,,,,,,,,,,,,,,,,,,,,,,,
9626,16:26:00,,,,,,,,,,,,,,,,,,,,,,,,,
9627,16:27:00,,,,,,,,,,,,,,,,,,,,,,,,,
9628,16:28:00,,,,,,,,,,,,,,,,,,,,,,,,,
9629,16:29:00,,,,,,,,,,,,,,,,,,,,,,,,,
9630,16:30:00,,,,,,,,,,,,,,,,,,,,,,,,,
9631,16:31:00,,,,,,,,,,,,,,,,,,,,,,,,,
9632,16:32:00,,,,,,,,,,,,,,,,,,,,,,,,,
9633,16:33:00,,,,,,,,,,,,,,,,,,,,,,,,,
9634,16:34:00,,,,,,,,,,,,,,,,,,,,,,,,,
9635,16:35:00,,,,,,,,,,,,,,,,,,,,,,,,,
9636,16:36:00,,,,,,,,,,,,,,,,,,,,,,,,,
9637,16:37:00,,,,,,,,,,,,,,,,,,,,,,,,,
9638,16:38:00,,,,,,,,,,,,,,,,,,,,,,,,,
9639,16:39:00,,,,,,,,,,,,,,,,,,,,,,,,,
9640,16:40:00,,,,,,,,,,,,,,,,,,,,,,,,,
9641,16:41:00,,,,,,,,,,,,,,,,,,,,,,,,,
9642,16:42:00,,,,,,,,,,,,,,,,,,,,,,,,,
9643,16:43:00,,,,,,,,,,,,,,,,,,,,,,,,,
9644,16:44:00,,,,,,,,,,,,,,,,,,,,,,,,,
9645,16:45:00,,,,,,,,,,,,,,,,,,,,,,,,,
9646,16:46:00,,,,,,,,,,,,,,,,,,,,,,,,,
9647,16:47:00,,,,,,,,,,,,,,,,,,,,,,,,,
9648,16:48:00,,,,,,,,,,,,,,,,,,,,,,,,,
9649,16:49:00,,,,,,,,,,,,,,,,,,,,,,,,,
9650,16:50:00,,,,,,,,,,,,,,,,,,,,,,,,,
9651,16:51:00,,,,,,,,,,,,,,,,,,,,,,,,,
9652,16:52:00,,,,,,,,,,,,,,,,,,,,,,,,,
9653,16:53:00,,,,,,,,,,,,,,,,,,,,,,,,,
9654,16:54:00,,,,,,,,,,,,,,,,,,,,,,,,,
9655,16:55:00,,,,,,,,,,,,,,,,,,,,,,,,,
9656,16:56:00,,,,,,,,,,,,,,,,,,,,,,,,,
9657,16:57:00,,,,,,,,,,,,,,,,,,,,,,,,,
9658,16:58:00,,,,,,,,,,,,,,,,,,,,,,,,,
9659,16:59:00,,,,,,,,,,,,,,,,,,,,,,,,,
9660,17:00:00,,,,,,,,,,,,,,,,,,,,,,,,,
9661,17:01:00,,,,,,,,,,,,,,,,,,,,,,,,,
9662,17:02:00,,,,,,,,,,,,,,,,,,,,,,,,,
9663,17:03:00,,,,,,,,,,,,,,,,,,,,,,,,,
9664,17:04:00,,,,,,,,,,,,,,,,,,,,,,,,,
9665,17:05:00,,,,,,,,,,,,,,,,,,,,,,,,,
9666,17:06:00,,,,,,,,,,,,,,,,,,,,,,,,,
9667,17:07:00,,,,,,,,,,,,,,,,,,,,,,,,,
9668,17:08:00,,,,,,,,,,,,,,,,,,,,,,,,,
9669,17:09:00,,,,,,,,,,,,,,,,,,,,,,,,,
9670,17:10:00,,,,,,,,,,,,,,,,,,,,,,,,,
9671,17:11:00,,,,,,,,,,,,,,,,,,,,,,,,,
9672,17:12:00,,,,,,,,,,,,,,,,,,,,,,,,,
9673,17:13:00,,,,,,,,,,,,,,,,,,,,,,,,,
9674,17:14:00,,,,,,,,,,,,,,,,,,,,,,,,,
9675,17:15:00,,,,,,,,,,,,,,,,,,,,,,,,,
9676,17:16:00,,,,,,,,,,,,,,,,,,,,,,,,,
9677,17:17:00,,,,,,,,,,,,,,,,,,,,,,,,,
9678,17:18:00,,,,,,,,,,,,,,,,,,,,,,,,,
9679,17:19:00,,,,,,,,,,,,,,,,,,,,,,,,,
9680,17:20:00,,,,,,,,,,,,,,,,,,,,,,,,,
9681,17:21:00,,,,,,,,,,,,,,,,,,,,,,,,,
9682,17:22:00,,,,,,,,,,,,,,,,,,,,,,,,,
9683,17:23:00,,,,,,,,,,,,,,,,,,,,,,,,,
9684,17:24:00,,,,,,,,,,,,,,,,,,,,,,,,,
9685,17:25:00,,,,,,,,,,,,,,,,,,,,,,,,,
9686,17:26:00,,,,,,,,,,,,,,,,,,,,,,,,,
9687,17:27:00,,,,,,,,,,,,,,,,,,,,,,,,,
9688,17:28:00,,,,,,,,,,,,,,,,,,,,,,,,,
9689,17:29:00,,,,,,,,,,,,,,,,,,,,,,,,,
9690,17:30:00,,,,,,,,,,,,,,,,,,,,,,,,,
9691,17:31:00,,,,,,,,,,,,,,,,,,,,,,,,,
9692,17:32:00,,,,,,,,,,,,,,,,,,,,,,,,,
9693,17:33:00,,,,,,,,,,,,,,,,,,,,,,,,,
9694,17:34:00,,,,,,,,,,,,,,,,,,,,,,,,,
9695,17:35:00,,,,,,,,,,,,,,,,,,,,,,,,,
9696,17:36:00,,,,,,,,,,,,,,,,,,,,,,,,,
9697,17:37:00,,,,,,,,,,,,,,,,,,,,,,,,,
9698,17:38:00,,,,,,,,,,,,,,,,,,,,,,,,,
9699,17:39:00,,,,,,,,,,,,,,,,,,,,,,,,,
9700,17:40:00,,,,,,,,,,,,,,,,,,,,,,,,,
9701,17:41:00,,,,,,,,,,,,,,,,,,,,,,,,,
9702,17:42:00,,,,,,,,,,,,,,,,,,,,,,,,,
9703,17:43:00,,,,,,,,,,,,,,,,,,,,,,,,,
9704,17:44:00,,,,,,,,,,,,,,,,,,,,,,,,,
9705,17:45:00,,,,,,,,,,,,,,,,,,,,,,,,,
9706,17:46:00,,,,,,,,,,,,,,,,,,,,,,,,,
9707,17:47:00,,,,,,,,,,,,,,,,,,,,,,,,,
9708,17:48:00,,,,,,,,,,,,,,,,,,,,,,,,,
9709,17:49:00,,,,,,,,,,,,,,,,,,,,,,,,,
9710,17:50:00,,,,,,,,,,,,,,,,,,,,,,,,,
9711,17:51:00,,,,,,,,,,,,,,,,,,,,,,,,,
9712,17:52:00,,,,,,,,,,,,,,,,,,,,,,,,,
9713,17:53:00,,,,,,,,,,,,,,,,,,,,,,,,,
9714,17:54:00,,,,,,,,,,,,,,,,,,,,,,,,,
9715,17:55:00,,,,,,,,,,,,,,,,,,,,,,,,,
9716,17:56:00,,,,,,,,,,,,,,,,,,,,,,,,,
9717,17:57:00,,,,,,,,,,,,,,,,,,,,,,,,,
9718,17:58:00,,,,,,,,,,,,,,,,,,,,,,,,,
9719,17:59:00,,,,,,,,,,,,,,,,,,,,,,,,,
9720,18:00:00,,,,,,,,,,,,,,,,,,,,,,,,,
9721,18:01:00,,,,,,,,,,,,,,,,,,,,,,,,,
9722,18:02:00,,,,,,,,,,,,,,,,,,,,,,,,,
9723,18:03:00,,,,,,,,,,,,,,,,,,,,,,,,,
9724,18:04:00,,,,,,,,,,,,,,,,,,,,,,,,,
9725,18:05:00,,,,,,,,,,,,,,,,,,,,,,,,,
9726,18:06:00,,,,,,,,,,,,,,,,,,,,,,,,,
9727,18:07:00,,,,,,,,,,,,,,,,,,,,,,,,,
9728,18:08:00,,,,,,,,,,,,,,,,,,,,,,,,,
9729,18:09:00,,,,,,,,,,,,,,,,,,,,,,,,,
9730,18:10:00,,,,,,,,,,,,,,,,,,,,,,,,,
9731,18:11:00,,,,,,,,,,,,,,,,,,,,,,,,,
9732,18:12:00,,,,,,,,,,,,,,,,,,,,,,,,,
9733,18:13:00,,,,,,,,,,,,,,,,,,,,,,,,,
9734,18:14:00,,,,,,,,,,,,,,,,,,,,,,,,,
9735,18:15:00,,,,,,,,,,,,,,,,,,,,,,,,,
9736,18:16:00,,,,,,,,,,,,,,,,,,,,,,,,,
9737,18:17:00,,,,,,,,,,,,,,,,,,,,,,,,,
9738,18:18:00,,,,,,,,,,,,,,,,,,,,,,,,,
9739,18:19:00,,,,,,,,,,,,,,,,,,,,,,,,,
9740,18:20:00,,,,,,,,,,,,,,,,,,,,,,,,,
9741,18:21:00,,,,,,,,,,,,,,,,,,,,,,,,,
9742,18:22:00,,,,,,,,,,,,,,,,,,,,,,,,,
9743,18:23:00,,,,,,,,,,,,,,,,,,,,,,,,,
9744,18:24:00,,,,,,,,,,,,,,,,,,,,,,,,,
9745,18:25:00,,,,,,,,,,,,,,,,,,,,,,,,,
9746,18:26:00,,,,,,,,,,,,,,,,,,,,,,,,,
9747,18:27:00,,,,,,,,,,,,,,,,,,,,,,,,,
9748,18:28:00,,,,,,,,,,,,,,,,,,,,,,,,,
9749,18:29:00,,,,,,,,,,,,,,,,,,,,,,,,,
9750,18:30:00,,,,,,,,,,,,,,,,,,,,,,,,,
9751,18:31:00,,,,,,,,,,,,,,,,,,,,,,,,,
9752,18:32:00,,,,,,,,,,,,,,,,,,,,,,,,,
9753,18:33:00,,,,,,,,,,,,,,,,,,,,,,,,,
9754,18:34:00,,,,,,,,,,,,,,,,,,,,,,,,,
9755,18:35:00,,,,,,,,,,,,,,,,,,,,,,,,,
9756,18:36:00,,,,,,,,,,,,,,,,,,,,,,,,,
9757,18:37:00,,,,,,,,,,,,,,,,,,,,,,,,,
9758,18:38:00,,,,,,,,,,,,,,,,,,,,,,,,,
9759,18:39:00,,,,,,,,,,,,,,,,,,,,,,,,,
9760,18:40:00,,,,,,,,,,,,,,,,,,,,,,,,,
9761,18:41:00,,,,,,,,,,,,,,,,,,,,,,,,,
9762,18:42:00,,,,,,,,,,,,,,,,,,,,,,,,,
9763,18:43:00,,,,,,,,,,,,,,,,,,,,,,,,,
9764,18:44:00,,,,,,,,,,,,,,,,,,,,,,,,,
9765,18:45:00,,,,,,,,,,,,,,,,,,,,,,,,,
9766,18:46:00,,,,,,,,,,,,,,,,,,,,,,,,,
9767,18:47:00,,,,,,,,,,,,,,,,,,,,,,,,,
9768,18:48:00,,,,,,,,,,,,,,,,,,,,,,,,,
9769,18:49:00,,,,,,,,,,,,,,,,,,,,,,,,,
9770,18:50:00,,,,,,,,,,,,,,,,,,,,,,,,,
9771,18:51:00,,,,,,,,,,,,,,,,,,,,,,,,,
9772,18:52:00,,,,,,,,,,,,,,,,,,,,,,,,,
9773,18:53:00,,,,,,,,,,,,,,,,,,,,,,,,,
9774,18:54:00,,,,,,,,,,,,,,,,,,,,,,,,,
9775,18:55:00,,,,,,,,,,,,,,,,,,,,,,,,,
9776,18:56:00,,,,,,,,,,,,,,,,,,,,,,,,,
9777,18:57:00,,,,,,,,,,,,,,,,,,,,,,,,,
9778,18:58:00,,,,,,,,,,,,,,,,,,,,,,,,,
9779,18:59:00,,,,,,,,,,,,,,,,,,,,,,,,,
9780,19:00:00,,,,,,,,,,,,,,,,,,,,,,,,,
9781,19:01:00,,,,,,,,,,,,,,,,,,,,,,,,,
9782,19:02:00,,,,,,,,,,,,,,,,,,,,,,,,,
9783,19:03:00,,,,,,,,,,,,,,,,,,,,,,,,,
9784,19:04:00,,,,,,,,,,,,,,,,,,,,,,,,,
9785,19:05:00,,,,,,,,,,,,,,,,,,,,,,,,,
9786,19:06:00,,,,,,,,,,,,,,,,,,,,,,,,,
9787,19:07:00,,,,,,,,,,,,,,,,,,,,,,,,,
9788,19:08:00,,,,,,,,,,,,,,,,,,,,,,,,,
9789,19:09:00,,,,,,,,,,,,,,,,,,,,,,,,,
9790,19:10:00,,,,,,,,,,,,,,,,,,,,,,,,,
9791,19:11:00,,,,,,,,,,,,,,,,,,,,,,,,,
9792,19:12:00,,,,,,,,,,,,,,,,,,,,,,,,,
9793,19:13:00,,,,,,,,,,,,,,,,,,,,,,,,,
9794,19:14:00,,,,,,,,,,,,,,,,,,,,,,,,,
9795,19:15:00,,,,,,,,,,,,,,,,,,,,,,,,,
9796,19:16:00,,,,,,,,,,,,,,,,,,,,,,,,,
9797,19:17:00,,,,,,,,,,,,,,,,,,,,,,,,,
9798,19:18:00,,,,,,,,,,,,,,,,,,,,,,,,,
9799,19:19:00,,,,,,,,,,,,,,,,,,,,,,,,,
9800,19:20:00,,,,,,,,,,,,,,,,,,,,,,,,,
9801,19:21:00,,,,,,,,,,,,,,,,,,,,,,,,,
9802,19:22:00,,,,,,,,,,,,,,,,,,,,,,,,,
9803,19:23:00,,,,,,,,,,,,,,,,,,,,,,,,,
9804,19:24:00,,,,,,,,,,,,,,,,,,,,,,,,,
9805,19:25:00,,,,,,,,,,,,,,,,,,,,,,,,,
9806,19:26:00,,,,,,,,,,,,,,,,,,,,,,,,,
9807,19:27:00,,,,,,,,,,,,,,,,,,,,,,,,,
9808,19:28:00,,,,,,,,,,,,,,,,,,,,,,,,,
9809,19:29:00,,,,,,,,,,,,,,,,,,,,,,,,,
9810,19:30:00,,,,,,,,,,,,,,,,,,,,,,,,,
9811,19:31:00,,,,,,,,,,,,,,,,,,,,,,,,,
9812,19:32:00,,,,,,,,,,,,,,,,,,,,,,,,,
9813,19:33:00,,,,,,,,,,,,,,,,,,,,,,,,,
9814,19:34:00,,,,,,,,,,,,,,,,,,,,,,,,,
9815,19:35:00,,,,,,,,,,,,,,,,,,,,,,,,,
9816,19:36:00,,,,,,,,,,,,,,,,,,,,,,,,,
9817,19:37:00,,,,,,,,,,,,,,,,,,,,,,,,,
9818,19:38:00,,,,,,,,,,,,,,,,,,,,,,,,,
9819,19:39:00,,,,,,,,,,,,,,,,,,,,,,,,,
9820,19:40:00,,,,,,,,,,,,,,,,,,,,,,,,,
9821,19:41:00,,,,,,,,,,,,,,,,,,,,,,,,,
9822,19:42:00,,,,,,,,,,,,,,,,,,,,,,,,,
9823,19:43:00,,,,,,,,,,,,,,,,,,,,,,,,,
9824,19:44:00,,,,,,,,,,,,,,,,,,,,,,,,,
9825,19:45:00,,,,,,,,,,,,,,,,,,,,,,,,,
9826,19:46:00,,,,,,,,,,,,,,,,,,,,,,,,,
9827,19:47:00,,,,,,,,,,,,,,,,,,,,,,,,,
9828,19:48:00,,,,,,,,,,,,,,,,,,,,,,,,,
9829,19:49:00,,,,,,,,,,,,,,,,,,,,,,,,,
9830,19:50:00,,,,,,,,,,,,,,,,,,,,,,,,,
9831,19:51:00,,,,,,,,,,,,,,,,,,,,,,,,,
9832,19:52:00,,,,,,,,,,,,,,,,,,,,,,,,,
9833,19:53:00,,,,,,,,,,,,,,,,,,,,,,,,,
9834,19:54:00,,,,,,,,,,,,,,,,,,,,,,,,,
9835,19:55:00,,,,,,,,,,,,,,,,,,,,,,,,,
9836,19:56:00,,,,,,,,,,,,,,,,,,,,,,,,,
9837,19:57:00,,,,,,,,,,,,,,,,,,,,,,,,,
9838,19:58:00,,,,,,,,,,,,,,,,,,,,,,,,,
9839,19:59:00,,,,,,,,,,,,,,,,,,,,,,,,,
9840,20:00:00,,,,,,,,,,,,,,,,,,,,,,,,,
9841,20:01:00,,,,,,,,,,,,,,,,,,,,,,,,,
9842,20:02:00,,,,,,,,,,,,,,,,,,,,,,,,,
9843,20:03:00,,,,,,,,,,,,,,,,,,,,,,,,,
9844,20:04:00,,,,,,,,,,,,,,,,,,,,,,,,,
9845,20:05:00,,,,,,,,,,,,,,,,,,,,,,,,,
9846,20:06:00,,,,,,,,,,,,,,,,,,,,,,,,,
9847,20:07:00,,,,,,,,,,,,,,,,,,,,,,,,,
9848,20:08:00,,,,,,,,,,,,,,,,,,,,,,,,,
9849,20:09:00,,,,,,,,,,,,,,,,,,,,,,,,,
9850,20:10:00,,,,,,,,,,,,,,,,,,,,,,,,,
9851,20:11:00,,,,,,,,,,,,,,,,,,,,,,,,,
9852,20:12:00,,,,,,,,,,,,,,,,,,,,,,,,,
9853,20:13:00,,,,,,,,,,,,,,,,,,,,,,,,,
9854,20:14:00,,,,,,,,,,,,,,,,,,,,,,,,,
9855,20:15:00,,,,,,,,,,,,,,,,,,,,,,,,,
9856,20:16:00,,,,,,,,,,,,,,,,,,,,,,,,,
9857,20:17:00,,,,,,,,,,,,,,,,,,,,,,,,,
9858,20:18:00,,,,,,,,,,,,,,,,,,,,,,,,,
9859,20:19:00,,,,,,,,,,,,,,,,,,,,,,,,,
9860,20:20:00,,,,,,,,,,,,,,,,,,,,,,,,,
9861,20:21:00,,,,,,,,,,,,,,,,,,,,,,,,,
9862,20:22:00,,,,,,,,,,,,,,,,,,,,,,,,,
9863,20:23:00,,,,,,,,,,,,,,,,,,,,,,,,,
9864,20:24:00,,,,,,,,,,,,,,,,,,,,,,,,,
9865,20:25:00,,,,,,,,,,,,,,,,,,,,,,,,,
9866,20:26:00,,,,,,,,,,,,,,,,,,,,,,,,,
9867,20:27:00,,,,,,,,,,,,,,,,,,,,,,,,,
9868,20:28:00,,,,,,,,,,,,,,,,,,,,,,,,,
9869,20:29:00,,,,,,,,,,,,,,,,,,,,,,,,,
9870,20:30:00,,,,,,,,,,,,,,,,,,,,,,,,,
9871,20:31:00,,,,,,,,,,,,,,,,,,,,,,,,,
9872,20:32:00,,,,,,,,,,,,,,,,,,,,,,,,,
9873,20:33:00,,,,,,,,,,,,,,,,,,,,,,,,,
9874,20:34:00,,,,,,,,,,,,,,,,,,,,,,,,,
9875,20:35:00,,,,,,,,,,,,,,,,,,,,,,,,,
9876,20:36:00,,,,,,,,,,,,,,,,,,,,,,,,,
9877,20:37:00,,,,,,,,,,,,,,,,,,,,,,,,,
9878,20:38:00,,,,,,,,,,,,,,,,,,,,,,,,,
9879,20:39:00,,,,,,,,,,,,,,,,,,,,,,,,,
9880,20:40:00,,,,,,,,,,,,,,,,,,,,,,,,,
9881,20:41:00,,,,,,,,,,,,,,,,,,,,,,,,,
9882,20:42:00,,,,,,,,,,,,,,,,,,,,,,,,,
9883,20:43:00,,,,,,,,,,,,,,,,,,,,,,,,,
9884,20:44:00,,,,,,,,,,,,,,,,,,,,,,,,,
9885,20:45:00,,,,,,,,,,,,,,,,,,,,,,,,,
9886,20:46:00,,,,,,,,,,,,,,,,,,,,,,,,,
9887,20:47:00,,,,,,,,,,,,,,,,,,,,,,,,,
9888,20:48:00,,,,,,,,,,,,,,,,,,,,,,,,,
9889,20:49:00,,,,,,,,,,,,,,,,,,,,,,,,,
9890,20:50:00,,,,,,,,,,,,,,,,,,,,,,,,,
9891,20:51:00,,,,,,,,,,,,,,,,,,,,,,,,,
9892,20:52:00,,,,,,,,,,,,,,,,,,,,,,,,,
9893,20:53:00,,,,,,,,,,,,,,,,,,,,,,,,,
9894,20:54:00,,,,,,,,,,,,,,,,,,,,,,,,,
9895,20:55:00,,,,,,,,,,,,,,,,,,,,,,,,,
9896,20:56:00,,,,,,,,,,,,,,,,,,,,,,,,,
9897,20:57:00,,,,,,,,,,,,,,,,,,,,,,,,,
9898,20:58:00,,,,,,,,,,,,,,,,,,,,,,,,,
9899,20:59:00,,,,,,,,,,,,,,,,,,,,,,,,,
9900,21:00:00,,,,,,,,,,,,,,,,,,,,,,,,,
9901,21:01:00,,,,,,,,,,,,,,,,,,,,,,,,,
9902,21:02:00,,,,,,,,,,,,,,,,,,,,,,,,,
9903,21:03:00,,,,,,,,,,,,,,,,,,,,,,,,,
9904,21:04:00,,,,,,,,,,,,,,,,,,,,,,,,,
9905,21:05:00,,,,,,,,,,,,,,,,,,,,,,,,,
9906,21:06:00,,,,,,,,,,,,,,,,,,,,,,,,,
9907,21:07:00,,,,,,,,,,,,,,,,,,,,,,,,,
9908,21:08:00,,,,,,,,,,,,,,,,,,,,,,,,,
9909,21:09:00,,,,,,,,,,,,,,,,,,,,,,,,,
9910,21:10:00,,,,,,,,,,,,,,,,,,,,,,,,,
9911,21:11:00,,,,,,,,,,,,,,,,,,,,,,,,,
9912,21:12:00,,,,,,,,,,,,,,,,,,,,,,,,,
9913,21:13:00,,,,,,,,,,,,,,,,,,,,,,,,,
9914,21:14:00,,,,,,,,,,,,,,,,,,,,,,,,,
9915,21:15:00,,,,,,,,,,,,,,,,,,,,,,,,,
9916,21:16:00,,,,,,,,,,,,,,,,,,,,,,,,,
9917,21:17:00,,,,,,,,,,,,,,,,,,,,,,,,,
9918,21:18:00,,,,,,,,,,,,,,,,,,,,,,,,,
9919,21:19:00,,,,,,,,,,,,,,,,,,,,,,,,,
9920,21:20:00,,,,,,,,,,,,,,,,,,,,,,,,,
9921,21:21:00,,,,,,,,,,,,,,,,,,,,,,,,,
9922,21:22:00,,,,,,,,,,,,,,,,,,,,,,,,,
9923,21:23:00,,,,,,,,,,,,,,,,,,,,,,,,,
9924,21:24:00,,,,,,,,,,,,,,,,,,,,,,,,,
9925,21:25:00,,,,,,,,,,,,,,,,,,,,,,,,,
9926,21:26:00,,,,,,,,,,,,,,,,,,,,,,,,,
9927,21:27:00,,,,,,,,,,,,,,,,,,,,,,,,,
9928,21:28:00,,,,,,,,,,,,,,,,,,,,,,,,,
9929,21:29:00,,,,,,,,,,,,,,,,,,,,,,,,,
9930,21:30:00,,,,,,,,,,,,,,,,,,,,,,,,,
9931,21:31:00,,,,,,,,,,,,,,,,,,,,,,,,,
9932,21:32:00,,,,,,,,,,,,,,,,,,,,,,,,,
9933,21:33:00,,,,,,,,,,,,,,,,,,,,,,,,,
9934,21:34:00,,,,,,,,,,,,,,,,,,,,,,,,,
9935,21:35:00,,,,,,,,,,,,,,,,,,,,,,,,,
9936,21:36:00,,,,,,,,,,,,,,,,,,,,,,,,,
9937,21:37:00,,,,,,,,,,,,,,,,,,,,,,,,,
9938,21:38:00,,,,,,,,,,,,,,,,,,,,,,,,,
9939,21:39:00,,,,,,,,,,,,,,,,,,,,,,,,,
9940,21:40:00,,,,,,,,,,,,,,,,,,,,,,,,,
9941,21:41:00,,,,,,,,,,,,,,,,,,,,,,,,,
9942,21:42:00,,,,,,,,,,,,,,,,,,,,,,,,,
9943,21:43:00,,,,,,,,,,,,,,,,,,,,,,,,,
9944,21:44:00,,,,,,,,,,,,,,,,,,,,,,,,,
9945,21:45:00,,,,,,,,,,,,,,,,,,,,,,,,,
9946,21:46:00,,,,,,,,,,,,,,,,,,,,,,,,,
9947,21:47:00,,,,,,,,,,,,,,,,,,,,,,,,,
9948,21:48:00,,,,,,,,,,,,,,,,,,,,,,,,,
9949,21:49:00,,,,,,,,,,,,,,,,,,,,,,,,,
9950,21:50:00,,,,,,,,,,,,,,,,,,,,,,,,,
9951,21:51:00,,,,,,,,,,,,,,,,,,,,,,,,,
9952,21:52:00,,,,,,,,,,,,,,,,,,,,,,,,,
9953,21:53:00,,,,,,,,,,,,,,,,,,,,,,,,,
9954,21:54:00,,,,,,,,,,,,,,,,,,,,,,,,,
9955,21:55:00,,,,,,,,,,,,,,,,,,,,,,,,,
9956,21:56:00,,,,,,,,,,,,,,,,,,,,,,,,,
9957,21:57:00,,,,,,,,,,,,,,,,,,,,,,,,,
9958,21:58:00,,,,,,,,,,,,,,,,,,,,,,,,,
9959,21:59:00,,,,,,,,,,,,,,,,,,,,,,,,,
9960,22:00:00,,,,,,,,,,,,,,,,,,,,,,,,,
9961,22:01:00,,,,,,,,,,,,,,,,,,,,,,,,,
9962,22:02:00,,,,,,,,,,,,,,,,,,,,,,,,,
9963,22:03:00,,,,,,,,,,,,,,,,,,,,,,,,,
9964,22:04:00,,,,,,,,,,,,,,,,,,,,,,,,,
9965,22:05:00,,,,,,,,,,,,,,,,,,,,,,,,,
9966,22:06:00,,,,,,,,,,,,,,,,,,,,,,,,,
9967,22:07:00,,,,,,,,,,,,,,,,,,,,,,,,,
9968,22:08:00,,,,,,,,,,,,,,,,,,,,,,,,,
9969,22:09:00,,,,,,,,,,,,,,,,,,,,,,,,,
9970,22:10:00,,,,,,,,,,,,,,,,,,,,,,,,,
9971,22:11:00,,,,,,,,,,,,,,,,,,,,,,,,,
9972,22:12:00,,,,,,,,,,,,,,,,,,,,,,,,,
9973,22:13:00,,,,,,,,,,,,,,,,,,,,,,,,,
9974,22:14:00,,,,,,,,,,,,,,,,,,,,,,,,,
9975,22:15:00,,,,,,,,,,,,,,,,,,,,,,,,,
9976,22:16:00,,,,,,,,,,,,,,,,,,,,,,,,,
9977,22:17:00,,,,,,,,,,,,,,,,,,,,,,,,,
9978,22:18:00,,,,,,,,,,,,,,,,,,,,,,,,,
9979,22:19:00,,,,,,,,,,,,,,,,,,,,,,,,,
9980,22:20:00,,,,,,,,,,,,,,,,,,,,,,,,,
9981,22:21:00,,,,,,,,,,,,,,,,,,,,,,,,,
9982,22:22:00,,,,,,,,,,,,,,,,,,,,,,,,,
9983,22:23:00,,,,,,,,,,,,,,,,,,,,,,,,,
9984,22:24:00,,,,,,,,,,,,,,,,,,,,,,,,,
9985,22:25:00,,,,,,,,,,,,,,,,,,,,,,,,,
9986,22:26:00,,,,,,,,,,,,,,,,,,,,,,,,,
9987,22:27:00,,,,,,,,,,,,,,,,,,,,,,,,,
9988,22:28:00,,,,,,,,,,,,,,,,,,,,,,,,,
9989,22:29:00,,,,,,,,,,,,,,,,,,,,,,,,,
9990,22:30:00,,,,,,,,,,,,,,,,,,,,,,,,,
9991,22:31:00,,,,,,,,,,,,,,,,,,,,,,,,,
9992,22:32:00,,,,,,,,,,,,,,,,,,,,,,,,,
9993,22:33:00,,,,,,,,,,,,,,,,,,,,,,,,,
9994,22:34:00,,,,,,,,,,,,,,,,,,,,,,,,,
9995,22:35:00,,,,,,,,,,,,,,,,,,,,,,,,,
9996,22:36:00,,,,,,,,,,,,,,,,,,,,,,,,,
9997,22:37:00,,,,,,,,,,,,,,,,,,,,,,,,,
9998,22:38:00,,,,,,,,,,,,,,,,,,,,,,,,,
9999,22:39:00,,,,,,,,,,,,,,,,,,,,,,,,,
10000,22:40:00,,,,,,,,,,,,,,,,,,,,,,,,,
10001,22:41:00,,,,,,,,,,,,,,,,,,,,,,,,,
10002,22:42:00,,,,,,,,,,,,,,,,,,,,,,,,,
10003,22:43:00,,,,,,,,,,,,,,,,,,,,,,,,,
10004,22:44:00,,,,,,,,,,,,,,,,,,,,,,,,,
10005,22:45:00,,,,,,,,,,,,,,,,,,,,,,,,,
10006,22:46:00,,,,,,,,,,,,,,,,,,,,,,,,,
10007,22:47:00,,,,,,,,,,,,,,,,,,,,,,,,,
10008,22:48:00,,,,,,,,,,,,,,,,,,,,,,,,,
10009,22:49:00,,,,,,,,,,,,,,,,,,,,,,,,,
10010,22:50:00,,,,,,,,,,,,,,,,,,,,,,,,,
10011,22:51:00,,,,,,,,,,,,,,,,,,,,,,,,,
10012,22:52:00,,,,,,,,,,,,,,,,,,,,,,,,,
10013,22:53:00,,,,,,,,,,,,,,,,,,,,,,,,,
10014,22:54:00,,,,,,,,,,,,,,,,,,,,,,,,,
10015,22:55:00,,,,,,,,,,,,,,,,,,,,,,,,,
10016,22:56:00,,,,,,,,,,,,,,,,,,,,,,,,,
10017,22:57:00,,,,,,,,,,,,,,,,,,,,,,,,,
10018,22:58:00,,,,,,,,,,,,,,,,,,,,,,,,,
10019,22:59:00,,,,,,,,,,,,,,,,,,,,,,,,,
10020,23:00:00,,,,,,,,,,,,,,,,,,,,,,,,,
10021,23:01:00,,,,,,,,,,,,,,,,,,,,,,,,,
10022,23:02:00,,,,,,,,,,,,,,,,,,,,,,,,,
10023,23:03:00,,,,,,,,,,,,,,,,,,,,,,,,,
10024,23:04:00,,,,,,,,,,,,,,,,,,,,,,,,,
10025,23:05:00,,,,,,,,,,,,,,,,,,,,,,,,,
10026,23:06:00,,,,,,,,,,,,,,,,,,,,,,,,,
10027,23:07:00,,,,,,,,,,,,,,,,,,,,,,,,,
10028,23:08:00,,,,,,,,,,,,,,,,,,,,,,,,,
10029,23:09:00,,,,,,,,,,,,,,,,,,,,,,,,,
10030,23:10:00,,,,,,,,,,,,,,,,,,,,,,,,,
10031,23:11:00,,,,,,,,,,,,,,,,,,,,,,,,,
10032,23:12:00,,,,,,,,,,,,,,,,,,,,,,,,,
10033,23:13:00,,,,,,,,,,,,,,,,,,,,,,,,,
10034,23:14:00,,,,,,,,,,,,,,,,,,,,,,,,,
10035,23:15:00,,,,,,,,,,,,,,,,,,,,,,,,,
10036,23:16:00,,,,,,,,,,,,,,,,,,,,,,,,,
10037,23:17:00,,,,,,,,,,,,,,,,,,,,,,,,,
10038,23:18:00,,,,,,,,,,,,,,,,,,,,,,,,,
10039,23:19:00,,,,,,,,,,,,,,,,,,,,,,,,,
10040,23:20:00,,,,,,,,,,,,,,,,,,,,,,,,,
10041,23:21:00,,,,,,,,,,,,,,,,,,,,,,,,,
10042,23:22:00,,,,,,,,,,,,,,,,,,,,,,,,,
10043,23:23:00,,,,,,,,,,,,,,,,,,,,,,,,,
10044,23:24:00,,,,,,,,,,,,,,,,,,,,,,,,,
10045,23:25:00,,,,,,,,,,,,,,,,,,,,,,,,,
10046,23:26:00,,,,,,,,,,,,,,,,,,,,,,,,,
10047,23:27:00,,,,,,,,,,,,,,,,,,,,,,,,,
10048,23:28:00,,,,,,,,,,,,,,,,,,,,,,,,,
10049,23:29:00,,,,,,,,,,,,,,,,,,,,,,,,,
10050,23:30:00,,,,,,,,,,,,,,,,,,,,,,,,,
10051,23:31:00,,,,,,,,,,,,,,,,,,,,,,,,,
10052,23:32:00,,,,,,,,,,,,,,,,,,,,,,,,,
10053,23:33:00,,,,,,,,,,,,,,,,,,,,,,,,,
10054,23:34:00,,,,,,,,,,,,,,,,,,,,,,,,,
10055,23:35:00,,,,,,,,,,,,,,,,,,,,,,,,,
10056,23:36:00,,,,,,,,,,,,,,,,,,,,,,,,,
10057,23:37:00,,,,,,,,,,,,,,,,,,,,,,,,,
10058,23:38:00,,,,,,,,,,,,,,,,,,,,,,,,,
10059,23:39:00,,,,,,,,,,,,,,,,,,,,,,,,,
10060,23:40:00,,,,,,,,,,,,,,,,,,,,,,,,,
10061,23:41:00,,,,,,,,,,,,,,,,,,,,,,,,,
10062,23:42:00,,,,,,,,,,,,,,,,,,,,,,,,,
10063,23:43:00,,,,,,,,,,,,,,,,,,,,,,,,,
10064,23:44:00,,,,,,,,,,,,,,,,,,,,,,,,,
10065,23:45:00,,,,,,,,,,,,,,,,,,,,,,,,,
10066,23:46:00,,,,,,,,,,,,,,,,,,,,,,,,,
10067,23:47:00,,,,,,,,,,,,,,,,,,,,,,,,,
10068,23:48:00,,,,,,,,,,,,,,,,,,,,,,,,,
10069,23:49:00,,,,,,,,,,,,,,,,,,,,,,,,,
10070,23:50:00,,,,,,,,,,,,,,,,,,,,,,,,,
10071,23:51:00,,,,,,,,,,,,,,,,,,,,,,,,,
10072,23:52:00,,,,,,,,,,,,,,,,,,,,,,,,,
10073,23:53:00,,,,,,,,,,,,,,,,,,,,,,,,,
10074,23:54:00,,,,,,,,,,,,,,,,,,,,,,,,,
10075,23:55:00,,,,,,,,,,,,,,,,,,,,,,,,,
10076,23:56:00,,,,,,,,,,,,,,,,,,,,,,,,,
10077,23:57:00,,,,,,,,,,,,,,,,,,,,,,,,,
10078,23:58:00,,,,,,,,,,,,,,,,,,,,,,,,,
10079,23:59:00,,,,,,,,,,,,,,,,,,,,,,,,,
10080,00:00:00,,,,,,,,,,,,,,,,,,,,,,,,,
10081,00:01:00,,,,,,,,,,,,,,,,,,,,,,,,,
10082,00:02:00,,,,,,,,,,,,,,,,,,,,,,,,,
10083,00:03:00,,,,,,,,,,,,,,,,,,,,,,,,,
10084,00:04:00,,,,,,,,,,,,,,,,,,,,,,,,,
10085,00:05:00,,,,,,,,,,,,,,,,,,,,,,,,,
10086,00:06:00,,,,,,,,,,,,,,,,,,,,,,,,,
10087,00:07:00,,,,,,,,,,,,,,,,,,,,,,,,,
10088,00:08:00,,,,,,,,,,,,,,,,,,,,,,,,,
10089,00:09:00,,,,,,,,,,,,,,,,,,,,,,,,,
10090,00:10:00,,,,,,,,,,,,,,,,,,,,,,,,,
10091,00:11:00,,,,,,,,,,,,,,,,,,,,,,,,,
10092,00:12:00,,,,,,,,,,,,,,,,,,,,,,,,,
10093,00:13:00,,,,,,,,,,,,,,,,,,,,,,,,,
10094,00:14:00,,,,,,,,,,,,,,,,,,,,,,,,,
10095,00:15:00,,,,,,,,,,,,,,,,,,,,,,,,,
10096,00:16:00,,,,,,,,,,,,,,,,,,,,,,,,,
10097,00:17:00,,,,,,,,,,,,,,,,,,,,,,,,,
10098,00:18:00,,,,,,,,,,,,,,,,,,,,,,,,,
10099,00:19:00,,,,,,,,,,,,,,,,,,,,,,,,,
10100,00:20:00,,,,,,,,,,,,,,,,,,,,,,,,,
10101,00:21:00,,,,,,,,,,,,,,,,,,,,,,,,,
10102,00:22:00,,,,,,,,,,,,,,,,,,,,,,,,,
10103,00:23:00,,,,,,,,,,,,,,,,,,,,,,,,,
10104,00:24:00,,,,,,,,,,,,,,,,,,,,,,,,,
10105,00:25:00,,,,,,,,,,,,,,,,,,,,,,,,,
10106,00:26:00,,,,,,,,,,,,,,,,,,,,,,,,,
10107,00:27:00,,,,,,,,,,,,,,,,,,,,,,,,,
10108,00:28:00,,,,,,,,,,,,,,,,,,,,,,,,,
10109,00:29:00,,,,,,,,,,,,,,,,,,,,,,,,,
10110,00:30:00,,,,,,,,,,,,,,,,,,,,,,,,,
10111,00:31:00,,,,,,,,,,,,,,,,,,,,,,,,,
10112,00:32:00,,,,,,,,,,,,,,,,,,,,,,,,,
10113,00:33:00,,,,,,,,,,,,,,,,,,,,,,,,,
10114,00:34:00,,,,,,,,,,,,,,,,,,,,,,,,,
10115,00:35:00,,,,,,,,,,,,,,,,,,,,,,,,,
10116,00:36:00,,,,,,,,,,,,,,,,,,,,,,,,,
10117,00:37:00,,,,,,,,,,,,,,,,,,,,,,,,,
10118,00:38:00,,,,,,,,,,,,,,,,,,,,,,,,,
10119,00:39:00,,,,,,,,,,,,,,,,,,,,,,,,,
10120,00:40:00,,,,,,,,,,,,,,,,,,,,,,,,,
10121,00:41:00,,,,,,,,,,,,,,,,,,,,,,,,,
10122,00:42:00,,,,,,,,,,,,,,,,,,,,,,,,,
10123,00:43:00,,,,,,,,,,,,,,,,,,,,,,,,,
10124,00:44:00,,,,,,,,,,,,,,,,,,,,,,,,,
10125,00:45:00,,,,,,,,,,,,,,,,,,,,,,,,,
10126,00:46:00,,,,,,,,,,,,,,,,,,,,,,,,,
10127,00:47:00,,,,,,,,,,,,,,,,,,,,,,,,,
10128,00:48:00,,,,,,,,,,,,,,,,,,,,,,,,,
10129,00:49:00,,,,,,,,,,,,,,,,,,,,,,,,,
10130,00:50:00,,,,,,,,,,,,,,,,,,,,,,,,,
10131,00:51:00,,,,,,,,,,,,,,,,,,,,,,,,,
10132,00:52:00,,,,,,,,,,,,,,,,,,,,,,,,,
10133,00:53:00,,,,,,,,,,,,,,,,,,,,,,,,,
10134,00:54:00,,,,,,,,,,,,,,,,,,,,,,,,,
10135,00:55:00,,,,,,,,,,,,,,,,,,,,,,,,,
10136,00:56:00,,,,,,,,,,,,,,,,,,,,,,,,,
10137,00:57:00,,,,,,,,,,,,,,,,,,,,,,,,,
10138,00:58:00,,,,,,,,,,,,,,,,,,,,,,,,,
10139,00:59:00,,,,,,,,,,,,,,,,,,,,,,,,,
10140,01:00:00,,,,,,,,,,,,,,,,,,,,,,,,,
10141,01:01:00,,,,,,,,,,,,,,,,,,,,,,,,,
10142,01:02:00,,,,,,,,,,,,,,,,,,,,,,,,,
10143,01:03:00,,,,,,,,,,,,,,,,,,,,,,,,,
10144,01:04:00,,,,,,,,,,,,,,,,,,,,,,,,,
10145,01:05:00,,,,,,,,,,,,,,,,,,,,,,,,,
10146,01:06:00,,,,,,,,,,,,,,,,,,,,,,,,,
10147,01:07:00,,,,,,,,,,,,,,,,,,,,,,,,,
10148,01:08:00,,,,,,,,,,,,,,,,,,,,,,,,,
10149,01:09:00,,,,,,,,,,,,,,,,,,,,,,,,,
10150,01:10:00,,,,,,,,,,,,,,,,,,,,,,,,,
10151,01:11:00,,,,,,,,,,,,,,,,,,,,,,,,,
10152,01:12:00,,,,,,,,,,,,,,,,,,,,,,,,,
10153,01:13:00,,,,,,,,,,,,,,,,,,,,,,,,,
10154,01:14:00,,,,,,,,,,,,,,,,,,,,,,,,,
10155,01:15:00,,,,,,,,,,,,,,,,,,,,,,,,,
10156,01:16:00,,,,,,,,,,,,,,,,,,,,,,,,,
10157,01:17:00,,,,,,,,,,,,,,,,,,,,,,,,,
10158,01:18:00,,,,,,,,,,,,,,,,,,,,,,,,,
10159,01:19:00,,,,,,,,,,,,,,,,,,,,,,,,,
10160,01:20:00,,,,,,,,,,,,,,,,,,,,,,,,,
10161,01:21:00,,,,,,,,,,,,,,,,,,,,,,,,,
10162,01:22:00,,,,,,,,,,,,,,,,,,,,,,,,,
10163,01:23:00,,,,,,,,,,,,,,,,,,,,,,,,,
10164,01:24:00,,,,,,,,,,,,,,,,,,,,,,,,,
10165,01:25:00,,,,,,,,,,,,,,,,,,,,,,,,,
10166,01:26:00,,,,,,,,,,,,,,,,,,,,,,,,,
10167,01:27:00,,,,,,,,,,,,,,,,,,,,,,,,,
10168,01:28:00,,,,,,,,,,,,,,,,,,,,,,,,,
10169,01:29:00,,,,,,,,,,,,,,,,,,,,,,,,,
10170,01:30:00,,,,,,,,,,,,,,,,,,,,,,,,,
10171,01:31:00,,,,,,,,,,,,,,,,,,,,,,,,,
10172,01:32:00,,,,,,,,,,,,,,,,,,,,,,,,,
10173,01:33:00,,,,,,,,,,,,,,,,,,,,,,,,,
10174,01:34:00,,,,,,,,,,,,,,,,,,,,,,,,,
10175,01:35:00,,,,,,,,,,,,,,,,,,,,,,,,,
10176,01:36:00,,,,,,,,,,,,,,,,,,,,,,,,,
10177,01:37:00,,,,,,,,,,,,,,,,,,,,,,,,,
10178,01:38:00,,,,,,,,,,,,,,,,,,,,,,,,,
10179,01:39:00,,,,,,,,,,,,,,,,,,,,,,,,,
10180,01:40:00,,,,,,,,,,,,,,,,,,,,,,,,,
10181,01:41:00,,,,,,,,,,,,,,,,,,,,,,,,,
10182,01:42:00,,,,,,,,,,,,,,,,,,,,,,,,,
10183,01:43:00,,,,,,,,,,,,,,,,,,,,,,,,,
10184,01:44:00,,,,,,,,,,,,,,,,,,,,,,,,,
10185,01:45:00,,,,,,,,,,,,,,,,,,,,,,,,,
10186,01:46:00,,,,,,,,,,,,,,,,,,,,,,,,,
10187,01:47:00,,,,,,,,,,,,,,,,,,,,,,,,,
10188,01:48:00,,,,,,,,,,,,,,,,,,,,,,,,,
10189,01:49:00,,,,,,,,,,,,,,,,,,,,,,,,,
10190,01:50:00,,,,,,,,,,,,,,,,,,,,,,,,,
10191,01:51:00,,,,,,,,,,,,,,,,,,,,,,,,,
10192,01:52:00,,,,,,,,,,,,,,,,,,,,,,,,,
10193,01:53:00,,,,,,,,,,,,,,,,,,,,,,,,,
10194,01:54:00,,,,,,,,,,,,,,,,,,,,,,,,,
10195,01:55:00,,,,,,,,,,,,,,,,,,,,,,,,,
10196,01:56:00,,,,,,,,,,,,,,,,,,,,,,,,,
10197,01:57:00,,,,,,,,,,,,,,,,,,,,,,,,,
10198,01:58:00,,,,,,,,,,,,,,,,,,,,,,,,,
10199,01:59:00,,,,,,,,,,,,,,,,,,,,,,,,,
10200,02:00:00,,,,,,,,,,,,,,,,,,,,,,,,,
10201,02:01:00,,,,,,,,,,,,,,,,,,,,,,,,,
10202,02:02:00,,,,,,,,,,,,,,,,,,,,,,,,,
10203,02:03:00,,,,,,,,,,,,,,,,,,,,,,,,,
10204,02:04:00,,,,,,,,,,,,,,,,,,,,,,,,,
10205,02:05:00,,,,,,,,,,,,,,,,,,,,,,,,,
10206,02:06:00,,,,,,,,,,,,,,,,,,,,,,,,,
10207,02:07:00,,,,,,,,,,,,,,,,,,,,,,,,,
10208,02:08:00,,,,,,,,,,,,,,,,,,,,,,,,,
10209,02:09:00,,,,,,,,,,,,,,,,,,,,,,,,,
10210,02:10:00,,,,,,,,,,,,,,,,,,,,,,,,,
10211,02:11:00,,,,,,,,,,,,,,,,,,,,,,,,,
10212,02:12:00,,,,,,,,,,,,,,,,,,,,,,,,,
10213,02:13:00,,,,,,,,,,,,,,,,,,,,,,,,,
10214,02:14:00,,,,,,,,,,,,,,,,,,,,,,,,,
10215,02:15:00,,,,,,,,,,,,,,,,,,,,,,,,,
10216,02:16:00,,,,,,,,,,,,,,,,,,,,,,,,,
10217,02:17:00,,,,,,,,,,,,,,,,,,,,,,,,,
10218,02:18:00,,,,,,,,,,,,,,,,,,,,,,,,,
10219,02:19:00,,,,,,,,,,,,,,,,,,,,,,,,,
10220,02:20:00,,,,,,,,,,,,,,,,,,,,,,,,,
10221,02:21:00,,,,,,,,,,,,,,,,,,,,,,,,,
10222,02:22:00,,,,,,,,,,,,,,,,,,,,,,,,,
10223,02:23:00,,,,,,,,,,,,,,,,,,,,,,,,,
10224,02:24:00,,,,,,,,,,,,,,,,,,,,,,,,,
10225,02:25:00,,,,,,,,,,,,,,,,,,,,,,,,,
10226,02:26:00,,,,,,,,,,,,,,,,,,,,,,,,,
10227,02:27:00,,,,,,,,,,,,,,,,,,,,,,,,,
10228,02:28:00,,,,,,,,,,,,,,,,,,,,,,,,,
10229,02:29:00,,,,,,,,,,,,,,,,,,,,,,,,,
10230,02:30:00,,,,,,,,,,,,,,,,,,,,,,,,,
10231,02:31:00,,,,,,,,,,,,,,,,,,,,,,,,,
10232,02:32:00,,,,,,,,,,,,,,,,,,,,,,,,,
10233,02:33:00,,,,,,,,,,,,,,,,,,,,,,,,,
10234,02:34:00,,,,,,,,,,,,,,,,,,,,,,,,,
10235,02:35:00,,,,,,,,,,,,,,,,,,,,,,,,,
10236,02:36:00,,,,,,,,,,,,,,,,,,,,,,,,,
10237,02:37:00,,,,,,,,,,,,,,,,,,,,,,,,,
10238,02:38:00,,,,,,,,,,,,,,,,,,,,,,,,,
10239,02:39:00,,,,,,,,,,,,,,,,,,,,,,,,,
10240,02:40:00,,,,,,,,,,,,,,,,,,,,,,,,,
10241,02:41:00,,,,,,,,,,,,,,,,,,,,,,,,,
10242,02:42:00,,,,,,,,,,,,,,,,,,,,,,,,,
10243,02:43:00,,,,,,,,,,,,,,,,,,,,,,,,,
10244,02:44:00,,,,,,,,,,,,,,,,,,,,,,,,,
10245,02:45:00,,,,,,,,,,,,,,,,,,,,,,,,,
10246,02:46:00,,,,,,,,,,,,,,,,,,,,,,,,,
10247,02:47:00,,,,,,,,,,,,,,,,,,,,,,,,,
10248,02:48:00,,,,,,,,,,,,,,,,,,,,,,,,,
10249,02:49:00,,,,,,,,,,,,,,,,,,,,,,,,,
10250,02:50:00,,,,,,,,,,,,,,,,,,,,,,,,,
10251,02:51:00,,,,,,,,,,,,,,,,,,,,,,,,,
10252,02:52:00,,,,,,,,,,,,,,,,,,,,,,,,,
10253,02:53:00,,,,,,,,,,,,,,,,,,,,,,,,,
10254,02:54:00,,,,,,,,,,,,,,,,,,,,,,,,,
10255,02:55:00,,,,,,,,,,,,,,,,,,,,,,,,,
10256,02:56:00,,,,,,,,,,,,,,,,,,,,,,,,,
10257,02:57:00,,,,,,,,,,,,,,,,,,,,,,,,,
10258,02:58:00,,,,,,,,,,,,,,,,,,,,,,,,,
10259,02:59:00,,,,,,,,,,,,,,,,,,,,,,,,,
10260,03:00:00,,,,,,,,,,,,,,,,,,,,,,,,,
10261,03:01:00,,,,,,,,,,,,,,,,,,,,,,,,,
10262,03:02:00,,,,,,,,,,,,,,,,,,,,,,,,,
10263,03:03:00,,,,,,,,,,,,,,,,,,,,,,,,,
10264,03:04:00,,,,,,,,,,,,,,,,,,,,,,,,,
10265,03:05:00,,,,,,,,,,,,,,,,,,,,,,,,,
10266,03:06:00,,,,,,,,,,,,,,,,,,,,,,,,,
10267,03:07:00,,,,,,,,,,,,,,,,,,,,,,,,,
10268,03:08:00,,,,,,,,,,,,,,,,,,,,,,,,,
10269,03:09:00,,,,,,,,,,,,,,,,,,,,,,,,,
10270,03:10:00,,,,,,,,,,,,,,,,,,,,,,,,,
10271,03:11:00,,,,,,,,,,,,,,,,,,,,,,,,,
10272,03:12:00,,,,,,,,,,,,,,,,,,,,,,,,,
10273,03:13:00,,,,,,,,,,,,,,,,,,,,,,,,,
10274,03:14:00,,,,,,,,,,,,,,,,,,,,,,,,,
10275,03:15:00,,,,,,,,,,,,,,,,,,,,,,,,,
10276,03:16:00,,,,,,,,,,,,,,,,,,,,,,,,,
10277,03:17:00,,,,,,,,,,,,,,,,,,,,,,,,,
10278,03:18:00,,,,,,,,,,,,,,,,,,,,,,,,,
10279,03:19:00,,,,,,,,,,,,,,,,,,,,,,,,,
10280,03:20:00,,,,,,,,,,,,,,,,,,,,,,,,,
10281,03:21:00,,,,,,,,,,,,,,,,,,,,,,,,,
10282,03:22:00,,,,,,,,,,,,,,,,,,,,,,,,,
10283,03:23:00,,,,,,,,,,,,,,,,,,,,,,,,,
10284,03:24:00,,,,,,,,,,,,,,,,,,,,,,,,,
10285,03:25:00,,,,,,,,,,,,,,,,,,,,,,,,,
10286,03:26:00,,,,,,,,,,,,,,,,,,,,,,,,,
10287,03:27:00,,,,,,,,,,,,,,,,,,,,,,,,,
10288,03:28:00,,,,,,,,,,,,,,,,,,,,,,,,,
10289,03:29:00,,,,,,,,,,,,,,,,,,,,,,,,,
10290,03:30:00,,,,,,,,,,,,,,,,,,,,,,,,,
10291,03:31:00,,,,,,,,,,,,,,,,,,,,,,,,,
10292,03:32:00,,,,,,,,,,,,,,,,,,,,,,,,,
10293,03:33:00,,,,,,,,,,,,,,,,,,,,,,,,,
10294,03:34:00,,,,,,,,,,,,,,,,,,,,,,,,,
10295,03:35:00,,,,,,,,,,,,,,,,,,,,,,,,,
10296,03:36:00,,,,,,,,,,,,,,,,,,,,,,,,,
10297,03:37:00,,,,,,,,,,,,,,,,,,,,,,,,,
10298,03:38:00,,,,,,,,,,,,,,,,,,,,,,,,,
10299,03:39:00,,,,,,,,,,,,,,,,,,,,,,,,,
10300,03:40:00,,,,,,,,,,,,,,,,,,,,,,,,,
10301,03:41:00,,,,,,,,,,,,,,,,,,,,,,,,,
10302,03:42:00,,,,,,,,,,,,,,,,,,,,,,,,,
10303,03:43:00,,,,,,,,,,,,,,,,,,,,,,,,,
10304,03:44:00,,,,,,,,,,,,,,,,,,,,,,,,,
10305,03:45:00,,,,,,,,,,,,,,,,,,,,,,,,,
10306,03:46:00,,,,,,,,,,,,,,,,,,,,,,,,,
10307,03:47:00,,,,,,,,,,,,,,,,,,,,,,,,,
10308,03:48:00,,,,,,,,,,,,,,,,,,,,,,,,,
10309,03:49:00,,,,,,,,,,,,,,,,,,,,,,,,,
10310,03:50:00,,,,,,,,,,,,,,,,,,,,,,,,,
10311,03:51:00,,,,,,,,,,,,,,,,,,,,,,,,,
10312,03:52:00,,,,,,,,,,,,,,,,,,,,,,,,,
10313,03:53:00,,,,,,,,,,,,,,,,,,,,,,,,,
10314,03:54:00,,,,,,,,,,,,,,,,,,,,,,,,,
10315,03:55:00,,,,,,,,,,,,,,,,,,,,,,,,,
10316,03:56:00,,,,,,,,,,,,,,,,,,,,,,,,,
10317,03:57:00,,,,,,,,,,,,,,,,,,,,,,,,,
10318,03:58:00,,,,,,,,,,,,,,,,,,,,,,,,,
10319,03:59:00,,,,,,,,,,,,,,,,,,,,,,,,,
10320,04:00:00,,,,,,,,,,,,,,,,,,,,,,,,,
10321,04:01:00,,,,,,,,,,,,,,,,,,,,,,,,,
10322,04:02:00,,,,,,,,,,,,,,,,,,,,,,,,,
10323,04:03:00,,,,,,,,,,,,,,,,,,,,,,,,,
10324,04:04:00,,,,,,,,,,,,,,,,,,,,,,,,,
10325,04:05:00,,,,,,,,,,,,,,,,,,,,,,,,,
10326,04:06:00,,,,,,,,,,,,,,,,,,,,,,,,,
10327,04:07:00,,,,,,,,,,,,,,,,,,,,,,,,,
10328,04:08:00,,,,,,,,,,,,,,,,,,,,,,,,,
10329,04:09:00,,,,,,,,,,,,,,,,,,,,,,,,,
10330,04:10:00,,,,,,,,,,,,,,,,,,,,,,,,,
10331,04:11:00,,,,,,,,,,,,,,,,,,,,,,,,,
10332,04:12:00,,,,,,,,,,,,,,,,,,,,,,,,,
10333,04:13:00,,,,,,,,,,,,,,,,,,,,,,,,,
10334,04:14:00,,,,,,,,,,,,,,,,,,,,,,,,,
10335,04:15:00,,,,,,,,,,,,,,,,,,,,,,,,,
10336,04:16:00,,,,,,,,,,,,,,,,,,,,,,,,,
10337,04:17:00,,,,,,,,,,,,,,,,,,,,,,,,,
10338,04:18:00,,,,,,,,,,,,,,,,,,,,,,,,,
10339,04:19:00,,,,,,,,,,,,,,,,,,,,,,,,,
10340,04:20:00,,,,,,,,,,,,,,,,,,,,,,,,,
10341,04:21:00,,,,,,,,,,,,,,,,,,,,,,,,,
10342,04:22:00,,,,,,,,,,,,,,,,,,,,,,,,,
10343,04:23:00,,,,,,,,,,,,,,,,,,,,,,,,,
10344,04:24:00,,,,,,,,,,,,,,,,,,,,,,,,,
10345,04:25:00,,,,,,,,,,,,,,,,,,,,,,,,,
10346,04:26:00,,,,,,,,,,,,,,,,,,,,,,,,,
10347,04:27:00,,,,,,,,,,,,,,,,,,,,,,,,,
10348,04:28:00,,,,,,,,,,,,,,,,,,,,,,,,,
10349,04:29:00,,,,,,,,,,,,,,,,,,,,,,,,,
10350,04:30:00,,,,,,,,,,,,,,,,,,,,,,,,,
10351,04:31:00,,,,,,,,,,,,,,,,,,,,,,,,,
10352,04:32:00,,,,,,,,,,,,,,,,,,,,,,,,,
10353,04:33:00,,,,,,,,,,,,,,,,,,,,,,,,,
10354,04:34:00,,,,,,,,,,,,,,,,,,,,,,,,,
10355,04:35:00,,,,,,,,,,,,,,,,,,,,,,,,,
10356,04:36:00,,,,,,,,,,,,,,,,,,,,,,,,,
10357,04:37:00,,,,,,,,,,,,,,,,,,,,,,,,,
10358,04:38:00,,,,,,,,,,,,,,,,,,,,,,,,,
10359,04:39:00,,,,,,,,,,,,,,,,,,,,,,,,,
10360,04:40:00,,,,,,,,,,,,,,,,,,,,,,,,,
10361,04:41:00,,,,,,,,,,,,,,,,,,,,,,,,,
10362,04:42:00,,,,,,,,,,,,,,,,,,,,,,,,,
10363,04:43:00,,,,,,,,,,,,,,,,,,,,,,,,,
10364,04:44:00,,,,,,,,,,,,,,,,,,,,,,,,,
10365,04:45:00,,,,,,,,,,,,,,,,,,,,,,,,,
10366,04:46:00,,,,,,,,,,,,,,,,,,,,,,,,,
10367,04:47:00,,,,,,,,,,,,,,,,,,,,,,,,,
10368,04:48:00,,,,,,,,,,,,,,,,,,,,,,,,,
10369,04:49:00,,,,,,,,,,,,,,,,,,,,,,,,,
10370,04:50:00,,,,,,,,,,,,,,,,,,,,,,,,,
10371,04:51:00,,,,,,,,,,,,,,,,,,,,,,,,,
10372,04:52:00,,,,,,,,,,,,,,,,,,,,,,,,,
10373,04:53:00,,,,,,,,,,,,,,,,,,,,,,,,,
10374,04:54:00,,,,,,,,,,,,,,,,,,,,,,,,,
10375,04:55:00,,,,,,,,,,,,,,,,,,,,,,,,,
10376,04:56:00,,,,,,,,,,,,,,,,,,,,,,,,,
10377,04:57:00,,,,,,,,,,,,,,,,,,,,,,,,,
10378,04:58:00,,,,,,,,,,,,,,,,,,,,,,,,,
10379,04:59:00,,,,,,,,,,,,,,,,,,,,,,,,,
10380,05:00:00,,,,,,,,,,,,,,,,,,,,,,,,,
10381,05:01:00,,,,,,,,,,,,,,,,,,,,,,,,,
10382,05:02:00,,,,,,,,,,,,,,,,,,,,,,,,,
10383,05:03:00,,,,,,,,,,,,,,,,,,,,,,,,,
10384,05:04:00,,,,,,,,,,,,,,,,,,,,,,,,,
10385,05:05:00,,,,,,,,,,,,,,,,,,,,,,,,,
10386,05:06:00,,,,,,,,,,,,,,,,,,,,,,,,,
10387,05:07:00,,,,,,,,,,,,,,,,,,,,,,,,,
10388,05:08:00,,,,,,,,,,,,,,,,,,,,,,,,,
10389,05:09:00,,,,,,,,,,,,,,,,,,,,,,,,,
10390,05:10:00,,,,,,,,,,,,,,,,,,,,,,,,,
10391,05:11:00,,,,,,,,,,,,,,,,,,,,,,,,,
10392,05:12:00,,,,,,,,,,,,,,,,,,,,,,,,,
10393,05:13:00,,,,,,,,,,,,,,,,,,,,,,,,,
10394,05:14:00,,,,,,,,,,,,,,,,,,,,,,,,,
10395,05:15:00,,,,,,,,,,,,,,,,,,,,,,,,,
10396,05:16:00,,,,,,,,,,,,,,,,,,,,,,,,,
10397,05:17:00,,,,,,,,,,,,,,,,,,,,,,,,,
10398,05:18:00,,,,,,,,,,,,,,,,,,,,,,,,,
10399,05:19:00,,,,,,,,,,,,,,,,,,,,,,,,,
10400,05:20:00,,,,,,,,,,,,,,,,,,,,,,,,,
10401,05:21:00,,,,,,,,,,,,,,,,,,,,,,,,,
10402,05:22:00,,,,,,,,,,,,,,,,,,,,,,,,,
10403,05:23:00,,,,,,,,,,,,,,,,,,,,,,,,,
10404,05:24:00,,,,,,,,,,,,,,,,,,,,,,,,,
10405,05:25:00,,,,,,,,,,,,,,,,,,,,,,,,,
10406,05:26:00,,,,,,,,,,,,,,,,,,,,,,,,,
10407,05:27:00,,,,,,,,,,,,,,,,,,,,,,,,,
10408,05:28:00,,,,,,,,,,,,,,,,,,,,,,,,,
10409,05:29:00,,,,,,,,,,,,,,,,,,,,,,,,,
10410,05:30:00,,,,,,,,,,,,,,,,,,,,,,,,,
10411,05:31:00,,,,,,,,,,,,,,,,,,,,,,,,,
10412,05:32:00,,,,,,,,,,,,,,,,,,,,,,,,,
10413,05:33:00,,,,,,,,,,,,,,,,,,,,,,,,,
10414,05:34:00,,,,,,,,,,,,,,,,,,,,,,,,,
10415,05:35:00,,,,,,,,,,,,,,,,,,,,,,,,,
10416,05:36:00,,,,,,,,,,,,,,,,,,,,,,,,,
10417,05:37:00,,,,,,,,,,,,,,,,,,,,,,,,,
10418,05:38:00,,,,,,,,,,,,,,,,,,,,,,,,,
10419,05:39:00,,,,,,,,,,,,,,,,,,,,,,,,,
10420,05:40:00,,,,,,,,,,,,,,,,,,,,,,,,,
10421,05:41:00,,,,,,,,,,,,,,,,,,,,,,,,,
10422,05:42:00,,,,,,,,,,,,,,,,,,,,,,,,,
10423,05:43:00,,,,,,,,,,,,,,,,,,,,,,,,,
10424,05:44:00,,,,,,,,,,,,,,,,,,,,,,,,,
10425,05:45:00,,,,,,,,,,,,,,,,,,,,,,,,,
10426,05:46:00,,,,,,,,,,,,,,,,,,,,,,,,,
10427,05:47:00,,,,,,,,,,,,,,,,,,,,,,,,,
10428,05:48:00,,,,,,,,,,,,,,,,,,,,,,,,,
10429,05:49:00,,,,,,,,,,,,,,,,,,,,,,,,,
10430,05:50:00,,,,,,,,,,,,,,,,,,,,,,,,,
10431,05:51:00,,,,,,,,,,,,,,,,,,,,,,,,,
10432,05:52:00,,,,,,,,,,,,,,,,,,,,,,,,,
10433,05:53:00,,,,,,,,,,,,,,,,,,,,,,,,,
10434,05:54:00,,,,,,,,,,,,,,,,,,,,,,,,,
10435,05:55:00,,,,,,,,,,,,,,,,,,,,,,,,,
10436,05:56:00,,,,,,,,,,,,,,,,,,,,,,,,,
10437,05:57:00,,,,,,,,,,,,,,,,,,,,,,,,,
10438,05:58:00,,,,,,,,,,,,,,,,,,,,,,,,,
10439,05:59:00,,,,,,,,,,,,,,,,,,,,,,,,,
10440,06:00:00,,,,,,,,,,,,,,,,,,,,,,,,,
10441,06:01:00,,,,,,,,,,,,,,,,,,,,,,,,,
10442,06:02:00,,,,,,,,,,,,,,,,,,,,,,,,,
10443,06:03:00,,,,,,,,,,,,,,,,,,,,,,,,,
10444,06:04:00,,,,,,,,,,,,,,,,,,,,,,,,,
10445,06:05:00,,,,,,,,,,,,,,,,,,,,,,,,,
10446,06:06:00,,,,,,,,,,,,,,,,,,,,,,,,,
10447,06:07:00,,,,,,,,,,,,,,,,,,,,,,,,,
10448,06:08:00,,,,,,,,,,,,,,,,,,,,,,,,,
10449,06:09:00,,,,,,,,,,,,,,,,,,,,,,,,,
10450,06:10:00,,,,,,,,,,,,,,,,,,,,,,,,,
10451,06:11:00,,,,,,,,,,,,,,,,,,,,,,,,,
10452,06:12:00,,,,,,,,,,,,,,,,,,,,,,,,,
10453,06:13:00,,,,,,,,,,,,,,,,,,,,,,,,,
10454,06:14:00,,,,,,,,,,,,,,,,,,,,,,,,,
10455,06:15:00,,,,,,,,,,,,,,,,,,,,,,,,,
10456,06:16:00,,,,,,,,,,,,,,,,,,,,,,,,,
10457,06:17:00,,,,,,,,,,,,,,,,,,,,,,,,,
10458,06:18:00,,,,,,,,,,,,,,,,,,,,,,,,,
10459,06:19:00,,,,,,,,,,,,,,,,,,,,,,,,,
10460,06:20:00,,,,,,,,,,,,,,,,,,,,,,,,,
10461,06:21:00,,,,,,,,,,,,,,,,,,,,,,,,,
10462,06:22:00,,,,,,,,,,,,,,,,,,,,,,,,,
10463,06:23:00,,,,,,,,,,,,,,,,,,,,,,,,,
10464,06:24:00,,,,,,,,,,,,,,,,,,,,,,,,,
10465,06:25:00,,,,,,,,,,,,,,,,,,,,,,,,,
10466,06:26:00,,,,,,,,,,,,,,,,,,,,,,,,,
10467,06:27:00,,,,,,,,,,,,,,,,,,,,,,,,,
10468,06:28:00,,,,,,,,,,,,,,,,,,,,,,,,,
10469,06:29:00,,,,,,,,,,,,,,,,,,,,,,,,,
10470,06:30:00,,,,,,,,,,,,,,,,,,,,,,,,,
10471,06:31:00,,,,,,,,,,,,,,,,,,,,,,,,,
10472,06:32:00,,,,,,,,,,,,,,,,,,,,,,,,,
10473,06:33:00,,,,,,,,,,,,,,,,,,,,,,,,,
10474,06:34:00,,,,,,,,,,,,,,,,,,,,,,,,,
10475,06:35:00,,,,,,,,,,,,,,,,,,,,,,,,,
10476,06:36:00,,,,,,,,,,,,,,,,,,,,,,,,,
10477,06:37:00,,,,,,,,,,,,,,,,,,,,,,,,,
10478,06:38:00,,,,,,,,,,,,,,,,,,,,,,,,,
10479,06:39:00,,,,,,,,,,,,,,,,,,,,,,,,,
10480,06:40:00,,,,,,,,,,,,,,,,,,,,,,,,,
10481,06:41:00,,,,,,,,,,,,,,,,,,,,,,,,,
10482,06:42:00,,,,,,,,,,,,,,,,,,,,,,,,,
10483,06:43:00,,,,,,,,,,,,,,,,,,,,,,,,,
10484,06:44:00,,,,,,,,,,,,,,,,,,,,,,,,,
10485,06:45:00,,,,,,,,,,,,,,,,,,,,,,,,,
10486,06:46:00,,,,,,,,,,,,,,,,,,,,,,,,,
10487,06:47:00,,,,,,,,,,,,,,,,,,,,,,,,,
10488,06:48:00,,,,,,,,,,,,,,,,,,,,,,,,,
10489,06:49:00,,,,,,,,,,,,,,,,,,,,,,,,,
10490,06:50:00,,,,,,,,,,,,,,,,,,,,,,,,,
10491,06:51:00,,,,,,,,,,,,,,,,,,,,,,,,,
10492,06:52:00,,,,,,,,,,,,,,,,,,,,,,,,,
10493,06:53:00,,,,,,,,,,,,,,,,,,,,,,,,,
10494,06:54:00,,,,,,,,,,,,,,,,,,,,,,,,,
10495,06:55:00,,,,,,,,,,,,,,,,,,,,,,,,,
10496,06:56:00,,,,,,,,,,,,,,,,,,,,,,,,,
10497,06:57:00,,,,,,,,,,,,,,,,,,,,,,,,,
10498,06:58:00,,,,,,,,,,,,,,,,,,,,,,,,,
10499,06:59:00,,,,,,,,,,,,,,,,,,,,,,,,,
10500,07:00:00,,,,,,,,,,,,,,,,,,,,,,,,,
10501,07:01:00,,,,,,,,,,,,,,,,,,,,,,,,,
10502,07:02:00,,,,,,,,,,,,,,,,,,,,,,,,,
10503,07:03:00,,,,,,,,,,,,,,,,,,,,,,,,,
10504,07:04:00,,,,,,,,,,,,,,,,,,,,,,,,,
10505,07:05:00,,,,,,,,,,,,,,,,,,,,,,,,,
10506,07:06:00,,,,,,,,,,,,,,,,,,,,,,,,,
10507,07:07:00,,,,,,,,,,,,,,,,,,,,,,,,,
10508,07:08:00,,,,,,,,,,,,,,,,,,,,,,,,,
10509,07:09:00,,,,,,,,,,,,,,,,,,,,,,,,,
10510,07:10:00,,,,,,,,,,,,,,,,,,,,,,,,,
10511,07:11:00,,,,,,,,,,,,,,,,,,,,,,,,,
10512,07:12:00,,,,,,,,,,,,,,,,,,,,,,,,,
10513,07:13:00,,,,,,,,,,,,,,,,,,,,,,,,,
10514,07:14:00,,,,,,,,,,,,,,,,,,,,,,,,,
10515,07:15:00,,,,,,,,,,,,,,,,,,,,,,,,,
10516,07:16:00,,,,,,,,,,,,,,,,,,,,,,,,,
10517,07:17:00,,,,,,,,,,,,,,,,,,,,,,,,,
10518,07:18:00,,,,,,,,,,,,,,,,,,,,,,,,,
10519,07:19:00,,,,,,,,,,,,,,,,,,,,,,,,,
10520,07:20:00,,,,,,,,,,,,,,,,,,,,,,,,,
10521,07:21:00,,,,,,,,,,,,,,,,,,,,,,,,,
10522,07:22:00,,,,,,,,,,,,,,,,,,,,,,,,,
10523,07:23:00,,,,,,,,,,,,,,,,,,,,,,,,,
10524,07:24:00,,,,,,,,,,,,,,,,,,,,,,,,,
10525,07:25:00,,,,,,,,,,,,,,,,,,,,,,,,,
10526,07:26:00,,,,,,,,,,,,,,,,,,,,,,,,,
10527,07:27:00,,,,,,,,,,,,,,,,,,,,,,,,,
10528,07:28:00,,,,,,,,,,,,,,,,,,,,,,,,,
10529,07:29:00,,,,,,,,,,,,,,,,,,,,,,,,,
10530,07:30:00,,,,,,,,,,,,,,,,,,,,,,,,,
10531,07:31:00,,,,,,,,,,,,,,,,,,,,,,,,,
10532,07:32:00,,,,,,,,,,,,,,,,,,,,,,,,,
10533,07:33:00,,,,,,,,,,,,,,,,,,,,,,,,,
10534,07:34:00,,,,,,,,,,,,,,,,,,,,,,,,,
10535,07:35:00,,,,,,,,,,,,,,,,,,,,,,,,,
10536,07:36:00,,,,,,,,,,,,,,,,,,,,,,,,,
10537,07:37:00,,,,,,,,,,,,,,,,,,,,,,,,,
10538,07:38:00,,,,,,,,,,,,,,,,,,,,,,,,,
10539,07:39:00,,,,,,,,,,,,,,,,,,,,,,,,,
10540,07:40:00,,,,,,,,,,,,,,,,,,,,,,,,,
10541,07:41:00,,,,,,,,,,,,,,,,,,,,,,,,,
10542,07:42:00,,,,,,,,,,,,,,,,,,,,,,,,,
10543,07:43:00,,,,,,,,,,,,,,,,,,,,,,,,,
10544,07:44:00,,,,,,,,,,,,,,,,,,,,,,,,,
10545,07:45:00,,,,,,,,,,,,,,,,,,,,,,,,,
10546,07:46:00,,,,,,,,,,,,,,,,,,,,,,,,,
10547,07:47:00,,,,,,,,,,,,,,,,,,,,,,,,,
10548,07:48:00,,,,,,,,,,,,,,,,,,,,,,,,,
10549,07:49:00,,,,,,,,,,,,,,,,,,,,,,,,,
10550,07:50:00,,,,,,,,,,,,,,,,,,,,,,,,,
10551,07:51:00,,,,,,,,,,,,,,,,,,,,,,,,,
10552,07:52:00,,,,,,,,,,,,,,,,,,,,,,,,,
10553,07:53:00,,,,,,,,,,,,,,,,,,,,,,,,,
10554,07:54:00,,,,,,,,,,,,,,,,,,,,,,,,,
10555,07:55:00,,,,,,,,,,,,,,,,,,,,,,,,,
10556,07:56:00,,,,,,,,,,,,,,,,,,,,,,,,,
10557,07:57:00,,,,,,,,,,,,,,,,,,,,,,,,,
10558,07:58:00,,,,,,,,,,,,,,,,,,,,,,,,,
10559,07:59:00,,,,,,,,,,,,,,,,,,,,,,,,,
10560,08:00:00,,,,,,,,,,,,,,,,,,,,,,,,,
10561,08:01:00,,,,,,,,,,,,,,,,,,,,,,,,,
10562,08:02:00,,,,,,,,,,,,,,,,,,,,,,,,,
10563,08:03:00,,,,,,,,,,,,,,,,,,,,,,,,,
10564,08:04:00,,,,,,,,,,,,,,,,,,,,,,,,,
10565,08:05:00,,,,,,,,,,,,,,,,,,,,,,,,,
10566,08:06:00,,,,,,,,,,,,,,,,,,,,,,,,,
10567,08:07:00,,,,,,,,,,,,,,,,,,,,,,,,,
10568,08:08:00,,,,,,,,,,,,,,,,,,,,,,,,,
10569,08:09:00,,,,,,,,,,,,,,,,,,,,,,,,,
10570,08:10:00,,,,,,,,,,,,,,,,,,,,,,,,,
10571,08:11:00,,,,,,,,,,,,,,,,,,,,,,,,,
10572,08:12:00,,,,,,,,,,,,,,,,,,,,,,,,,
10573,08:13:00,,,,,,,,,,,,,,,,,,,,,,,,,
10574,08:14:00,,,,,,,,,,,,,,,,,,,,,,,,,
10575,08:15:00,,,,,,,,,,,,,,,,,,,,,,,,,
10576,08:16:00,,,,,,,,,,,,,,,,,,,,,,,,,
10577,08:17:00,,,,,,,,,,,,,,,,,,,,,,,,,
10578,08:18:00,,,,,,,,,,,,,,,,,,,,,,,,,
10579,08:19:00,,,,,,,,,,,,,,,,,,,,,,,,,
10580,08:20:00,,,,,,,,,,,,,,,,,,,,,,,,,
10581,08:21:00,,,,,,,,,,,,,,,,,,,,,,,,,
10582,08:22:00,,,,,,,,,,,,,,,,,,,,,,,,,
10583,08:23:00,,,,,,,,,,,,,,,,,,,,,,,,,
10584,08:24:00,,,,,,,,,,,,,,,,,,,,,,,,,
10585,08:25:00,,,,,,,,,,,,,,,,,,,,,,,,,
10586,08:26:00,,,,,,,,,,,,,,,,,,,,,,,,,
10587,08:27:00,,,,,,,,,,,,,,,,,,,,,,,,,
10588,08:28:00,,,,,,,,,,,,,,,,,,,,,,,,,
10589,08:29:00,,,,,,,,,,,,,,,,,,,,,,,,,
10590,08:30:00,,,,,,,,,,,,,,,,,,,,,,,,,
10591,08:31:00,,,,,,,,,,,,,,,,,,,,,,,,,
10592,08:32:00,,,,,,,,,,,,,,,,,,,,,,,,,
10593,08:33:00,,,,,,,,,,,,,,,,,,,,,,,,,
10594,08:34:00,,,,,,,,,,,,,,,,,,,,,,,,,
10595,08:35:00,,,,,,,,,,,,,,,,,,,,,,,,,
10596,08:36:00,,,,,,,,,,,,,,,,,,,,,,,,,
10597,08:37:00,,,,,,,,,,,,,,,,,,,,,,,,,
10598,08:38:00,,,,,,,,,,,,,,,,,,,,,,,,,
10599,08:39:00,,,,,,,,,,,,,,,,,,,,,,,,,
10600,08:40:00,,,,,,,,,,,,,,,,,,,,,,,,,
10601,08:41:00,,,,,,,,,,,,,,,,,,,,,,,,,
10602,08:42:00,,,,,,,,,,,,,,,,,,,,,,,,,
10603,08:43:00,,,,,,,,,,,,,,,,,,,,,,,,,
10604,08:44:00,,,,,,,,,,,,,,,,,,,,,,,,,
10605,08:45:00,,,,,,,,,,,,,,,,,,,,,,,,,
10606,08:46:00,,,,,,,,,,,,,,,,,,,,,,,,,
10607,08:47:00,,,,,,,,,,,,,,,,,,,,,,,,,
10608,08:48:00,,,,,,,,,,,,,,,,,,,,,,,,,
10609,08:49:00,,,,,,,,,,,,,,,,,,,,,,,,,
10610,08:50:00,,,,,,,,,,,,,,,,,,,,,,,,,
10611,08:51:00,,,,,,,,,,,,,,,,,,,,,,,,,
10612,08:52:00,,,,,,,,,,,,,,,,,,,,,,,,,
10613,08:53:00,,,,,,,,,,,,,,,,,,,,,,,,,
10614,08:54:00,,,,,,,,,,,,,,,,,,,,,,,,,
10615,08:55:00,,,,,,,,,,,,,,,,,,,,,,,,,
10616,08:56:00,,,,,,,,,,,,,,,,,,,,,,,,,
10617,08:57:00,,,,,,,,,,,,,,,,,,,,,,,,,
10618,08:58:00,,,,,,,,,,,,,,,,,,,,,,,,,
10619,08:59:00,,,,,,,,,,,,,,,,,,,,,,,,,
10620,09:00:00,,,,,,,,,,,,,,,,,,,,,,,,,
10621,09:01:00,,,,,,,,,,,,,,,,,,,,,,,,,
10622,09:02:00,,,,,,,,,,,,,,,,,,,,,,,,,
10623,09:03:00,,,,,,,,,,,,,,,,,,,,,,,,,
10624,09:04:00,,,,,,,,,,,,,,,,,,,,,,,,,
10625,09:05:00,,,,,,,,,,,,,,,,,,,,,,,,,
10626,09:06:00,,,,,,,,,,,,,,,,,,,,,,,,,
10627,09:07:00,,,,,,,,,,,,,,,,,,,,,,,,,
10628,09:08:00,,,,,,,,,,,,,,,,,,,,,,,,,
10629,09:09:00,,,,,,,,,,,,,,,,,,,,,,,,,
10630,09:10:00,,,,,,,,,,,,,,,,,,,,,,,,,
10631,09:11:00,,,,,,,,,,,,,,,,,,,,,,,,,
10632,09:12:00,,,,,,,,,,,,,,,,,,,,,,,,,
10633,09:13:00,,,,,,,,,,,,,,,,,,,,,,,,,
10634,09:14:00,,,,,,,,,,,,,,,,,,,,,,,,,
10635,09:15:00,,,,,,,,,,,,,,,,,,,,,,,,,
10636,09:16:00,,,,,,,,,,,,,,,,,,,,,,,,,
10637,09:17:00,,,,,,,,,,,,,,,,,,,,,,,,,
10638,09:18:00,,,,,,,,,,,,,,,,,,,,,,,,,
10639,09:19:00,,,,,,,,,,,,,,,,,,,,,,,,,
10640,09:20:00,,,,,,,,,,,,,,,,,,,,,,,,,
10641,09:21:00,,,,,,,,,,,,,,,,,,,,,,,,,
10642,09:22:00,,,,,,,,,,,,,,,,,,,,,,,,,
10643,09:23:00,,,,,,,,,,,,,,,,,,,,,,,,,
10644,09:24:00,,,,,,,,,,,,,,,,,,,,,,,,,
10645,09:25:00,,,,,,,,,,,,,,,,,,,,,,,,,
10646,09:26:00,,,,,,,,,,,,,,,,,,,,,,,,,
10647,09:27:00,,,,,,,,,,,,,,,,,,,,,,,,,
10648,09:28:00,,,,,,,,,,,,,,,,,,,,,,,,,
10649,09:29:00,,,,,,,,,,,,,,,,,,,,,,,,,
10650,09:30:00,,,,,,,,,,,,,,,,,,,,,,,,,
10651,09:31:00,,,,,,,,,,,,,,,,,,,,,,,,,
10652,09:32:00,,,,,,,,,,,,,,,,,,,,,,,,,
10653,09:33:00,,,,,,,,,,,,,,,,,,,,,,,,,
10654,09:34:00,,,,,,,,,,,,,,,,,,,,,,,,,
10655,09:35:00,,,,,,,,,,,,,,,,,,,,,,,,,
10656,09:36:00,,,,,,,,,,,,,,,,,,,,,,,,,
10657,09:37:00,,,,,,,,,,,,,,,,,,,,,,,,,
10658,09:38:00,,,,,,,,,,,,,,,,,,,,,,,,,
10659,09:39:00,,,,,,,,,,,,,,,,,,,,,,,,,
10660,09:40:00,,,,,,,,,,,,,,,,,,,,,,,,,
10661,09:41:00,,,,,,,,,,,,,,,,,,,,,,,,,
10662,09:42:00,,,,,,,,,,,,,,,,,,,,,,,,,
10663,09:43:00,,,,,,,,,,,,,,,,,,,,,,,,,
10664,09:44:00,,,,,,,,,,,,,,,,,,,,,,,,,
10665,09:45:00,,,,,,,,,,,,,,,,,,,,,,,,,
10666,09:46:00,,,,,,,,,,,,,,,,,,,,,,,,,
10667,09:47:00,,,,,,,,,,,,,,,,,,,,,,,,,
10668,09:48:00,,,,,,,,,,,,,,,,,,,,,,,,,
10669,09:49:00,,,,,,,,,,,,,,,,,,,,,,,,,
10670,09:50:00,,,,,,,,,,,,,,,,,,,,,,,,,
10671,09:51:00,,,,,,,,,,,,,,,,,,,,,,,,,
10672,09:52:00,,,,,,,,,,,,,,,,,,,,,,,,,
10673,09:53:00,,,,,,,,,,,,,,,,,,,,,,,,,
10674,09:54:00,,,,,,,,,,,,,,,,,,,,,,,,,
10675,09:55:00,,,,,,,,,,,,,,,,,,,,,,,,,
10676,09:56:00,,,,,,,,,,,,,,,,,,,,,,,,,
10677,09:57:00,,,,,,,,,,,,,,,,,,,,,,,,,
10678,09:58:00,,,,,,,,,,,,,,,,,,,,,,,,,
10679,09:59:00,,,,,,,,,,,,,,,,,,,,,,,,,
10680,10:00:00,,,,,,,,,,,,,,,,,,,,,,,,,
10681,10:01:00,,,,,,,,,,,,,,,,,,,,,,,,,
10682,10:02:00,,,,,,,,,,,,,,,,,,,,,,,,,
10683,10:03:00,,,,,,,,,,,,,,,,,,,,,,,,,
10684,10:04:00,,,,,,,,,,,,,,,,,,,,,,,,,
10685,10:05:00,,,,,,,,,,,,,,,,,,,,,,,,,
10686,10:06:00,,,,,,,,,,,,,,,,,,,,,,,,,
10687,10:07:00,,,,,,,,,,,,,,,,,,,,,,,,,
10688,10:08:00,,,,,,,,,,,,,,,,,,,,,,,,,
10689,10:09:00,,,,,,,,,,,,,,,,,,,,,,,,,
10690,10:10:00,,,,,,,,,,,,,,,,,,,,,,,,,
10691,10:11:00,,,,,,,,,,,,,,,,,,,,,,,,,
10692,10:12:00,,,,,,,,,,,,,,,,,,,,,,,,,
10693,10:13:00,,,,,,,,,,,,,,,,,,,,,,,,,
10694,10:14:00,,,,,,,,,,,,,,,,,,,,,,,,,
10695,10:15:00,,,,,,,,,,,,,,,,,,,,,,,,,
10696,10:16:00,,,,,,,,,,,,,,,,,,,,,,,,,
10697,10:17:00,,,,,,,,,,,,,,,,,,,,,,,,,
10698,10:18:00,,,,,,,,,,,,,,,,,,,,,,,,,
10699,10:19:00,,,,,,,,,,,,,,,,,,,,,,,,,
10700,10:20:00,,,,,,,,,,,,,,,,,,,,,,,,,
10701,10:21:00,,,,,,,,,,,,,,,,,,,,,,,,,
10702,10:22:00,,,,,,,,,,,,,,,,,,,,,,,,,
10703,10:23:00,,,,,,,,,,,,,,,,,,,,,,,,,
10704,10:24:00,,,,,,,,,,,,,,,,,,,,,,,,,
10705,10:25:00,,,,,,,,,,,,,,,,,,,,,,,,,
10706,10:26:00,,,,,,,,,,,,,,,,,,,,,,,,,
10707,10:27:00,,,,,,,,,,,,,,,,,,,,,,,,,
10708,10:28:00,,,,,,,,,,,,,,,,,,,,,,,,,
10709,10:29:00,,,,,,,,,,,,,,,,,,,,,,,,,
10710,10:30:00,,,,,,,,,,,,,,,,,,,,,,,,,
10711,10:31:00,,,,,,,,,,,,,,,,,,,,,,,,,
10712,10:32:00,,,,,,,,,,,,,,,,,,,,,,,,,
10713,10:33:00,,,,,,,,,,,,,,,,,,,,,,,,,
10714,10:34:00,,,,,,,,,,,,,,,,,,,,,,,,,
10715,10:35:00,,,,,,,,,,,,,,,,,,,,,,,,,
10716,10:36:00,,,,,,,,,,,,,,,,,,,,,,,,,
10717,10:37:00,,,,,,,,,,,,,,,,,,,,,,,,,
10718,10:38:00,,,,,,,,,,,,,,,,,,,,,,,,,
10719,10:39:00,,,,,,,,,,,,,,,,,,,,,,,,,
10720,10:40:00,,,,,,,,,,,,,,,,,,,,,,,,,
10721,10:41:00,,,,,,,,,,,,,,,,,,,,,,,,,
10722,10:42:00,,,,,,,,,,,,,,,,,,,,,,,,,
10723,10:43:00,,,,,,,,,,,,,,,,,,,,,,,,,
10724,10:44:00,,,,,,,,,,,,,,,,,,,,,,,,,
10725,10:45:00,,,,,,,,,,,,,,,,,,,,,,,,,
10726,10:46:00,,,,,,,,,,,,,,,,,,,,,,,,,
10727,10:47:00,,,,,,,,,,,,,,,,,,,,,,,,,
10728,10:48:00,,,,,,,,,,,,,,,,,,,,,,,,,
10729,10:49:00,,,,,,,,,,,,,,,,,,,,,,,,,
10730,10:50:00,,,,,,,,,,,,,,,,,,,,,,,,,
10731,10:51:00,,,,,,,,,,,,,,,,,,,,,,,,,
10732,10:52:00,,,,,,,,,,,,,,,,,,,,,,,,,
10733,10:53:00,,,,,,,,,,,,,,,,,,,,,,,,,
10734,10:54:00,,,,,,,,,,,,,,,,,,,,,,,,,
10735,10:55:00,,,,,,,,,,,,,,,,,,,,,,,,,
10736,10:56:00,,,,,,,,,,,,,,,,,,,,,,,,,
10737,10:57:00,,,,,,,,,,,,,,,,,,,,,,,,,
10738,10:58:00,,,,,,,,,,,,,,,,,,,,,,,,,
10739,10:59:00,,,,,,,,,,,,,,,,,,,,,,,,,
10740,11:00:00,,,,,,,,,,,,,,,,,,,,,,,,,
10741,11:01:00,,,,,,,,,,,,,,,,,,,,,,,,,
10742,11:02:00,,,,,,,,,,,,,,,,,,,,,,,,,
10743,11:03:00,,,,,,,,,,,,,,,,,,,,,,,,,
10744,11:04:00,,,,,,,,,,,,,,,,,,,,,,,,,
10745,11:05:00,,,,,,,,,,,,,,,,,,,,,,,,,
10746,11:06:00,,,,,,,,,,,,,,,,,,,,,,,,,
10747,11:07:00,,,,,,,,,,,,,,,,,,,,,,,,,
10748,11:08:00,,,,,,,,,,,,,,,,,,,,,,,,,
10749,11:09:00,,,,,,,,,,,,,,,,,,,,,,,,,
10750,11:10:00,,,,,,,,,,,,,,,,,,,,,,,,,
10751,11:11:00,,,,,,,,,,,,,,,,,,,,,,,,,
10752,11:12:00,,,,,,,,,,,,,,,,,,,,,,,,,
10753,11:13:00,,,,,,,,,,,,,,,,,,,,,,,,,
10754,11:14:00,,,,,,,,,,,,,,,,,,,,,,,,,
10755,11:15:00,,,,,,,,,,,,,,,,,,,,,,,,,
10756,11:16:00,,,,,,,,,,,,,,,,,,,,,,,,,
10757,11:17:00,,,,,,,,,,,,,,,,,,,,,,,,,
10758,11:18:00,,,,,,,,,,,,,,,,,,,,,,,,,
10759,11:19:00,,,,,,,,,,,,,,,,,,,,,,,,,
10760,11:20:00,,,,,,,,,,,,,,,,,,,,,,,,,
10761,11:21:00,,,,,,,,,,,,,,,,,,,,,,,,,
10762,11:22:00,,,,,,,,,,,,,,,,,,,,,,,,,
10763,11:23:00,,,,,,,,,,,,,,,,,,,,,,,,,
10764,11:24:00,,,,,,,,,,,,,,,,,,,,,,,,,
10765,11:25:00,,,,,,,,,,,,,,,,,,,,,,,,,
10766,11:26:00,,,,,,,,,,,,,,,,,,,,,,,,,
10767,11:27:00,,,,,,,,,,,,,,,,,,,,,,,,,
10768,11:28:00,,,,,,,,,,,,,,,,,,,,,,,,,
10769,11:29:00,,,,,,,,,,,,,,,,,,,,,,,,,
10770,11:30:00,,,,,,,,,,,,,,,,,,,,,,,,,
10771,11:31:00,,,,,,,,,,,,,,,,,,,,,,,,,
10772,11:32:00,,,,,,,,,,,,,,,,,,,,,,,,,
10773,11:33:00,,,,,,,,,,,,,,,,,,,,,,,,,
10774,11:34:00,,,,,,,,,,,,,,,,,,,,,,,,,
10775,11:35:00,,,,,,,,,,,,,,,,,,,,,,,,,
10776,11:36:00,,,,,,,,,,,,,,,,,,,,,,,,,
10777,11:37:00,,,,,,,,,,,,,,,,,,,,,,,,,
10778,11:38:00,,,,,,,,,,,,,,,,,,,,,,,,,
10779,11:39:00,,,,,,,,,,,,,,,,,,,,,,,,,
10780,11:40:00,,,,,,,,,,,,,,,,,,,,,,,,,
10781,11:41:00,,,,,,,,,,,,,,,,,,,,,,,,,
10782,11:42:00,,,,,,,,,,,,,,,,,,,,,,,,,
10783,11:43:00,,,,,,,,,,,,,,,,,,,,,,,,,
10784,11:44:00,,,,,,,,,,,,,,,,,,,,,,,,,
10785,11:45:00,,,,,,,,,,,,,,,,,,,,,,,,,
10786,11:46:00,,,,,,,,,,,,,,,,,,,,,,,,,
10787,11:47:00,,,,,,,,,,,,,,,,,,,,,,,,,
10788,11:48:00,,,,,,,,,,,,,,,,,,,,,,,,,
10789,11:49:00,,,,,,,,,,,,,,,,,,,,,,,,,
10790,11:50:00,,,,,,,,,,,,,,,,,,,,,,,,,
10791,11:51:00,,,,,,,,,,,,,,,,,,,,,,,,,
10792,11:52:00,,,,,,,,,,,,,,,,,,,,,,,,,
10793,11:53:00,,,,,,,,,,,,,,,,,,,,,,,,,
10794,11:54:00,,,,,,,,,,,,,,,,,,,,,,,,,
10795,11:55:00,,,,,,,,,,,,,,,,,,,,,,,,,
10796,11:56:00,,,,,,,,,,,,,,,,,,,,,,,,,
10797,11:57:00,,,,,,,,,,,,,,,,,,,,,,,,,
10798,11:58:00,,,,,,,,,,,,,,,,,,,,,,,,,
10799,11:59:00,,,,,,,,,,,,,,,,,,,,,,,,,
10800,12:00:00,,,,,,,,,,,,,,,,,,,,,,,,,
10801,12:01:00,,,,,,,,,,,,,,,,,,,,,,,,,
10802,12:02:00,,,,,,,,,,,,,,,,,,,,,,,,,
10803,12:03:00,,,,,,,,,,,,,,,,,,,,,,,,,
10804,12:04:00,,,,,,,,,,,,,,,,,,,,,,,,,
10805,12:05:00,,,,,,,,,,,,,,,,,,,,,,,,,
10806,12:06:00,,,,,,,,,,,,,,,,,,,,,,,,,
10807,12:07:00,,,,,,,,,,,,,,,,,,,,,,,,,
10808,12:08:00,,,,,,,,,,,,,,,,,,,,,,,,,
10809,12:09:00,,,,,,,,,,,,,,,,,,,,,,,,,
10810,12:10:00,,,,,,,,,,,,,,,,,,,,,,,,,
10811,12:11:00,,,,,,,,,,,,,,,,,,,,,,,,,
10812,12:12:00,,,,,,,,,,,,,,,,,,,,,,,,,
10813,12:13:00,,,,,,,,,,,,,,,,,,,,,,,,,
10814,12:14:00,,,,,,,,,,,,,,,,,,,,,,,,,
10815,12:15:00,,,,,,,,,,,,,,,,,,,,,,,,,
10816,12:16:00,,,,,,,,,,,,,,,,,,,,,,,,,
10817,12:17:00,,,,,,,,,,,,,,,,,,,,,,,,,
10818,12:18:00,,,,,,,,,,,,,,,,,,,,,,,,,
10819,12:19:00,,,,,,,,,,,,,,,,,,,,,,,,,
10820,12:20:00,,,,,,,,,,,,,,,,,,,,,,,,,
10821,12:21:00,,,,,,,,,,,,,,,,,,,,,,,,,
10822,12:22:00,,,,,,,,,,,,,,,,,,,,,,,,,
10823,12:23:00,,,,,,,,,,,,,,,,,,,,,,,,,
10824,12:24:00,,,,,,,,,,,,,,,,,,,,,,,,,
10825,12:25:00,,,,,,,,,,,,,,,,,,,,,,,,,
10826,12:26:00,,,,,,,,,,,,,,,,,,,,,,,,,
10827,12:27:00,,,,,,,,,,,,,,,,,,,,,,,,,
10828,12:28:00,,,,,,,,,,,,,,,,,,,,,,,,,
10829,12:29:00,,,,,,,,,,,,,,,,,,,,,,,,,
10830,12:30:00,,,,,,,,,,,,,,,,,,,,,,,,,
10831,12:31:00,,,,,,,,,,,,,,,,,,,,,,,,,
10832,12:32:00,,,,,,,,,,,,,,,,,,,,,,,,,
10833,12:33:00,,,,,,,,,,,,,,,,,,,,,,,,,
10834,12:34:00,,,,,,,,,,,,,,,,,,,,,,,,,
10835,12:35:00,,,,,,,,,,,,,,,,,,,,,,,,,
10836,12:36:00,,,,,,,,,,,,,,,,,,,,,,,,,
10837,12:37:00,,,,,,,,,,,,,,,,,,,,,,,,,
10838,12:38:00,,,,,,,,,,,,,,,,,,,,,,,,,
10839,12:39:00,,,,,,,,,,,,,,,,,,,,,,,,,
10840,12:40:00,,,,,,,,,,,,,,,,,,,,,,,,,
10841,12:41:00,,,,,,,,,,,,,,,,,,,,,,,,,
10842,12:42:00,,,,,,,,,,,,,,,,,,,,,,,,,
10843,12:43:00,,,,,,,,,,,,,,,,,,,,,,,,,
10844,12:44:00,,,,,,,,,,,,,,,,,,,,,,,,,
10845,12:45:00,,,,,,,,,,,,,,,,,,,,,,,,,
10846,12:46:00,,,,,,,,,,,,,,,,,,,,,,,,,
10847,12:47:00,,,,,,,,,,,,,,,,,,,,,,,,,
10848,12:48:00,,,,,,,,,,,,,,,,,,,,,,,,,
10849,12:49:00,,,,,,,,,,,,,,,,,,,,,,,,,
10850,12:50:00,,,,,,,,,,,,,,,,,,,,,,,,,
10851,12:51:00,,,,,,,,,,,,,,,,,,,,,,,,,
10852,12:52:00,,,,,,,,,,,,,,,,,,,,,,,,,
10853,12:53:00,,,,,,,,,,,,,,,,,,,,,,,,,
10854,12:54:00,,,,,,,,,,,,,,,,,,,,,,,,,
10855,12:55:00,,,,,,,,,,,,,,,,,,,,,,,,,
10856,12:56:00,,,,,,,,,,,,,,,,,,,,,,,,,
10857,12:57:00,,,,,,,,,,,,,,,,,,,,,,,,,
10858,12:58:00,,,,,,,,,,,,,,,,,,,,,,,,,
10859,12:59:00,,,,,,,,,,,,,,,,,,,,,,,,,
10860,13:00:00,,,,,,,,,,,,,,,,,,,,,,,,,
10861,13:01:00,,,,,,,,,,,,,,,,,,,,,,,,,
10862,13:02:00,,,,,,,,,,,,,,,,,,,,,,,,,
10863,13:03:00,,,,,,,,,,,,,,,,,,,,,,,,,
10864,13:04:00,,,,,,,,,,,,,,,,,,,,,,,,,
10865,13:05:00,,,,,,,,,,,,,,,,,,,,,,,,,
10866,13:06:00,,,,,,,,,,,,,,,,,,,,,,,,,
10867,13:07:00,,,,,,,,,,,,,,,,,,,,,,,,,
10868,13:08:00,,,,,,,,,,,,,,,,,,,,,,,,,
10869,13:09:00,,,,,,,,,,,,,,,,,,,,,,,,,
10870,13:10:00,,,,,,,,,,,,,,,,,,,,,,,,,
10871,13:11:00,,,,,,,,,,,,,,,,,,,,,,,,,
10872,13:12:00,,,,,,,,,,,,,,,,,,,,,,,,,
10873,13:13:00,,,,,,,,,,,,,,,,,,,,,,,,,
10874,13:14:00,,,,,,,,,,,,,,,,,,,,,,,,,
10875,13:15:00,,,,,,,,,,,,,,,,,,,,,,,,,
10876,13:16:00,,,,,,,,,,,,,,,,,,,,,,,,,
10877,13:17:00,,,,,,,,,,,,,,,,,,,,,,,,,
10878,13:18:00,,,,,,,,,,,,,,,,,,,,,,,,,
10879,13:19:00,,,,,,,,,,,,,,,,,,,,,,,,,
10880,13:20:00,,,,,,,,,,,,,,,,,,,,,,,,,
10881,13:21:00,,,,,,,,,,,,,,,,,,,,,,,,,
10882,13:22:00,,,,,,,,,,,,,,,,,,,,,,,,,
10883,13:23:00,,,,,,,,,,,,,,,,,,,,,,,,,
10884,13:24:00,,,,,,,,,,,,,,,,,,,,,,,,,
10885,13:25:00,,,,,,,,,,,,,,,,,,,,,,,,,
10886,13:26:00,,,,,,,,,,,,,,,,,,,,,,,,,
10887,13:27:00,,,,,,,,,,,,,,,,,,,,,,,,,
10888,13:28:00,,,,,,,,,,,,,,,,,,,,,,,,,
10889,13:29:00,,,,,,,,,,,,,,,,,,,,,,,,,
10890,13:30:00,,,,,,,,,,,,,,,,,,,,,,,,,
10891,13:31:00,,,,,,,,,,,,,,,,,,,,,,,,,
10892,13:32:00,,,,,,,,,,,,,,,,,,,,,,,,,
10893,13:33:00,,,,,,,,,,,,,,,,,,,,,,,,,
10894,13:34:00,,,,,,,,,,,,,,,,,,,,,,,,,
10895,13:35:00,,,,,,,,,,,,,,,,,,,,,,,,,
10896,13:36:00,,,,,,,,,,,,,,,,,,,,,,,,,
10897,13:37:00,,,,,,,,,,,,,,,,,,,,,,,,,
10898,13:38:00,,,,,,,,,,,,,,,,,,,,,,,,,
10899,13:39:00,,,,,,,,,,,,,,,,,,,,,,,,,
10900,13:40:00,,,,,,,,,,,,,,,,,,,,,,,,,
10901,13:41:00,,,,,,,,,,,,,,,,,,,,,,,,,
10902,13:42:00,,,,,,,,,,,,,,,,,,,,,,,,,
10903,13:43:00,,,,,,,,,,,,,,,,,,,,,,,,,
10904,13:44:00,,,,,,,,,,,,,,,,,,,,,,,,,
10905,13:45:00,,,,,,,,,,,,,,,,,,,,,,,,,
10906,13:46:00,,,,,,,,,,,,,,,,,,,,,,,,,
10907,13:47:00,,,,,,,,,,,,,,,,,,,,,,,,,
10908,13:48:00,,,,,,,,,,,,,,,,,,,,,,,,,
10909,13:49:00,,,,,,,,,,,,,,,,,,,,,,,,,
10910,13:50:00,,,,,,,,,,,,,,,,,,,,,,,,,
10911,13:51:00,,,,,,,,,,,,,,,,,,,,,,,,,
10912,13:52:00,,,,,,,,,,,,,,,,,,,,,,,,,
10913,13:53:00,,,,,,,,,,,,,,,,,,,,,,,,,
10914,13:54:00,,,,,,,,,,,,,,,,,,,,,,,,,
10915,13:55:00,,,,,,,,,,,,,,,,,,,,,,,,,
10916,13:56:00,,,,,,,,,,,,,,,,,,,,,,,,,
10917,13:57:00,,,,,,,,,,,,,,,,,,,,,,,,,
10918,13:58:00,,,,,,,,,,,,,,,,,,,,,,,,,
10919,13:59:00,,,,,,,,,,,,,,,,,,,,,,,,,
10920,14:00:00,,,,,,,,,,,,,,,,,,,,,,,,,
10921,14:01:00,,,,,,,,,,,,,,,,,,,,,,,,,
10922,14:02:00,,,,,,,,,,,,,,,,,,,,,,,,,
10923,14:03:00,,,,,,,,,,,,,,,,,,,,,,,,,
10924,14:04:00,,,,,,,,,,,,,,,,,,,,,,,,,
10925,14:05:00,,,,,,,,,,,,,,,,,,,,,,,,,
10926,14:06:00,,,,,,,,,,,,,,,,,,,,,,,,,
10927,14:07:00,,,,,,,,,,,,,,,,,,,,,,,,,
10928,14:08:00,,,,,,,,,,,,,,,,,,,,,,,,,
10929,14:09:00,,,,,,,,,,,,,,,,,,,,,,,,,
10930,14:10:00,,,,,,,,,,,,,,,,,,,,,,,,,
10931,14:11:00,,,,,,,,,,,,,,,,,,,,,,,,,
10932,14:12:00,,,,,,,,,,,,,,,,,,,,,,,,,
10933,14:13:00,,,,,,,,,,,,,,,,,,,,,,,,,
10934,14:14:00,,,,,,,,,,,,,,,,,,,,,,,,,
10935,14:15:00,,,,,,,,,,,,,,,,,,,,,,,,,
10936,14:16:00,,,,,,,,,,,,,,,,,,,,,,,,,
10937,14:17:00,,,,,,,,,,,,,,,,,,,,,,,,,
10938,14:18:00,,,,,,,,,,,,,,,,,,,,,,,,,
10939,14:19:00,,,,,,,,,,,,,,,,,,,,,,,,,
10940,14:20:00,,,,,,,,,,,,,,,,,,,,,,,,,
10941,14:21:00,,,,,,,,,,,,,,,,,,,,,,,,,
10942,14:22:00,,,,,,,,,,,,,,,,,,,,,,,,,
10943,14:23:00,,,,,,,,,,,,,,,,,,,,,,,,,
10944,14:24:00,,,,,,,,,,,,,,,,,,,,,,,,,
10945,14:25:00,,,,,,,,,,,,,,,,,,,,,,,,,
10946,14:26:00,,,,,,,,,,,,,,,,,,,,,,,,,
10947,14:27:00,,,,,,,,,,,,,,,,,,,,,,,,,
10948,14:28:00,,,,,,,,,,,,,,,,,,,,,,,,,
10949,14:29:00,,,,,,,,,,,,,,,,,,,,,,,,,
10950,14:30:00,,,,,,,,,,,,,,,,,,,,,,,,,
10951,14:31:00,,,,,,,,,,,,,,,,,,,,,,,,,
10952,14:32:00,,,,,,,,,,,,,,,,,,,,,,,,,
10953,14:33:00,,,,,,,,,,,,,,,,,,,,,,,,,
10954,14:34:00,,,,,,,,,,,,,,,,,,,,,,,,,
10955,14:35:00,,,,,,,,,,,,,,,,,,,,,,,,,
10956,14:36:00,,,,,,,,,,,,,,,,,,,,,,,,,
10957,14:37:00,,,,,,,,,,,,,,,,,,,,,,,,,
10958,14:38:00,,,,,,,,,,,,,,,,,,,,,,,,,
10959,14:39:00,,,,,,,,,,,,,,,,,,,,,,,,,
10960,14:40:00,,,,,,,,,,,,,,,,,,,,,,,,,
10961,14:41:00,,,,,,,,,,,,,,,,,,,,,,,,,
10962,14:42:00,,,,,,,,,,,,,,,,,,,,,,,,,
10963,14:43:00,,,,,,,,,,,,,,,,,,,,,,,,,
10964,14:44:00,,,,,,,,,,,,,,,,,,,,,,,,,
10965,14:45:00,,,,,,,,,,,,,,,,,,,,,,,,,
10966,14:46:00,,,,,,,,,,,,,,,,,,,,,,,,,
10967,14:47:00,,,,,,,,,,,,,,,,,,,,,,,,,
10968,14:48:00,,,,,,,,,,,,,,,,,,,,,,,,,
10969,14:49:00,,,,,,,,,,,,,,,,,,,,,,,,,
10970,14:50:00,,,,,,,,,,,,,,,,,,,,,,,,,
10971,14:51:00,,,,,,,,,,,,,,,,,,,,,,,,,
10972,14:52:00,,,,,,,,,,,,,,,,,,,,,,,,,
10973,14:53:00,,,,,,,,,,,,,,,,,,,,,,,,,
10974,14:54:00,,,,,,,,,,,,,,,,,,,,,,,,,
10975,14:55:00,,,,,,,,,,,,,,,,,,,,,,,,,
10976,14:56:00,,,,,,,,,,,,,,,,,,,,,,,,,
10977,14:57:00,,,,,,,,,,,,,,,,,,,,,,,,,
10978,14:58:00,,,,,,,,,,,,,,,,,,,,,,,,,
10979,14:59:00,,,,,,,,,,,,,,,,,,,,,,,,,
10980,15:00:00,,,,,,,,,,,,,,,,,,,,,,,,,
10981,15:01:00,,,,,,,,,,,,,,,,,,,,,,,,,
10982,15:02:00,,,,,,,,,,,,,,,,,,,,,,,,,
10983,15:03:00,,,,,,,,,,,,,,,,,,,,,,,,,
10984,15:04:00,,,,,,,,,,,,,,,,,,,,,,,,,
10985,15:05:00,,,,,,,,,,,,,,,,,,,,,,,,,
10986,15:06:00,,,,,,,,,,,,,,,,,,,,,,,,,
10987,15:07:00,,,,,,,,,,,,,,,,,,,,,,,,,
10988,15:08:00,,,,,,,,,,,,,,,,,,,,,,,,,
10989,15:09:00,,,,,,,,,,,,,,,,,,,,,,,,,
10990,15:10:00,,,,,,,,,,,,,,,,,,,,,,,,,
10991,15:11:00,,,,,,,,,,,,,,,,,,,,,,,,,
10992,15:12:00,,,,,,,,,,,,,,,,,,,,,,,,,
10993,15:13:00,,,,,,,,,,,,,,,,,,,,,,,,,
10994,15:14:00,,,,,,,,,,,,,,,,,,,,,,,,,
10995,15:15:00,,,,,,,,,,,,,,,,,,,,,,,,,
10996,15:16:00,,,,,,,,,,,,,,,,,,,,,,,,,
10997,15:17:00,,,,,,,,,,,,,,,,,,,,,,,,,
10998,15:18:00,,,,,,,,,,,,,,,,,,,,,,,,,
10999,15:19:00,,,,,,,,,,,,,,,,,,,,,,,,,
11000,15:20:00,,,,,,,,,,,,,,,,,,,,,,,,,
11001,15:21:00,,,,,,,,,,,,,,,,,,,,,,,,,
11002,15:22:00,,,,,,,,,,,,,,,,,,,,,,,,,
11003,15:23:00,,,,,,,,,,,,,,,,,,,,,,,,,
11004,15:24:00,,,,,,,,,,,,,,,,,,,,,,,,,
11005,15:25:00,,,,,,,,,,,,,,,,,,,,,,,,,
11006,15:26:00,,,,,,,,,,,,,,,,,,,,,,,,,
11007,15:27:00,,,,,,,,,,,,,,,,,,,,,,,,,
11008,15:28:00,,,,,,,,,,,,,,,,,,,,,,,,,
11009,15:29:00,,,,,,,,,,,,,,,,,,,,,,,,,
11010,15:30:00,,,,,,,,,,,,,,,,,,,,,,,,,
11011,15:31:00,,,,,,,,,,,,,,,,,,,,,,,,,
11012,15:32:00,,,,,,,,,,,,,,,,,,,,,,,,,
11013,15:33:00,,,,,,,,,,,,,,,,,,,,,,,,,
11014,15:34:00,,,,,,,,,,,,,,,,,,,,,,,,,
11015,15:35:00,,,,,,,,,,,,,,,,,,,,,,,,,
11016,15:36:00,,,,,,,,,,,,,,,,,,,,,,,,,
11017,15:37:00,,,,,,,,,,,,,,,,,,,,,,,,,
11018,15:38:00,,,,,,,,,,,,,,,,,,,,,,,,,
11019,15:39:00,,,,,,,,,,,,,,,,,,,,,,,,,
11020,15:40:00,,,,,,,,,,,,,,,,,,,,,,,,,
11021,15:41:00,,,,,,,,,,,,,,,,,,,,,,,,,
11022,15:42:00,,,,,,,,,,,,,,,,,,,,,,,,,
11023,15:43:00,,,,,,,,,,,,,,,,,,,,,,,,,
11024,15:44:00,,,,,,,,,,,,,,,,,,,,,,,,,
11025,15:45:00,,,,,,,,,,,,,,,,,,,,,,,,,
11026,15:46:00,,,,,,,,,,,,,,,,,,,,,,,,,
11027,15:47:00,,,,,,,,,,,,,,,,,,,,,,,,,
11028,15:48:00,,,,,,,,,,,,,,,,,,,,,,,,,
11029,15:49:00,,,,,,,,,,,,,,,,,,,,,,,,,
11030,15:50:00,,,,,,,,,,,,,,,,,,,,,,,,,
11031,15:51:00,,,,,,,,,,,,,,,,,,,,,,,,,
11032,15:52:00,,,,,,,,,,,,,,,,,,,,,,,,,
11033,15:53:00,,,,,,,,,,,,,,,,,,,,,,,,,
11034,15:54:00,,,,,,,,,,,,,,,,,,,,,,,,,
11035,15:55:00,,,,,,,,,,,,,,,,,,,,,,,,,
11036,15:56:00,,,,,,,,,,,,,,,,,,,,,,,,,
11037,15:57:00,,,,,,,,,,,,,,,,,,,,,,,,,
11038,15:58:00,,,,,,,,,,,,,,,,,,,,,,,,,
11039,15:59:00,,,,,,,,,,,,,,,,,,,,,,,,,
11040,16:00:00,,,,,,,,,,,,,,,,,,,,,,,,,
11041,16:01:00,,,,,,,,,,,,,,,,,,,,,,,,,
11042,16:02:00,,,,,,,,,,,,,,,,,,,,,,,,,
11043,16:03:00,,,,,,,,,,,,,,,,,,,,,,,,,
11044,16:04:00,,,,,,,,,,,,,,,,,,,,,,,,,
11045,16:05:00,,,,,,,,,,,,,,,,,,,,,,,,,
11046,16:06:00,,,,,,,,,,,,,,,,,,,,,,,,,
11047,16:07:00,,,,,,,,,,,,,,,,,,,,,,,,,
11048,16:08:00,,,,,,,,,,,,,,,,,,,,,,,,,
11049,16:09:00,,,,,,,,,,,,,,,,,,,,,,,,,
11050,16:10:00,,,,,,,,,,,,,,,,,,,,,,,,,
11051,16:11:00,,,,,,,,,,,,,,,,,,,,,,,,,
11052,16:12:00,,,,,,,,,,,,,,,,,,,,,,,,,
11053,16:13:00,,,,,,,,,,,,,,,,,,,,,,,,,
11054,16:14:00,,,,,,,,,,,,,,,,,,,,,,,,,
11055,16:15:00,,,,,,,,,,,,,,,,,,,,,,,,,
11056,16:16:00,,,,,,,,,,,,,,,,,,,,,,,,,
11057,16:17:00,,,,,,,,,,,,,,,,,,,,,,,,,
11058,16:18:00,,,,,,,,,,,,,,,,,,,,,,,,,
11059,16:19:00,,,,,,,,,,,,,,,,,,,,,,,,,
11060,16:20:00,,,,,,,,,,,,,,,,,,,,,,,,,
11061,16:21:00,,,,,,,,,,,,,,,,,,,,,,,,,
11062,16:22:00,,,,,,,,,,,,,,,,,,,,,,,,,
11063,16:23:00,,,,,,,,,,,,,,,,,,,,,,,,,
11064,16:24:00,,,,,,,,,,,,,,,,,,,,,,,,,
11065,16:25:00,,,,,,,,,,,,,,,,,,,,,,,,,
11066,16:26:00,,,,,,,,,,,,,,,,,,,,,,,,,
11067,16:27:00,,,,,,,,,,,,,,,,,,,,,,,,,
11068,16:28:00,,,,,,,,,,,,,,,,,,,,,,,,,
11069,16:29:00,,,,,,,,,,,,,,,,,,,,,,,,,
11070,16:30:00,,,,,,,,,,,,,,,,,,,,,,,,,
11071,16:31:00,,,,,,,,,,,,,,,,,,,,,,,,,
11072,16:32:00,,,,,,,,,,,,,,,,,,,,,,,,,
11073,16:33:00,,,,,,,,,,,,,,,,,,,,,,,,,
11074,16:34:00,,,,,,,,,,,,,,,,,,,,,,,,,
11075,16:35:00,,,,,,,,,,,,,,,,,,,,,,,,,
11076,16:36:00,,,,,,,,,,,,,,,,,,,,,,,,,
11077,16:37:00,,,,,,,,,,,,,,,,,,,,,,,,,
11078,16:38:00,,,,,,,,,,,,,,,,,,,,,,,,,
11079,16:39:00,,,,,,,,,,,,,,,,,,,,,,,,,
11080,16:40:00,,,,,,,,,,,,,,,,,,,,,,,,,
11081,16:41:00,,,,,,,,,,,,,,,,,,,,,,,,,
11082,16:42:00,,,,,,,,,,,,,,,,,,,,,,,,,
11083,16:43:00,,,,,,,,,,,,,,,,,,,,,,,,,
11084,16:44:00,,,,,,,,,,,,,,,,,,,,,,,,,
11085,16:45:00,,,,,,,,,,,,,,,,,,,,,,,,,
11086,16:46:00,,,,,,,,,,,,,,,,,,,,,,,,,
11087,16:47:00,,,,,,,,,,,,,,,,,,,,,,,,,
11088,16:48:00,,,,,,,,,,,,,,,,,,,,,,,,,
11089,16:49:00,,,,,,,,,,,,,,,,,,,,,,,,,
11090,16:50:00,,,,,,,,,,,,,,,,,,,,,,,,,
11091,16:51:00,,,,,,,,,,,,,,,,,,,,,,,,,
11092,16:52:00,,,,,,,,,,,,,,,,,,,,,,,,,
11093,16:53:00,,,,,,,,,,,,,,,,,,,,,,,,,
11094,16:54:00,,,,,,,,,,,,,,,,,,,,,,,,,
11095,16:55:00,,,,,,,,,,,,,,,,,,,,,,,,,
11096,16:56:00,,,,,,,,,,,,,,,,,,,,,,,,,
11097,16:57:00,,,,,,,,,,,,,,,,,,,,,,,,,
11098,16:58:00,,,,,,,,,,,,,,,,,,,,,,,,,
11099,16:59:00,,,,,,,,,,,,,,,,,,,,,,,,,
11100,17:00:00,,,,,,,,,,,,,,,,,,,,,,,,,
11101,17:01:00,,,,,,,,,,,,,,,,,,,,,,,,,
11102,17:02:00,,,,,,,,,,,,,,,,,,,,,,,,,
11103,17:03:00,,,,,,,,,,,,,,,,,,,,,,,,,
11104,17:04:00,,,,,,,,,,,,,,,,,,,,,,,,,
11105,17:05:00,,,,,,,,,,,,,,,,,,,,,,,,,
11106,17:06:00,,,,,,,,,,,,,,,,,,,,,,,,,
11107,17:07:00,,,,,,,,,,,,,,,,,,,,,,,,,
11108,17:08:00,,,,,,,,,,,,,,,,,,,,,,,,,
11109,17:09:00,,,,,,,,,,,,,,,,,,,,,,,,,
11110,17:10:00,,,,,,,,,,,,,,,,,,,,,,,,,
11111,17:11:00,,,,,,,,,,,,,,,,,,,,,,,,,
11112,17:12:00,,,,,,,,,,,,,,,,,,,,,,,,,
11113,17:13:00,,,,,,,,,,,,,,,,,,,,,,,,,
11114,17:14:00,,,,,,,,,,,,,,,,,,,,,,,,,
11115,17:15:00,,,,,,,,,,,,,,,,,,,,,,,,,
11116,17:16:00,,,,,,,,,,,,,,,,,,,,,,,,,
11117,17:17:00,,,,,,,,,,,,,,,,,,,,,,,,,
11118,17:18:00,,,,,,,,,,,,,,,,,,,,,,,,,
11119,17:19:00,,,,,,,,,,,,,,,,,,,,,,,,,
11120,17:20:00,,,,,,,,,,,,,,,,,,,,,,,,,
11121,17:21:00,,,,,,,,,,,,,,,,,,,,,,,,,
11122,17:22:00,,,,,,,,,,,,,,,,,,,,,,,,,
11123,17:23:00,,,,,,,,,,,,,,,,,,,,,,,,,
11124,17:24:00,,,,,,,,,,,,,,,,,,,,,,,,,
11125,17:25:00,,,,,,,,,,,,,,,,,,,,,,,,,
11126,17:26:00,,,,,,,,,,,,,,,,,,,,,,,,,
11127,17:27:00,,,,,,,,,,,,,,,,,,,,,,,,,
11128,17:28:00,,,,,,,,,,,,,,,,,,,,,,,,,
11129,17:29:00,,,,,,,,,,,,,,,,,,,,,,,,,
11130,17:30:00,,,,,,,,,,,,,,,,,,,,,,,,,
11131,17:31:00,,,,,,,,,,,,,,,,,,,,,,,,,
11132,17:32:00,,,,,,,,,,,,,,,,,,,,,,,,,
11133,17:33:00,,,,,,,,,,,,,,,,,,,,,,,,,
11134,17:34:00,,,,,,,,,,,,,,,,,,,,,,,,,
11135,17:35:00,,,,,,,,,,,,,,,,,,,,,,,,,
11136,17:36:00,,,,,,,,,,,,,,,,,,,,,,,,,
11137,17:37:00,,,,,,,,,,,,,,,,,,,,,,,,,
11138,17:38:00,,,,,,,,,,,,,,,,,,,,,,,,,
11139,17:39:00,,,,,,,,,,,,,,,,,,,,,,,,,
11140,17:40:00,,,,,,,,,,,,,,,,,,,,,,,,,
11141,17:41:00,,,,,,,,,,,,,,,,,,,,,,,,,
11142,17:42:00,,,,,,,,,,,,,,,,,,,,,,,,,
11143,17:43:00,,,,,,,,,,,,,,,,,,,,,,,,,
11144,17:44:00,,,,,,,,,,,,,,,,,,,,,,,,,
11145,17:45:00,,,,,,,,,,,,,,,,,,,,,,,,,
11146,17:46:00,,,,,,,,,,,,,,,,,,,,,,,,,
11147,17:47:00,,,,,,,,,,,,,,,,,,,,,,,,,
11148,17:48:00,,,,,,,,,,,,,,,,,,,,,,,,,
11149,17:49:00,,,,,,,,,,,,,,,,,,,,,,,,,
11150,17:50:00,,,,,,,,,,,,,,,,,,,,,,,,,
11151,17:51:00,,,,,,,,,,,,,,,,,,,,,,,,,
11152,17:52:00,,,,,,,,,,,,,,,,,,,,,,,,,
11153,17:53:00,,,,,,,,,,,,,,,,,,,,,,,,,
11154,17:54:00,,,,,,,,,,,,,,,,,,,,,,,,,
11155,17:55:00,,,,,,,,,,,,,,,,,,,,,,,,,
11156,17:56:00,,,,,,,,,,,,,,,,,,,,,,,,,
11157,17:57:00,,,,,,,,,,,,,,,,,,,,,,,,,
11158,17:58:00,,,,,,,,,,,,,,,,,,,,,,,,,
11159,17:59:00,,,,,,,,,,,,,,,,,,,,,,,,,
11160,18:00:00,,,,,,,,,,,,,,,,,,,,,,,,,
11161,18:01:00,,,,,,,,,,,,,,,,,,,,,,,,,
11162,18:02:00,,,,,,,,,,,,,,,,,,,,,,,,,
11163,18:03:00,,,,,,,,,,,,,,,,,,,,,,,,,
11164,18:04:00,,,,,,,,,,,,,,,,,,,,,,,,,
11165,18:05:00,,,,,,,,,,,,,,,,,,,,,,,,,
11166,18:06:00,,,,,,,,,,,,,,,,,,,,,,,,,
11167,18:07:00,,,,,,,,,,,,,,,,,,,,,,,,,
11168,18:08:00,,,,,,,,,,,,,,,,,,,,,,,,,
11169,18:09:00,,,,,,,,,,,,,,,,,,,,,,,,,
11170,18:10:00,,,,,,,,,,,,,,,,,,,,,,,,,
11171,18:11:00,,,,,,,,,,,,,,,,,,,,,,,,,
11172,18:12:00,,,,,,,,,,,,,,,,,,,,,,,,,
11173,18:13:00,,,,,,,,,,,,,,,,,,,,,,,,,
11174,18:14:00,,,,,,,,,,,,,,,,,,,,,,,,,
11175,18:15:00,,,,,,,,,,,,,,,,,,,,,,,,,
11176,18:16:00,,,,,,,,,,,,,,,,,,,,,,,,,
11177,18:17:00,,,,,,,,,,,,,,,,,,,,,,,,,
11178,18:18:00,,,,,,,,,,,,,,,,,,,,,,,,,
11179,18:19:00,,,,,,,,,,,,,,,,,,,,,,,,,
11180,18:20:00,,,,,,,,,,,,,,,,,,,,,,,,,
11181,18:21:00,,,,,,,,,,,,,,,,,,,,,,,,,
11182,18:22:00,,,,,,,,,,,,,,,,,,,,,,,,,
11183,18:23:00,,,,,,,,,,,,,,,,,,,,,,,,,
11184,18:24:00,,,,,,,,,,,,,,,,,,,,,,,,,
11185,18:25:00,,,,,,,,,,,,,,,,,,,,,,,,,
11186,18:26:00,,,,,,,,,,,,,,,,,,,,,,,,,
11187,18:27:00,,,,,,,,,,,,,,,,,,,,,,,,,
11188,18:28:00,,,,,,,,,,,,,,,,,,,,,,,,,
11189,18:29:00,,,,,,,,,,,,,,,,,,,,,,,,,
11190,18:30:00,,,,,,,,,,,,,,,,,,,,,,,,,
11191,18:31:00,,,,,,,,,,,,,,,,,,,,,,,,,
11192,18:32:00,,,,,,,,,,,,,,,,,,,,,,,,,
11193,18:33:00,,,,,,,,,,,,,,,,,,,,,,,,,
11194,18:34:00,,,,,,,,,,,,,,,,,,,,,,,,,
11195,18:35:00,,,,,,,,,,,,,,,,,,,,,,,,,
11196,18:36:00,,,,,,,,,,,,,,,,,,,,,,,,,
11197,18:37:00,,,,,,,,,,,,,,,,,,,,,,,,,
11198,18:38:00,,,,,,,,,,,,,,,,,,,,,,,,,
11199,18:39:00,,,,,,,,,,,,,,,,,,,,,,,,,
11200,18:40:00,,,,,,,,,,,,,,,,,,,,,,,,,
11201,18:41:00,,,,,,,,,,,,,,,,,,,,,,,,,
11202,18:42:00,,,,,,,,,,,,,,,,,,,,,,,,,
11203,18:43:00,,,,,,,,,,,,,,,,,,,,,,,,,
11204,18:44:00,,,,,,,,,,,,,,,,,,,,,,,,,
11205,18:45:00,,,,,,,,,,,,,,,,,,,,,,,,,
11206,18:46:00,,,,,,,,,,,,,,,,,,,,,,,,,
11207,18:47:00,,,,,,,,,,,,,,,,,,,,,,,,,
11208,18:48:00,,,,,,,,,,,,,,,,,,,,,,,,,
11209,18:49:00,,,,,,,,,,,,,,,,,,,,,,,,,
11210,18:50:00,,,,,,,,,,,,,,,,,,,,,,,,,
11211,18:51:00,,,,,,,,,,,,,,,,,,,,,,,,,
11212,18:52:00,,,,,,,,,,,,,,,,,,,,,,,,,
11213,18:53:00,,,,,,,,,,,,,,,,,,,,,,,,,
11214,18:54:00,,,,,,,,,,,,,,,,,,,,,,,,,
11215,18:55:00,,,,,,,,,,,,,,,,,,,,,,,,,
11216,18:56:00,,,,,,,,,,,,,,,,,,,,,,,,,
11217,18:57:00,,,,,,,,,,,,,,,,,,,,,,,,,
11218,18:58:00,,,,,,,,,,,,,,,,,,,,,,,,,
11219,18:59:00,,,,,,,,,,,,,,,,,,,,,,,,,
11220,19:00:00,,,,,,,,,,,,,,,,,,,,,,,,,
11221,19:01:00,,,,,,,,,,,,,,,,,,,,,,,,,
11222,19:02:00,,,,,,,,,,,,,,,,,,,,,,,,,
11223,19:03:00,,,,,,,,,,,,,,,,,,,,,,,,,
11224,19:04:00,,,,,,,,,,,,,,,,,,,,,,,,,
11225,19:05:00,,,,,,,,,,,,,,,,,,,,,,,,,
11226,19:06:00,,,,,,,,,,,,,,,,,,,,,,,,,
11227,19:07:00,,,,,,,,,,,,,,,,,,,,,,,,,
11228,19:08:00,,,,,,,,,,,,,,,,,,,,,,,,,
11229,19:09:00,,,,,,,,,,,,,,,,,,,,,,,,,
11230,19:10:00,,,,,,,,,,,,,,,,,,,,,,,,,
11231,19:11:00,,,,,,,,,,,,,,,,,,,,,,,,,
11232,19:12:00,,,,,,,,,,,,,,,,,,,,,,,,,
11233,19:13:00,,,,,,,,,,,,,,,,,,,,,,,,,
11234,19:14:00,,,,,,,,,,,,,,,,,,,,,,,,,
11235,19:15:00,,,,,,,,,,,,,,,,,,,,,,,,,
11236,19:16:00,,,,,,,,,,,,,,,,,,,,,,,,,
11237,19:17:00,,,,,,,,,,,,,,,,,,,,,,,,,
11238,19:18:00,,,,,,,,,,,,,,,,,,,,,,,,,
11239,19:19:00,,,,,,,,,,,,,,,,,,,,,,,,,
11240,19:20:00,,,,,,,,,,,,,,,,,,,,,,,,,
11241,19:21:00,,,,,,,,,,,,,,,,,,,,,,,,,
11242,19:22:00,,,,,,,,,,,,,,,,,,,,,,,,,
11243,19:23:00,,,,,,,,,,,,,,,,,,,,,,,,,
11244,19:24:00,,,,,,,,,,,,,,,,,,,,,,,,,
11245,19:25:00,,,,,,,,,,,,,,,,,,,,,,,,,
11246,19:26:00,,,,,,,,,,,,,,,,,,,,,,,,,
11247,19:27:00,,,,,,,,,,,,,,,,,,,,,,,,,
11248,19:28:00,,,,,,,,,,,,,,,,,,,,,,,,,
11249,19:29:00,,,,,,,,,,,,,,,,,,,,,,,,,
11250,19:30:00,,,,,,,,,,,,,,,,,,,,,,,,,
11251,19:31:00,,,,,,,,,,,,,,,,,,,,,,,,,
11252,19:32:00,,,,,,,,,,,,,,,,,,,,,,,,,
11253,19:33:00,,,,,,,,,,,,,,,,,,,,,,,,,
11254,19:34:00,,,,,,,,,,,,,,,,,,,,,,,,,
11255,19:35:00,,,,,,,,,,,,,,,,,,,,,,,,,
11256,19:36:00,,,,,,,,,,,,,,,,,,,,,,,,,
11257,19:37:00,,,,,,,,,,,,,,,,,,,,,,,,,
11258,19:38:00,,,,,,,,,,,,,,,,,,,,,,,,,
11259,19:39:00,,,,,,,,,,,,,,,,,,,,,,,,,
11260,19:40:00,,,,,,,,,,,,,,,,,,,,,,,,,
11261,19:41:00,,,,,,,,,,,,,,,,,,,,,,,,,
11262,19:42:00,,,,,,,,,,,,,,,,,,,,,,,,,
11263,19:43:00,,,,,,,,,,,,,,,,,,,,,,,,,
11264,19:44:00,,,,,,,,,,,,,,,,,,,,,,,,,
11265,19:45:00,,,,,,,,,,,,,,,,,,,,,,,,,
11266,19:46:00,,,,,,,,,,,,,,,,,,,,,,,,,
11267,19:47:00,,,,,,,,,,,,,,,,,,,,,,,,,
11268,19:48:00,,,,,,,,,,,,,,,,,,,,,,,,,
11269,19:49:00,,,,,,,,,,,,,,,,,,,,,,,,,
11270,19:50:00,,,,,,,,,,,,,,,,,,,,,,,,,
11271,19:51:00,,,,,,,,,,,,,,,,,,,,,,,,,
11272,19:52:00,,,,,,,,,,,,,,,,,,,,,,,,,
11273,19:53:00,,,,,,,,,,,,,,,,,,,,,,,,,
11274,19:54:00,,,,,,,,,,,,,,,,,,,,,,,,,
11275,19:55:00,,,,,,,,,,,,,,,,,,,,,,,,,
11276,19:56:00,,,,,,,,,,,,,,,,,,,,,,,,,
11277,19:57:00,,,,,,,,,,,,,,,,,,,,,,,,,
11278,19:58:00,,,,,,,,,,,,,,,,,,,,,,,,,
11279,19:59:00,,,,,,,,,,,,,,,,,,,,,,,,,
11280,20:00:00,,,,,,,,,,,,,,,,,,,,,,,,,
11281,20:01:00,,,,,,,,,,,,,,,,,,,,,,,,,
11282,20:02:00,,,,,,,,,,,,,,,,,,,,,,,,,
11283,20:03:00,,,,,,,,,,,,,,,,,,,,,,,,,
11284,20:04:00,,,,,,,,,,,,,,,,,,,,,,,,,
11285,20:05:00,,,,,,,,,,,,,,,,,,,,,,,,,
11286,20:06:00,,,,,,,,,,,,,,,,,,,,,,,,,
11287,20:07:00,,,,,,,,,,,,,,,,,,,,,,,,,
11288,20:08:00,,,,,,,,,,,,,,,,,,,,,,,,,
11289,20:09:00,,,,,,,,,,,,,,,,,,,,,,,,,
11290,20:10:00,,,,,,,,,,,,,,,,,,,,,,,,,
11291,20:11:00,,,,,,,,,,,,,,,,,,,,,,,,,
11292,20:12:00,,,,,,,,,,,,,,,,,,,,,,,,,
11293,20:13:00,,,,,,,,,,,,,,,,,,,,,,,,,
11294,20:14:00,,,,,,,,,,,,,,,,,,,,,,,,,
11295,20:15:00,,,,,,,,,,,,,,,,,,,,,,,,,
11296,20:16:00,,,,,,,,,,,,,,,,,,,,,,,,,
11297,20:17:00,,,,,,,,,,,,,,,,,,,,,,,,,
11298,20:18:00,,,,,,,,,,,,,,,,,,,,,,,,,
11299,20:19:00,,,,,,,,,,,,,,,,,,,,,,,,,
11300,20:20:00,,,,,,,,,,,,,,,,,,,,,,,,,
11301,20:21:00,,,,,,,,,,,,,,,,,,,,,,,,,
11302,20:22:00,,,,,,,,,,,,,,,,,,,,,,,,,
11303,20:23:00,,,,,,,,,,,,,,,,,,,,,,,,,
11304,20:24:00,,,,,,,,,,,,,,,,,,,,,,,,,
11305,20:25:00,,,,,,,,,,,,,,,,,,,,,,,,,
11306,20:26:00,,,,,,,,,,,,,,,,,,,,,,,,,
11307,20:27:00,,,,,,,,,,,,,,,,,,,,,,,,,
11308,20:28:00,,,,,,,,,,,,,,,,,,,,,,,,,
11309,20:29:00,,,,,,,,,,,,,,,,,,,,,,,,,
11310,20:30:00,,,,,,,,,,,,,,,,,,,,,,,,,
11311,20:31:00,,,,,,,,,,,,,,,,,,,,,,,,,
11312,20:32:00,,,,,,,,,,,,,,,,,,,,,,,,,
11313,20:33:00,,,,,,,,,,,,,,,,,,,,,,,,,
11314,20:34:00,,,,,,,,,,,,,,,,,,,,,,,,,
11315,20:35:00,,,,,,,,,,,,,,,,,,,,,,,,,
11316,20:36:00,,,,,,,,,,,,,,,,,,,,,,,,,
11317,20:37:00,,,,,,,,,,,,,,,,,,,,,,,,,
11318,20:38:00,,,,,,,,,,,,,,,,,,,,,,,,,
11319,20:39:00,,,,,,,,,,,,,,,,,,,,,,,,,
11320,20:40:00,,,,,,,,,,,,,,,,,,,,,,,,,
11321,20:41:00,,,,,,,,,,,,,,,,,,,,,,,,,
11322,20:42:00,,,,,,,,,,,,,,,,,,,,,,,,,
11323,20:43:00,,,,,,,,,,,,,,,,,,,,,,,,,
11324,20:44:00,,,,,,,,,,,,,,,,,,,,,,,,,
11325,20:45:00,,,,,,,,,,,,,,,,,,,,,,,,,
11326,20:46:00,,,,,,,,,,,,,,,,,,,,,,,,,
11327,20:47:00,,,,,,,,,,,,,,,,,,,,,,,,,
11328,20:48:00,,,,,,,,,,,,,,,,,,,,,,,,,
11329,20:49:00,,,,,,,,,,,,,,,,,,,,,,,,,
11330,20:50:00,,,,,,,,,,,,,,,,,,,,,,,,,
11331,20:51:00,,,,,,,,,,,,,,,,,,,,,,,,,
11332,20:52:00,,,,,,,,,,,,,,,,,,,,,,,,,
11333,20:53:00,,,,,,,,,,,,,,,,,,,,,,,,,
11334,20:54:00,,,,,,,,,,,,,,,,,,,,,,,,,
11335,20:55:00,,,,,,,,,,,,,,,,,,,,,,,,,
11336,20:56:00,,,,,,,,,,,,,,,,,,,,,,,,,
11337,20:57:00,,,,,,,,,,,,,,,,,,,,,,,,,
11338,20:58:00,,,,,,,,,,,,,,,,,,,,,,,,,
11339,20:59:00,,,,,,,,,,,,,,,,,,,,,,,,,
11340,21:00:00,,,,,,,,,,,,,,,,,,,,,,,,,
11341,21:01:00,,,,,,,,,,,,,,,,,,,,,,,,,
11342,21:02:00,,,,,,,,,,,,,,,,,,,,,,,,,
11343,21:03:00,,,,,,,,,,,,,,,,,,,,,,,,,
11344,21:04:00,,,,,,,,,,,,,,,,,,,,,,,,,
11345,21:05:00,,,,,,,,,,,,,,,,,,,,,,,,,
11346,21:06:00,,,,,,,,,,,,,,,,,,,,,,,,,
11347,21:07:00,,,,,,,,,,,,,,,,,,,,,,,,,
11348,21:08:00,,,,,,,,,,,,,,,,,,,,,,,,,
11349,21:09:00,,,,,,,,,,,,,,,,,,,,,,,,,
11350,21:10:00,,,,,,,,,,,,,,,,,,,,,,,,,
11351,21:11:00,,,,,,,,,,,,,,,,,,,,,,,,,
11352,21:12:00,,,,,,,,,,,,,,,,,,,,,,,,,
11353,21:13:00,,,,,,,,,,,,,,,,,,,,,,,,,
11354,21:14:00,,,,,,,,,,,,,,,,,,,,,,,,,
11355,21:15:00,,,,,,,,,,,,,,,,,,,,,,,,,
11356,21:16:00,,,,,,,,,,,,,,,,,,,,,,,,,
11357,21:17:00,,,,,,,,,,,,,,,,,,,,,,,,,
11358,21:18:00,,,,,,,,,,,,,,,,,,,,,,,,,
11359,21:19:00,,,,,,,,,,,,,,,,,,,,,,,,,
11360,21:20:00,,,,,,,,,,,,,,,,,,,,,,,,,
11361,21:21:00,,,,,,,,,,,,,,,,,,,,,,,,,
11362,21:22:00,,,,,,,,,,,,,,,,,,,,,,,,,
11363,21:23:00,,,,,,,,,,,,,,,,,,,,,,,,,
11364,21:24:00,,,,,,,,,,,,,,,,,,,,,,,,,
11365,21:25:00,,,,,,,,,,,,,,,,,,,,,,,,,
11366,21:26:00,,,,,,,,,,,,,,,,,,,,,,,,,
11367,21:27:00,,,,,,,,,,,,,,,,,,,,,,,,,
11368,21:28:00,,,,,,,,,,,,,,,,,,,,,,,,,
11369,21:29:00,,,,,,,,,,,,,,,,,,,,,,,,,
11370,21:30:00,,,,,,,,,,,,,,,,,,,,,,,,,
11371,21:31:00,,,,,,,,,,,,,,,,,,,,,,,,,
11372,21:32:00,,,,,,,,,,,,,,,,,,,,,,,,,
11373,21:33:00,,,,,,,,,,,,,,,,,,,,,,,,,
11374,21:34:00,,,,,,,,,,,,,,,,,,,,,,,,,
11375,21:35:00,,,,,,,,,,,,,,,,,,,,,,,,,
11376,21:36:00,,,,,,,,,,,,,,,,,,,,,,,,,
11377,21:37:00,,,,,,,,,,,,,,,,,,,,,,,,,
11378,21:38:00,,,,,,,,,,,,,,,,,,,,,,,,,
11379,21:39:00,,,,,,,,,,,,,,,,,,,,,,,,,
11380,21:40:00,,,,,,,,,,,,,,,,,,,,,,,,,
11381,21:41:00,,,,,,,,,,,,,,,,,,,,,,,,,
11382,21:42:00,,,,,,,,,,,,,,,,,,,,,,,,,
11383,21:43:00,,,,,,,,,,,,,,,,,,,,,,,,,
11384,21:44:00,,,,,,,,,,,,,,,,,,,,,,,,,
11385,21:45:00,,,,,,,,,,,,,,,,,,,,,,,,,
11386,21:46:00,,,,,,,,,,,,,,,,,,,,,,,,,
11387,21:47:00,,,,,,,,,,,,,,,,,,,,,,,,,
11388,21:48:00,,,,,,,,,,,,,,,,,,,,,,,,,
11389,21:49:00,,,,,,,,,,,,,,,,,,,,,,,,,
11390,21:50:00,,,,,,,,,,,,,,,,,,,,,,,,,
11391,21:51:00,,,,,,,,,,,,,,,,,,,,,,,,,
11392,21:52:00,,,,,,,,,,,,,,,,,,,,,,,,,
11393,21:53:00,,,,,,,,,,,,,,,,,,,,,,,,,
11394,21:54:00,,,,,,,,,,,,,,,,,,,,,,,,,
11395,21:55:00,,,,,,,,,,,,,,,,,,,,,,,,,
11396,21:56:00,,,,,,,,,,,,,,,,,,,,,,,,,
11397,21:57:00,,,,,,,,,,,,,,,,,,,,,,,,,
11398,21:58:00,,,,,,,,,,,,,,,,,,,,,,,,,
11399,21:59:00,,,,,,,,,,,,,,,,,,,,,,,,,
11400,22:00:00,,,,,,,,,,,,,,,,,,,,,,,,,
11401,22:01:00,,,,,,,,,,,,,,,,,,,,,,,,,
11402,22:02:00,,,,,,,,,,,,,,,,,,,,,,,,,
11403,22:03:00,,,,,,,,,,,,,,,,,,,,,,,,,
11404,22:04:00,,,,,,,,,,,,,,,,,,,,,,,,,
11405,22:05:00,,,,,,,,,,,,,,,,,,,,,,,,,
11406,22:06:00,,,,,,,,,,,,,,,,,,,,,,,,,
11407,22:07:00,,,,,,,,,,,,,,,,,,,,,,,,,
11408,22:08:00,,,,,,,,,,,,,,,,,,,,,,,,,
11409,22:09:00,,,,,,,,,,,,,,,,,,,,,,,,,
11410,22:10:00,,,,,,,,,,,,,,,,,,,,,,,,,
11411,22:11:00,,,,,,,,,,,,,,,,,,,,,,,,,
11412,22:12:00,,,,,,,,,,,,,,,,,,,,,,,,,
11413,22:13:00,,,,,,,,,,,,,,,,,,,,,,,,,
11414,22:14:00,,,,,,,,,,,,,,,,,,,,,,,,,
11415,22:15:00,,,,,,,,,,,,,,,,,,,,,,,,,
11416,22:16:00,,,,,,,,,,,,,,,,,,,,,,,,,
11417,22:17:00,,,,,,,,,,,,,,,,,,,,,,,,,
11418,22:18:00,,,,,,,,,,,,,,,,,,,,,,,,,
11419,22:19:00,,,,,,,,,,,,,,,,,,,,,,,,,
11420,22:20:00,,,,,,,,,,,,,,,,,,,,,,,,,
11421,22:21:00,,,,,,,,,,,,,,,,,,,,,,,,,
11422,22:22:00,,,,,,,,,,,,,,,,,,,,,,,,,
11423,22:23:00,,,,,,,,,,,,,,,,,,,,,,,,,
11424,22:24:00,,,,,,,,,,,,,,,,,,,,,,,,,
11425,22:25:00,,,,,,,,,,,,,,,,,,,,,,,,,
11426,22:26:00,,,,,,,,,,,,,,,,,,,,,,,,,
11427,22:27:00,,,,,,,,,,,,,,,,,,,,,,,,,
11428,22:28:00,,,,,,,,,,,,,,,,,,,,,,,,,
11429,22:29:00,,,,,,,,,,,,,,,,,,,,,,,,,
11430,22:30:00,,,,,,,,,,,,,,,,,,,,,,,,,
11431,22:31:00,,,,,,,,,,,,,,,,,,,,,,,,,
11432,22:32:00,,,,,,,,,,,,,,,,,,,,,,,,,
11433,22:33:00,,,,,,,,,,,,,,,,,,,,,,,,,
11434,22:34:00,,,,,,,,,,,,,,,,,,,,,,,,,
11435,22:35:00,,,,,,,,,,,,,,,,,,,,,,,,,
11436,22:36:00,,,,,,,,,,,,,,,,,,,,,,,,,
11437,22:37:00,,,,,,,,,,,,,,,,,,,,,,,,,
11438,22:38:00,,,,,,,,,,,,,,,,,,,,,,,,,
11439,22:39:00,,,,,,,,,,,,,,,,,,,,,,,,,
11440,22:40:00,,,,,,,,,,,,,,,,,,,,,,,,,
11441,22:41:00,,,,,,,,,,,,,,,,,,,,,,,,,
11442,22:42:00,,,,,,,,,,,,,,,,,,,,,,,,,
11443,22:43:00,,,,,,,,,,,,,,,,,,,,,,,,,
11444,22:44:00,,,,,,,,,,,,,,,,,,,,,,,,,
11445,22:45:00,,,,,,,,,,,,,,,,,,,,,,,,,
11446,22:46:00,,,,,,,,,,,,,,,,,,,,,,,,,
11447,22:47:00,,,,,,,,,,,,,,,,,,,,,,,,,
11448,22:48:00,,,,,,,,,,,,,,,,,,,,,,,,,
11449,22:49:00,,,,,,,,,,,,,,,,,,,,,,,,,
11450,22:50:00,,,,,,,,,,,,,,,,,,,,,,,,,
11451,22:51:00,,,,,,,,,,,,,,,,,,,,,,,,,
11452,22:52:00,,,,,,,,,,,,,,,,,,,,,,,,,
11453,22:53:00,,,,,,,,,,,,,,,,,,,,,,,,,
11454,22:54:00,,,,,,,,,,,,,,,,,,,,,,,,,
11455,22:55:00,,,,,,,,,,,,,,,,,,,,,,,,,
11456,22:56:00,,,,,,,,,,,,,,,,,,,,,,,,,
11457,22:57:00,,,,,,,,,,,,,,,,,,,,,,,,,
11458,22:58:00,,,,,,,,,,,,,,,,,,,,,,,,,
11459,22:59:00,,,,,,,,,,,,,,,,,,,,,,,,,
11460,23:00:00,,,,,,,,,,,,,,,,,,,,,,,,,
11461,23:01:00,,,,,,,,,,,,,,,,,,,,,,,,,
11462,23:02:00,,,,,,,,,,,,,,,,,,,,,,,,,
11463,23:03:00,,,,,,,,,,,,,,,,,,,,,,,,,
11464,23:04:00,,,,,,,,,,,,,,,,,,,,,,,,,
11465,23:05:00,,,,,,,,,,,,,,,,,,,,,,,,,
11466,23:06:00,,,,,,,,,,,,,,,,,,,,,,,,,
11467,23:07:00,,,,,,,,,,,,,,,,,,,,,,,,,
11468,23:08:00,,,,,,,,,,,,,,,,,,,,,,,,,
11469,23:09:00,,,,,,,,,,,,,,,,,,,,,,,,,
11470,23:10:00,,,,,,,,,,,,,,,,,,,,,,,,,
11471,23:11:00,,,,,,,,,,,,,,,,,,,,,,,,,
11472,23:12:00,,,,,,,,,,,,,,,,,,,,,,,,,
11473,23:13:00,,,,,,,,,,,,,,,,,,,,,,,,,
11474,23:14:00,,,,,,,,,,,,,,,,,,,,,,,,,
11475,23:15:00,,,,,,,,,,,,,,,,,,,,,,,,,
11476,23:16:00,,,,,,,,,,,,,,,,,,,,,,,,,
11477,23:17:00,,,,,,,,,,,,,,,,,,,,,,,,,
11478,23:18:00,,,,,,,,,,,,,,,,,,,,,,,,,
11479,23:19:00,,,,,,,,,,,,,,,,,,,,,,,,,
11480,23:20:00,,,,,,,,,,,,,,,,,,,,,,,,,
11481,23:21:00,,,,,,,,,,,,,,,,,,,,,,,,,
11482,23:22:00,,,,,,,,,,,,,,,,,,,,,,,,,
11483,23:23:00,,,,,,,,,,,,,,,,,,,,,,,,,
11484,23:24:00,,,,,,,,,,,,,,,,,,,,,,,,,
11485,23:25:00,,,,,,,,,,,,,,,,,,,,,,,,,
11486,23:26:00,,,,,,,,,,,,,,,,,,,,,,,,,
11487,23:27:00,,,,,,,,,,,,,,,,,,,,,,,,,
11488,23:28:00,,,,,,,,,,,,,,,,,,,,,,,,,
11489,23:29:00,,,,,,,,,,,,,,,,,,,,,,,,,
11490,23:30:00,,,,,,,,,,,,,,,,,,,,,,,,,
11491,23:31:00,,,,,,,,,,,,,,,,,,,,,,,,,
11492,23:32:00,,,,,,,,,,,,,,,,,,,,,,,,,
11493,23:33:00,,,,,,,,,,,,,,,,,,,,,,,,,
11494,23:34:00,,,,,,,,,,,,,,,,,,,,,,,,,
11495,23:35:00,,,,,,,,,,,,,,,,,,,,,,,,,
11496,23:36:00,,,,,,,,,,,,,,,,,,,,,,,,,
11497,23:37:00,,,,,,,,,,,,,,,,,,,,,,,,,
11498,23:38:00,,,,,,,,,,,,,,,,,,,,,,,,,
11499,23:39:00,,,,,,,,,,,,,,,,,,,,,,,,,
11500,23:40:00,,,,,,,,,,,,,,,,,,,,,,,,,
11501,23:41:00,,,,,,,,,,,,,,,,,,,,,,,,,
11502,23:42:00,,,,,,,,,,,,,,,,,,,,,,,,,
11503,23:43:00,,,,,,,,,,,,,,,,,,,,,,,,,
11504,23:44:00,,,,,,,,,,,,,,,,,,,,,,,,,
11505,23:45:00,,,,,,,,,,,,,,,,,,,,,,,,,
11506,23:46:00,,,,,,,,,,,,,,,,,,,,,,,,,
11507,23:47:00,,,,,,,,,,,,,,,,,,,,,,,,,
11508,23:48:00,,,,,,,,,,,,,,,,,,,,,,,,,
11509,23:49:00,,,,,,,,,,,,,,,,,,,,,,,,,
11510,23:50:00,,,,,,,,,,,,,,,,,,,,,,,,,
11511,23:51:00,,,,,,,,,,,,,,,,,,,,,,,,,
11512,23:52:00,,,,,,,,,,,,,,,,,,,,,,,,,
11513,23:53:00,,,,,,,,,,,,,,,,,,,,,,,,,
11514,23:54:00,,,,,,,,,,,,,,,,,,,,,,,,,
11515,23:55:00,,,,,,,,,,,,,,,,,,,,,,,,,
11516,23:56:00,,,,,,,,,,,,,,,,,,,,,,,,,
11517,23:57:00,,,,,,,,,,,,,,,,,,,,,,,,,
11518,23:58:00,,,,,,,,,,,,,,,,,,,,,,,,,
11519,23:59:00,,,,,,,,,,,,,,,,,,,,,,,,,
11520,00:00:00,,,,,,,,,,,,,,,,,,,,,,,,,
11521,00:01:00,,,,,,,,,,,,,,,,,,,,,,,,,
11522,00:02:00,,,,,,,,,,,,,,,,,,,,,,,,,
11523,00:03:00,,,,,,,,,,,,,,,,,,,,,,,,,
11524,00:04:00,,,,,,,,,,,,,,,,,,,,,,,,,
11525,00:05:00,,,,,,,,,,,,,,,,,,,,,,,,,
11526,00:06:00,,,,,,,,,,,,,,,,,,,,,,,,,
11527,00:07:00,,,,,,,,,,,,,,,,,,,,,,,,,
11528,00:08:00,,,,,,,,,,,,,,,,,,,,,,,,,
11529,00:09:00,,,,,,,,,,,,,,,,,,,,,,,,,
11530,00:10:00,,,,,,,,,,,,,,,,,,,,,,,,,
11531,00:11:00,,,,,,,,,,,,,,,,,,,,,,,,,
11532,00:12:00,,,,,,,,,,,,,,,,,,,,,,,,,
11533,00:13:00,,,,,,,,,,,,,,,,,,,,,,,,,
11534,00:14:00,,,,,,,,,,,,,,,,,,,,,,,,,
11535,00:15:00,,,,,,,,,,,,,,,,,,,,,,,,,
11536,00:16:00,,,,,,,,,,,,,,,,,,,,,,,,,
11537,00:17:00,,,,,,,,,,,,,,,,,,,,,,,,,
11538,00:18:00,,,,,,,,,,,,,,,,,,,,,,,,,
11539,00:19:00,,,,,,,,,,,,,,,,,,,,,,,,,
11540,00:20:00,,,,,,,,,,,,,,,,,,,,,,,,,
11541,00:21:00,,,,,,,,,,,,,,,,,,,,,,,,,
11542,00:22:00,,,,,,,,,,,,,,,,,,,,,,,,,
11543,00:23:00,,,,,,,,,,,,,,,,,,,,,,,,,
11544,00:24:00,,,,,,,,,,,,,,,,,,,,,,,,,
11545,00:25:00,,,,,,,,,,,,,,,,,,,,,,,,,
11546,00:26:00,,,,,,,,,,,,,,,,,,,,,,,,,
11547,00:27:00,,,,,,,,,,,,,,,,,,,,,,,,,
11548,00:28:00,,,,,,,,,,,,,,,,,,,,,,,,,
11549,00:29:00,,,,,,,,,,,,,,,,,,,,,,,,,
11550,00:30:00,,,,,,,,,,,,,,,,,,,,,,,,,
11551,00:31:00,,,,,,,,,,,,,,,,,,,,,,,,,
11552,00:32:00,,,,,,,,,,,,,,,,,,,,,,,,,
11553,00:33:00,,,,,,,,,,,,,,,,,,,,,,,,,
11554,00:34:00,,,,,,,,,,,,,,,,,,,,,,,,,
11555,00:35:00,,,,,,,,,,,,,,,,,,,,,,,,,
11556,00:36:00,,,,,,,,,,,,,,,,,,,,,,,,,
11557,00:37:00,,,,,,,,,,,,,,,,,,,,,,,,,
11558,00:38:00,,,,,,,,,,,,,,,,,,,,,,,,,
11559,00:39:00,,,,,,,,,,,,,,,,,,,,,,,,,
11560,00:40:00,,,,,,,,,,,,,,,,,,,,,,,,,
11561,00:41:00,,,,,,,,,,,,,,,,,,,,,,,,,
11562,00:42:00,,,,,,,,,,,,,,,,,,,,,,,,,
11563,00:43:00,,,,,,,,,,,,,,,,,,,,,,,,,
11564,00:44:00,,,,,,,,,,,,,,,,,,,,,,,,,
11565,00:45:00,,,,,,,,,,,,,,,,,,,,,,,,,
11566,00:46:00,,,,,,,,,,,,,,,,,,,,,,,,,
11567,00:47:00,,,,,,,,,,,,,,,,,,,,,,,,,
11568,00:48:00,,,,,,,,,,,,,,,,,,,,,,,,,
11569,00:49:00,,,,,,,,,,,,,,,,,,,,,,,,,
11570,00:50:00,,,,,,,,,,,,,,,,,,,,,,,,,
11571,00:51:00,,,,,,,,,,,,,,,,,,,,,,,,,
11572,00:52:00,,,,,,,,,,,,,,,,,,,,,,,,,
11573,00:53:00,,,,,,,,,,,,,,,,,,,,,,,,,
11574,00:54:00,,,,,,,,,,,,,,,,,,,,,,,,,
11575,00:55:00,,,,,,,,,,,,,,,,,,,,,,,,,
11576,00:56:00,,,,,,,,,,,,,,,,,,,,,,,,,
11577,00:57:00,,,,,,,,,,,,,,,,,,,,,,,,,
11578,00:58:00,,,,,,,,,,,,,,,,,,,,,,,,,
11579,00:59:00,,,,,,,,,,,,,,,,,,,,,,,,,
11580,01:00:00,,,,,,,,,,,,,,,,,,,,,,,,,
11581,01:01:00,,,,,,,,,,,,,,,,,,,,,,,,,
11582,01:02:00,,,,,,,,,,,,,,,,,,,,,,,,,
11583,01:03:00,,,,,,,,,,,,,,,,,,,,,,,,,
11584,01:04:00,,,,,,,,,,,,,,,,,,,,,,,,,
11585,01:05:00,,,,,,,,,,,,,,,,,,,,,,,,,
11586,01:06:00,,,,,,,,,,,,,,,,,,,,,,,,,
11587,01:07:00,,,,,,,,,,,,,,,,,,,,,,,,,
11588,01:08:00,,,,,,,,,,,,,,,,,,,,,,,,,
11589,01:09:00,,,,,,,,,,,,,,,,,,,,,,,,,
11590,01:10:00,,,,,,,,,,,,,,,,,,,,,,,,,
11591,01:11:00,,,,,,,,,,,,,,,,,,,,,,,,,
11592,01:12:00,,,,,,,,,,,,,,,,,,,,,,,,,
11593,01:13:00,,,,,,,,,,,,,,,,,,,,,,,,,
11594,01:14:00,,,,,,,,,,,,,,,,,,,,,,,,,
11595,01:15:00,,,,,,,,,,,,,,,,,,,,,,,,,
11596,01:16:00,,,,,,,,,,,,,,,,,,,,,,,,,
11597,01:17:00,,,,,,,,,,,,,,,,,,,,,,,,,
11598,01:18:00,,,,,,,,,,,,,,,,,,,,,,,,,
11599,01:19:00,,,,,,,,,,,,,,,,,,,,,,,,,
11600,01:20:00,,,,,,,,,,,,,,,,,,,,,,,,,
11601,01:21:00,,,,,,,,,,,,,,,,,,,,,,,,,
11602,01:22:00,,,,,,,,,,,,,,,,,,,,,,,,,
11603,01:23:00,,,,,,,,,,,,,,,,,,,,,,,,,
11604,01:24:00,,,,,,,,,,,,,,,,,,,,,,,,,
11605,01:25:00,,,,,,,,,,,,,,,,,,,,,,,,,
11606,01:26:00,,,,,,,,,,,,,,,,,,,,,,,,,
11607,01:27:00,,,,,,,,,,,,,,,,,,,,,,,,,
11608,01:28:00,,,,,,,,,,,,,,,,,,,,,,,,,
11609,01:29:00,,,,,,,,,,,,,,,,,,,,,,,,,
11610,01:30:00,,,,,,,,,,,,,,,,,,,,,,,,,
11611,01:31:00,,,,,,,,,,,,,,,,,,,,,,,,,
11612,01:32:00,,,,,,,,,,,,,,,,,,,,,,,,,
11613,01:33:00,,,,,,,,,,,,,,,,,,,,,,,,,
11614,01:34:00,,,,,,,,,,,,,,,,,,,,,,,,,
11615,01:35:00,,,,,,,,,,,,,,,,,,,,,,,,,
11616,01:36:00,,,,,,,,,,,,,,,,,,,,,,,,,
11617,01:37:00,,,,,,,,,,,,,,,,,,,,,,,,,
11618,01:38:00,,,,,,,,,,,,,,,,,,,,,,,,,
11619,01:39:00,,,,,,,,,,,,,,,,,,,,,,,,,
11620,01:40:00,,,,,,,,,,,,,,,,,,,,,,,,,
11621,01:41:00,,,,,,,,,,,,,,,,,,,,,,,,,
11622,01:42:00,,,,,,,,,,,,,,,,,,,,,,,,,
11623,01:43:00,,,,,,,,,,,,,,,,,,,,,,,,,
11624,01:44:00,,,,,,,,,,,,,,,,,,,,,,,,,
11625,01:45:00,,,,,,,,,,,,,,,,,,,,,,,,,
11626,01:46:00,,,,,,,,,,,,,,,,,,,,,,,,,
11627,01:47:00,,,,,,,,,,,,,,,,,,,,,,,,,
11628,01:48:00,,,,,,,,,,,,,,,,,,,,,,,,,
11629,01:49:00,,,,,,,,,,,,,,,,,,,,,,,,,
11630,01:50:00,,,,,,,,,,,,,,,,,,,,,,,,,
11631,01:51:00,,,,,,,,,,,,,,,,,,,,,,,,,
11632,01:52:00,,,,,,,,,,,,,,,,,,,,,,,,,
11633,01:53:00,,,,,,,,,,,,,,,,,,,,,,,,,
11634,01:54:00,,,,,,,,,,,,,,,,,,,,,,,,,
11635,01:55:00,,,,,,,,,,,,,,,,,,,,,,,,,
11636,01:56:00,,,,,,,,,,,,,,,,,,,,,,,,,
11637,01:57:00,,,,,,,,,,,,,,,,,,,,,,,,,
11638,01:58:00,,,,,,,,,,,,,,,,,,,,,,,,,
11639,01:59:00,,,,,,,,,,,,,,,,,,,,,,,,,
11640,02:00:00,,,,,,,,,,,,,,,,,,,,,,,,,
11641,02:01:00,,,,,,,,,,,,,,,,,,,,,,,,,
11642,02:02:00,,,,,,,,,,,,,,,,,,,,,,,,,
11643,02:03:00,,,,,,,,,,,,,,,,,,,,,,,,,
11644,02:04:00,,,,,,,,,,,,,,,,,,,,,,,,,
11645,02:05:00,,,,,,,,,,,,,,,,,,,,,,,,,
11646,02:06:00,,,,,,,,,,,,,,,,,,,,,,,,,
11647,02:07:00,,,,,,,,,,,,,,,,,,,,,,,,,
11648,02:08:00,,,,,,,,,,,,,,,,,,,,,,,,,
11649,02:09:00,,,,,,,,,,,,,,,,,,,,,,,,,
11650,02:10:00,,,,,,,,,,,,,,,,,,,,,,,,,
11651,02:11:00,,,,,,,,,,,,,,,,,,,,,,,,,
11652,02:12:00,,,,,,,,,,,,,,,,,,,,,,,,,
11653,02:13:00,,,,,,,,,,,,,,,,,,,,,,,,,
11654,02:14:00,,,,,,,,,,,,,,,,,,,,,,,,,
11655,02:15:00,,,,,,,,,,,,,,,,,,,,,,,,,
11656,02:16:00,,,,,,,,,,,,,,,,,,,,,,,,,
11657,02:17:00,,,,,,,,,,,,,,,,,,,,,,,,,
11658,02:18:00,,,,,,,,,,,,,,,,,,,,,,,,,
11659,02:19:00,,,,,,,,,,,,,,,,,,,,,,,,,
11660,02:20:00,,,,,,,,,,,,,,,,,,,,,,,,,
11661,02:21:00,,,,,,,,,,,,,,,,,,,,,,,,,
11662,02:22:00,,,,,,,,,,,,,,,,,,,,,,,,,
11663,02:23:00,,,,,,,,,,,,,,,,,,,,,,,,,
11664,02:24:00,,,,,,,,,,,,,,,,,,,,,,,,,
11665,02:25:00,,,,,,,,,,,,,,,,,,,,,,,,,
11666,02:26:00,,,,,,,,,,,,,,,,,,,,,,,,,
11667,02:27:00,,,,,,,,,,,,,,,,,,,,,,,,,
11668,02:28:00,,,,,,,,,,,,,,,,,,,,,,,,,
11669,02:29:00,,,,,,,,,,,,,,,,,,,,,,,,,
11670,02:30:00,,,,,,,,,,,,,,,,,,,,,,,,,
11671,02:31:00,,,,,,,,,,,,,,,,,,,,,,,,,
11672,02:32:00,,,,,,,,,,,,,,,,,,,,,,,,,
11673,02:33:00,,,,,,,,,,,,,,,,,,,,,,,,,
11674,02:34:00,,,,,,,,,,,,,,,,,,,,,,,,,
11675,02:35:00,,,,,,,,,,,,,,,,,,,,,,,,,
11676,02:36:00,,,,,,,,,,,,,,,,,,,,,,,,,
11677,02:37:00,,,,,,,,,,,,,,,,,,,,,,,,,
11678,02:38:00,,,,,,,,,,,,,,,,,,,,,,,,,
11679,02:39:00,,,,,,,,,,,,,,,,,,,,,,,,,
11680,02:40:00,,,,,,,,,,,,,,,,,,,,,,,,,
11681,02:41:00,,,,,,,,,,,,,,,,,,,,,,,,,
11682,02:42:00,,,,,,,,,,,,,,,,,,,,,,,,,
11683,02:43:00,,,,,,,,,,,,,,,,,,,,,,,,,
11684,02:44:00,,,,,,,,,,,,,,,,,,,,,,,,,
11685,02:45:00,,,,,,,,,,,,,,,,,,,,,,,,,
11686,02:46:00,,,,,,,,,,,,,,,,,,,,,,,,,
11687,02:47:00,,,,,,,,,,,,,,,,,,,,,,,,,
11688,02:48:00,,,,,,,,,,,,,,,,,,,,,,,,,
11689,02:49:00,,,,,,,,,,,,,,,,,,,,,,,,,
11690,02:50:00,,,,,,,,,,,,,,,,,,,,,,,,,
11691,02:51:00,,,,,,,,,,,,,,,,,,,,,,,,,
11692,02:52:00,,,,,,,,,,,,,,,,,,,,,,,,,
11693,02:53:00,,,,,,,,,,,,,,,,,,,,,,,,,
11694,02:54:00,,,,,,,,,,,,,,,,,,,,,,,,,
11695,02:55:00,,,,,,,,,,,,,,,,,,,,,,,,,
11696,02:56:00,,,,,,,,,,,,,,,,,,,,,,,,,
11697,02:57:00,,,,,,,,,,,,,,,,,,,,,,,,,
11698,02:58:00,,,,,,,,,,,,,,,,,,,,,,,,,
11699,02:59:00,,,,,,,,,,,,,,,,,,,,,,,,,
11700,03:00:00,,,,,,,,,,,,,,,,,,,,,,,,,
11701,03:01:00,,,,,,,,,,,,,,,,,,,,,,,,,
11702,03:02:00,,,,,,,,,,,,,,,,,,,,,,,,,
11703,03:03:00,,,,,,,,,,,,,,,,,,,,,,,,,
11704,03:04:00,,,,,,,,,,,,,,,,,,,,,,,,,
11705,03:05:00,,,,,,,,,,,,,,,,,,,,,,,,,
11706,03:06:00,,,,,,,,,,,,,,,,,,,,,,,,,
11707,03:07:00,,,,,,,,,,,,,,,,,,,,,,,,,
11708,03:08:00,,,,,,,,,,,,,,,,,,,,,,,,,
11709,03:09:00,,,,,,,,,,,,,,,,,,,,,,,,,
11710,03:10:00,,,,,,,,,,,,,,,,,,,,,,,,,
11711,03:11:00,,,,,,,,,,,,,,,,,,,,,,,,,
11712,03:12:00,,,,,,,,,,,,,,,,,,,,,,,,,
11713,03:13:00,,,,,,,,,,,,,,,,,,,,,,,,,
11714,03:14:00,,,,,,,,,,,,,,,,,,,,,,,,,
11715,03:15:00,,,,,,,,,,,,,,,,,,,,,,,,,
11716,03:16:00,,,,,,,,,,,,,,,,,,,,,,,,,
11717,03:17:00,,,,,,,,,,,,,,,,,,,,,,,,,
11718,03:18:00,,,,,,,,,,,,,,,,,,,,,,,,,
11719,03:19:00,,,,,,,,,,,,,,,,,,,,,,,,,
11720,03:20:00,,,,,,,,,,,,,,,,,,,,,,,,,
11721,03:21:00,,,,,,,,,,,,,,,,,,,,,,,,,
11722,03:22:00,,,,,,,,,,,,,,,,,,,,,,,,,
11723,03:23:00,,,,,,,,,,,,,,,,,,,,,,,,,
11724,03:24:00,,,,,,,,,,,,,,,,,,,,,,,,,
11725,03:25:00,,,,,,,,,,,,,,,,,,,,,,,,,
11726,03:26:00,,,,,,,,,,,,,,,,,,,,,,,,,
11727,03:27:00,,,,,,,,,,,,,,,,,,,,,,,,,
11728,03:28:00,,,,,,,,,,,,,,,,,,,,,,,,,
11729,03:29:00,,,,,,,,,,,,,,,,,,,,,,,,,
11730,03:30:00,,,,,,,,,,,,,,,,,,,,,,,,,
11731,03:31:00,,,,,,,,,,,,,,,,,,,,,,,,,
11732,03:32:00,,,,,,,,,,,,,,,,,,,,,,,,,
11733,03:33:00,,,,,,,,,,,,,,,,,,,,,,,,,
11734,03:34:00,,,,,,,,,,,,,,,,,,,,,,,,,
11735,03:35:00,,,,,,,,,,,,,,,,,,,,,,,,,
11736,03:36:00,,,,,,,,,,,,,,,,,,,,,,,,,
11737,03:37:00,,,,,,,,,,,,,,,,,,,,,,,,,
11738,03:38:00,,,,,,,,,,,,,,,,,,,,,,,,,
11739,03:39:00,,,,,,,,,,,,,,,,,,,,,,,,,
11740,03:40:00,,,,,,,,,,,,,,,,,,,,,,,,,
11741,03:41:00,,,,,,,,,,,,,,,,,,,,,,,,,
11742,03:42:00,,,,,,,,,,,,,,,,,,,,,,,,,
11743,03:43:00,,,,,,,,,,,,,,,,,,,,,,,,,
11744,03:44:00,,,,,,,,,,,,,,,,,,,,,,,,,
11745,03:45:00,,,,,,,,,,,,,,,,,,,,,,,,,
11746,03:46:00,,,,,,,,,,,,,,,,,,,,,,,,,
11747,03:47:00,,,,,,,,,,,,,,,,,,,,,,,,,
11748,03:48:00,,,,,,,,,,,,,,,,,,,,,,,,,
11749,03:49:00,,,,,,,,,,,,,,,,,,,,,,,,,
11750,03:50:00,,,,,,,,,,,,,,,,,,,,,,,,,
11751,03:51:00,,,,,,,,,,,,,,,,,,,,,,,,,
11752,03:52:00,,,,,,,,,,,,,,,,,,,,,,,,,
11753,03:53:00,,,,,,,,,,,,,,,,,,,,,,,,,
11754,03:54:00,,,,,,,,,,,,,,,,,,,,,,,,,
11755,03:55:00,,,,,,,,,,,,,,,,,,,,,,,,,
11756,03:56:00,,,,,,,,,,,,,,,,,,,,,,,,,
11757,03:57:00,,,,,,,,,,,,,,,,,,,,,,,,,
11758,03:58:00,,,,,,,,,,,,,,,,,,,,,,,,,
11759,03:59:00,,,,,,,,,,,,,,,,,,,,,,,,,
11760,04:00:00,,,,,,,,,,,,,,,,,,,,,,,,,
11761,04:01:00,,,,,,,,,,,,,,,,,,,,,,,,,
11762,04:02:00,,,,,,,,,,,,,,,,,,,,,,,,,
11763,04:03:00,,,,,,,,,,,,,,,,,,,,,,,,,
11764,04:04:00,,,,,,,,,,,,,,,,,,,,,,,,,
11765,04:05:00,,,,,,,,,,,,,,,,,,,,,,,,,
11766,04:06:00,,,,,,,,,,,,,,,,,,,,,,,,,
11767,04:07:00,,,,,,,,,,,,,,,,,,,,,,,,,
11768,04:08:00,,,,,,,,,,,,,,,,,,,,,,,,,
11769,04:09:00,,,,,,,,,,,,,,,,,,,,,,,,,
11770,04:10:00,,,,,,,,,,,,,,,,,,,,,,,,,
11771,04:11:00,,,,,,,,,,,,,,,,,,,,,,,,,
11772,04:12:00,,,,,,,,,,,,,,,,,,,,,,,,,
11773,04:13:00,,,,,,,,,,,,,,,,,,,,,,,,,
11774,04:14:00,,,,,,,,,,,,,,,,,,,,,,,,,
11775,04:15:00,,,,,,,,,,,,,,,,,,,,,,,,,
11776,04:16:00,,,,,,,,,,,,,,,,,,,,,,,,,
11777,04:17:00,,,,,,,,,,,,,,,,,,,,,,,,,
11778,04:18:00,,,,,,,,,,,,,,,,,,,,,,,,,
11779,04:19:00,,,,,,,,,,,,,,,,,,,,,,,,,
11780,04:20:00,,,,,,,,,,,,,,,,,,,,,,,,,
11781,04:21:00,,,,,,,,,,,,,,,,,,,,,,,,,
11782,04:22:00,,,,,,,,,,,,,,,,,,,,,,,,,
11783,04:23:00,,,,,,,,,,,,,,,,,,,,,,,,,
11784,04:24:00,,,,,,,,,,,,,,,,,,,,,,,,,
11785,04:25:00,,,,,,,,,,,,,,,,,,,,,,,,,
11786,04:26:00,,,,,,,,,,,,,,,,,,,,,,,,,
11787,04:27:00,,,,,,,,,,,,,,,,,,,,,,,,,
11788,04:28:00,,,,,,,,,,,,,,,,,,,,,,,,,
11789,04:29:00,,,,,,,,,,,,,,,,,,,,,,,,,
11790,04:30:00,,,,,,,,,,,,,,,,,,,,,,,,,
11791,04:31:00,,,,,,,,,,,,,,,,,,,,,,,,,
11792,04:32:00,,,,,,,,,,,,,,,,,,,,,,,,,
11793,04:33:00,,,,,,,,,,,,,,,,,,,,,,,,,
11794,04:34:00,,,,,,,,,,,,,,,,,,,,,,,,,
11795,04:35:00,,,,,,,,,,,,,,,,,,,,,,,,,
11796,04:36:00,,,,,,,,,,,,,,,,,,,,,,,,,
11797,04:37:00,,,,,,,,,,,,,,,,,,,,,,,,,
11798,04:38:00,,,,,,,,,,,,,,,,,,,,,,,,,
11799,04:39:00,,,,,,,,,,,,,,,,,,,,,,,,,
11800,04:40:00,,,,,,,,,,,,,,,,,,,,,,,,,
11801,04:41:00,,,,,,,,,,,,,,,,,,,,,,,,,
11802,04:42:00,,,,,,,,,,,,,,,,,,,,,,,,,
11803,04:43:00,,,,,,,,,,,,,,,,,,,,,,,,,
11804,04:44:00,,,,,,,,,,,,,,,,,,,,,,,,,
11805,04:45:00,,,,,,,,,,,,,,,,,,,,,,,,,
11806,04:46:00,,,,,,,,,,,,,,,,,,,,,,,,,
11807,04:47:00,,,,,,,,,,,,,,,,,,,,,,,,,
11808,04:48:00,,,,,,,,,,,,,,,,,,,,,,,,,
11809,04:49:00,,,,,,,,,,,,,,,,,,,,,,,,,
11810,04:50:00,,,,,,,,,,,,,,,,,,,,,,,,,
11811,04:51:00,,,,,,,,,,,,,,,,,,,,,,,,,
11812,04:52:00,,,,,,,,,,,,,,,,,,,,,,,,,
11813,04:53:00,,,,,,,,,,,,,,,,,,,,,,,,,
11814,04:54:00,,,,,,,,,,,,,,,,,,,,,,,,,
11815,04:55:00,,,,,,,,,,,,,,,,,,,,,,,,,
11816,04:56:00,,,,,,,,,,,,,,,,,,,,,,,,,
11817,04:57:00,,,,,,,,,,,,,,,,,,,,,,,,,
11818,04:58:00,,,,,,,,,,,,,,,,,,,,,,,,,
11819,04:59:00,,,,,,,,,,,,,,,,,,,,,,,,,
11820,05:00:00,,,,,,,,,,,,,,,,,,,,,,,,,
11821,05:01:00,,,,,,,,,,,,,,,,,,,,,,,,,
11822,05:02:00,,,,,,,,,,,,,,,,,,,,,,,,,
11823,05:03:00,,,,,,,,,,,,,,,,,,,,,,,,,
11824,05:04:00,,,,,,,,,,,,,,,,,,,,,,,,,
11825,05:05:00,,,,,,,,,,,,,,,,,,,,,,,,,
11826,05:06:00,,,,,,,,,,,,,,,,,,,,,,,,,
11827,05:07:00,,,,,,,,,,,,,,,,,,,,,,,,,
11828,05:08:00,,,,,,,,,,,,,,,,,,,,,,,,,
11829,05:09:00,,,,,,,,,,,,,,,,,,,,,,,,,
11830,05:10:00,,,,,,,,,,,,,,,,,,,,,,,,,
11831,05:11:00,,,,,,,,,,,,,,,,,,,,,,,,,
11832,05:12:00,,,,,,,,,,,,,,,,,,,,,,,,,
11833,05:13:00,,,,,,,,,,,,,,,,,,,,,,,,,
11834,05:14:00,,,,,,,,,,,,,,,,,,,,,,,,,
11835,05:15:00,,,,,,,,,,,,,,,,,,,,,,,,,
11836,05:16:00,,,,,,,,,,,,,,,,,,,,,,,,,
11837,05:17:00,,,,,,,,,,,,,,,,,,,,,,,,,
11838,05:18:00,,,,,,,,,,,,,,,,,,,,,,,,,
11839,05:19:00,,,,,,,,,,,,,,,,,,,,,,,,,
11840,05:20:00,,,,,,,,,,,,,,,,,,,,,,,,,
11841,05:21:00,,,,,,,,,,,,,,,,,,,,,,,,,
11842,05:22:00,,,,,,,,,,,,,,,,,,,,,,,,,
11843,05:23:00,,,,,,,,,,,,,,,,,,,,,,,,,
11844,05:24:00,,,,,,,,,,,,,,,,,,,,,,,,,
11845,05:25:00,,,,,,,,,,,,,,,,,,,,,,,,,
11846,05:26:00,,,,,,,,,,,,,,,,,,,,,,,,,
11847,05:27:00,,,,,,,,,,,,,,,,,,,,,,,,,
11848,05:28:00,,,,,,,,,,,,,,,,,,,,,,,,,
11849,05:29:00,,,,,,,,,,,,,,,,,,,,,,,,,
11850,05:30:00,,,,,,,,,,,,,,,,,,,,,,,,,
11851,05:31:00,,,,,,,,,,,,,,,,,,,,,,,,,
11852,05:32:00,,,,,,,,,,,,,,,,,,,,,,,,,
11853,05:33:00,,,,,,,,,,,,,,,,,,,,,,,,,
11854,05:34:00,,,,,,,,,,,,,,,,,,,,,,,,,
11855,05:35:00,,,,,,,,,,,,,,,,,,,,,,,,,
11856,05:36:00,,,,,,,,,,,,,,,,,,,,,,,,,
11857,05:37:00,,,,,,,,,,,,,,,,,,,,,,,,,
11858,05:38:00,,,,,,,,,,,,,,,,,,,,,,,,,
11859,05:39:00,,,,,,,,,,,,,,,,,,,,,,,,,
11860,05:40:00,,,,,,,,,,,,,,,,,,,,,,,,,
11861,05:41:00,,,,,,,,,,,,,,,,,,,,,,,,,
11862,05:42:00,,,,,,,,,,,,,,,,,,,,,,,,,
11863,05:43:00,,,,,,,,,,,,,,,,,,,,,,,,,
11864,05:44:00,,,,,,,,,,,,,,,,,,,,,,,,,
11865,05:45:00,,,,,,,,,,,,,,,,,,,,,,,,,
11866,05:46:00,,,,,,,,,,,,,,,,,,,,,,,,,
11867,05:47:00,,,,,,,,,,,,,,,,,,,,,,,,,
11868,05:48:00,,,,,,,,,,,,,,,,,,,,,,,,,
11869,05:49:00,,,,,,,,,,,,,,,,,,,,,,,,,
11870,05:50:00,,,,,,,,,,,,,,,,,,,,,,,,,
11871,05:51:00,,,,,,,,,,,,,,,,,,,,,,,,,
11872,05:52:00,,,,,,,,,,,,,,,,,,,,,,,,,
11873,05:53:00,,,,,,,,,,,,,,,,,,,,,,,,,
11874,05:54:00,,,,,,,,,,,,,,,,,,,,,,,,,
11875,05:55:00,,,,,,,,,,,,,,,,,,,,,,,,,
11876,05:56:00,,,,,,,,,,,,,,,,,,,,,,,,,
11877,05:57:00,,,,,,,,,,,,,,,,,,,,,,,,,
11878,05:58:00,,,,,,,,,,,,,,,,,,,,,,,,,
11879,05:59:00,,,,,,,,,,,,,,,,,,,,,,,,,
11880,06:00:00,,,,,,,,,,,,,,,,,,,,,,,,,
11881,06:01:00,,,,,,,,,,,,,,,,,,,,,,,,,
11882,06:02:00,,,,,,,,,,,,,,,,,,,,,,,,,
11883,06:03:00,,,,,,,,,,,,,,,,,,,,,,,,,
11884,06:04:00,,,,,,,,,,,,,,,,,,,,,,,,,
11885,06:05:00,,,,,,,,,,,,,,,,,,,,,,,,,
11886,06:06:00,,,,,,,,,,,,,,,,,,,,,,,,,
11887,06:07:00,,,,,,,,,,,,,,,,,,,,,,,,,
11888,06:08:00,,,,,,,,,,,,,,,,,,,,,,,,,
11889,06:09:00,,,,,,,,,,,,,,,,,,,,,,,,,
11890,06:10:00,,,,,,,,,,,,,,,,,,,,,,,,,
11891,06:11:00,,,,,,,,,,,,,,,,,,,,,,,,,
11892,06:12:00,,,,,,,,,,,,,,,,,,,,,,,,,
11893,06:13:00,,,,,,,,,,,,,,,,,,,,,,,,,
11894,06:14:00,,,,,,,,,,,,,,,,,,,,,,,,,
11895,06:15:00,,,,,,,,,,,,,,,,,,,,,,,,,
11896,06:16:00,,,,,,,,,,,,,,,,,,,,,,,,,
11897,06:17:00,,,,,,,,,,,,,,,,,,,,,,,,,
11898,06:18:00,,,,,,,,,,,,,,,,,,,,,,,,,
11899,06:19:00,,,,,,,,,,,,,,,,,,,,,,,,,
11900,06:20:00,,,,,,,,,,,,,,,,,,,,,,,,,
11901,06:21:00,,,,,,,,,,,,,,,,,,,,,,,,,
11902,06:22:00,,,,,,,,,,,,,,,,,,,,,,,,,
11903,06:23:00,,,,,,,,,,,,,,,,,,,,,,,,,
11904,06:24:00,,,,,,,,,,,,,,,,,,,,,,,,,
11905,06:25:00,,,,,,,,,,,,,,,,,,,,,,,,,
11906,06:26:00,,,,,,,,,,,,,,,,,,,,,,,,,
11907,06:27:00,,,,,,,,,,,,,,,,,,,,,,,,,
11908,06:28:00,,,,,,,,,,,,,,,,,,,,,,,,,
11909,06:29:00,,,,,,,,,,,,,,,,,,,,,,,,,
11910,06:30:00,,,,,,,,,,,,,,,,,,,,,,,,,
11911,06:31:00,,,,,,,,,,,,,,,,,,,,,,,,,
11912,06:32:00,,,,,,,,,,,,,,,,,,,,,,,,,
11913,06:33:00,,,,,,,,,,,,,,,,,,,,,,,,,
11914,06:34:00,,,,,,,,,,,,,,,,,,,,,,,,,
11915,06:35:00,,,,,,,,,,,,,,,,,,,,,,,,,
11916,06:36:00,,,,,,,,,,,,,,,,,,,,,,,,,
11917,06:37:00,,,,,,,,,,,,,,,,,,,,,,,,,
11918,06:38:00,,,,,,,,,,,,,,,,,,,,,,,,,
11919,06:39:00,,,,,,,,,,,,,,,,,,,,,,,,,
11920,06:40:00,,,,,,,,,,,,,,,,,,,,,,,,,
11921,06:41:00,,,,,,,,,,,,,,,,,,,,,,,,,
11922,06:42:00,,,,,,,,,,,,,,,,,,,,,,,,,
11923,06:43:00,,,,,,,,,,,,,,,,,,,,,,,,,
11924,06:44:00,,,,,,,,,,,,,,,,,,,,,,,,,
11925,06:45:00,,,,,,,,,,,,,,,,,,,,,,,,,
11926,06:46:00,,,,,,,,,,,,,,,,,,,,,,,,,
11927,06:47:00,,,,,,,,,,,,,,,,,,,,,,,,,
11928,06:48:00,,,,,,,,,,,,,,,,,,,,,,,,,
11929,06:49:00,,,,,,,,,,,,,,,,,,,,,,,,,
11930,06:50:00,,,,,,,,,,,,,,,,,,,,,,,,,
11931,06:51:00,,,,,,,,,,,,,,,,,,,,,,,,,
11932,06:52:00,,,,,,,,,,,,,,,,,,,,,,,,,
11933,06:53:00,,,,,,,,,,,,,,,,,,,,,,,,,
11934,06:54:00,,,,,,,,,,,,,,,,,,,,,,,,,
11935,06:55:00,,,,,,,,,,,,,,,,,,,,,,,,,
11936,06:56:00,,,,,,,,,,,,,,,,,,,,,,,,,
11937,06:57:00,,,,,,,,,,,,,,,,,,,,,,,,,
11938,06:58:00,,,,,,,,,,,,,,,,,,,,,,,,,
11939,06:59:00,,,,,,,,,,,,,,,,,,,,,,,,,
11940,07:00:00,,,,,,,,,,,,,,,,,,,,,,,,,
11941,07:01:00,,,,,,,,,,,,,,,,,,,,,,,,,
11942,07:02:00,,,,,,,,,,,,,,,,,,,,,,,,,
11943,07:03:00,,,,,,,,,,,,,,,,,,,,,,,,,
11944,07:04:00,,,,,,,,,,,,,,,,,,,,,,,,,
11945,07:05:00,,,,,,,,,,,,,,,,,,,,,,,,,
11946,07:06:00,,,,,,,,,,,,,,,,,,,,,,,,,
11947,07:07:00,,,,,,,,,,,,,,,,,,,,,,,,,
11948,07:08:00,,,,,,,,,,,,,,,,,,,,,,,,,
11949,07:09:00,,,,,,,,,,,,,,,,,,,,,,,,,
11950,07:10:00,,,,,,,,,,,,,,,,,,,,,,,,,
11951,07:11:00,,,,,,,,,,,,,,,,,,,,,,,,,
11952,07:12:00,,,,,,,,,,,,,,,,,,,,,,,,,
11953,07:13:00,,,,,,,,,,,,,,,,,,,,,,,,,
11954,07:14:00,,,,,,,,,,,,,,,,,,,,,,,,,
11955,07:15:00,,,,,,,,,,,,,,,,,,,,,,,,,
11956,07:16:00,,,,,,,,,,,,,,,,,,,,,,,,,
11957,07:17:00,,,,,,,,,,,,,,,,,,,,,,,,,
11958,07:18:00,,,,,,,,,,,,,,,,,,,,,,,,,
11959,07:19:00,,,,,,,,,,,,,,,,,,,,,,,,,
11960,07:20:00,,,,,,,,,,,,,,,,,,,,,,,,,
11961,07:21:00,,,,,,,,,,,,,,,,,,,,,,,,,
11962,07:22:00,,,,,,,,,,,,,,,,,,,,,,,,,
11963,07:23:00,,,,,,,,,,,,,,,,,,,,,,,,,
11964,07:24:00,,,,,,,,,,,,,,,,,,,,,,,,,
11965,07:25:00,,,,,,,,,,,,,,,,,,,,,,,,,
11966,07:26:00,,,,,,,,,,,,,,,,,,,,,,,,,
11967,07:27:00,,,,,,,,,,,,,,,,,,,,,,,,,
11968,07:28:00,,,,,,,,,,,,,,,,,,,,,,,,,
11969,07:29:00,,,,,,,,,,,,,,,,,,,,,,,,,
11970,07:30:00,,,,,,,,,,,,,,,,,,,,,,,,,
11971,07:31:00,,,,,,,,,,,,,,,,,,,,,,,,,
11972,07:32:00,,,,,,,,,,,,,,,,,,,,,,,,,
11973,07:33:00,,,,,,,,,,,,,,,,,,,,,,,,,
11974,07:34:00,,,,,,,,,,,,,,,,,,,,,,,,,
11975,07:35:00,,,,,,,,,,,,,,,,,,,,,,,,,
11976,07:36:00,,,,,,,,,,,,,,,,,,,,,,,,,
11977,07:37:00,,,,,,,,,,,,,,,,,,,,,,,,,
11978,07:38:00,,,,,,,,,,,,,,,,,,,,,,,,,
11979,07:39:00,,,,,,,,,,,,,,,,,,,,,,,,,
11980,07:40:00,,,,,,,,,,,,,,,,,,,,,,,,,
11981,07:41:00,,,,,,,,,,,,,,,,,,,,,,,,,
11982,07:42:00,,,,,,,,,,,,,,,,,,,,,,,,,
11983,07:43:00,,,,,,,,,,,,,,,,,,,,,,,,,
11984,07:44:00,,,,,,,,,,,,,,,,,,,,,,,,,
11985,07:45:00,,,,,,,,,,,,,,,,,,,,,,,,,
11986,07:46:00,,,,,,,,,,,,,,,,,,,,,,,,,
11987,07:47:00,,,,,,,,,,,,,,,,,,,,,,,,,
11988,07:48:00,,,,,,,,,,,,,,,,,,,,,,,,,
11989,07:49:00,,,,,,,,,,,,,,,,,,,,,,,,,
11990,07:50:00,,,,,,,,,,,,,,,,,,,,,,,,,
11991,07:51:00,,,,,,,,,,,,,,,,,,,,,,,,,
11992,07:52:00,,,,,,,,,,,,,,,,,,,,,,,,,
11993,07:53:00,,,,,,,,,,,,,,,,,,,,,,,,,
11994,07:54:00,,,,,,,,,,,,,,,,,,,,,,,,,
11995,07:55:00,,,,,,,,,,,,,,,,,,,,,,,,,
11996,07:56:00,,,,,,,,,,,,,,,,,,,,,,,,,
11997,07:57:00,,,,,,,,,,,,,,,,,,,,,,,,,
11998,07:58:00,,,,,,,,,,,,,,,,,,,,,,,,,
11999,07:59:00,,,,,,,,,,,,,,,,,,,,,,,,,
12000,08:00:00,,,,,,,,,,,,,,,,,,,,,,,,,
12001,08:01:00,,,,,,,,,,,,,,,,,,,,,,,,,
12002,08:02:00,,,,,,,,,,,,,,,,,,,,,,,,,
12003,08:03:00,,,,,,,,,,,,,,,,,,,,,,,,,
12004,08:04:00,,,,,,,,,,,,,,,,,,,,,,,,,
12005,08:05:00,,,,,,,,,,,,,,,,,,,,,,,,,
12006,08:06:00,,,,,,,,,,,,,,,,,,,,,,,,,
12007,08:07:00,,,,,,,,,,,,,,,,,,,,,,,,,
12008,08:08:00,,,,,,,,,,,,,,,,,,,,,,,,,
12009,08:09:00,,,,,,,,,,,,,,,,,,,,,,,,,
12010,08:10:00,,,,,,,,,,,,,,,,,,,,,,,,,
12011,08:11:00,,,,,,,,,,,,,,,,,,,,,,,,,
12012,08:12:00,,,,,,,,,,,,,,,,,,,,,,,,,
12013,08:13:00,,,,,,,,,,,,,,,,,,,,,,,,,
12014,08:14:00,,,,,,,,,,,,,,,,,,,,,,,,,
12015,08:15:00,,,,,,,,,,,,,,,,,,,,,,,,,
12016,08:16:00,,,,,,,,,,,,,,,,,,,,,,,,,
12017,08:17:00,,,,,,,,,,,,,,,,,,,,,,,,,
12018,08:18:00,,,,,,,,,,,,,,,,,,,,,,,,,
12019,08:19:00,,,,,,,,,,,,,,,,,,,,,,,,,
12020,08:20:00,,,,,,,,,,,,,,,,,,,,,,,,,
12021,08:21:00,,,,,,,,,,,,,,,,,,,,,,,,,
12022,08:22:00,,,,,,,,,,,,,,,,,,,,,,,,,
12023,08:23:00,,,,,,,,,,,,,,,,,,,,,,,,,
12024,08:24:00,,,,,,,,,,,,,,,,,,,,,,,,,
12025,08:25:00,,,,,,,,,,,,,,,,,,,,,,,,,
12026,08:26:00,,,,,,,,,,,,,,,,,,,,,,,,,
12027,08:27:00,,,,,,,,,,,,,,,,,,,,,,,,,
12028,08:28:00,,,,,,,,,,,,,,,,,,,,,,,,,
12029,08:29:00,,,,,,,,,,,,,,,,,,,,,,,,,
12030,08:30:00,,,,,,,,,,,,,,,,,,,,,,,,,
12031,08:31:00,,,,,,,,,,,,,,,,,,,,,,,,,
12032,08:32:00,,,,,,,,,,,,,,,,,,,,,,,,,
12033,08:33:00,,,,,,,,,,,,,,,,,,,,,,,,,
12034,08:34:00,,,,,,,,,,,,,,,,,,,,,,,,,
12035,08:35:00,,,,,,,,,,,,,,,,,,,,,,,,,
12036,08:36:00,,,,,,,,,,,,,,,,,,,,,,,,,
12037,08:37:00,,,,,,,,,,,,,,,,,,,,,,,,,
12038,08:38:00,,,,,,,,,,,,,,,,,,,,,,,,,
12039,08:39:00,,,,,,,,,,,,,,,,,,,,,,,,,
12040,08:40:00,,,,,,,,,,,,,,,,,,,,,,,,,
12041,08:41:00,,,,,,,,,,,,,,,,,,,,,,,,,
12042,08:42:00,,,,,,,,,,,,,,,,,,,,,,,,,
12043,08:43:00,,,,,,,,,,,,,,,,,,,,,,,,,
12044,08:44:00,,,,,,,,,,,,,,,,,,,,,,,,,
12045,08:45:00,,,,,,,,,,,,,,,,,,,,,,,,,
12046,08:46:00,,,,,,,,,,,,,,,,,,,,,,,,,
12047,08:47:00,,,,,,,,,,,,,,,,,,,,,,,,,
12048,08:48:00,,,,,,,,,,,,,,,,,,,,,,,,,
12049,08:49:00,,,,,,,,,,,,,,,,,,,,,,,,,
12050,08:50:00,,,,,,,,,,,,,,,,,,,,,,,,,
12051,08:51:00,,,,,,,,,,,,,,,,,,,,,,,,,
12052,08:52:00,,,,,,,,,,,,,,,,,,,,,,,,,
12053,08:53:00,,,,,,,,,,,,,,,,,,,,,,,,,
12054,08:54:00,,,,,,,,,,,,,,,,,,,,,,,,,
12055,08:55:00,,,,,,,,,,,,,,,,,,,,,,,,,
12056,08:56:00,,,,,,,,,,,,,,,,,,,,,,,,,
12057,08:57:00,,,,,,,,,,,,,,,,,,,,,,,,,
12058,08:58:00,,,,,,,,,,,,,,,,,,,,,,,,,
12059,08:59:00,,,,,,,,,,,,,,,,,,,,,,,,,
12060,09:00:00,,,,,,,,,,,,,,,,,,,,,,,,,
12061,09:01:00,,,,,,,,,,,,,,,,,,,,,,,,,
12062,09:02:00,,,,,,,,,,,,,,,,,,,,,,,,,
12063,09:03:00,,,,,,,,,,,,,,,,,,,,,,,,,
12064,09:04:00,,,,,,,,,,,,,,,,,,,,,,,,,
12065,09:05:00,,,,,,,,,,,,,,,,,,,,,,,,,
12066,09:06:00,,,,,,,,,,,,,,,,,,,,,,,,,
12067,09:07:00,,,,,,,,,,,,,,,,,,,,,,,,,
12068,09:08:00,,,,,,,,,,,,,,,,,,,,,,,,,
12069,09:09:00,,,,,,,,,,,,,,,,,,,,,,,,,
12070,09:10:00,,,,,,,,,,,,,,,,,,,,,,,,,
12071,09:11:00,,,,,,,,,,,,,,,,,,,,,,,,,
12072,09:12:00,,,,,,,,,,,,,,,,,,,,,,,,,
12073,09:13:00,,,,,,,,,,,,,,,,,,,,,,,,,
12074,09:14:00,,,,,,,,,,,,,,,,,,,,,,,,,
12075,09:15:00,,,,,,,,,,,,,,,,,,,,,,,,,
12076,09:16:00,,,,,,,,,,,,,,,,,,,,,,,,,
12077,09:17:00,,,,,,,,,,,,,,,,,,,,,,,,,
12078,09:18:00,,,,,,,,,,,,,,,,,,,,,,,,,
12079,09:19:00,,,,,,,,,,,,,,,,,,,,,,,,,
12080,09:20:00,,,,,,,,,,,,,,,,,,,,,,,,,
12081,09:21:00,,,,,,,,,,,,,,,,,,,,,,,,,
12082,09:22:00,,,,,,,,,,,,,,,,,,,,,,,,,
12083,09:23:00,,,,,,,,,,,,,,,,,,,,,,,,,
12084,09:24:00,,,,,,,,,,,,,,,,,,,,,,,,,
12085,09:25:00,,,,,,,,,,,,,,,,,,,,,,,,,
12086,09:26:00,,,,,,,,,,,,,,,,,,,,,,,,,
12087,09:27:00,,,,,,,,,,,,,,,,,,,,,,,,,
12088,09:28:00,,,,,,,,,,,,,,,,,,,,,,,,,
12089,09:29:00,,,,,,,,,,,,,,,,,,,,,,,,,
12090,09:30:00,,,,,,,,,,,,,,,,,,,,,,,,,
12091,09:31:00,,,,,,,,,,,,,,,,,,,,,,,,,
12092,09:32:00,,,,,,,,,,,,,,,,,,,,,,,,,
12093,09:33:00,,,,,,,,,,,,,,,,,,,,,,,,,
12094,09:34:00,,,,,,,,,,,,,,,,,,,,,,,,,
12095,09:35:00,,,,,,,,,,,,,,,,,,,,,,,,,
12096,09:36:00,,,,,,,,,,,,,,,,,,,,,,,,,
12097,09:37:00,,,,,,,,,,,,,,,,,,,,,,,,,
12098,09:38:00,,,,,,,,,,,,,,,,,,,,,,,,,
12099,09:39:00,,,,,,,,,,,,,,,,,,,,,,,,,
12100,09:40:00,,,,,,,,,,,,,,,,,,,,,,,,,
12101,09:41:00,,,,,,,,,,,,,,,,,,,,,,,,,
12102,09:42:00,,,,,,,,,,,,,,,,,,,,,,,,,
12103,09:43:00,,,,,,,,,,,,,,,,,,,,,,,,,
12104,09:44:00,,,,,,,,,,,,,,,,,,,,,,,,,
12105,09:45:00,,,,,,,,,,,,,,,,,,,,,,,,,
12106,09:46:00,,,,,,,,,,,,,,,,,,,,,,,,,
12107,09:47:00,,,,,,,,,,,,,,,,,,,,,,,,,
12108,09:48:00,,,,,,,,,,,,,,,,,,,,,,,,,
12109,09:49:00,,,,,,,,,,,,,,,,,,,,,,,,,
12110,09:50:00,,,,,,,,,,,,,,,,,,,,,,,,,
12111,09:51:00,,,,,,,,,,,,,,,,,,,,,,,,,
12112,09:52:00,,,,,,,,,,,,,,,,,,,,,,,,,
12113,09:53:00,,,,,,,,,,,,,,,,,,,,,,,,,
12114,09:54:00,,,,,,,,,,,,,,,,,,,,,,,,,
12115,09:55:00,,,,,,,,,,,,,,,,,,,,,,,,,
12116,09:56:00,,,,,,,,,,,,,,,,,,,,,,,,,
12117,09:57:00,,,,,,,,,,,,,,,,,,,,,,,,,
12118,09:58:00,,,,,,,,,,,,,,,,,,,,,,,,,
12119,09:59:00,,,,,,,,,,,,,,,,,,,,,,,,,
12120,10:00:00,,,,,,,,,,,,,,,,,,,,,,,,,
12121,10:01:00,,,,,,,,,,,,,,,,,,,,,,,,,
12122,10:02:00,,,,,,,,,,,,,,,,,,,,,,,,,
12123,10:03:00,,,,,,,,,,,,,,,,,,,,,,,,,
12124,10:04:00,,,,,,,,,,,,,,,,,,,,,,,,,
12125,10:05:00,,,,,,,,,,,,,,,,,,,,,,,,,
12126,10:06:00,,,,,,,,,,,,,,,,,,,,,,,,,
12127,10:07:00,,,,,,,,,,,,,,,,,,,,,,,,,
12128,10:08:00,,,,,,,,,,,,,,,,,,,,,,,,,
12129,10:09:00,,,,,,,,,,,,,,,,,,,,,,,,,
12130,10:10:00,,,,,,,,,,,,,,,,,,,,,,,,,
12131,10:11:00,,,,,,,,,,,,,,,,,,,,,,,,,
12132,10:12:00,,,,,,,,,,,,,,,,,,,,,,,,,
12133,10:13:00,,,,,,,,,,,,,,,,,,,,,,,,,
12134,10:14:00,,,,,,,,,,,,,,,,,,,,,,,,,
12135,10:15:00,,,,,,,,,,,,,,,,,,,,,,,,,
12136,10:16:00,,,,,,,,,,,,,,,,,,,,,,,,,
12137,10:17:00,,,,,,,,,,,,,,,,,,,,,,,,,
12138,10:18:00,,,,,,,,,,,,,,,,,,,,,,,,,
12139,10:19:00,,,,,,,,,,,,,,,,,,,,,,,,,
12140,10:20:00,,,,,,,,,,,,,,,,,,,,,,,,,
12141,10:21:00,,,,,,,,,,,,,,,,,,,,,,,,,
12142,10:22:00,,,,,,,,,,,,,,,,,,,,,,,,,
12143,10:23:00,,,,,,,,,,,,,,,,,,,,,,,,,
12144,10:24:00,,,,,,,,,,,,,,,,,,,,,,,,,
12145,10:25:00,,,,,,,,,,,,,,,,,,,,,,,,,
12146,10:26:00,,,,,,,,,,,,,,,,,,,,,,,,,
12147,10:27:00,,,,,,,,,,,,,,,,,,,,,,,,,
12148,10:28:00,,,,,,,,,,,,,,,,,,,,,,,,,
12149,10:29:00,,,,,,,,,,,,,,,,,,,,,,,,,
12150,10:30:00,,,,,,,,,,,,,,,,,,,,,,,,,
12151,10:31:00,,,,,,,,,,,,,,,,,,,,,,,,,
12152,10:32:00,,,,,,,,,,,,,,,,,,,,,,,,,
12153,10:33:00,,,,,,,,,,,,,,,,,,,,,,,,,
12154,10:34:00,,,,,,,,,,,,,,,,,,,,,,,,,
12155,10:35:00,,,,,,,,,,,,,,,,,,,,,,,,,
12156,10:36:00,,,,,,,,,,,,,,,,,,,,,,,,,
12157,10:37:00,,,,,,,,,,,,,,,,,,,,,,,,,
12158,10:38:00,,,,,,,,,,,,,,,,,,,,,,,,,
12159,10:39:00,,,,,,,,,,,,,,,,,,,,,,,,,
12160,10:40:00,,,,,,,,,,,,,,,,,,,,,,,,,
12161,10:41:00,,,,,,,,,,,,,,,,,,,,,,,,,
12162,10:42:00,,,,,,,,,,,,,,,,,,,,,,,,,
12163,10:43:00,,,,,,,,,,,,,,,,,,,,,,,,,
12164,10:44:00,,,,,,,,,,,,,,,,,,,,,,,,,
12165,10:45:00,,,,,,,,,,,,,,,,,,,,,,,,,
12166,10:46:00,,,,,,,,,,,,,,,,,,,,,,,,,
12167,10:47:00,,,,,,,,,,,,,,,,,,,,,,,,,
12168,10:48:00,,,,,,,,,,,,,,,,,,,,,,,,,
12169,10:49:00,,,,,,,,,,,,,,,,,,,,,,,,,
12170,10:50:00,,,,,,,,,,,,,,,,,,,,,,,,,
12171,10:51:00,,,,,,,,,,,,,,,,,,,,,,,,,
12172,10:52:00,,,,,,,,,,,,,,,,,,,,,,,,,
12173,10:53:00,,,,,,,,,,,,,,,,,,,,,,,,,
12174,10:54:00,,,,,,,,,,,,,,,,,,,,,,,,,
12175,10:55:00,,,,,,,,,,,,,,,,,,,,,,,,,
12176,10:56:00,,,,,,,,,,,,,,,,,,,,,,,,,
12177,10:57:00,,,,,,,,,,,,,,,,,,,,,,,,,
12178,10:58:00,,,,,,,,,,,,,,,,,,,,,,,,,
12179,10:59:00,,,,,,,,,,,,,,,,,,,,,,,,,
12180,11:00:00,,,,,,,,,,,,,,,,,,,,,,,,,
12181,11:01:00,,,,,,,,,,,,,,,,,,,,,,,,,
12182,11:02:00,,,,,,,,,,,,,,,,,,,,,,,,,
12183,11:03:00,,,,,,,,,,,,,,,,,,,,,,,,,
12184,11:04:00,,,,,,,,,,,,,,,,,,,,,,,,,
12185,11:05:00,,,,,,,,,,,,,,,,,,,,,,,,,
12186,11:06:00,,,,,,,,,,,,,,,,,,,,,,,,,
12187,11:07:00,,,,,,,,,,,,,,,,,,,,,,,,,
12188,11:08:00,,,,,,,,,,,,,,,,,,,,,,,,,
12189,11:09:00,,,,,,,,,,,,,,,,,,,,,,,,,
12190,11:10:00,,,,,,,,,,,,,,,,,,,,,,,,,
12191,11:11:00,,,,,,,,,,,,,,,,,,,,,,,,,
12192,11:12:00,,,,,,,,,,,,,,,,,,,,,,,,,
12193,11:13:00,,,,,,,,,,,,,,,,,,,,,,,,,
12194,11:14:00,,,,,,,,,,,,,,,,,,,,,,,,,
12195,11:15:00,,,,,,,,,,,,,,,,,,,,,,,,,
12196,11:16:00,,,,,,,,,,,,,,,,,,,,,,,,,
12197,11:17:00,,,,,,,,,,,,,,,,,,,,,,,,,
12198,11:18:00,,,,,,,,,,,,,,,,,,,,,,,,,
12199,11:19:00,,,,,,,,,,,,,,,,,,,,,,,,,
12200,11:20:00,,,,,,,,,,,,,,,,,,,,,,,,,
12201,11:21:00,,,,,,,,,,,,,,,,,,,,,,,,,
12202,11:22:00,,,,,,,,,,,,,,,,,,,,,,,,,
12203,11:23:00,,,,,,,,,,,,,,,,,,,,,,,,,
12204,11:24:00,,,,,,,,,,,,,,,,,,,,,,,,,
12205,11:25:00,,,,,,,,,,,,,,,,,,,,,,,,,
12206,11:26:00,,,,,,,,,,,,,,,,,,,,,,,,,
12207,11:27:00,,,,,,,,,,,,,,,,,,,,,,,,,
12208,11:28:00,,,,,,,,,,,,,,,,,,,,,,,,,
12209,11:29:00,,,,,,,,,,,,,,,,,,,,,,,,,
12210,11:30:00,,,,,,,,,,,,,,,,,,,,,,,,,
12211,11:31:00,,,,,,,,,,,,,,,,,,,,,,,,,
12212,11:32:00,,,,,,,,,,,,,,,,,,,,,,,,,
12213,11:33:00,,,,,,,,,,,,,,,,,,,,,,,,,
12214,11:34:00,,,,,,,,,,,,,,,,,,,,,,,,,
12215,11:35:00,,,,,,,,,,,,,,,,,,,,,,,,,
12216,11:36:00,,,,,,,,,,,,,,,,,,,,,,,,,
12217,11:37:00,,,,,,,,,,,,,,,,,,,,,,,,,
12218,11:38:00,,,,,,,,,,,,,,,,,,,,,,,,,
12219,11:39:00,,,,,,,,,,,,,,,,,,,,,,,,,
12220,11:40:00,,,,,,,,,,,,,,,,,,,,,,,,,
12221,11:41:00,,,,,,,,,,,,,,,,,,,,,,,,,
12222,11:42:00,,,,,,,,,,,,,,,,,,,,,,,,,
12223,11:43:00,,,,,,,,,,,,,,,,,,,,,,,,,
12224,11:44:00,,,,,,,,,,,,,,,,,,,,,,,,,
12225,11:45:00,,,,,,,,,,,,,,,,,,,,,,,,,
12226,11:46:00,,,,,,,,,,,,,,,,,,,,,,,,,
12227,11:47:00,,,,,,,,,,,,,,,,,,,,,,,,,
12228,11:48:00,,,,,,,,,,,,,,,,,,,,,,,,,
12229,11:49:00,,,,,,,,,,,,,,,,,,,,,,,,,
12230,11:50:00,,,,,,,,,,,,,,,,,,,,,,,,,
12231,11:51:00,,,,,,,,,,,,,,,,,,,,,,,,,
12232,11:52:00,,,,,,,,,,,,,,,,,,,,,,,,,
12233,11:53:00,,,,,,,,,,,,,,,,,,,,,,,,,
12234,11:54:00,,,,,,,,,,,,,,,,,,,,,,,,,
12235,11:55:00,,,,,,,,,,,,,,,,,,,,,,,,,
12236,11:56:00,,,,,,,,,,,,,,,,,,,,,,,,,
12237,11:57:00,,,,,,,,,,,,,,,,,,,,,,,,,
12238,11:58:00,,,,,,,,,,,,,,,,,,,,,,,,,
12239,11:59:00,,,,,,,,,,,,,,,,,,,,,,,,,
12240,12:00:00,,,,,,,,,,,,,,,,,,,,,,,,,
12241,12:01:00,,,,,,,,,,,,,,,,,,,,,,,,,
12242,12:02:00,,,,,,,,,,,,,,,,,,,,,,,,,
12243,12:03:00,,,,,,,,,,,,,,,,,,,,,,,,,
12244,12:04:00,,,,,,,,,,,,,,,,,,,,,,,,,
12245,12:05:00,,,,,,,,,,,,,,,,,,,,,,,,,
12246,12:06:00,,,,,,,,,,,,,,,,,,,,,,,,,
12247,12:07:00,,,,,,,,,,,,,,,,,,,,,,,,,
12248,12:08:00,,,,,,,,,,,,,,,,,,,,,,,,,
12249,12:09:00,,,,,,,,,,,,,,,,,,,,,,,,,
12250,12:10:00,,,,,,,,,,,,,,,,,,,,,,,,,
12251,12:11:00,,,,,,,,,,,,,,,,,,,,,,,,,
12252,12:12:00,,,,,,,,,,,,,,,,,,,,,,,,,
12253,12:13:00,,,,,,,,,,,,,,,,,,,,,,,,,
12254,12:14:00,,,,,,,,,,,,,,,,,,,,,,,,,
12255,12:15:00,,,,,,,,,,,,,,,,,,,,,,,,,
12256,12:16:00,,,,,,,,,,,,,,,,,,,,,,,,,
12257,12:17:00,,,,,,,,,,,,,,,,,,,,,,,,,
12258,12:18:00,,,,,,,,,,,,,,,,,,,,,,,,,
12259,12:19:00,,,,,,,,,,,,,,,,,,,,,,,,,
12260,12:20:00,,,,,,,,,,,,,,,,,,,,,,,,,
12261,12:21:00,,,,,,,,,,,,,,,,,,,,,,,,,
12262,12:22:00,,,,,,,,,,,,,,,,,,,,,,,,,
12263,12:23:00,,,,,,,,,,,,,,,,,,,,,,,,,
12264,12:24:00,,,,,,,,,,,,,,,,,,,,,,,,,
12265,12:25:00,,,,,,,,,,,,,,,,,,,,,,,,,
12266,12:26:00,,,,,,,,,,,,,,,,,,,,,,,,,
12267,12:27:00,,,,,,,,,,,,,,,,,,,,,,,,,
12268,12:28:00,,,,,,,,,,,,,,,,,,,,,,,,,
12269,12:29:00,,,,,,,,,,,,,,,,,,,,,,,,,
12270,12:30:00,,,,,,,,,,,,,,,,,,,,,,,,,
12271,12:31:00,,,,,,,,,,,,,,,,,,,,,,,,,
12272,12:32:00,,,,,,,,,,,,,,,,,,,,,,,,,
12273,12:33:00,,,,,,,,,,,,,,,,,,,,,,,,,
12274,12:34:00,,,,,,,,,,,,,,,,,,,,,,,,,
12275,12:35:00,,,,,,,,,,,,,,,,,,,,,,,,,
12276,12:36:00,,,,,,,,,,,,,,,,,,,,,,,,,
12277,12:37:00,,,,,,,,,,,,,,,,,,,,,,,,,
12278,12:38:00,,,,,,,,,,,,,,,,,,,,,,,,,
12279,12:39:00,,,,,,,,,,,,,,,,,,,,,,,,,
12280,12:40:00,,,,,,,,,,,,,,,,,,,,,,,,,
12281,12:41:00,,,,,,,,,,,,,,,,,,,,,,,,,
12282,12:42:00,,,,,,,,,,,,,,,,,,,,,,,,,
12283,12:43:00,,,,,,,,,,,,,,,,,,,,,,,,,
12284,12:44:00,,,,,,,,,,,,,,,,,,,,,,,,,
12285,12:45:00,,,,,,,,,,,,,,,,,,,,,,,,,
12286,12:46:00,,,,,,,,,,,,,,,,,,,,,,,,,
12287,12:47:00,,,,,,,,,,,,,,,,,,,,,,,,,
12288,12:48:00,,,,,,,,,,,,,,,,,,,,,,,,,
12289,12:49:00,,,,,,,,,,,,,,,,,,,,,,,,,
12290,12:50:00,,,,,,,,,,,,,,,,,,,,,,,,,
12291,12:51:00,,,,,,,,,,,,,,,,,,,,,,,,,
12292,12:52:00,,,,,,,,,,,,,,,,,,,,,,,,,
12293,12:53:00,,,,,,,,,,,,,,,,,,,,,,,,,
12294,12:54:00,,,,,,,,,,,,,,,,,,,,,,,,,
12295,12:55:00,,,,,,,,,,,,,,,,,,,,,,,,,
12296,12:56:00,,,,,,,,,,,,,,,,,,,,,,,,,
12297,12:57:00,,,,,,,,,,,,,,,,,,,,,,,,,
12298,12:58:00,,,,,,,,,,,,,,,,,,,,,,,,,
12299,12:59:00,,,,,,,,,,,,,,,,,,,,,,,,,
12300,13:00:00,,,,,,,,,,,,,,,,,,,,,,,,,
12301,13:01:00,,,,,,,,,,,,,,,,,,,,,,,,,
12302,13:02:00,,,,,,,,,,,,,,,,,,,,,,,,,
12303,13:03:00,,,,,,,,,,,,,,,,,,,,,,,,,
12304,13:04:00,,,,,,,,,,,,,,,,,,,,,,,,,
12305,13:05:00,,,,,,,,,,,,,,,,,,,,,,,,,
12306,13:06:00,,,,,,,,,,,,,,,,,,,,,,,,,
12307,13:07:00,,,,,,,,,,,,,,,,,,,,,,,,,
12308,13:08:00,,,,,,,,,,,,,,,,,,,,,,,,,
12309,13:09:00,,,,,,,,,,,,,,,,,,,,,,,,,
12310,13:10:00,,,,,,,,,,,,,,,,,,,,,,,,,
12311,13:11:00,,,,,,,,,,,,,,,,,,,,,,,,,
12312,13:12:00,,,,,,,,,,,,,,,,,,,,,,,,,
12313,13:13:00,,,,,,,,,,,,,,,,,,,,,,,,,
12314,13:14:00,,,,,,,,,,,,,,,,,,,,,,,,,
12315,13:15:00,,,,,,,,,,,,,,,,,,,,,,,,,
12316,13:16:00,,,,,,,,,,,,,,,,,,,,,,,,,
12317,13:17:00,,,,,,,,,,,,,,,,,,,,,,,,,
12318,13:18:00,,,,,,,,,,,,,,,,,,,,,,,,,
12319,13:19:00,,,,,,,,,,,,,,,,,,,,,,,,,
12320,13:20:00,,,,,,,,,,,,,,,,,,,,,,,,,
12321,13:21:00,,,,,,,,,,,,,,,,,,,,,,,,,
12322,13:22:00,,,,,,,,,,,,,,,,,,,,,,,,,
12323,13:23:00,,,,,,,,,,,,,,,,,,,,,,,,,
12324,13:24:00,,,,,,,,,,,,,,,,,,,,,,,,,
12325,13:25:00,,,,,,,,,,,,,,,,,,,,,,,,,
12326,13:26:00,,,,,,,,,,,,,,,,,,,,,,,,,
12327,13:27:00,,,,,,,,,,,,,,,,,,,,,,,,,
12328,13:28:00,,,,,,,,,,,,,,,,,,,,,,,,,
12329,13:29:00,,,,,,,,,,,,,,,,,,,,,,,,,
12330,13:30:00,,,,,,,,,,,,,,,,,,,,,,,,,
12331,13:31:00,,,,,,,,,,,,,,,,,,,,,,,,,
12332,13:32:00,,,,,,,,,,,,,,,,,,,,,,,,,
12333,13:33:00,,,,,,,,,,,,,,,,,,,,,,,,,
12334,13:34:00,,,,,,,,,,,,,,,,,,,,,,,,,
12335,13:35:00,,,,,,,,,,,,,,,,,,,,,,,,,
12336,13:36:00,,,,,,,,,,,,,,,,,,,,,,,,,
12337,13:37:00,,,,,,,,,,,,,,,,,,,,,,,,,
12338,13:38:00,,,,,,,,,,,,,,,,,,,,,,,,,
12339,13:39:00,,,,,,,,,,,,,,,,,,,,,,,,,
12340,13:40:00,,,,,,,,,,,,,,,,,,,,,,,,,
12341,13:41:00,,,,,,,,,,,,,,,,,,,,,,,,,
12342,13:42:00,,,,,,,,,,,,,,,,,,,,,,,,,
12343,13:43:00,,,,,,,,,,,,,,,,,,,,,,,,,
12344,13:44:00,,,,,,,,,,,,,,,,,,,,,,,,,
12345,13:45:00,,,,,,,,,,,,,,,,,,,,,,,,,
12346,13:46:00,,,,,,,,,,,,,,,,,,,,,,,,,
12347,13:47:00,,,,,,,,,,,,,,,,,,,,,,,,,
12348,13:48:00,,,,,,,,,,,,,,,,,,,,,,,,,
12349,13:49:00,,,,,,,,,,,,,,,,,,,,,,,,,
12350,13:50:00,,,,,,,,,,,,,,,,,,,,,,,,,
12351,13:51:00,,,,,,,,,,,,,,,,,,,,,,,,,
12352,13:52:00,,,,,,,,,,,,,,,,,,,,,,,,,
12353,13:53:00,,,,,,,,,,,,,,,,,,,,,,,,,
12354,13:54:00,,,,,,,,,,,,,,,,,,,,,,,,,
12355,13:55:00,,,,,,,,,,,,,,,,,,,,,,,,,
12356,13:56:00,,,,,,,,,,,,,,,,,,,,,,,,,
12357,13:57:00,,,,,,,,,,,,,,,,,,,,,,,,,
12358,13:58:00,,,,,,,,,,,,,,,,,,,,,,,,,
12359,13:59:00,,,,,,,,,,,,,,,,,,,,,,,,,
12360,14:00:00,,,,,,,,,,,,,,,,,,,,,,,,,
12361,14:01:00,,,,,,,,,,,,,,,,,,,,,,,,,
12362,14:02:00,,,,,,,,,,,,,,,,,,,,,,,,,
12363,14:03:00,,,,,,,,,,,,,,,,,,,,,,,,,
12364,14:04:00,,,,,,,,,,,,,,,,,,,,,,,,,
12365,14:05:00,,,,,,,,,,,,,,,,,,,,,,,,,
12366,14:06:00,,,,,,,,,,,,,,,,,,,,,,,,,
12367,14:07:00,,,,,,,,,,,,,,,,,,,,,,,,,
12368,14:08:00,,,,,,,,,,,,,,,,,,,,,,,,,
12369,14:09:00,,,,,,,,,,,,,,,,,,,,,,,,,
12370,14:10:00,,,,,,,,,,,,,,,,,,,,,,,,,
12371,14:11:00,,,,,,,,,,,,,,,,,,,,,,,,,
12372,14:12:00,,,,,,,,,,,,,,,,,,,,,,,,,
12373,14:13:00,,,,,,,,,,,,,,,,,,,,,,,,,
12374,14:14:00,,,,,,,,,,,,,,,,,,,,,,,,,
12375,14:15:00,,,,,,,,,,,,,,,,,,,,,,,,,
12376,14:16:00,,,,,,,,,,,,,,,,,,,,,,,,,
12377,14:17:00,,,,,,,,,,,,,,,,,,,,,,,,,
12378,14:18:00,,,,,,,,,,,,,,,,,,,,,,,,,
12379,14:19:00,,,,,,,,,,,,,,,,,,,,,,,,,
12380,14:20:00,,,,,,,,,,,,,,,,,,,,,,,,,
12381,14:21:00,,,,,,,,,,,,,,,,,,,,,,,,,
12382,14:22:00,,,,,,,,,,,,,,,,,,,,,,,,,
12383,14:23:00,,,,,,,,,,,,,,,,,,,,,,,,,
12384,14:24:00,,,,,,,,,,,,,,,,,,,,,,,,,
12385,14:25:00,,,,,,,,,,,,,,,,,,,,,,,,,
12386,14:26:00,,,,,,,,,,,,,,,,,,,,,,,,,
12387,14:27:00,,,,,,,,,,,,,,,,,,,,,,,,,
12388,14:28:00,,,,,,,,,,,,,,,,,,,,,,,,,
12389,14:29:00,,,,,,,,,,,,,,,,,,,,,,,,,
12390,14:30:00,,,,,,,,,,,,,,,,,,,,,,,,,
12391,14:31:00,,,,,,,,,,,,,,,,,,,,,,,,,
12392,14:32:00,,,,,,,,,,,,,,,,,,,,,,,,,
12393,14:33:00,,,,,,,,,,,,,,,,,,,,,,,,,
12394,14:34:00,,,,,,,,,,,,,,,,,,,,,,,,,
12395,14:35:00,,,,,,,,,,,,,,,,,,,,,,,,,
12396,14:36:00,,,,,,,,,,,,,,,,,,,,,,,,,
12397,14:37:00,,,,,,,,,,,,,,,,,,,,,,,,,
12398,14:38:00,,,,,,,,,,,,,,,,,,,,,,,,,
12399,14:39:00,,,,,,,,,,,,,,,,,,,,,,,,,
12400,14:40:00,,,,,,,,,,,,,,,,,,,,,,,,,
12401,14:41:00,,,,,,,,,,,,,,,,,,,,,,,,,
12402,14:42:00,,,,,,,,,,,,,,,,,,,,,,,,,
12403,14:43:00,,,,,,,,,,,,,,,,,,,,,,,,,
12404,14:44:00,,,,,,,,,,,,,,,,,,,,,,,,,
12405,14:45:00,,,,,,,,,,,,,,,,,,,,,,,,,
12406,14:46:00,,,,,,,,,,,,,,,,,,,,,,,,,
12407,14:47:00,,,,,,,,,,,,,,,,,,,,,,,,,
12408,14:48:00,,,,,,,,,,,,,,,,,,,,,,,,,
12409,14:49:00,,,,,,,,,,,,,,,,,,,,,,,,,
12410,14:50:00,,,,,,,,,,,,,,,,,,,,,,,,,
12411,14:51:00,,,,,,,,,,,,,,,,,,,,,,,,,
12412,14:52:00,,,,,,,,,,,,,,,,,,,,,,,,,
12413,14:53:00,,,,,,,,,,,,,,,,,,,,,,,,,
12414,14:54:00,,,,,,,,,,,,,,,,,,,,,,,,,
12415,14:55:00,,,,,,,,,,,,,,,,,,,,,,,,,
12416,14:56:00,,,,,,,,,,,,,,,,,,,,,,,,,
12417,14:57:00,,,,,,,,,,,,,,,,,,,,,,,,,
12418,14:58:00,,,,,,,,,,,,,,,,,,,,,,,,,
12419,14:59:00,,,,,,,,,,,,,,,,,,,,,,,,,
12420,15:00:00,,,,,,,,,,,,,,,,,,,,,,,,,
12421,15:01:00,,,,,,,,,,,,,,,,,,,,,,,,,
12422,15:02:00,,,,,,,,,,,,,,,,,,,,,,,,,
12423,15:03:00,,,,,,,,,,,,,,,,,,,,,,,,,
12424,15:04:00,,,,,,,,,,,,,,,,,,,,,,,,,
12425,15:05:00,,,,,,,,,,,,,,,,,,,,,,,,,
12426,15:06:00,,,,,,,,,,,,,,,,,,,,,,,,,
12427,15:07:00,,,,,,,,,,,,,,,,,,,,,,,,,
12428,15:08:00,,,,,,,,,,,,,,,,,,,,,,,,,
12429,15:09:00,,,,,,,,,,,,,,,,,,,,,,,,,
12430,15:10:00,,,,,,,,,,,,,,,,,,,,,,,,,
12431,15:11:00,,,,,,,,,,,,,,,,,,,,,,,,,
12432,15:12:00,,,,,,,,,,,,,,,,,,,,,,,,,
12433,15:13:00,,,,,,,,,,,,,,,,,,,,,,,,,
12434,15:14:00,,,,,,,,,,,,,,,,,,,,,,,,,
12435,15:15:00,,,,,,,,,,,,,,,,,,,,,,,,,
12436,15:16:00,,,,,,,,,,,,,,,,,,,,,,,,,
12437,15:17:00,,,,,,,,,,,,,,,,,,,,,,,,,
12438,15:18:00,,,,,,,,,,,,,,,,,,,,,,,,,
12439,15:19:00,,,,,,,,,,,,,,,,,,,,,,,,,
12440,15:20:00,,,,,,,,,,,,,,,,,,,,,,,,,
12441,15:21:00,,,,,,,,,,,,,,,,,,,,,,,,,
12442,15:22:00,,,,,,,,,,,,,,,,,,,,,,,,,
12443,15:23:00,,,,,,,,,,,,,,,,,,,,,,,,,
12444,15:24:00,,,,,,,,,,,,,,,,,,,,,,,,,
12445,15:25:00,,,,,,,,,,,,,,,,,,,,,,,,,
12446,15:26:00,,,,,,,,,,,,,,,,,,,,,,,,,
12447,15:27:00,,,,,,,,,,,,,,,,,,,,,,,,,
12448,15:28:00,,,,,,,,,,,,,,,,,,,,,,,,,
12449,15:29:00,,,,,,,,,,,,,,,,,,,,,,,,,
12450,15:30:00,,,,,,,,,,,,,,,,,,,,,,,,,
12451,15:31:00,,,,,,,,,,,,,,,,,,,,,,,,,
12452,15:32:00,,,,,,,,,,,,,,,,,,,,,,,,,
12453,15:33:00,,,,,,,,,,,,,,,,,,,,,,,,,
12454,15:34:00,,,,,,,,,,,,,,,,,,,,,,,,,
12455,15:35:00,,,,,,,,,,,,,,,,,,,,,,,,,
12456,15:36:00,,,,,,,,,,,,,,,,,,,,,,,,,
12457,15:37:00,,,,,,,,,,,,,,,,,,,,,,,,,
12458,15:38:00,,,,,,,,,,,,,,,,,,,,,,,,,
12459,15:39:00,,,,,,,,,,,,,,,,,,,,,,,,,
12460,15:40:00,,,,,,,,,,,,,,,,,,,,,,,,,
12461,15:41:00,,,,,,,,,,,,,,,,,,,,,,,,,
12462,15:42:00,,,,,,,,,,,,,,,,,,,,,,,,,
12463,15:43:00,,,,,,,,,,,,,,,,,,,,,,,,,
12464,15:44:00,,,,,,,,,,,,,,,,,,,,,,,,,
12465,15:45:00,,,,,,,,,,,,,,,,,,,,,,,,,
12466,15:46:00,,,,,,,,,,,,,,,,,,,,,,,,,
12467,15:47:00,,,,,,,,,,,,,,,,,,,,,,,,,
12468,15:48:00,,,,,,,,,,,,,,,,,,,,,,,,,
12469,15:49:00,,,,,,,,,,,,,,,,,,,,,,,,,
12470,15:50:00,,,,,,,,,,,,,,,,,,,,,,,,,
12471,15:51:00,,,,,,,,,,,,,,,,,,,,,,,,,
12472,15:52:00,,,,,,,,,,,,,,,,,,,,,,,,,
12473,15:53:00,,,,,,,,,,,,,,,,,,,,,,,,,
12474,15:54:00,,,,,,,,,,,,,,,,,,,,,,,,,
12475,15:55:00,,,,,,,,,,,,,,,,,,,,,,,,,
12476,15:56:00,,,,,,,,,,,,,,,,,,,,,,,,,
12477,15:57:00,,,,,,,,,,,,,,,,,,,,,,,,,
12478,15:58:00,,,,,,,,,,,,,,,,,,,,,,,,,
12479,15:59:00,,,,,,,,,,,,,,,,,,,,,,,,,
12480,16:00:00,,,,,,,,,,,,,,,,,,,,,,,,,
12481,16:01:00,,,,,,,,,,,,,,,,,,,,,,,,,
12482,16:02:00,,,,,,,,,,,,,,,,,,,,,,,,,
12483,16:03:00,,,,,,,,,,,,,,,,,,,,,,,,,
12484,16:04:00,,,,,,,,,,,,,,,,,,,,,,,,,
12485,16:05:00,,,,,,,,,,,,,,,,,,,,,,,,,
12486,16:06:00,,,,,,,,,,,,,,,,,,,,,,,,,
12487,16:07:00,,,,,,,,,,,,,,,,,,,,,,,,,
12488,16:08:00,,,,,,,,,,,,,,,,,,,,,,,,,
12489,16:09:00,,,,,,,,,,,,,,,,,,,,,,,,,
12490,16:10:00,,,,,,,,,,,,,,,,,,,,,,,,,
12491,16:11:00,,,,,,,,,,,,,,,,,,,,,,,,,
12492,16:12:00,,,,,,,,,,,,,,,,,,,,,,,,,
12493,16:13:00,,,,,,,,,,,,,,,,,,,,,,,,,
12494,16:14:00,,,,,,,,,,,,,,,,,,,,,,,,,
12495,16:15:00,,,,,,,,,,,,,,,,,,,,,,,,,
12496,16:16:00,,,,,,,,,,,,,,,,,,,,,,,,,
12497,16:17:00,,,,,,,,,,,,,,,,,,,,,,,,,
12498,16:18:00,,,,,,,,,,,,,,,,,,,,,,,,,
12499,16:19:00,,,,,,,,,,,,,,,,,,,,,,,,,
12500,16:20:00,,,,,,,,,,,,,,,,,,,,,,,,,
12501,16:21:00,,,,,,,,,,,,,,,,,,,,,,,,,
12502,16:22:00,,,,,,,,,,,,,,,,,,,,,,,,,
12503,16:23:00,,,,,,,,,,,,,,,,,,,,,,,,,
12504,16:24:00,,,,,,,,,,,,,,,,,,,,,,,,,
12505,16:25:00,,,,,,,,,,,,,,,,,,,,,,,,,
12506,16:26:00,,,,,,,,,,,,,,,,,,,,,,,,,
12507,16:27:00,,,,,,,,,,,,,,,,,,,,,,,,,
12508,16:28:00,,,,,,,,,,,,,,,,,,,,,,,,,
12509,16:29:00,,,,,,,,,,,,,,,,,,,,,,,,,
12510,16:30:00,,,,,,,,,,,,,,,,,,,,,,,,,
12511,16:31:00,,,,,,,,,,,,,,,,,,,,,,,,,
12512,16:32:00,,,,,,,,,,,,,,,,,,,,,,,,,
12513,16:33:00,,,,,,,,,,,,,,,,,,,,,,,,,
12514,16:34:00,,,,,,,,,,,,,,,,,,,,,,,,,
12515,16:35:00,,,,,,,,,,,,,,,,,,,,,,,,,
12516,16:36:00,,,,,,,,,,,,,,,,,,,,,,,,,
12517,16:37:00,,,,,,,,,,,,,,,,,,,,,,,,,
12518,16:38:00,,,,,,,,,,,,,,,,,,,,,,,,,
12519,16:39:00,,,,,,,,,,,,,,,,,,,,,,,,,
12520,16:40:00,,,,,,,,,,,,,,,,,,,,,,,,,
12521,16:41:00,,,,,,,,,,,,,,,,,,,,,,,,,
12522,16:42:00,,,,,,,,,,,,,,,,,,,,,,,,,
12523,16:43:00,,,,,,,,,,,,,,,,,,,,,,,,,
12524,16:44:00,,,,,,,,,,,,,,,,,,,,,,,,,
12525,16:45:00,,,,,,,,,,,,,,,,,,,,,,,,,
12526,16:46:00,,,,,,,,,,,,,,,,,,,,,,,,,
12527,16:47:00,,,,,,,,,,,,,,,,,,,,,,,,,
12528,16:48:00,,,,,,,,,,,,,,,,,,,,,,,,,
12529,16:49:00,,,,,,,,,,,,,,,,,,,,,,,,,
12530,16:50:00,,,,,,,,,,,,,,,,,,,,,,,,,
12531,16:51:00,,,,,,,,,,,,,,,,,,,,,,,,,
12532,16:52:00,,,,,,,,,,,,,,,,,,,,,,,,,
12533,16:53:00,,,,,,,,,,,,,,,,,,,,,,,,,
12534,16:54:00,,,,,,,,,,,,,,,,,,,,,,,,,
12535,16:55:00,,,,,,,,,,,,,,,,,,,,,,,,,
12536,16:56:00,,,,,,,,,,,,,,,,,,,,,,,,,
12537,16:57:00,,,,,,,,,,,,,,,,,,,,,,,,,
12538,16:58:00,,,,,,,,,,,,,,,,,,,,,,,,,
12539,16:59:00,,,,,,,,,,,,,,,,,,,,,,,,,
12540,17:00:00,,,,,,,,,,,,,,,,,,,,,,,,,
12541,17:01:00,,,,,,,,,,,,,,,,,,,,,,,,,
12542,17:02:00,,,,,,,,,,,,,,,,,,,,,,,,,
12543,17:03:00,,,,,,,,,,,,,,,,,,,,,,,,,
12544,17:04:00,,,,,,,,,,,,,,,,,,,,,,,,,
12545,17:05:00,,,,,,,,,,,,,,,,,,,,,,,,,
12546,17:06:00,,,,,,,,,,,,,,,,,,,,,,,,,
12547,17:07:00,,,,,,,,,,,,,,,,,,,,,,,,,
12548,17:08:00,,,,,,,,,,,,,,,,,,,,,,,,,
12549,17:09:00,,,,,,,,,,,,,,,,,,,,,,,,,
12550,17:10:00,,,,,,,,,,,,,,,,,,,,,,,,,
12551,17:11:00,,,,,,,,,,,,,,,,,,,,,,,,,
12552,17:12:00,,,,,,,,,,,,,,,,,,,,,,,,,
12553,17:13:00,,,,,,,,,,,,,,,,,,,,,,,,,
12554,17:14:00,,,,,,,,,,,,,,,,,,,,,,,,,
12555,17:15:00,,,,,,,,,,,,,,,,,,,,,,,,,
12556,17:16:00,,,,,,,,,,,,,,,,,,,,,,,,,
12557,17:17:00,,,,,,,,,,,,,,,,,,,,,,,,,
12558,17:18:00,,,,,,,,,,,,,,,,,,,,,,,,,
12559,17:19:00,,,,,,,,,,,,,,,,,,,,,,,,,
12560,17:20:00,,,,,,,,,,,,,,,,,,,,,,,,,
12561,17:21:00,,,,,,,,,,,,,,,,,,,,,,,,,
12562,17:22:00,,,,,,,,,,,,,,,,,,,,,,,,,
12563,17:23:00,,,,,,,,,,,,,,,,,,,,,,,,,
12564,17:24:00,,,,,,,,,,,,,,,,,,,,,,,,,
12565,17:25:00,,,,,,,,,,,,,,,,,,,,,,,,,
12566,17:26:00,,,,,,,,,,,,,,,,,,,,,,,,,
12567,17:27:00,,,,,,,,,,,,,,,,,,,,,,,,,
12568,17:28:00,,,,,,,,,,,,,,,,,,,,,,,,,
12569,17:29:00,,,,,,,,,,,,,,,,,,,,,,,,,
12570,17:30:00,,,,,,,,,,,,,,,,,,,,,,,,,
12571,17:31:00,,,,,,,,,,,,,,,,,,,,,,,,,
12572,17:32:00,,,,,,,,,,,,,,,,,,,,,,,,,
12573,17:33:00,,,,,,,,,,,,,,,,,,,,,,,,,
12574,17:34:00,,,,,,,,,,,,,,,,,,,,,,,,,
12575,17:35:00,,,,,,,,,,,,,,,,,,,,,,,,,
12576,17:36:00,,,,,,,,,,,,,,,,,,,,,,,,,
12577,17:37:00,,,,,,,,,,,,,,,,,,,,,,,,,
12578,17:38:00,,,,,,,,,,,,,,,,,,,,,,,,,
12579,17:39:00,,,,,,,,,,,,,,,,,,,,,,,,,
12580,17:40:00,,,,,,,,,,,,,,,,,,,,,,,,,
12581,17:41:00,,,,,,,,,,,,,,,,,,,,,,,,,
12582,17:42:00,,,,,,,,,,,,,,,,,,,,,,,,,
12583,17:43:00,,,,,,,,,,,,,,,,,,,,,,,,,
12584,17:44:00,,,,,,,,,,,,,,,,,,,,,,,,,
12585,17:45:00,,,,,,,,,,,,,,,,,,,,,,,,,
12586,17:46:00,,,,,,,,,,,,,,,,,,,,,,,,,
12587,17:47:00,,,,,,,,,,,,,,,,,,,,,,,,,
12588,17:48:00,,,,,,,,,,,,,,,,,,,,,,,,,
12589,17:49:00,,,,,,,,,,,,,,,,,,,,,,,,,
12590,17:50:00,,,,,,,,,,,,,,,,,,,,,,,,,
12591,17:51:00,,,,,,,,,,,,,,,,,,,,,,,,,
12592,17:52:00,,,,,,,,,,,,,,,,,,,,,,,,,
12593,17:53:00,,,,,,,,,,,,,,,,,,,,,,,,,
12594,17:54:00,,,,,,,,,,,,,,,,,,,,,,,,,
12595,17:55:00,,,,,,,,,,,,,,,,,,,,,,,,,
12596,17:56:00,,,,,,,,,,,,,,,,,,,,,,,,,
12597,17:57:00,,,,,,,,,,,,,,,,,,,,,,,,,
12598,17:58:00,,,,,,,,,,,,,,,,,,,,,,,,,
12599,17:59:00,,,,,,,,,,,,,,,,,,,,,,,,,
12600,18:00:00,,,,,,,,,,,,,,,,,,,,,,,,,
12601,18:01:00,,,,,,,,,,,,,,,,,,,,,,,,,
12602,18:02:00,,,,,,,,,,,,,,,,,,,,,,,,,
12603,18:03:00,,,,,,,,,,,,,,,,,,,,,,,,,
12604,18:04:00,,,,,,,,,,,,,,,,,,,,,,,,,
12605,18:05:00,,,,,,,,,,,,,,,,,,,,,,,,,
12606,18:06:00,,,,,,,,,,,,,,,,,,,,,,,,,
12607,18:07:00,,,,,,,,,,,,,,,,,,,,,,,,,
12608,18:08:00,,,,,,,,,,,,,,,,,,,,,,,,,
12609,18:09:00,,,,,,,,,,,,,,,,,,,,,,,,,
12610,18:10:00,,,,,,,,,,,,,,,,,,,,,,,,,
12611,18:11:00,,,,,,,,,,,,,,,,,,,,,,,,,
12612,18:12:00,,,,,,,,,,,,,,,,,,,,,,,,,
12613,18:13:00,,,,,,,,,,,,,,,,,,,,,,,,,
12614,18:14:00,,,,,,,,,,,,,,,,,,,,,,,,,
12615,18:15:00,,,,,,,,,,,,,,,,,,,,,,,,,
12616,18:16:00,,,,,,,,,,,,,,,,,,,,,,,,,
12617,18:17:00,,,,,,,,,,,,,,,,,,,,,,,,,
12618,18:18:00,,,,,,,,,,,,,,,,,,,,,,,,,
12619,18:19:00,,,,,,,,,,,,,,,,,,,,,,,,,
12620,18:20:00,,,,,,,,,,,,,,,,,,,,,,,,,
12621,18:21:00,,,,,,,,,,,,,,,,,,,,,,,,,
12622,18:22:00,,,,,,,,,,,,,,,,,,,,,,,,,
12623,18:23:00,,,,,,,,,,,,,,,,,,,,,,,,,
12624,18:24:00,,,,,,,,,,,,,,,,,,,,,,,,,
12625,18:25:00,,,,,,,,,,,,,,,,,,,,,,,,,
12626,18:26:00,,,,,,,,,,,,,,,,,,,,,,,,,
12627,18:27:00,,,,,,,,,,,,,,,,,,,,,,,,,
12628,18:28:00,,,,,,,,,,,,,,,,,,,,,,,,,
12629,18:29:00,,,,,,,,,,,,,,,,,,,,,,,,,
12630,18:30:00,,,,,,,,,,,,,,,,,,,,,,,,,
12631,18:31:00,,,,,,,,,,,,,,,,,,,,,,,,,
12632,18:32:00,,,,,,,,,,,,,,,,,,,,,,,,,
12633,18:33:00,,,,,,,,,,,,,,,,,,,,,,,,,
12634,18:34:00,,,,,,,,,,,,,,,,,,,,,,,,,
12635,18:35:00,,,,,,,,,,,,,,,,,,,,,,,,,
12636,18:36:00,,,,,,,,,,,,,,,,,,,,,,,,,
12637,18:37:00,,,,,,,,,,,,,,,,,,,,,,,,,
12638,18:38:00,,,,,,,,,,,,,,,,,,,,,,,,,
12639,18:39:00,,,,,,,,,,,,,,,,,,,,,,,,,
12640,18:40:00,,,,,,,,,,,,,,,,,,,,,,,,,
12641,18:41:00,,,,,,,,,,,,,,,,,,,,,,,,,
12642,18:42:00,,,,,,,,,,,,,,,,,,,,,,,,,
12643,18:43:00,,,,,,,,,,,,,,,,,,,,,,,,,
12644,18:44:00,,,,,,,,,,,,,,,,,,,,,,,,,
12645,18:45:00,,,,,,,,,,,,,,,,,,,,,,,,,
12646,18:46:00,,,,,,,,,,,,,,,,,,,,,,,,,
12647,18:47:00,,,,,,,,,,,,,,,,,,,,,,,,,
12648,18:48:00,,,,,,,,,,,,,,,,,,,,,,,,,
12649,18:49:00,,,,,,,,,,,,,,,,,,,,,,,,,
12650,18:50:00,,,,,,,,,,,,,,,,,,,,,,,,,
12651,18:51:00,,,,,,,,,,,,,,,,,,,,,,,,,
12652,18:52:00,,,,,,,,,,,,,,,,,,,,,,,,,
12653,18:53:00,,,,,,,,,,,,,,,,,,,,,,,,,
12654,18:54:00,,,,,,,,,,,,,,,,,,,,,,,,,
12655,18:55:00,,,,,,,,,,,,,,,,,,,,,,,,,
12656,18:56:00,,,,,,,,,,,,,,,,,,,,,,,,,
12657,18:57:00,,,,,,,,,,,,,,,,,,,,,,,,,
12658,18:58:00,,,,,,,,,,,,,,,,,,,,,,,,,
12659,18:59:00,,,,,,,,,,,,,,,,,,,,,,,,,
12660,19:00:00,,,,,,,,,,,,,,,,,,,,,,,,,
12661,19:01:00,,,,,,,,,,,,,,,,,,,,,,,,,
12662,19:02:00,,,,,,,,,,,,,,,,,,,,,,,,,
12663,19:03:00,,,,,,,,,,,,,,,,,,,,,,,,,
12664,19:04:00,,,,,,,,,,,,,,,,,,,,,,,,,
12665,19:05:00,,,,,,,,,,,,,,,,,,,,,,,,,
12666,19:06:00,,,,,,,,,,,,,,,,,,,,,,,,,
12667,19:07:00,,,,,,,,,,,,,,,,,,,,,,,,,
12668,19:08:00,,,,,,,,,,,,,,,,,,,,,,,,,
12669,19:09:00,,,,,,,,,,,,,,,,,,,,,,,,,
12670,19:10:00,,,,,,,,,,,,,,,,,,,,,,,,,
12671,19:11:00,,,,,,,,,,,,,,,,,,,,,,,,,
12672,19:12:00,,,,,,,,,,,,,,,,,,,,,,,,,
12673,19:13:00,,,,,,,,,,,,,,,,,,,,,,,,,
12674,19:14:00,,,,,,,,,,,,,,,,,,,,,,,,,
12675,19:15:00,,,,,,,,,,,,,,,,,,,,,,,,,
12676,19:16:00,,,,,,,,,,,,,,,,,,,,,,,,,
12677,19:17:00,,,,,,,,,,,,,,,,,,,,,,,,,
12678,19:18:00,,,,,,,,,,,,,,,,,,,,,,,,,
12679,19:19:00,,,,,,,,,,,,,,,,,,,,,,,,,
12680,19:20:00,,,,,,,,,,,,,,,,,,,,,,,,,
12681,19:21:00,,,,,,,,,,,,,,,,,,,,,,,,,
12682,19:22:00,,,,,,,,,,,,,,,,,,,,,,,,,
12683,19:23:00,,,,,,,,,,,,,,,,,,,,,,,,,
12684,19:24:00,,,,,,,,,,,,,,,,,,,,,,,,,
12685,19:25:00,,,,,,,,,,,,,,,,,,,,,,,,,
12686,19:26:00,,,,,,,,,,,,,,,,,,,,,,,,,
12687,19:27:00,,,,,,,,,,,,,,,,,,,,,,,,,
12688,19:28:00,,,,,,,,,,,,,,,,,,,,,,,,,
12689,19:29:00,,,,,,,,,,,,,,,,,,,,,,,,,
12690,19:30:00,,,,,,,,,,,,,,,,,,,,,,,,,
12691,19:31:00,,,,,,,,,,,,,,,,,,,,,,,,,
12692,19:32:00,,,,,,,,,,,,,,,,,,,,,,,,,
12693,19:33:00,,,,,,,,,,,,,,,,,,,,,,,,,
12694,19:34:00,,,,,,,,,,,,,,,,,,,,,,,,,
12695,19:35:00,,,,,,,,,,,,,,,,,,,,,,,,,
12696,19:36:00,,,,,,,,,,,,,,,,,,,,,,,,,
12697,19:37:00,,,,,,,,,,,,,,,,,,,,,,,,,
12698,19:38:00,,,,,,,,,,,,,,,,,,,,,,,,,
12699,19:39:00,,,,,,,,,,,,,,,,,,,,,,,,,
12700,19:40:00,,,,,,,,,,,,,,,,,,,,,,,,,
12701,19:41:00,,,,,,,,,,,,,,,,,,,,,,,,,
12702,19:42:00,,,,,,,,,,,,,,,,,,,,,,,,,
12703,19:43:00,,,,,,,,,,,,,,,,,,,,,,,,,
12704,19:44:00,,,,,,,,,,,,,,,,,,,,,,,,,
12705,19:45:00,,,,,,,,,,,,,,,,,,,,,,,,,
12706,19:46:00,,,,,,,,,,,,,,,,,,,,,,,,,
12707,19:47:00,,,,,,,,,,,,,,,,,,,,,,,,,
12708,19:48:00,,,,,,,,,,,,,,,,,,,,,,,,,
12709,19:49:00,,,,,,,,,,,,,,,,,,,,,,,,,
12710,19:50:00,,,,,,,,,,,,,,,,,,,,,,,,,
12711,19:51:00,,,,,,,,,,,,,,,,,,,,,,,,,
12712,19:52:00,,,,,,,,,,,,,,,,,,,,,,,,,
12713,19:53:00,,,,,,,,,,,,,,,,,,,,,,,,,
12714,19:54:00,,,,,,,,,,,,,,,,,,,,,,,,,
12715,19:55:00,,,,,,,,,,,,,,,,,,,,,,,,,
12716,19:56:00,,,,,,,,,,,,,,,,,,,,,,,,,
12717,19:57:00,,,,,,,,,,,,,,,,,,,,,,,,,
12718,19:58:00,,,,,,,,,,,,,,,,,,,,,,,,,
12719,19:59:00,,,,,,,,,,,,,,,,,,,,,,,,,
12720,20:00:00,,,,,,,,,,,,,,,,,,,,,,,,,
12721,20:01:00,,,,,,,,,,,,,,,,,,,,,,,,,
12722,20:02:00,,,,,,,,,,,,,,,,,,,,,,,,,
12723,20:03:00,,,,,,,,,,,,,,,,,,,,,,,,,
12724,20:04:00,,,,,,,,,,,,,,,,,,,,,,,,,
12725,20:05:00,,,,,,,,,,,,,,,,,,,,,,,,,
12726,20:06:00,,,,,,,,,,,,,,,,,,,,,,,,,
12727,20:07:00,,,,,,,,,,,,,,,,,,,,,,,,,
12728,20:08:00,,,,,,,,,,,,,,,,,,,,,,,,,
12729,20:09:00,,,,,,,,,,,,,,,,,,,,,,,,,
12730,20:10:00,,,,,,,,,,,,,,,,,,,,,,,,,
12731,20:11:00,,,,,,,,,,,,,,,,,,,,,,,,,
12732,20:12:00,,,,,,,,,,,,,,,,,,,,,,,,,
12733,20:13:00,,,,,,,,,,,,,,,,,,,,,,,,,
12734,20:14:00,,,,,,,,,,,,,,,,,,,,,,,,,
12735,20:15:00,,,,,,,,,,,,,,,,,,,,,,,,,
12736,20:16:00,,,,,,,,,,,,,,,,,,,,,,,,,
12737,20:17:00,,,,,,,,,,,,,,,,,,,,,,,,,
12738,20:18:00,,,,,,,,,,,,,,,,,,,,,,,,,
12739,20:19:00,,,,,,,,,,,,,,,,,,,,,,,,,
12740,20:20:00,,,,,,,,,,,,,,,,,,,,,,,,,
12741,20:21:00,,,,,,,,,,,,,,,,,,,,,,,,,
12742,20:22:00,,,,,,,,,,,,,,,,,,,,,,,,,
12743,20:23:00,,,,,,,,,,,,,,,,,,,,,,,,,
12744,20:24:00,,,,,,,,,,,,,,,,,,,,,,,,,
12745,20:25:00,,,,,,,,,,,,,,,,,,,,,,,,,
12746,20:26:00,,,,,,,,,,,,,,,,,,,,,,,,,
12747,20:27:00,,,,,,,,,,,,,,,,,,,,,,,,,
12748,20:28:00,,,,,,,,,,,,,,,,,,,,,,,,,
12749,20:29:00,,,,,,,,,,,,,,,,,,,,,,,,,
12750,20:30:00,,,,,,,,,,,,,,,,,,,,,,,,,
12751,20:31:00,,,,,,,,,,,,,,,,,,,,,,,,,
12752,20:32:00,,,,,,,,,,,,,,,,,,,,,,,,,
12753,20:33:00,,,,,,,,,,,,,,,,,,,,,,,,,
12754,20:34:00,,,,,,,,,,,,,,,,,,,,,,,,,
12755,20:35:00,,,,,,,,,,,,,,,,,,,,,,,,,
12756,20:36:00,,,,,,,,,,,,,,,,,,,,,,,,,
12757,20:37:00,,,,,,,,,,,,,,,,,,,,,,,,,
12758,20:38:00,,,,,,,,,,,,,,,,,,,,,,,,,
12759,20:39:00,,,,,,,,,,,,,,,,,,,,,,,,,
12760,20:40:00,,,,,,,,,,,,,,,,,,,,,,,,,
12761,20:41:00,,,,,,,,,,,,,,,,,,,,,,,,,
12762,20:42:00,,,,,,,,,,,,,,,,,,,,,,,,,
12763,20:43:00,,,,,,,,,,,,,,,,,,,,,,,,,
12764,20:44:00,,,,,,,,,,,,,,,,,,,,,,,,,
12765,20:45:00,,,,,,,,,,,,,,,,,,,,,,,,,
12766,20:46:00,,,,,,,,,,,,,,,,,,,,,,,,,
12767,20:47:00,,,,,,,,,,,,,,,,,,,,,,,,,
12768,20:48:00,,,,,,,,,,,,,,,,,,,,,,,,,
12769,20:49:00,,,,,,,,,,,,,,,,,,,,,,,,,
12770,20:50:00,,,,,,,,,,,,,,,,,,,,,,,,,
12771,20:51:00,,,,,,,,,,,,,,,,,,,,,,,,,
12772,20:52:00,,,,,,,,,,,,,,,,,,,,,,,,,
12773,20:53:00,,,,,,,,,,,,,,,,,,,,,,,,,
12774,20:54:00,,,,,,,,,,,,,,,,,,,,,,,,,
12775,20:55:00,,,,,,,,,,,,,,,,,,,,,,,,,
12776,20:56:00,,,,,,,,,,,,,,,,,,,,,,,,,
12777,20:57:00,,,,,,,,,,,,,,,,,,,,,,,,,
12778,20:58:00,,,,,,,,,,,,,,,,,,,,,,,,,
12779,20:59:00,,,,,,,,,,,,,,,,,,,,,,,,,
12780,21:00:00,,,,,,,,,,,,,,,,,,,,,,,,,
12781,21:01:00,,,,,,,,,,,,,,,,,,,,,,,,,
12782,21:02:00,,,,,,,,,,,,,,,,,,,,,,,,,
12783,21:03:00,,,,,,,,,,,,,,,,,,,,,,,,,
12784,21:04:00,,,,,,,,,,,,,,,,,,,,,,,,,
12785,21:05:00,,,,,,,,,,,,,,,,,,,,,,,,,
12786,21:06:00,,,,,,,,,,,,,,,,,,,,,,,,,
12787,21:07:00,,,,,,,,,,,,,,,,,,,,,,,,,
12788,21:08:00,,,,,,,,,,,,,,,,,,,,,,,,,
12789,21:09:00,,,,,,,,,,,,,,,,,,,,,,,,,
12790,21:10:00,,,,,,,,,,,,,,,,,,,,,,,,,
12791,21:11:00,,,,,,,,,,,,,,,,,,,,,,,,,
12792,21:12:00,,,,,,,,,,,,,,,,,,,,,,,,,
12793,21:13:00,,,,,,,,,,,,,,,,,,,,,,,,,
12794,21:14:00,,,,,,,,,,,,,,,,,,,,,,,,,
12795,21:15:00,,,,,,,,,,,,,,,,,,,,,,,,,
12796,21:16:00,,,,,,,,,,,,,,,,,,,,,,,,,
12797,21:17:00,,,,,,,,,,,,,,,,,,,,,,,,,
12798,21:18:00,,,,,,,,,,,,,,,,,,,,,,,,,
12799,21:19:00,,,,,,,,,,,,,,,,,,,,,,,,,
12800,21:20:00,,,,,,,,,,,,,,,,,,,,,,,,,
12801,21:21:00,,,,,,,,,,,,,,,,,,,,,,,,,
12802,21:22:00,,,,,,,,,,,,,,,,,,,,,,,,,
12803,21:23:00,,,,,,,,,,,,,,,,,,,,,,,,,
12804,21:24:00,,,,,,,,,,,,,,,,,,,,,,,,,
12805,21:25:00,,,,,,,,,,,,,,,,,,,,,,,,,
12806,21:26:00,,,,,,,,,,,,,,,,,,,,,,,,,
12807,21:27:00,,,,,,,,,,,,,,,,,,,,,,,,,
12808,21:28:00,,,,,,,,,,,,,,,,,,,,,,,,,
12809,21:29:00,,,,,,,,,,,,,,,,,,,,,,,,,
12810,21:30:00,,,,,,,,,,,,,,,,,,,,,,,,,
12811,21:31:00,,,,,,,,,,,,,,,,,,,,,,,,,
12812,21:32:00,,,,,,,,,,,,,,,,,,,,,,,,,
12813,21:33:00,,,,,,,,,,,,,,,,,,,,,,,,,
12814,21:34:00,,,,,,,,,,,,,,,,,,,,,,,,,
12815,21:35:00,,,,,,,,,,,,,,,,,,,,,,,,,
12816,21:36:00,,,,,,,,,,,,,,,,,,,,,,,,,
12817,21:37:00,,,,,,,,,,,,,,,,,,,,,,,,,
12818,21:38:00,,,,,,,,,,,,,,,,,,,,,,,,,
12819,21:39:00,,,,,,,,,,,,,,,,,,,,,,,,,
12820,21:40:00,,,,,,,,,,,,,,,,,,,,,,,,,
12821,21:41:00,,,,,,,,,,,,,,,,,,,,,,,,,
12822,21:42:00,,,,,,,,,,,,,,,,,,,,,,,,,
12823,21:43:00,,,,,,,,,,,,,,,,,,,,,,,,,
12824,21:44:00,,,,,,,,,,,,,,,,,,,,,,,,,
12825,21:45:00,,,,,,,,,,,,,,,,,,,,,,,,,
12826,21:46:00,,,,,,,,,,,,,,,,,,,,,,,,,
12827,21:47:00,,,,,,,,,,,,,,,,,,,,,,,,,
12828,21:48:00,,,,,,,,,,,,,,,,,,,,,,,,,
12829,21:49:00,,,,,,,,,,,,,,,,,,,,,,,,,
12830,21:50:00,,,,,,,,,,,,,,,,,,,,,,,,,
12831,21:51:00,,,,,,,,,,,,,,,,,,,,,,,,,
12832,21:52:00,,,,,,,,,,,,,,,,,,,,,,,,,
12833,21:53:00,,,,,,,,,,,,,,,,,,,,,,,,,
12834,21:54:00,,,,,,,,,,,,,,,,,,,,,,,,,
12835,21:55:00,,,,,,,,,,,,,,,,,,,,,,,,,
12836,21:56:00,,,,,,,,,,,,,,,,,,,,,,,,,
12837,21:57:00,,,,,,,,,,,,,,,,,,,,,,,,,
12838,21:58:00,,,,,,,,,,,,,,,,,,,,,,,,,
12839,21:59:00,,,,,,,,,,,,,,,,,,,,,,,,,
12840,22:00:00,,,,,,,,,,,,,,,,,,,,,,,,,
12841,22:01:00,,,,,,,,,,,,,,,,,,,,,,,,,
12842,22:02:00,,,,,,,,,,,,,,,,,,,,,,,,,
12843,22:03:00,,,,,,,,,,,,,,,,,,,,,,,,,
12844,22:04:00,,,,,,,,,,,,,,,,,,,,,,,,,
12845,22:05:00,,,,,,,,,,,,,,,,,,,,,,,,,
12846,22:06:00,,,,,,,,,,,,,,,,,,,,,,,,,
12847,22:07:00,,,,,,,,,,,,,,,,,,,,,,,,,
12848,22:08:00,,,,,,,,,,,,,,,,,,,,,,,,,
12849,22:09:00,,,,,,,,,,,,,,,,,,,,,,,,,
12850,22:10:00,,,,,,,,,,,,,,,,,,,,,,,,,
12851,22:11:00,,,,,,,,,,,,,,,,,,,,,,,,,
12852,22:12:00,,,,,,,,,,,,,,,,,,,,,,,,,
12853,22:13:00,,,,,,,,,,,,,,,,,,,,,,,,,
12854,22:14:00,,,,,,,,,,,,,,,,,,,,,,,,,
12855,22:15:00,,,,,,,,,,,,,,,,,,,,,,,,,
12856,22:16:00,,,,,,,,,,,,,,,,,,,,,,,,,
12857,22:17:00,,,,,,,,,,,,,,,,,,,,,,,,,
12858,22:18:00,,,,,,,,,,,,,,,,,,,,,,,,,
12859,22:19:00,,,,,,,,,,,,,,,,,,,,,,,,,
12860,22:20:00,,,,,,,,,,,,,,,,,,,,,,,,,
12861,22:21:00,,,,,,,,,,,,,,,,,,,,,,,,,
12862,22:22:00,,,,,,,,,,,,,,,,,,,,,,,,,
12863,22:23:00,,,,,,,,,,,,,,,,,,,,,,,,,
12864,22:24:00,,,,,,,,,,,,,,,,,,,,,,,,,
12865,22:25:00,,,,,,,,,,,,,,,,,,,,,,,,,
12866,22:26:00,,,,,,,,,,,,,,,,,,,,,,,,,
12867,22:27:00,,,,,,,,,,,,,,,,,,,,,,,,,
12868,22:28:00,,,,,,,,,,,,,,,,,,,,,,,,,
12869,22:29:00,,,,,,,,,,,,,,,,,,,,,,,,,
12870,22:30:00,,,,,,,,,,,,,,,,,,,,,,,,,
12871,22:31:00,,,,,,,,,,,,,,,,,,,,,,,,,
12872,22:32:00,,,,,,,,,,,,,,,,,,,,,,,,,
12873,22:33:00,,,,,,,,,,,,,,,,,,,,,,,,,
12874,22:34:00,,,,,,,,,,,,,,,,,,,,,,,,,
12875,22:35:00,,,,,,,,,,,,,,,,,,,,,,,,,
12876,22:36:00,,,,,,,,,,,,,,,,,,,,,,,,,
12877,22:37:00,,,,,,,,,,,,,,,,,,,,,,,,,
12878,22:38:00,,,,,,,,,,,,,,,,,,,,,,,,,
12879,22:39:00,,,,,,,,,,,,,,,,,,,,,,,,,
12880,22:40:00,,,,,,,,,,,,,,,,,,,,,,,,,
12881,22:41:00,,,,,,,,,,,,,,,,,,,,,,,,,
12882,22:42:00,,,,,,,,,,,,,,,,,,,,,,,,,
12883,22:43:00,,,,,,,,,,,,,,,,,,,,,,,,,
12884,22:44:00,,,,,,,,,,,,,,,,,,,,,,,,,
12885,22:45:00,,,,,,,,,,,,,,,,,,,,,,,,,
12886,22:46:00,,,,,,,,,,,,,,,,,,,,,,,,,
12887,22:47:00,,,,,,,,,,,,,,,,,,,,,,,,,
12888,22:48:00,,,,,,,,,,,,,,,,,,,,,,,,,
12889,22:49:00,,,,,,,,,,,,,,,,,,,,,,,,,
12890,22:50:00,,,,,,,,,,,,,,,,,,,,,,,,,
12891,22:51:00,,,,,,,,,,,,,,,,,,,,,,,,,
12892,22:52:00,,,,,,,,,,,,,,,,,,,,,,,,,
12893,22:53:00,,,,,,,,,,,,,,,,,,,,,,,,,
12894,22:54:00,,,,,,,,,,,,,,,,,,,,,,,,,
12895,22:55:00,,,,,,,,,,,,,,,,,,,,,,,,,
12896,22:56:00,,,,,,,,,,,,,,,,,,,,,,,,,
12897,22:57:00,,,,,,,,,,,,,,,,,,,,,,,,,
12898,22:58:00,,,,,,,,,,,,,,,,,,,,,,,,,
12899,22:59:00,,,,,,,,,,,,,,,,,,,,,,,,,
12900,23:00:00,,,,,,,,,,,,,,,,,,,,,,,,,
12901,23:01:00,,,,,,,,,,,,,,,,,,,,,,,,,
12902,23:02:00,,,,,,,,,,,,,,,,,,,,,,,,,
12903,23:03:00,,,,,,,,,,,,,,,,,,,,,,,,,
12904,23:04:00,,,,,,,,,,,,,,,,,,,,,,,,,
12905,23:05:00,,,,,,,,,,,,,,,,,,,,,,,,,
12906,23:06:00,,,,,,,,,,,,,,,,,,,,,,,,,
12907,23:07:00,,,,,,,,,,,,,,,,,,,,,,,,,
12908,23:08:00,,,,,,,,,,,,,,,,,,,,,,,,,
12909,23:09:00,,,,,,,,,,,,,,,,,,,,,,,,,
12910,23:10:00,,,,,,,,,,,,,,,,,,,,,,,,,
12911,23:11:00,,,,,,,,,,,,,,,,,,,,,,,,,
12912,23:12:00,,,,,,,,,,,,,,,,,,,,,,,,,
12913,23:13:00,,,,,,,,,,,,,,,,,,,,,,,,,
12914,23:14:00,,,,,,,,,,,,,,,,,,,,,,,,,
12915,23:15:00,,,,,,,,,,,,,,,,,,,,,,,,,
12916,23:16:00,,,,,,,,,,,,,,,,,,,,,,,,,
12917,23:17:00,,,,,,,,,,,,,,,,,,,,,,,,,
12918,23:18:00,,,,,,,,,,,,,,,,,,,,,,,,,
12919,23:19:00,,,,,,,,,,,,,,,,,,,,,,,,,
12920,23:20:00,,,,,,,,,,,,,,,,,,,,,,,,,
12921,23:21:00,,,,,,,,,,,,,,,,,,,,,,,,,
12922,23:22:00,,,,,,,,,,,,,,,,,,,,,,,,,
12923,23:23:00,,,,,,,,,,,,,,,,,,,,,,,,,
12924,23:24:00,,,,,,,,,,,,,,,,,,,,,,,,,
12925,23:25:00,,,,,,,,,,,,,,,,,,,,,,,,,
12926,23:26:00,,,,,,,,,,,,,,,,,,,,,,,,,
12927,23:27:00,,,,,,,,,,,,,,,,,,,,,,,,,
12928,23:28:00,,,,,,,,,,,,,,,,,,,,,,,,,
12929,23:29:00,,,,,,,,,,,,,,,,,,,,,,,,,
12930,23:30:00,,,,,,,,,,,,,,,,,,,,,,,,,
12931,23:31:00,,,,,,,,,,,,,,,,,,,,,,,,,
12932,23:32:00,,,,,,,,,,,,,,,,,,,,,,,,,
12933,23:33:00,,,,,,,,,,,,,,,,,,,,,,,,,
12934,23:34:00,,,,,,,,,,,,,,,,,,,,,,,,,
12935,23:35:00,,,,,,,,,,,,,,,,,,,,,,,,,
12936,23:36:00,,,,,,,,,,,,,,,,,,,,,,,,,
12937,23:37:00,,,,,,,,,,,,,,,,,,,,,,,,,
12938,23:38:00,,,,,,,,,,,,,,,,,,,,,,,,,
12939,23:39:00,,,,,,,,,,,,,,,,,,,,,,,,,
12940,23:40:00,,,,,,,,,,,,,,,,,,,,,,,,,
12941,23:41:00,,,,,,,,,,,,,,,,,,,,,,,,,
12942,23:42:00,,,,,,,,,,,,,,,,,,,,,,,,,
12943,23:43:00,,,,,,,,,,,,,,,,,,,,,,,,,
12944,23:44:00,,,,,,,,,,,,,,,,,,,,,,,,,
12945,23:45:00,,,,,,,,,,,,,,,,,,,,,,,,,
12946,23:46:00,,,,,,,,,,,,,,,,,,,,,,,,,
12947,23:47:00,,,,,,,,,,,,,,,,,,,,,,,,,
12948,23:48:00,,,,,,,,,,,,,,,,,,,,,,,,,
12949,23:49:00,,,,,,,,,,,,,,,,,,,,,,,,,
12950,23:50:00,,,,,,,,,,,,,,,,,,,,,,,,,
12951,23:51:00,,,,,,,,,,,,,,,,,,,,,,,,,
12952,23:52:00,,,,,,,,,,,,,,,,,,,,,,,,,
12953,23:53:00,,,,,,,,,,,,,,,,,,,,,,,,,
12954,23:54:00,,,,,,,,,,,,,,,,,,,,,,,,,
12955,23:55:00,,,,,,,,,,,,,,,,,,,,,,,,,
12956,23:56:00,,,,,,,,,,,,,,,,,,,,,,,,,
12957,23:57:00,,,,,,,,,,,,,,,,,,,,,,,,,
12958,23:58:00,,,,,,,,,,,,,,,,,,,,,,,,,
12959,23:59:00,,,,,,,,,,,,,,,,,,,,,,,,,
12960,00:00:00,,,,,,,,,,,,,,,,,,,,,,,,,
12961,00:01:00,,,,,,,,,,,,,,,,,,,,,,,,,
12962,00:02:00,,,,,,,,,,,,,,,,,,,,,,,,,
12963,00:03:00,,,,,,,,,,,,,,,,,,,,,,,,,
12964,00:04:00,,,,,,,,,,,,,,,,,,,,,,,,,
12965,00:05:00,,,,,,,,,,,,,,,,,,,,,,,,,
12966,00:06:00,,,,,,,,,,,,,,,,,,,,,,,,,
12967,00:07:00,,,,,,,,,,,,,,,,,,,,,,,,,
12968,00:08:00,,,,,,,,,,,,,,,,,,,,,,,,,
12969,00:09:00,,,,,,,,,,,,,,,,,,,,,,,,,
12970,00:10:00,,,,,,,,,,,,,,,,,,,,,,,,,
12971,00:11:00,,,,,,,,,,,,,,,,,,,,,,,,,
12972,00:12:00,,,,,,,,,,,,,,,,,,,,,,,,,
12973,00:13:00,,,,,,,,,,,,,,,,,,,,,,,,,
12974,00:14:00,,,,,,,,,,,,,,,,,,,,,,,,,
12975,00:15:00,,,,,,,,,,,,,,,,,,,,,,,,,
12976,00:16:00,,,,,,,,,,,,,,,,,,,,,,,,,
12977,00:17:00,,,,,,,,,,,,,,,,,,,,,,,,,
12978,00:18:00,,,,,,,,,,,,,,,,,,,,,,,,,
12979,00:19:00,,,,,,,,,,,,,,,,,,,,,,,,,
12980,00:20:00,,,,,,,,,,,,,,,,,,,,,,,,,
12981,00:21:00,,,,,,,,,,,,,,,,,,,,,,,,,
12982,00:22:00,,,,,,,,,,,,,,,,,,,,,,,,,
12983,00:23:00,,,,,,,,,,,,,,,,,,,,,,,,,
12984,00:24:00,,,,,,,,,,,,,,,,,,,,,,,,,
12985,00:25:00,,,,,,,,,,,,,,,,,,,,,,,,,
12986,00:26:00,,,,,,,,,,,,,,,,,,,,,,,,,
12987,00:27:00,,,,,,,,,,,,,,,,,,,,,,,,,
12988,00:28:00,,,,,,,,,,,,,,,,,,,,,,,,,
12989,00:29:00,,,,,,,,,,,,,,,,,,,,,,,,,
12990,00:30:00,,,,,,,,,,,,,,,,,,,,,,,,,
12991,00:31:00,,,,,,,,,,,,,,,,,,,,,,,,,
12992,00:32:00,,,,,,,,,,,,,,,,,,,,,,,,,
12993,00:33:00,,,,,,,,,,,,,,,,,,,,,,,,,
12994,00:34:00,,,,,,,,,,,,,,,,,,,,,,,,,
12995,00:35:00,,,,,,,,,,,,,,,,,,,,,,,,,
12996,00:36:00,,,,,,,,,,,,,,,,,,,,,,,,,
12997,00:37:00,,,,,,,,,,,,,,,,,,,,,,,,,
12998,00:38:00,,,,,,,,,,,,,,,,,,,,,,,,,
12999,00:39:00,,,,,,,,,,,,,,,,,,,,,,,,,
13000,00:40:00,,,,,,,,,,,,,,,,,,,,,,,,,
13001,00:41:00,,,,,,,,,,,,,,,,,,,,,,,,,
13002,00:42:00,,,,,,,,,,,,,,,,,,,,,,,,,
13003,00:43:00,,,,,,,,,,,,,,,,,,,,,,,,,
13004,00:44:00,,,,,,,,,,,,,,,,,,,,,,,,,
13005,00:45:00,,,,,,,,,,,,,,,,,,,,,,,,,
13006,00:46:00,,,,,,,,,,,,,,,,,,,,,,,,,
13007,00:47:00,,,,,,,,,,,,,,,,,,,,,,,,,
13008,00:48:00,,,,,,,,,,,,,,,,,,,,,,,,,
13009,00:49:00,,,,,,,,,,,,,,,,,,,,,,,,,
13010,00:50:00,,,,,,,,,,,,,,,,,,,,,,,,,
13011,00:51:00,,,,,,,,,,,,,,,,,,,,,,,,,
13012,00:52:00,,,,,,,,,,,,,,,,,,,,,,,,,
13013,00:53:00,,,,,,,,,,,,,,,,,,,,,,,,,
13014,00:54:00,,,,,,,,,,,,,,,,,,,,,,,,,
13015,00:55:00,,,,,,,,,,,,,,,,,,,,,,,,,
13016,00:56:00,,,,,,,,,,,,,,,,,,,,,,,,,
13017,00:57:00,,,,,,,,,,,,,,,,,,,,,,,,,
13018,00:58:00,,,,,,,,,,,,,,,,,,,,,,,,,
13019,00:59:00,,,,,,,,,,,,,,,,,,,,,,,,,
13020,01:00:00,,,,,,,,,,,,,,,,,,,,,,,,,
13021,01:01:00,,,,,,,,,,,,,,,,,,,,,,,,,
13022,01:02:00,,,,,,,,,,,,,,,,,,,,,,,,,
13023,01:03:00,,,,,,,,,,,,,,,,,,,,,,,,,
13024,01:04:00,,,,,,,,,,,,,,,,,,,,,,,,,
13025,01:05:00,,,,,,,,,,,,,,,,,,,,,,,,,
13026,01:06:00,,,,,,,,,,,,,,,,,,,,,,,,,
13027,01:07:00,,,,,,,,,,,,,,,,,,,,,,,,,
13028,01:08:00,,,,,,,,,,,,,,,,,,,,,,,,,
13029,01:09:00,,,,,,,,,,,,,,,,,,,,,,,,,
13030,01:10:00,,,,,,,,,,,,,,,,,,,,,,,,,
13031,01:11:00,,,,,,,,,,,,,,,,,,,,,,,,,
13032,01:12:00,,,,,,,,,,,,,,,,,,,,,,,,,
13033,01:13:00,,,,,,,,,,,,,,,,,,,,,,,,,
13034,01:14:00,,,,,,,,,,,,,,,,,,,,,,,,,
13035,01:15:00,,,,,,,,,,,,,,,,,,,,,,,,,
13036,01:16:00,,,,,,,,,,,,,,,,,,,,,,,,,
13037,01:17:00,,,,,,,,,,,,,,,,,,,,,,,,,
13038,01:18:00,,,,,,,,,,,,,,,,,,,,,,,,,
13039,01:19:00,,,,,,,,,,,,,,,,,,,,,,,,,
13040,01:20:00,,,,,,,,,,,,,,,,,,,,,,,,,
13041,01:21:00,,,,,,,,,,,,,,,,,,,,,,,,,
13042,01:22:00,,,,,,,,,,,,,,,,,,,,,,,,,
13043,01:23:00,,,,,,,,,,,,,,,,,,,,,,,,,
13044,01:24:00,,,,,,,,,,,,,,,,,,,,,,,,,
13045,01:25:00,,,,,,,,,,,,,,,,,,,,,,,,,
13046,01:26:00,,,,,,,,,,,,,,,,,,,,,,,,,
13047,01:27:00,,,,,,,,,,,,,,,,,,,,,,,,,
13048,01:28:00,,,,,,,,,,,,,,,,,,,,,,,,,
13049,01:29:00,,,,,,,,,,,,,,,,,,,,,,,,,
13050,01:30:00,,,,,,,,,,,,,,,,,,,,,,,,,
13051,01:31:00,,,,,,,,,,,,,,,,,,,,,,,,,
13052,01:32:00,,,,,,,,,,,,,,,,,,,,,,,,,
13053,01:33:00,,,,,,,,,,,,,,,,,,,,,,,,,
13054,01:34:00,,,,,,,,,,,,,,,,,,,,,,,,,
13055,01:35:00,,,,,,,,,,,,,,,,,,,,,,,,,
13056,01:36:00,,,,,,,,,,,,,,,,,,,,,,,,,
13057,01:37:00,,,,,,,,,,,,,,,,,,,,,,,,,
13058,01:38:00,,,,,,,,,,,,,,,,,,,,,,,,,
13059,01:39:00,,,,,,,,,,,,,,,,,,,,,,,,,
13060,01:40:00,,,,,,,,,,,,,,,,,,,,,,,,,
13061,01:41:00,,,,,,,,,,,,,,,,,,,,,,,,,
13062,01:42:00,,,,,,,,,,,,,,,,,,,,,,,,,
13063,01:43:00,,,,,,,,,,,,,,,,,,,,,,,,,
13064,01:44:00,,,,,,,,,,,,,,,,,,,,,,,,,
13065,01:45:00,,,,,,,,,,,,,,,,,,,,,,,,,
13066,01:46:00,,,,,,,,,,,,,,,,,,,,,,,,,
13067,01:47:00,,,,,,,,,,,,,,,,,,,,,,,,,
13068,01:48:00,,,,,,,,,,,,,,,,,,,,,,,,,
13069,01:49:00,,,,,,,,,,,,,,,,,,,,,,,,,
13070,01:50:00,,,,,,,,,,,,,,,,,,,,,,,,,
13071,01:51:00,,,,,,,,,,,,,,,,,,,,,,,,,
13072,01:52:00,,,,,,,,,,,,,,,,,,,,,,,,,
13073,01:53:00,,,,,,,,,,,,,,,,,,,,,,,,,
13074,01:54:00,,,,,,,,,,,,,,,,,,,,,,,,,
13075,01:55:00,,,,,,,,,,,,,,,,,,,,,,,,,
13076,01:56:00,,,,,,,,,,,,,,,,,,,,,,,,,
13077,01:57:00,,,,,,,,,,,,,,,,,,,,,,,,,
13078,01:58:00,,,,,,,,,,,,,,,,,,,,,,,,,
13079,01:59:00,,,,,,,,,,,,,,,,,,,,,,,,,
13080,02:00:00,,,,,,,,,,,,,,,,,,,,,,,,,
13081,02:01:00,,,,,,,,,,,,,,,,,,,,,,,,,
13082,02:02:00,,,,,,,,,,,,,,,,,,,,,,,,,
13083,02:03:00,,,,,,,,,,,,,,,,,,,,,,,,,
13084,02:04:00,,,,,,,,,,,,,,,,,,,,,,,,,
13085,02:05:00,,,,,,,,,,,,,,,,,,,,,,,,,
13086,02:06:00,,,,,,,,,,,,,,,,,,,,,,,,,
13087,02:07:00,,,,,,,,,,,,,,,,,,,,,,,,,
13088,02:08:00,,,,,,,,,,,,,,,,,,,,,,,,,
13089,02:09:00,,,,,,,,,,,,,,,,,,,,,,,,,
13090,02:10:00,,,,,,,,,,,,,,,,,,,,,,,,,
13091,02:11:00,,,,,,,,,,,,,,,,,,,,,,,,,
13092,02:12:00,,,,,,,,,,,,,,,,,,,,,,,,,
13093,02:13:00,,,,,,,,,,,,,,,,,,,,,,,,,
13094,02:14:00,,,,,,,,,,,,,,,,,,,,,,,,,
13095,02:15:00,,,,,,,,,,,,,,,,,,,,,,,,,
13096,02:16:00,,,,,,,,,,,,,,,,,,,,,,,,,
13097,02:17:00,,,,,,,,,,,,,,,,,,,,,,,,,
13098,02:18:00,,,,,,,,,,,,,,,,,,,,,,,,,
13099,02:19:00,,,,,,,,,,,,,,,,,,,,,,,,,
13100,02:20:00,,,,,,,,,,,,,,,,,,,,,,,,,
13101,02:21:00,,,,,,,,,,,,,,,,,,,,,,,,,
13102,02:22:00,,,,,,,,,,,,,,,,,,,,,,,,,
13103,02:23:00,,,,,,,,,,,,,,,,,,,,,,,,,
13104,02:24:00,,,,,,,,,,,,,,,,,,,,,,,,,
13105,02:25:00,,,,,,,,,,,,,,,,,,,,,,,,,
13106,02:26:00,,,,,,,,,,,,,,,,,,,,,,,,,
13107,02:27:00,,,,,,,,,,,,,,,,,,,,,,,,,
13108,02:28:00,,,,,,,,,,,,,,,,,,,,,,,,,
13109,02:29:00,,,,,,,,,,,,,,,,,,,,,,,,,
13110,02:30:00,,,,,,,,,,,,,,,,,,,,,,,,,
13111,02:31:00,,,,,,,,,,,,,,,,,,,,,,,,,
13112,02:32:00,,,,,,,,,,,,,,,,,,,,,,,,,
13113,02:33:00,,,,,,,,,,,,,,,,,,,,,,,,,
13114,02:34:00,,,,,,,,,,,,,,,,,,,,,,,,,
13115,02:35:00,,,,,,,,,,,,,,,,,,,,,,,,,
13116,02:36:00,,,,,,,,,,,,,,,,,,,,,,,,,
13117,02:37:00,,,,,,,,,,,,,,,,,,,,,,,,,
13118,02:38:00,,,,,,,,,,,,,,,,,,,,,,,,,
13119,02:39:00,,,,,,,,,,,,,,,,,,,,,,,,,
13120,02:40:00,,,,,,,,,,,,,,,,,,,,,,,,,
13121,02:41:00,,,,,,,,,,,,,,,,,,,,,,,,,
13122,02:42:00,,,,,,,,,,,,,,,,,,,,,,,,,
13123,02:43:00,,,,,,,,,,,,,,,,,,,,,,,,,
13124,02:44:00,,,,,,,,,,,,,,,,,,,,,,,,,
13125,02:45:00,,,,,,,,,,,,,,,,,,,,,,,,,
13126,02:46:00,,,,,,,,,,,,,,,,,,,,,,,,,
13127,02:47:00,,,,,,,,,,,,,,,,,,,,,,,,,
13128,02:48:00,,,,,,,,,,,,,,,,,,,,,,,,,
13129,02:49:00,,,,,,,,,,,,,,,,,,,,,,,,,
13130,02:50:00,,,,,,,,,,,,,,,,,,,,,,,,,
13131,02:51:00,,,,,,,,,,,,,,,,,,,,,,,,,
13132,02:52:00,,,,,,,,,,,,,,,,,,,,,,,,,
13133,02:53:00,,,,,,,,,,,,,,,,,,,,,,,,,
13134,02:54:00,,,,,,,,,,,,,,,,,,,,,,,,,
13135,02:55:00,,,,,,,,,,,,,,,,,,,,,,,,,
13136,02:56:00,,,,,,,,,,,,,,,,,,,,,,,,,
13137,02:57:00,,,,,,,,,,,,,,,,,,,,,,,,,
13138,02:58:00,,,,,,,,,,,,,,,,,,,,,,,,,
13139,02:59:00,,,,,,,,,,,,,,,,,,,,,,,,,
13140,03:00:00,,,,,,,,,,,,,,,,,,,,,,,,,
13141,03:01:00,,,,,,,,,,,,,,,,,,,,,,,,,
13142,03:02:00,,,,,,,,,,,,,,,,,,,,,,,,,
13143,03:03:00,,,,,,,,,,,,,,,,,,,,,,,,,
13144,03:04:00,,,,,,,,,,,,,,,,,,,,,,,,,
13145,03:05:00,,,,,,,,,,,,,,,,,,,,,,,,,
13146,03:06:00,,,,,,,,,,,,,,,,,,,,,,,,,
13147,03:07:00,,,,,,,,,,,,,,,,,,,,,,,,,
13148,03:08:00,,,,,,,,,,,,,,,,,,,,,,,,,
13149,03:09:00,,,,,,,,,,,,,,,,,,,,,,,,,
13150,03:10:00,,,,,,,,,,,,,,,,,,,,,,,,,
13151,03:11:00,,,,,,,,,,,,,,,,,,,,,,,,,
13152,03:12:00,,,,,,,,,,,,,,,,,,,,,,,,,
13153,03:13:00,,,,,,,,,,,,,,,,,,,,,,,,,
13154,03:14:00,,,,,,,,,,,,,,,,,,,,,,,,,
13155,03:15:00,,,,,,,,,,,,,,,,,,,,,,,,,
13156,03:16:00,,,,,,,,,,,,,,,,,,,,,,,,,
13157,03:17:00,,,,,,,,,,,,,,,,,,,,,,,,,
13158,03:18:00,,,,,,,,,,,,,,,,,,,,,,,,,
13159,03:19:00,,,,,,,,,,,,,,,,,,,,,,,,,
13160,03:20:00,,,,,,,,,,,,,,,,,,,,,,,,,
13161,03:21:00,,,,,,,,,,,,,,,,,,,,,,,,,
13162,03:22:00,,,,,,,,,,,,,,,,,,,,,,,,,
13163,03:23:00,,,,,,,,,,,,,,,,,,,,,,,,,
13164,03:24:00,,,,,,,,,,,,,,,,,,,,,,,,,
13165,03:25:00,,,,,,,,,,,,,,,,,,,,,,,,,
13166,03:26:00,,,,,,,,,,,,,,,,,,,,,,,,,
13167,03:27:00,,,,,,,,,,,,,,,,,,,,,,,,,
13168,03:28:00,,,,,,,,,,,,,,,,,,,,,,,,,
13169,03:29:00,,,,,,,,,,,,,,,,,,,,,,,,,
13170,03:30:00,,,,,,,,,,,,,,,,,,,,,,,,,
13171,03:31:00,,,,,,,,,,,,,,,,,,,,,,,,,
13172,03:32:00,,,,,,,,,,,,,,,,,,,,,,,,,
13173,03:33:00,,,,,,,,,,,,,,,,,,,,,,,,,
13174,03:34:00,,,,,,,,,,,,,,,,,,,,,,,,,
13175,03:35:00,,,,,,,,,,,,,,,,,,,,,,,,,
13176,03:36:00,,,,,,,,,,,,,,,,,,,,,,,,,
13177,03:37:00,,,,,,,,,,,,,,,,,,,,,,,,,
13178,03:38:00,,,,,,,,,,,,,,,,,,,,,,,,,
13179,03:39:00,,,,,,,,,,,,,,,,,,,,,,,,,
13180,03:40:00,,,,,,,,,,,,,,,,,,,,,,,,,
13181,03:41:00,,,,,,,,,,,,,,,,,,,,,,,,,
13182,03:42:00,,,,,,,,,,,,,,,,,,,,,,,,,
13183,03:43:00,,,,,,,,,,,,,,,,,,,,,,,,,
13184,03:44:00,,,,,,,,,,,,,,,,,,,,,,,,,
13185,03:45:00,,,,,,,,,,,,,,,,,,,,,,,,,
13186,03:46:00,,,,,,,,,,,,,,,,,,,,,,,,,
13187,03:47:00,,,,,,,,,,,,,,,,,,,,,,,,,
13188,03:48:00,,,,,,,,,,,,,,,,,,,,,,,,,
13189,03:49:00,,,,,,,,,,,,,,,,,,,,,,,,,
13190,03:50:00,,,,,,,,,,,,,,,,,,,,,,,,,
13191,03:51:00,,,,,,,,,,,,,,,,,,,,,,,,,
13192,03:52:00,,,,,,,,,,,,,,,,,,,,,,,,,
13193,03:53:00,,,,,,,,,,,,,,,,,,,,,,,,,
13194,03:54:00,,,,,,,,,,,,,,,,,,,,,,,,,
13195,03:55:00,,,,,,,,,,,,,,,,,,,,,,,,,
13196,03:56:00,,,,,,,,,,,,,,,,,,,,,,,,,
13197,03:57:00,,,,,,,,,,,,,,,,,,,,,,,,,
13198,03:58:00,,,,,,,,,,,,,,,,,,,,,,,,,
13199,03:59:00,,,,,,,,,,,,,,,,,,,,,,,,,
13200,04:00:00,,,,,,,,,,,,,,,,,,,,,,,,,
13201,04:01:00,,,,,,,,,,,,,,,,,,,,,,,,,
13202,04:02:00,,,,,,,,,,,,,,,,,,,,,,,,,
13203,04:03:00,,,,,,,,,,,,,,,,,,,,,,,,,
13204,04:04:00,,,,,,,,,,,,,,,,,,,,,,,,,
13205,04:05:00,,,,,,,,,,,,,,,,,,,,,,,,,
13206,04:06:00,,,,,,,,,,,,,,,,,,,,,,,,,
13207,04:07:00,,,,,,,,,,,,,,,,,,,,,,,,,
13208,04:08:00,,,,,,,,,,,,,,,,,,,,,,,,,
13209,04:09:00,,,,,,,,,,,,,,,,,,,,,,,,,
13210,04:10:00,,,,,,,,,,,,,,,,,,,,,,,,,
13211,04:11:00,,,,,,,,,,,,,,,,,,,,,,,,,
13212,04:12:00,,,,,,,,,,,,,,,,,,,,,,,,,
13213,04:13:00,,,,,,,,,,,,,,,,,,,,,,,,,
13214,04:14:00,,,,,,,,,,,,,,,,,,,,,,,,,
13215,04:15:00,,,,,,,,,,,,,,,,,,,,,,,,,
13216,04:16:00,,,,,,,,,,,,,,,,,,,,,,,,,
13217,04:17:00,,,,,,,,,,,,,,,,,,,,,,,,,
13218,04:18:00,,,,,,,,,,,,,,,,,,,,,,,,,
13219,04:19:00,,,,,,,,,,,,,,,,,,,,,,,,,
13220,04:20:00,,,,,,,,,,,,,,,,,,,,,,,,,
13221,04:21:00,,,,,,,,,,,,,,,,,,,,,,,,,
13222,04:22:00,,,,,,,,,,,,,,,,,,,,,,,,,
13223,04:23:00,,,,,,,,,,,,,,,,,,,,,,,,,
13224,04:24:00,,,,,,,,,,,,,,,,,,,,,,,,,
13225,04:25:00,,,,,,,,,,,,,,,,,,,,,,,,,
13226,04:26:00,,,,,,,,,,,,,,,,,,,,,,,,,
13227,04:27:00,,,,,,,,,,,,,,,,,,,,,,,,,
13228,04:28:00,,,,,,,,,,,,,,,,,,,,,,,,,
13229,04:29:00,,,,,,,,,,,,,,,,,,,,,,,,,
13230,04:30:00,,,,,,,,,,,,,,,,,,,,,,,,,
13231,04:31:00,,,,,,,,,,,,,,,,,,,,,,,,,
13232,04:32:00,,,,,,,,,,,,,,,,,,,,,,,,,
13233,04:33:00,,,,,,,,,,,,,,,,,,,,,,,,,
13234,04:34:00,,,,,,,,,,,,,,,,,,,,,,,,,
13235,04:35:00,,,,,,,,,,,,,,,,,,,,,,,,,
13236,04:36:00,,,,,,,,,,,,,,,,,,,,,,,,,
13237,04:37:00,,,,,,,,,,,,,,,,,,,,,,,,,
13238,04:38:00,,,,,,,,,,,,,,,,,,,,,,,,,
13239,04:39:00,,,,,,,,,,,,,,,,,,,,,,,,,
13240,04:40:00,,,,,,,,,,,,,,,,,,,,,,,,,
13241,04:41:00,,,,,,,,,,,,,,,,,,,,,,,,,
13242,04:42:00,,,,,,,,,,,,,,,,,,,,,,,,,
13243,04:43:00,,,,,,,,,,,,,,,,,,,,,,,,,
13244,04:44:00,,,,,,,,,,,,,,,,,,,,,,,,,
13245,04:45:00,,,,,,,,,,,,,,,,,,,,,,,,,
13246,04:46:00,,,,,,,,,,,,,,,,,,,,,,,,,
13247,04:47:00,,,,,,,,,,,,,,,,,,,,,,,,,
13248,04:48:00,,,,,,,,,,,,,,,,,,,,,,,,,
13249,04:49:00,,,,,,,,,,,,,,,,,,,,,,,,,
13250,04:50:00,,,,,,,,,,,,,,,,,,,,,,,,,
13251,04:51:00,,,,,,,,,,,,,,,,,,,,,,,,,
13252,04:52:00,,,,,,,,,,,,,,,,,,,,,,,,,
13253,04:53:00,,,,,,,,,,,,,,,,,,,,,,,,,
13254,04:54:00,,,,,,,,,,,,,,,,,,,,,,,,,
13255,04:55:00,,,,,,,,,,,,,,,,,,,,,,,,,
13256,04:56:00,,,,,,,,,,,,,,,,,,,,,,,,,
13257,04:57:00,,,,,,,,,,,,,,,,,,,,,,,,,
13258,04:58:00,,,,,,,,,,,,,,,,,,,,,,,,,
13259,04:59:00,,,,,,,,,,,,,,,,,,,,,,,,,
13260,05:00:00,,,,,,,,,,,,,,,,,,,,,,,,,
13261,05:01:00,,,,,,,,,,,,,,,,,,,,,,,,,
13262,05:02:00,,,,,,,,,,,,,,,,,,,,,,,,,
13263,05:03:00,,,,,,,,,,,,,,,,,,,,,,,,,
13264,05:04:00,,,,,,,,,,,,,,,,,,,,,,,,,
13265,05:05:00,,,,,,,,,,,,,,,,,,,,,,,,,
13266,05:06:00,,,,,,,,,,,,,,,,,,,,,,,,,
13267,05:07:00,,,,,,,,,,,,,,,,,,,,,,,,,
13268,05:08:00,,,,,,,,,,,,,,,,,,,,,,,,,
13269,05:09:00,,,,,,,,,,,,,,,,,,,,,,,,,
13270,05:10:00,,,,,,,,,,,,,,,,,,,,,,,,,
13271,05:11:00,,,,,,,,,,,,,,,,,,,,,,,,,
13272,05:12:00,,,,,,,,,,,,,,,,,,,,,,,,,
13273,05:13:00,,,,,,,,,,,,,,,,,,,,,,,,,
13274,05:14:00,,,,,,,,,,,,,,,,,,,,,,,,,
13275,05:15:00,,,,,,,,,,,,,,,,,,,,,,,,,
13276,05:16:00,,,,,,,,,,,,,,,,,,,,,,,,,
13277,05:17:00,,,,,,,,,,,,,,,,,,,,,,,,,
13278,05:18:00,,,,,,,,,,,,,,,,,,,,,,,,,
13279,05:19:00,,,,,,,,,,,,,,,,,,,,,,,,,
13280,05:20:00,,,,,,,,,,,,,,,,,,,,,,,,,
13281,05:21:00,,,,,,,,,,,,,,,,,,,,,,,,,
13282,05:22:00,,,,,,,,,,,,,,,,,,,,,,,,,
13283,05:23:00,,,,,,,,,,,,,,,,,,,,,,,,,
13284,05:24:00,,,,,,,,,,,,,,,,,,,,,,,,,
13285,05:25:00,,,,,,,,,,,,,,,,,,,,,,,,,
13286,05:26:00,,,,,,,,,,,,,,,,,,,,,,,,,
13287,05:27:00,,,,,,,,,,,,,,,,,,,,,,,,,
13288,05:28:00,,,,,,,,,,,,,,,,,,,,,,,,,
13289,05:29:00,,,,,,,,,,,,,,,,,,,,,,,,,
13290,05:30:00,,,,,,,,,,,,,,,,,,,,,,,,,
13291,05:31:00,,,,,,,,,,,,,,,,,,,,,,,,,
13292,05:32:00,,,,,,,,,,,,,,,,,,,,,,,,,
13293,05:33:00,,,,,,,,,,,,,,,,,,,,,,,,,
13294,05:34:00,,,,,,,,,,,,,,,,,,,,,,,,,
13295,05:35:00,,,,,,,,,,,,,,,,,,,,,,,,,
13296,05:36:00,,,,,,,,,,,,,,,,,,,,,,,,,
13297,05:37:00,,,,,,,,,,,,,,,,,,,,,,,,,
13298,05:38:00,,,,,,,,,,,,,,,,,,,,,,,,,
13299,05:39:00,,,,,,,,,,,,,,,,,,,,,,,,,
13300,05:40:00,,,,,,,,,,,,,,,,,,,,,,,,,
13301,05:41:00,,,,,,,,,,,,,,,,,,,,,,,,,
13302,05:42:00,,,,,,,,,,,,,,,,,,,,,,,,,
13303,05:43:00,,,,,,,,,,,,,,,,,,,,,,,,,
13304,05:44:00,,,,,,,,,,,,,,,,,,,,,,,,,
13305,05:45:00,,,,,,,,,,,,,,,,,,,,,,,,,
13306,05:46:00,,,,,,,,,,,,,,,,,,,,,,,,,
13307,05:47:00,,,,,,,,,,,,,,,,,,,,,,,,,
13308,05:48:00,,,,,,,,,,,,,,,,,,,,,,,,,
13309,05:49:00,,,,,,,,,,,,,,,,,,,,,,,,,
13310,05:50:00,,,,,,,,,,,,,,,,,,,,,,,,,
13311,05:51:00,,,,,,,,,,,,,,,,,,,,,,,,,
13312,05:52:00,,,,,,,,,,,,,,,,,,,,,,,,,
13313,05:53:00,,,,,,,,,,,,,,,,,,,,,,,,,
13314,05:54:00,,,,,,,,,,,,,,,,,,,,,,,,,
13315,05:55:00,,,,,,,,,,,,,,,,,,,,,,,,,
13316,05:56:00,,,,,,,,,,,,,,,,,,,,,,,,,
13317,05:57:00,,,,,,,,,,,,,,,,,,,,,,,,,
13318,05:58:00,,,,,,,,,,,,,,,,,,,,,,,,,
13319,05:59:00,,,,,,,,,,,,,,,,,,,,,,,,,
13320,06:00:00,,,,,,,,,,,,,,,,,,,,,,,,,
13321,06:01:00,,,,,,,,,,,,,,,,,,,,,,,,,
13322,06:02:00,,,,,,,,,,,,,,,,,,,,,,,,,
13323,06:03:00,,,,,,,,,,,,,,,,,,,,,,,,,
13324,06:04:00,,,,,,,,,,,,,,,,,,,,,,,,,
13325,06:05:00,,,,,,,,,,,,,,,,,,,,,,,,,
13326,06:06:00,,,,,,,,,,,,,,,,,,,,,,,,,
13327,06:07:00,,,,,,,,,,,,,,,,,,,,,,,,,
13328,06:08:00,,,,,,,,,,,,,,,,,,,,,,,,,
13329,06:09:00,,,,,,,,,,,,,,,,,,,,,,,,,
13330,06:10:00,,,,,,,,,,,,,,,,,,,,,,,,,
13331,06:11:00,,,,,,,,,,,,,,,,,,,,,,,,,
13332,06:12:00,,,,,,,,,,,,,,,,,,,,,,,,,
13333,06:13:00,,,,,,,,,,,,,,,,,,,,,,,,,
13334,06:14:00,,,,,,,,,,,,,,,,,,,,,,,,,
13335,06:15:00,,,,,,,,,,,,,,,,,,,,,,,,,
13336,06:16:00,,,,,,,,,,,,,,,,,,,,,,,,,
13337,06:17:00,,,,,,,,,,,,,,,,,,,,,,,,,
13338,06:18:00,,,,,,,,,,,,,,,,,,,,,,,,,
13339,06:19:00,,,,,,,,,,,,,,,,,,,,,,,,,
13340,06:20:00,,,,,,,,,,,,,,,,,,,,,,,,,
13341,06:21:00,,,,,,,,,,,,,,,,,,,,,,,,,
13342,06:22:00,,,,,,,,,,,,,,,,,,,,,,,,,
13343,06:23:00,,,,,,,,,,,,,,,,,,,,,,,,,
13344,06:24:00,,,,,,,,,,,,,,,,,,,,,,,,,
13345,06:25:00,,,,,,,,,,,,,,,,,,,,,,,,,
13346,06:26:00,,,,,,,,,,,,,,,,,,,,,,,,,
13347,06:27:00,,,,,,,,,,,,,,,,,,,,,,,,,
13348,06:28:00,,,,,,,,,,,,,,,,,,,,,,,,,
13349,06:29:00,,,,,,,,,,,,,,,,,,,,,,,,,
13350,06:30:00,,,,,,,,,,,,,,,,,,,,,,,,,
13351,06:31:00,,,,,,,,,,,,,,,,,,,,,,,,,
13352,06:32:00,,,,,,,,,,,,,,,,,,,,,,,,,
13353,06:33:00,,,,,,,,,,,,,,,,,,,,,,,,,
13354,06:34:00,,,,,,,,,,,,,,,,,,,,,,,,,
13355,06:35:00,,,,,,,,,,,,,,,,,,,,,,,,,
13356,06:36:00,,,,,,,,,,,,,,,,,,,,,,,,,
13357,06:37:00,,,,,,,,,,,,,,,,,,,,,,,,,
13358,06:38:00,,,,,,,,,,,,,,,,,,,,,,,,,
13359,06:39:00,,,,,,,,,,,,,,,,,,,,,,,,,
13360,06:40:00,,,,,,,,,,,,,,,,,,,,,,,,,
13361,06:41:00,,,,,,,,,,,,,,,,,,,,,,,,,
13362,06:42:00,,,,,,,,,,,,,,,,,,,,,,,,,
13363,06:43:00,,,,,,,,,,,,,,,,,,,,,,,,,
13364,06:44:00,,,,,,,,,,,,,,,,,,,,,,,,,
13365,06:45:00,,,,,,,,,,,,,,,,,,,,,,,,,
13366,06:46:00,,,,,,,,,,,,,,,,,,,,,,,,,
13367,06:47:00,,,,,,,,,,,,,,,,,,,,,,,,,
13368,06:48:00,,,,,,,,,,,,,,,,,,,,,,,,,
13369,06:49:00,,,,,,,,,,,,,,,,,,,,,,,,,
13370,06:50:00,,,,,,,,,,,,,,,,,,,,,,,,,
13371,06:51:00,,,,,,,,,,,,,,,,,,,,,,,,,
13372,06:52:00,,,,,,,,,,,,,,,,,,,,,,,,,
13373,06:53:00,,,,,,,,,,,,,,,,,,,,,,,,,
13374,06:54:00,,,,,,,,,,,,,,,,,,,,,,,,,
13375,06:55:00,,,,,,,,,,,,,,,,,,,,,,,,,
13376,06:56:00,,,,,,,,,,,,,,,,,,,,,,,,,
13377,06:57:00,,,,,,,,,,,,,,,,,,,,,,,,,
13378,06:58:00,,,,,,,,,,,,,,,,,,,,,,,,,
13379,06:59:00,,,,,,,,,,,,,,,,,,,,,,,,,
13380,07:00:00,,,,,,,,,,,,,,,,,,,,,,,,,
13381,07:01:00,,,,,,,,,,,,,,,,,,,,,,,,,
13382,07:02:00,,,,,,,,,,,,,,,,,,,,,,,,,
13383,07:03:00,,,,,,,,,,,,,,,,,,,,,,,,,
13384,07:04:00,,,,,,,,,,,,,,,,,,,,,,,,,
13385,07:05:00,,,,,,,,,,,,,,,,,,,,,,,,,
13386,07:06:00,,,,,,,,,,,,,,,,,,,,,,,,,
13387,07:07:00,,,,,,,,,,,,,,,,,,,,,,,,,
13388,07:08:00,,,,,,,,,,,,,,,,,,,,,,,,,
13389,07:09:00,,,,,,,,,,,,,,,,,,,,,,,,,
13390,07:10:00,,,,,,,,,,,,,,,,,,,,,,,,,
13391,07:11:00,,,,,,,,,,,,,,,,,,,,,,,,,
13392,07:12:00,,,,,,,,,,,,,,,,,,,,,,,,,
13393,07:13:00,,,,,,,,,,,,,,,,,,,,,,,,,
13394,07:14:00,,,,,,,,,,,,,,,,,,,,,,,,,
13395,07:15:00,,,,,,,,,,,,,,,,,,,,,,,,,
13396,07:16:00,,,,,,,,,,,,,,,,,,,,,,,,,
13397,07:17:00,,,,,,,,,,,,,,,,,,,,,,,,,
13398,07:18:00,,,,,,,,,,,,,,,,,,,,,,,,,
13399,07:19:00,,,,,,,,,,,,,,,,,,,,,,,,,
13400,07:20:00,,,,,,,,,,,,,,,,,,,,,,,,,
13401,07:21:00,,,,,,,,,,,,,,,,,,,,,,,,,
13402,07:22:00,,,,,,,,,,,,,,,,,,,,,,,,,
13403,07:23:00,,,,,,,,,,,,,,,,,,,,,,,,,
13404,07:24:00,,,,,,,,,,,,,,,,,,,,,,,,,
13405,07:25:00,,,,,,,,,,,,,,,,,,,,,,,,,
13406,07:26:00,,,,,,,,,,,,,,,,,,,,,,,,,
13407,07:27:00,,,,,,,,,,,,,,,,,,,,,,,,,
13408,07:28:00,,,,,,,,,,,,,,,,,,,,,,,,,
13409,07:29:00,,,,,,,,,,,,,,,,,,,,,,,,,
13410,07:30:00,,,,,,,,,,,,,,,,,,,,,,,,,
13411,07:31:00,,,,,,,,,,,,,,,,,,,,,,,,,
13412,07:32:00,,,,,,,,,,,,,,,,,,,,,,,,,
13413,07:33:00,,,,,,,,,,,,,,,,,,,,,,,,,
13414,07:34:00,,,,,,,,,,,,,,,,,,,,,,,,,
13415,07:35:00,,,,,,,,,,,,,,,,,,,,,,,,,
13416,07:36:00,,,,,,,,,,,,,,,,,,,,,,,,,
13417,07:37:00,,,,,,,,,,,,,,,,,,,,,,,,,
13418,07:38:00,,,,,,,,,,,,,,,,,,,,,,,,,
13419,07:39:00,,,,,,,,,,,,,,,,,,,,,,,,,
13420,07:40:00,,,,,,,,,,,,,,,,,,,,,,,,,
13421,07:41:00,,,,,,,,,,,,,,,,,,,,,,,,,
13422,07:42:00,,,,,,,,,,,,,,,,,,,,,,,,,
13423,07:43:00,,,,,,,,,,,,,,,,,,,,,,,,,
13424,07:44:00,,,,,,,,,,,,,,,,,,,,,,,,,
13425,07:45:00,,,,,,,,,,,,,,,,,,,,,,,,,
13426,07:46:00,,,,,,,,,,,,,,,,,,,,,,,,,
13427,07:47:00,,,,,,,,,,,,,,,,,,,,,,,,,
13428,07:48:00,,,,,,,,,,,,,,,,,,,,,,,,,
13429,07:49:00,,,,,,,,,,,,,,,,,,,,,,,,,
13430,07:50:00,,,,,,,,,,,,,,,,,,,,,,,,,
13431,07:51:00,,,,,,,,,,,,,,,,,,,,,,,,,
13432,07:52:00,,,,,,,,,,,,,,,,,,,,,,,,,
13433,07:53:00,,,,,,,,,,,,,,,,,,,,,,,,,
13434,07:54:00,,,,,,,,,,,,,,,,,,,,,,,,,
13435,07:55:00,,,,,,,,,,,,,,,,,,,,,,,,,
13436,07:56:00,,,,,,,,,,,,,,,,,,,,,,,,,
13437,07:57:00,,,,,,,,,,,,,,,,,,,,,,,,,
13438,07:58:00,,,,,,,,,,,,,,,,,,,,,,,,,
13439,07:59:00,,,,,,,,,,,,,,,,,,,,,,,,,
13440,08:00:00,,,,,,,,,,,,,,,,,,,,,,,,,
13441,08:01:00,,,,,,,,,,,,,,,,,,,,,,,,,
13442,08:02:00,,,,,,,,,,,,,,,,,,,,,,,,,
13443,08:03:00,,,,,,,,,,,,,,,,,,,,,,,,,
13444,08:04:00,,,,,,,,,,,,,,,,,,,,,,,,,
13445,08:05:00,,,,,,,,,,,,,,,,,,,,,,,,,
13446,08:06:00,,,,,,,,,,,,,,,,,,,,,,,,,
13447,08:07:00,,,,,,,,,,,,,,,,,,,,,,,,,
13448,08:08:00,,,,,,,,,,,,,,,,,,,,,,,,,
13449,08:09:00,,,,,,,,,,,,,,,,,,,,,,,,,
13450,08:10:00,,,,,,,,,,,,,,,,,,,,,,,,,
13451,08:11:00,,,,,,,,,,,,,,,,,,,,,,,,,
13452,08:12:00,,,,,,,,,,,,,,,,,,,,,,,,,
13453,08:13:00,,,,,,,,,,,,,,,,,,,,,,,,,
13454,08:14:00,,,,,,,,,,,,,,,,,,,,,,,,,
13455,08:15:00,,,,,,,,,,,,,,,,,,,,,,,,,
13456,08:16:00,,,,,,,,,,,,,,,,,,,,,,,,,
13457,08:17:00,,,,,,,,,,,,,,,,,,,,,,,,,
13458,08:18:00,,,,,,,,,,,,,,,,,,,,,,,,,
13459,08:19:00,,,,,,,,,,,,,,,,,,,,,,,,,
13460,08:20:00,,,,,,,,,,,,,,,,,,,,,,,,,
13461,08:21:00,,,,,,,,,,,,,,,,,,,,,,,,,
13462,08:22:00,,,,,,,,,,,,,,,,,,,,,,,,,
13463,08:23:00,,,,,,,,,,,,,,,,,,,,,,,,,
13464,08:24:00,,,,,,,,,,,,,,,,,,,,,,,,,
13465,08:25:00,,,,,,,,,,,,,,,,,,,,,,,,,
13466,08:26:00,,,,,,,,,,,,,,,,,,,,,,,,,
13467,08:27:00,,,,,,,,,,,,,,,,,,,,,,,,,
13468,08:28:00,,,,,,,,,,,,,,,,,,,,,,,,,
13469,08:29:00,,,,,,,,,,,,,,,,,,,,,,,,,
13470,08:30:00,,,,,,,,,,,,,,,,,,,,,,,,,
13471,08:31:00,,,,,,,,,,,,,,,,,,,,,,,,,
13472,08:32:00,,,,,,,,,,,,,,,,,,,,,,,,,
13473,08:33:00,,,,,,,,,,,,,,,,,,,,,,,,,
13474,08:34:00,,,,,,,,,,,,,,,,,,,,,,,,,
13475,08:35:00,,,,,,,,,,,,,,,,,,,,,,,,,
13476,08:36:00,,,,,,,,,,,,,,,,,,,,,,,,,
13477,08:37:00,,,,,,,,,,,,,,,,,,,,,,,,,
13478,08:38:00,,,,,,,,,,,,,,,,,,,,,,,,,
13479,08:39:00,,,,,,,,,,,,,,,,,,,,,,,,,
13480,08:40:00,,,,,,,,,,,,,,,,,,,,,,,,,
13481,08:41:00,,,,,,,,,,,,,,,,,,,,,,,,,
13482,08:42:00,,,,,,,,,,,,,,,,,,,,,,,,,
13483,08:43:00,,,,,,,,,,,,,,,,,,,,,,,,,
13484,08:44:00,,,,,,,,,,,,,,,,,,,,,,,,,
13485,08:45:00,,,,,,,,,,,,,,,,,,,,,,,,,
13486,08:46:00,,,,,,,,,,,,,,,,,,,,,,,,,
13487,08:47:00,,,,,,,,,,,,,,,,,,,,,,,,,
13488,08:48:00,,,,,,,,,,,,,,,,,,,,,,,,,
13489,08:49:00,,,,,,,,,,,,,,,,,,,,,,,,,
13490,08:50:00,,,,,,,,,,,,,,,,,,,,,,,,,
13491,08:51:00,,,,,,,,,,,,,,,,,,,,,,,,,
13492,08:52:00,,,,,,,,,,,,,,,,,,,,,,,,,
13493,08:53:00,,,,,,,,,,,,,,,,,,,,,,,,,
13494,08:54:00,,,,,,,,,,,,,,,,,,,,,,,,,
13495,08:55:00,,,,,,,,,,,,,,,,,,,,,,,,,
13496,08:56:00,,,,,,,,,,,,,,,,,,,,,,,,,
13497,08:57:00,,,,,,,,,,,,,,,,,,,,,,,,,
13498,08:58:00,,,,,,,,,,,,,,,,,,,,,,,,,
13499,08:59:00,,,,,,,,,,,,,,,,,,,,,,,,,
13500,09:00:00,,,,,,,,,,,,,,,,,,,,,,,,,
13501,09:01:00,,,,,,,,,,,,,,,,,,,,,,,,,
13502,09:02:00,,,,,,,,,,,,,,,,,,,,,,,,,
13503,09:03:00,,,,,,,,,,,,,,,,,,,,,,,,,
13504,09:04:00,,,,,,,,,,,,,,,,,,,,,,,,,
13505,09:05:00,,,,,,,,,,,,,,,,,,,,,,,,,
13506,09:06:00,,,,,,,,,,,,,,,,,,,,,,,,,
13507,09:07:00,,,,,,,,,,,,,,,,,,,,,,,,,
13508,09:08:00,,,,,,,,,,,,,,,,,,,,,,,,,
13509,09:09:00,,,,,,,,,,,,,,,,,,,,,,,,,
13510,09:10:00,,,,,,,,,,,,,,,,,,,,,,,,,
13511,09:11:00,,,,,,,,,,,,,,,,,,,,,,,,,
13512,09:12:00,,,,,,,,,,,,,,,,,,,,,,,,,
13513,09:13:00,,,,,,,,,,,,,,,,,,,,,,,,,
13514,09:14:00,,,,,,,,,,,,,,,,,,,,,,,,,
13515,09:15:00,,,,,,,,,,,,,,,,,,,,,,,,,
13516,09:16:00,,,,,,,,,,,,,,,,,,,,,,,,,
13517,09:17:00,,,,,,,,,,,,,,,,,,,,,,,,,
13518,09:18:00,,,,,,,,,,,,,,,,,,,,,,,,,
13519,09:19:00,,,,,,,,,,,,,,,,,,,,,,,,,
13520,09:20:00,,,,,,,,,,,,,,,,,,,,,,,,,
13521,09:21:00,,,,,,,,,,,,,,,,,,,,,,,,,
13522,09:22:00,,,,,,,,,,,,,,,,,,,,,,,,,
13523,09:23:00,,,,,,,,,,,,,,,,,,,,,,,,,
13524,09:24:00,,,,,,,,,,,,,,,,,,,,,,,,,
13525,09:25:00,,,,,,,,,,,,,,,,,,,,,,,,,
13526,09:26:00,,,,,,,,,,,,,,,,,,,,,,,,,
13527,09:27:00,,,,,,,,,,,,,,,,,,,,,,,,,
13528,09:28:00,,,,,,,,,,,,,,,,,,,,,,,,,
13529,09:29:00,,,,,,,,,,,,,,,,,,,,,,,,,
13530,09:30:00,,,,,,,,,,,,,,,,,,,,,,,,,
13531,09:31:00,,,,,,,,,,,,,,,,,,,,,,,,,
13532,09:32:00,,,,,,,,,,,,,,,,,,,,,,,,,
13533,09:33:00,,,,,,,,,,,,,,,,,,,,,,,,,
13534,09:34:00,,,,,,,,,,,,,,,,,,,,,,,,,
13535,09:35:00,,,,,,,,,,,,,,,,,,,,,,,,,
13536,09:36:00,,,,,,,,,,,,,,,,,,,,,,,,,
13537,09:37:00,,,,,,,,,,,,,,,,,,,,,,,,,
13538,09:38:00,,,,,,,,,,,,,,,,,,,,,,,,,
13539,09:39:00,,,,,,,,,,,,,,,,,,,,,,,,,
13540,09:40:00,,,,,,,,,,,,,,,,,,,,,,,,,
13541,09:41:00,,,,,,,,,,,,,,,,,,,,,,,,,
13542,09:42:00,,,,,,,,,,,,,,,,,,,,,,,,,
13543,09:43:00,,,,,,,,,,,,,,,,,,,,,,,,,
13544,09:44:00,,,,,,,,,,,,,,,,,,,,,,,,,
13545,09:45:00,,,,,,,,,,,,,,,,,,,,,,,,,
13546,09:46:00,,,,,,,,,,,,,,,,,,,,,,,,,
13547,09:47:00,,,,,,,,,,,,,,,,,,,,,,,,,
13548,09:48:00,,,,,,,,,,,,,,,,,,,,,,,,,
13549,09:49:00,,,,,,,,,,,,,,,,,,,,,,,,,
13550,09:50:00,,,,,,,,,,,,,,,,,,,,,,,,,
13551,09:51:00,,,,,,,,,,,,,,,,,,,,,,,,,
13552,09:52:00,,,,,,,,,,,,,,,,,,,,,,,,,
13553,09:53:00,,,,,,,,,,,,,,,,,,,,,,,,,
13554,09:54:00,,,,,,,,,,,,,,,,,,,,,,,,,
13555,09:55:00,,,,,,,,,,,,,,,,,,,,,,,,,
13556,09:56:00,,,,,,,,,,,,,,,,,,,,,,,,,
13557,09:57:00,,,,,,,,,,,,,,,,,,,,,,,,,
13558,09:58:00,,,,,,,,,,,,,,,,,,,,,,,,,
13559,09:59:00,,,,,,,,,,,,,,,,,,,,,,,,,
13560,10:00:00,,,,,,,,,,,,,,,,,,,,,,,,,
13561,10:01:00,,,,,,,,,,,,,,,,,,,,,,,,,
13562,10:02:00,,,,,,,,,,,,,,,,,,,,,,,,,
13563,10:03:00,,,,,,,,,,,,,,,,,,,,,,,,,
13564,10:04:00,,,,,,,,,,,,,,,,,,,,,,,,,
13565,10:05:00,,,,,,,,,,,,,,,,,,,,,,,,,
13566,10:06:00,,,,,,,,,,,,,,,,,,,,,,,,,
13567,10:07:00,,,,,,,,,,,,,,,,,,,,,,,,,
13568,10:08:00,,,,,,,,,,,,,,,,,,,,,,,,,
13569,10:09:00,,,,,,,,,,,,,,,,,,,,,,,,,
13570,10:10:00,,,,,,,,,,,,,,,,,,,,,,,,,
13571,10:11:00,,,,,,,,,,,,,,,,,,,,,,,,,
13572,10:12:00,,,,,,,,,,,,,,,,,,,,,,,,,
13573,10:13:00,,,,,,,,,,,,,,,,,,,,,,,,,
13574,10:14:00,,,,,,,,,,,,,,,,,,,,,,,,,
13575,10:15:00,,,,,,,,,,,,,,,,,,,,,,,,,
13576,10:16:00,,,,,,,,,,,,,,,,,,,,,,,,,
13577,10:17:00,,,,,,,,,,,,,,,,,,,,,,,,,
13578,10:18:00,,,,,,,,,,,,,,,,,,,,,,,,,
13579,10:19:00,,,,,,,,,,,,,,,,,,,,,,,,,
13580,10:20:00,,,,,,,,,,,,,,,,,,,,,,,,,
13581,10:21:00,,,,,,,,,,,,,,,,,,,,,,,,,
13582,10:22:00,,,,,,,,,,,,,,,,,,,,,,,,,
13583,10:23:00,,,,,,,,,,,,,,,,,,,,,,,,,
13584,10:24:00,,,,,,,,,,,,,,,,,,,,,,,,,
13585,10:25:00,,,,,,,,,,,,,,,,,,,,,,,,,
13586,10:26:00,,,,,,,,,,,,,,,,,,,,,,,,,
13587,10:27:00,,,,,,,,,,,,,,,,,,,,,,,,,
13588,10:28:00,,,,,,,,,,,,,,,,,,,,,,,,,
13589,10:29:00,,,,,,,,,,,,,,,,,,,,,,,,,
13590,10:30:00,,,,,,,,,,,,,,,,,,,,,,,,,
13591,10:31:00,,,,,,,,,,,,,,,,,,,,,,,,,
13592,10:32:00,,,,,,,,,,,,,,,,,,,,,,,,,
13593,10:33:00,,,,,,,,,,,,,,,,,,,,,,,,,
13594,10:34:00,,,,,,,,,,,,,,,,,,,,,,,,,
13595,10:35:00,,,,,,,,,,,,,,,,,,,,,,,,,
13596,10:36:00,,,,,,,,,,,,,,,,,,,,,,,,,
13597,10:37:00,,,,,,,,,,,,,,,,,,,,,,,,,
13598,10:38:00,,,,,,,,,,,,,,,,,,,,,,,,,
13599,10:39:00,,,,,,,,,,,,,,,,,,,,,,,,,
13600,10:40:00,,,,,,,,,,,,,,,,,,,,,,,,,
13601,10:41:00,,,,,,,,,,,,,,,,,,,,,,,,,
13602,10:42:00,,,,,,,,,,,,,,,,,,,,,,,,,
13603,10:43:00,,,,,,,,,,,,,,,,,,,,,,,,,
13604,10:44:00,,,,,,,,,,,,,,,,,,,,,,,,,
13605,10:45:00,,,,,,,,,,,,,,,,,,,,,,,,,
13606,10:46:00,,,,,,,,,,,,,,,,,,,,,,,,,
13607,10:47:00,,,,,,,,,,,,,,,,,,,,,,,,,
13608,10:48:00,,,,,,,,,,,,,,,,,,,,,,,,,
13609,10:49:00,,,,,,,,,,,,,,,,,,,,,,,,,
13610,10:50:00,,,,,,,,,,,,,,,,,,,,,,,,,
13611,10:51:00,,,,,,,,,,,,,,,,,,,,,,,,,
13612,10:52:00,,,,,,,,,,,,,,,,,,,,,,,,,
13613,10:53:00,,,,,,,,,,,,,,,,,,,,,,,,,
13614,10:54:00,,,,,,,,,,,,,,,,,,,,,,,,,
13615,10:55:00,,,,,,,,,,,,,,,,,,,,,,,,,
13616,10:56:00,,,,,,,,,,,,,,,,,,,,,,,,,
13617,10:57:00,,,,,,,,,,,,,,,,,,,,,,,,,
13618,10:58:00,,,,,,,,,,,,,,,,,,,,,,,,,
13619,10:59:00,,,,,,,,,,,,,,,,,,,,,,,,,
13620,11:00:00,,,,,,,,,,,,,,,,,,,,,,,,,
13621,11:01:00,,,,,,,,,,,,,,,,,,,,,,,,,
13622,11:02:00,,,,,,,,,,,,,,,,,,,,,,,,,
13623,11:03:00,,,,,,,,,,,,,,,,,,,,,,,,,
13624,11:04:00,,,,,,,,,,,,,,,,,,,,,,,,,
13625,11:05:00,,,,,,,,,,,,,,,,,,,,,,,,,
13626,11:06:00,,,,,,,,,,,,,,,,,,,,,,,,,
13627,11:07:00,,,,,,,,,,,,,,,,,,,,,,,,,
13628,11:08:00,,,,,,,,,,,,,,,,,,,,,,,,,
13629,11:09:00,,,,,,,,,,,,,,,,,,,,,,,,,
13630,11:10:00,,,,,,,,,,,,,,,,,,,,,,,,,
13631,11:11:00,,,,,,,,,,,,,,,,,,,,,,,,,
13632,11:12:00,,,,,,,,,,,,,,,,,,,,,,,,,
13633,11:13:00,,,,,,,,,,,,,,,,,,,,,,,,,
13634,11:14:00,,,,,,,,,,,,,,,,,,,,,,,,,
13635,11:15:00,,,,,,,,,,,,,,,,,,,,,,,,,
13636,11:16:00,,,,,,,,,,,,,,,,,,,,,,,,,
13637,11:17:00,,,,,,,,,,,,,,,,,,,,,,,,,
13638,11:18:00,,,,,,,,,,,,,,,,,,,,,,,,,
13639,11:19:00,,,,,,,,,,,,,,,,,,,,,,,,,
13640,11:20:00,,,,,,,,,,,,,,,,,,,,,,,,,
13641,11:21:00,,,,,,,,,,,,,,,,,,,,,,,,,
13642,11:22:00,,,,,,,,,,,,,,,,,,,,,,,,,
13643,11:23:00,,,,,,,,,,,,,,,,,,,,,,,,,
13644,11:24:00,,,,,,,,,,,,,,,,,,,,,,,,,
13645,11:25:00,,,,,,,,,,,,,,,,,,,,,,,,,
13646,11:26:00,,,,,,,,,,,,,,,,,,,,,,,,,
13647,11:27:00,,,,,,,,,,,,,,,,,,,,,,,,,
13648,11:28:00,,,,,,,,,,,,,,,,,,,,,,,,,
13649,11:29:00,,,,,,,,,,,,,,,,,,,,,,,,,
13650,11:30:00,,,,,,,,,,,,,,,,,,,,,,,,,
13651,11:31:00,,,,,,,,,,,,,,,,,,,,,,,,,
13652,11:32:00,,,,,,,,,,,,,,,,,,,,,,,,,
13653,11:33:00,,,,,,,,,,,,,,,,,,,,,,,,,
13654,11:34:00,,,,,,,,,,,,,,,,,,,,,,,,,
13655,11:35:00,,,,,,,,,,,,,,,,,,,,,,,,,
13656,11:36:00,,,,,,,,,,,,,,,,,,,,,,,,,
13657,11:37:00,,,,,,,,,,,,,,,,,,,,,,,,,
13658,11:38:00,,,,,,,,,,,,,,,,,,,,,,,,,
13659,11:39:00,,,,,,,,,,,,,,,,,,,,,,,,,
13660,11:40:00,,,,,,,,,,,,,,,,,,,,,,,,,
13661,11:41:00,,,,,,,,,,,,,,,,,,,,,,,,,
13662,11:42:00,,,,,,,,,,,,,,,,,,,,,,,,,
13663,11:43:00,,,,,,,,,,,,,,,,,,,,,,,,,
13664,11:44:00,,,,,,,,,,,,,,,,,,,,,,,,,
13665,11:45:00,,,,,,,,,,,,,,,,,,,,,,,,,
13666,11:46:00,,,,,,,,,,,,,,,,,,,,,,,,,
13667,11:47:00,,,,,,,,,,,,,,,,,,,,,,,,,
13668,11:48:00,,,,,,,,,,,,,,,,,,,,,,,,,
13669,11:49:00,,,,,,,,,,,,,,,,,,,,,,,,,
13670,11:50:00,,,,,,,,,,,,,,,,,,,,,,,,,
13671,11:51:00,,,,,,,,,,,,,,,,,,,,,,,,,
13672,11:52:00,,,,,,,,,,,,,,,,,,,,,,,,,
13673,11:53:00,,,,,,,,,,,,,,,,,,,,,,,,,
13674,11:54:00,,,,,,,,,,,,,,,,,,,,,,,,,
13675,11:55:00,,,,,,,,,,,,,,,,,,,,,,,,,
13676,11:56:00,,,,,,,,,,,,,,,,,,,,,,,,,
13677,11:57:00,,,,,,,,,,,,,,,,,,,,,,,,,
13678,11:58:00,,,,,,,,,,,,,,,,,,,,,,,,,
13679,11:59:00,,,,,,,,,,,,,,,,,,,,,,,,,
13680,12:00:00,,,,,,,,,,,,,,,,,,,,,,,,,
13681,12:01:00,,,,,,,,,,,,,,,,,,,,,,,,,
13682,12:02:00,,,,,,,,,,,,,,,,,,,,,,,,,
13683,12:03:00,,,,,,,,,,,,,,,,,,,,,,,,,
13684,12:04:00,,,,,,,,,,,,,,,,,,,,,,,,,
13685,12:05:00,,,,,,,,,,,,,,,,,,,,,,,,,
13686,12:06:00,,,,,,,,,,,,,,,,,,,,,,,,,
13687,12:07:00,,,,,,,,,,,,,,,,,,,,,,,,,
13688,12:08:00,,,,,,,,,,,,,,,,,,,,,,,,,
13689,12:09:00,,,,,,,,,,,,,,,,,,,,,,,,,
13690,12:10:00,,,,,,,,,,,,,,,,,,,,,,,,,
13691,12:11:00,,,,,,,,,,,,,,,,,,,,,,,,,
13692,12:12:00,,,,,,,,,,,,,,,,,,,,,,,,,
13693,12:13:00,,,,,,,,,,,,,,,,,,,,,,,,,
13694,12:14:00,,,,,,,,,,,,,,,,,,,,,,,,,
13695,12:15:00,,,,,,,,,,,,,,,,,,,,,,,,,
13696,12:16:00,,,,,,,,,,,,,,,,,,,,,,,,,
13697,12:17:00,,,,,,,,,,,,,,,,,,,,,,,,,
13698,12:18:00,,,,,,,,,,,,,,,,,,,,,,,,,
13699,12:19:00,,,,,,,,,,,,,,,,,,,,,,,,,
13700,12:20:00,,,,,,,,,,,,,,,,,,,,,,,,,
13701,12:21:00,,,,,,,,,,,,,,,,,,,,,,,,,
13702,12:22:00,,,,,,,,,,,,,,,,,,,,,,,,,
13703,12:23:00,,,,,,,,,,,,,,,,,,,,,,,,,
13704,12:24:00,,,,,,,,,,,,,,,,,,,,,,,,,
13705,12:25:00,,,,,,,,,,,,,,,,,,,,,,,,,
13706,12:26:00,,,,,,,,,,,,,,,,,,,,,,,,,
13707,12:27:00,,,,,,,,,,,,,,,,,,,,,,,,,
13708,12:28:00,,,,,,,,,,,,,,,,,,,,,,,,,
13709,12:29:00,,,,,,,,,,,,,,,,,,,,,,,,,
13710,12:30:00,,,,,,,,,,,,,,,,,,,,,,,,,
13711,12:31:00,,,,,,,,,,,,,,,,,,,,,,,,,
13712,12:32:00,,,,,,,,,,,,,,,,,,,,,,,,,
13713,12:33:00,,,,,,,,,,,,,,,,,,,,,,,,,
13714,12:34:00,,,,,,,,,,,,,,,,,,,,,,,,,
13715,12:35:00,,,,,,,,,,,,,,,,,,,,,,,,,
13716,12:36:00,,,,,,,,,,,,,,,,,,,,,,,,,
13717,12:37:00,,,,,,,,,,,,,,,,,,,,,,,,,
13718,12:38:00,,,,,,,,,,,,,,,,,,,,,,,,,
13719,12:39:00,,,,,,,,,,,,,,,,,,,,,,,,,
13720,12:40:00,,,,,,,,,,,,,,,,,,,,,,,,,
13721,12:41:00,,,,,,,,,,,,,,,,,,,,,,,,,
13722,12:42:00,,,,,,,,,,,,,,,,,,,,,,,,,
13723,12:43:00,,,,,,,,,,,,,,,,,,,,,,,,,
13724,12:44:00,,,,,,,,,,,,,,,,,,,,,,,,,
13725,12:45:00,,,,,,,,,,,,,,,,,,,,,,,,,
13726,12:46:00,,,,,,,,,,,,,,,,,,,,,,,,,
13727,12:47:00,,,,,,,,,,,,,,,,,,,,,,,,,
13728,12:48:00,,,,,,,,,,,,,,,,,,,,,,,,,
13729,12:49:00,,,,,,,,,,,,,,,,,,,,,,,,,
13730,12:50:00,,,,,,,,,,,,,,,,,,,,,,,,,
13731,12:51:00,,,,,,,,,,,,,,,,,,,,,,,,,
13732,12:52:00,,,,,,,,,,,,,,,,,,,,,,,,,
13733,12:53:00,,,,,,,,,,,,,,,,,,,,,,,,,
13734,12:54:00,,,,,,,,,,,,,,,,,,,,,,,,,
13735,12:55:00,,,,,,,,,,,,,,,,,,,,,,,,,
13736,12:56:00,,,,,,,,,,,,,,,,,,,,,,,,,
13737,12:57:00,,,,,,,,,,,,,,,,,,,,,,,,,
13738,12:58:00,,,,,,,,,,,,,,,,,,,,,,,,,
13739,12:59:00,,,,,,,,,,,,,,,,,,,,,,,,,
13740,13:00:00,,,,,,,,,,,,,,,,,,,,,,,,,
13741,13:01:00,,,,,,,,,,,,,,,,,,,,,,,,,
13742,13:02:00,,,,,,,,,,,,,,,,,,,,,,,,,
13743,13:03:00,,,,,,,,,,,,,,,,,,,,,,,,,
13744,13:04:00,,,,,,,,,,,,,,,,,,,,,,,,,
13745,13:05:00,,,,,,,,,,,,,,,,,,,,,,,,,
13746,13:06:00,,,,,,,,,,,,,,,,,,,,,,,,,
13747,13:07:00,,,,,,,,,,,,,,,,,,,,,,,,,
13748,13:08:00,,,,,,,,,,,,,,,,,,,,,,,,,
13749,13:09:00,,,,,,,,,,,,,,,,,,,,,,,,,
13750,13:10:00,,,,,,,,,,,,,,,,,,,,,,,,,
13751,13:11:00,,,,,,,,,,,,,,,,,,,,,,,,,
13752,13:12:00,,,,,,,,,,,,,,,,,,,,,,,,,
13753,13:13:00,,,,,,,,,,,,,,,,,,,,,,,,,
13754,13:14:00,,,,,,,,,,,,,,,,,,,,,,,,,
13755,13:15:00,,,,,,,,,,,,,,,,,,,,,,,,,
13756,13:16:00,,,,,,,,,,,,,,,,,,,,,,,,,
13757,13:17:00,,,,,,,,,,,,,,,,,,,,,,,,,
13758,13:18:00,,,,,,,,,,,,,,,,,,,,,,,,,
13759,13:19:00,,,,,,,,,,,,,,,,,,,,,,,,,
13760,13:20:00,,,,,,,,,,,,,,,,,,,,,,,,,
13761,13:21:00,,,,,,,,,,,,,,,,,,,,,,,,,
13762,13:22:00,,,,,,,,,,,,,,,,,,,,,,,,,
13763,13:23:00,,,,,,,,,,,,,,,,,,,,,,,,,
13764,13:24:00,,,,,,,,,,,,,,,,,,,,,,,,,
13765,13:25:00,,,,,,,,,,,,,,,,,,,,,,,,,
13766,13:26:00,,,,,,,,,,,,,,,,,,,,,,,,,
13767,13:27:00,,,,,,,,,,,,,,,,,,,,,,,,,
13768,13:28:00,,,,,,,,,,,,,,,,,,,,,,,,,
13769,13:29:00,,,,,,,,,,,,,,,,,,,,,,,,,
13770,13:30:00,,,,,,,,,,,,,,,,,,,,,,,,,
13771,13:31:00,,,,,,,,,,,,,,,,,,,,,,,,,
13772,13:32:00,,,,,,,,,,,,,,,,,,,,,,,,,
13773,13:33:00,,,,,,,,,,,,,,,,,,,,,,,,,
13774,13:34:00,,,,,,,,,,,,,,,,,,,,,,,,,
13775,13:35:00,,,,,,,,,,,,,,,,,,,,,,,,,
13776,13:36:00,,,,,,,,,,,,,,,,,,,,,,,,,
13777,13:37:00,,,,,,,,,,,,,,,,,,,,,,,,,
13778,13:38:00,,,,,,,,,,,,,,,,,,,,,,,,,
13779,13:39:00,,,,,,,,,,,,,,,,,,,,,,,,,
13780,13:40:00,,,,,,,,,,,,,,,,,,,,,,,,,
13781,13:41:00,,,,,,,,,,,,,,,,,,,,,,,,,
13782,13:42:00,,,,,,,,,,,,,,,,,,,,,,,,,
13783,13:43:00,,,,,,,,,,,,,,,,,,,,,,,,,
13784,13:44:00,,,,,,,,,,,,,,,,,,,,,,,,,
13785,13:45:00,,,,,,,,,,,,,,,,,,,,,,,,,
13786,13:46:00,,,,,,,,,,,,,,,,,,,,,,,,,
13787,13:47:00,,,,,,,,,,,,,,,,,,,,,,,,,
13788,13:48:00,,,,,,,,,,,,,,,,,,,,,,,,,
13789,13:49:00,,,,,,,,,,,,,,,,,,,,,,,,,
13790,13:50:00,,,,,,,,,,,,,,,,,,,,,,,,,
13791,13:51:00,,,,,,,,,,,,,,,,,,,,,,,,,
13792,13:52:00,,,,,,,,,,,,,,,,,,,,,,,,,
13793,13:53:00,,,,,,,,,,,,,,,,,,,,,,,,,
13794,13:54:00,,,,,,,,,,,,,,,,,,,,,,,,,
13795,13:55:00,,,,,,,,,,,,,,,,,,,,,,,,,
13796,13:56:00,,,,,,,,,,,,,,,,,,,,,,,,,
13797,13:57:00,,,,,,,,,,,,,,,,,,,,,,,,,
13798,13:58:00,,,,,,,,,,,,,,,,,,,,,,,,,
13799,13:59:00,,,,,,,,,,,,,,,,,,,,,,,,,
13800,14:00:00,,,,,,,,,,,,,,,,,,,,,,,,,
13801,14:01:00,,,,,,,,,,,,,,,,,,,,,,,,,
13802,14:02:00,,,,,,,,,,,,,,,,,,,,,,,,,
13803,14:03:00,,,,,,,,,,,,,,,,,,,,,,,,,
13804,14:04:00,,,,,,,,,,,,,,,,,,,,,,,,,
13805,14:05:00,,,,,,,,,,,,,,,,,,,,,,,,,
13806,14:06:00,,,,,,,,,,,,,,,,,,,,,,,,,
13807,14:07:00,,,,,,,,,,,,,,,,,,,,,,,,,
13808,14:08:00,,,,,,,,,,,,,,,,,,,,,,,,,
13809,14:09:00,,,,,,,,,,,,,,,,,,,,,,,,,
13810,14:10:00,,,,,,,,,,,,,,,,,,,,,,,,,
13811,14:11:00,,,,,,,,,,,,,,,,,,,,,,,,,
13812,14:12:00,,,,,,,,,,,,,,,,,,,,,,,,,
13813,14:13:00,,,,,,,,,,,,,,,,,,,,,,,,,
13814,14:14:00,,,,,,,,,,,,,,,,,,,,,,,,,
13815,14:15:00,,,,,,,,,,,,,,,,,,,,,,,,,
13816,14:16:00,,,,,,,,,,,,,,,,,,,,,,,,,
13817,14:17:00,,,,,,,,,,,,,,,,,,,,,,,,,
13818,14:18:00,,,,,,,,,,,,,,,,,,,,,,,,,
13819,14:19:00,,,,,,,,,,,,,,,,,,,,,,,,,
13820,14:20:00,,,,,,,,,,,,,,,,,,,,,,,,,
13821,14:21:00,,,,,,,,,,,,,,,,,,,,,,,,,
13822,14:22:00,,,,,,,,,,,,,,,,,,,,,,,,,
13823,14:23:00,,,,,,,,,,,,,,,,,,,,,,,,,
13824,14:24:00,,,,,,,,,,,,,,,,,,,,,,,,,
13825,14:25:00,,,,,,,,,,,,,,,,,,,,,,,,,
13826,14:26:00,,,,,,,,,,,,,,,,,,,,,,,,,
13827,14:27:00,,,,,,,,,,,,,,,,,,,,,,,,,
13828,14:28:00,,,,,,,,,,,,,,,,,,,,,,,,,
13829,14:29:00,,,,,,,,,,,,,,,,,,,,,,,,,
13830,14:30:00,,,,,,,,,,,,,,,,,,,,,,,,,
13831,14:31:00,,,,,,,,,,,,,,,,,,,,,,,,,
13832,14:32:00,,,,,,,,,,,,,,,,,,,,,,,,,
13833,14:33:00,,,,,,,,,,,,,,,,,,,,,,,,,
13834,14:34:00,,,,,,,,,,,,,,,,,,,,,,,,,
13835,14:35:00,,,,,,,,,,,,,,,,,,,,,,,,,
13836,14:36:00,,,,,,,,,,,,,,,,,,,,,,,,,
13837,14:37:00,,,,,,,,,,,,,,,,,,,,,,,,,
13838,14:38:00,,,,,,,,,,,,,,,,,,,,,,,,,
13839,14:39:00,,,,,,,,,,,,,,,,,,,,,,,,,
13840,14:40:00,,,,,,,,,,,,,,,,,,,,,,,,,
13841,14:41:00,,,,,,,,,,,,,,,,,,,,,,,,,
13842,14:42:00,,,,,,,,,,,,,,,,,,,,,,,,,
13843,14:43:00,,,,,,,,,,,,,,,,,,,,,,,,,
13844,14:44:00,,,,,,,,,,,,,,,,,,,,,,,,,
13845,14:45:00,,,,,,,,,,,,,,,,,,,,,,,,,
13846,14:46:00,,,,,,,,,,,,,,,,,,,,,,,,,
13847,14:47:00,,,,,,,,,,,,,,,,,,,,,,,,,
13848,14:48:00,,,,,,,,,,,,,,,,,,,,,,,,,
13849,14:49:00,,,,,,,,,,,,,,,,,,,,,,,,,
13850,14:50:00,,,,,,,,,,,,,,,,,,,,,,,,,
13851,14:51:00,,,,,,,,,,,,,,,,,,,,,,,,,
13852,14:52:00,,,,,,,,,,,,,,,,,,,,,,,,,
13853,14:53:00,,,,,,,,,,,,,,,,,,,,,,,,,
13854,14:54:00,,,,,,,,,,,,,,,,,,,,,,,,,
13855,14:55:00,,,,,,,,,,,,,,,,,,,,,,,,,
13856,14:56:00,,,,,,,,,,,,,,,,,,,,,,,,,
13857,14:57:00,,,,,,,,,,,,,,,,,,,,,,,,,
13858,14:58:00,,,,,,,,,,,,,,,,,,,,,,,,,
13859,14:59:00,,,,,,,,,,,,,,,,,,,,,,,,,
13860,15:00:00,,,,,,,,,,,,,,,,,,,,,,,,,
13861,15:01:00,,,,,,,,,,,,,,,,,,,,,,,,,
13862,15:02:00,,,,,,,,,,,,,,,,,,,,,,,,,
13863,15:03:00,,,,,,,,,,,,,,,,,,,,,,,,,
13864,15:04:00,,,,,,,,,,,,,,,,,,,,,,,,,
13865,15:05:00,,,,,,,,,,,,,,,,,,,,,,,,,
13866,15:06:00,,,,,,,,,,,,,,,,,,,,,,,,,
13867,15:07:00,,,,,,,,,,,,,,,,,,,,,,,,,
13868,15:08:00,,,,,,,,,,,,,,,,,,,,,,,,,
13869,15:09:00,,,,,,,,,,,,,,,,,,,,,,,,,
13870,15:10:00,,,,,,,,,,,,,,,,,,,,,,,,,
13871,15:11:00,,,,,,,,,,,,,,,,,,,,,,,,,
13872,15:12:00,,,,,,,,,,,,,,,,,,,,,,,,,
13873,15:13:00,,,,,,,,,,,,,,,,,,,,,,,,,
13874,15:14:00,,,,,,,,,,,,,,,,,,,,,,,,,
13875,15:15:00,,,,,,,,,,,,,,,,,,,,,,,,,
13876,15:16:00,,,,,,,,,,,,,,,,,,,,,,,,,
13877,15:17:00,,,,,,,,,,,,,,,,,,,,,,,,,
13878,15:18:00,,,,,,,,,,,,,,,,,,,,,,,,,
13879,15:19:00,,,,,,,,,,,,,,,,,,,,,,,,,
13880,15:20:00,,,,,,,,,,,,,,,,,,,,,,,,,
13881,15:21:00,,,,,,,,,,,,,,,,,,,,,,,,,
13882,15:22:00,,,,,,,,,,,,,,,,,,,,,,,,,
13883,15:23:00,,,,,,,,,,,,,,,,,,,,,,,,,
13884,15:24:00,,,,,,,,,,,,,,,,,,,,,,,,,
13885,15:25:00,,,,,,,,,,,,,,,,,,,,,,,,,
13886,15:26:00,,,,,,,,,,,,,,,,,,,,,,,,,
13887,15:27:00,,,,,,,,,,,,,,,,,,,,,,,,,
13888,15:28:00,,,,,,,,,,,,,,,,,,,,,,,,,
13889,15:29:00,,,,,,,,,,,,,,,,,,,,,,,,,
13890,15:30:00,,,,,,,,,,,,,,,,,,,,,,,,,
13891,15:31:00,,,,,,,,,,,,,,,,,,,,,,,,,
13892,15:32:00,,,,,,,,,,,,,,,,,,,,,,,,,
13893,15:33:00,,,,,,,,,,,,,,,,,,,,,,,,,
13894,15:34:00,,,,,,,,,,,,,,,,,,,,,,,,,
13895,15:35:00,,,,,,,,,,,,,,,,,,,,,,,,,
13896,15:36:00,,,,,,,,,,,,,,,,,,,,,,,,,
13897,15:37:00,,,,,,,,,,,,,,,,,,,,,,,,,
13898,15:38:00,,,,,,,,,,,,,,,,,,,,,,,,,
13899,15:39:00,,,,,,,,,,,,,,,,,,,,,,,,,
13900,15:40:00,,,,,,,,,,,,,,,,,,,,,,,,,
13901,15:41:00,,,,,,,,,,,,,,,,,,,,,,,,,
13902,15:42:00,,,,,,,,,,,,,,,,,,,,,,,,,
13903,15:43:00,,,,,,,,,,,,,,,,,,,,,,,,,
13904,15:44:00,,,,,,,,,,,,,,,,,,,,,,,,,
13905,15:45:00,,,,,,,,,,,,,,,,,,,,,,,,,
13906,15:46:00,,,,,,,,,,,,,,,,,,,,,,,,,
13907,15:47:00,,,,,,,,,,,,,,,,,,,,,,,,,
13908,15:48:00,,,,,,,,,,,,,,,,,,,,,,,,,
13909,15:49:00,,,,,,,,,,,,,,,,,,,,,,,,,
13910,15:50:00,,,,,,,,,,,,,,,,,,,,,,,,,
13911,15:51:00,,,,,,,,,,,,,,,,,,,,,,,,,
13912,15:52:00,,,,,,,,,,,,,,,,,,,,,,,,,
13913,15:53:00,,,,,,,,,,,,,,,,,,,,,,,,,
13914,15:54:00,,,,,,,,,,,,,,,,,,,,,,,,,
13915,15:55:00,,,,,,,,,,,,,,,,,,,,,,,,,
13916,15:56:00,,,,,,,,,,,,,,,,,,,,,,,,,
13917,15:57:00,,,,,,,,,,,,,,,,,,,,,,,,,
13918,15:58:00,,,,,,,,,,,,,,,,,,,,,,,,,
13919,15:59:00,,,,,,,,,,,,,,,,,,,,,,,,,
13920,16:00:00,,,,,,,,,,,,,,,,,,,,,,,,,
13921,16:01:00,,,,,,,,,,,,,,,,,,,,,,,,,
13922,16:02:00,,,,,,,,,,,,,,,,,,,,,,,,,
13923,16:03:00,,,,,,,,,,,,,,,,,,,,,,,,,
13924,16:04:00,,,,,,,,,,,,,,,,,,,,,,,,,
13925,16:05:00,,,,,,,,,,,,,,,,,,,,,,,,,
13926,16:06:00,,,,,,,,,,,,,,,,,,,,,,,,,
13927,16:07:00,,,,,,,,,,,,,,,,,,,,,,,,,
13928,16:08:00,,,,,,,,,,,,,,,,,,,,,,,,,
13929,16:09:00,,,,,,,,,,,,,,,,,,,,,,,,,
13930,16:10:00,,,,,,,,,,,,,,,,,,,,,,,,,
13931,16:11:00,,,,,,,,,,,,,,,,,,,,,,,,,
13932,16:12:00,,,,,,,,,,,,,,,,,,,,,,,,,
13933,16:13:00,,,,,,,,,,,,,,,,,,,,,,,,,
13934,16:14:00,,,,,,,,,,,,,,,,,,,,,,,,,
13935,16:15:00,,,,,,,,,,,,,,,,,,,,,,,,,
13936,16:16:00,,,,,,,,,,,,,,,,,,,,,,,,,
13937,16:17:00,,,,,,,,,,,,,,,,,,,,,,,,,
13938,16:18:00,,,,,,,,,,,,,,,,,,,,,,,,,
13939,16:19:00,,,,,,,,,,,,,,,,,,,,,,,,,
13940,16:20:00,,,,,,,,,,,,,,,,,,,,,,,,,
13941,16:21:00,,,,,,,,,,,,,,,,,,,,,,,,,
13942,16:22:00,,,,,,,,,,,,,,,,,,,,,,,,,
13943,16:23:00,,,,,,,,,,,,,,,,,,,,,,,,,
13944,16:24:00,,,,,,,,,,,,,,,,,,,,,,,,,
13945,16:25:00,,,,,,,,,,,,,,,,,,,,,,,,,
13946,16:26:00,,,,,,,,,,,,,,,,,,,,,,,,,
13947,16:27:00,,,,,,,,,,,,,,,,,,,,,,,,,
13948,16:28:00,,,,,,,,,,,,,,,,,,,,,,,,,
13949,16:29:00,,,,,,,,,,,,,,,,,,,,,,,,,
13950,16:30:00,,,,,,,,,,,,,,,,,,,,,,,,,
13951,16:31:00,,,,,,,,,,,,,,,,,,,,,,,,,
13952,16:32:00,,,,,,,,,,,,,,,,,,,,,,,,,
13953,16:33:00,,,,,,,,,,,,,,,,,,,,,,,,,
13954,16:34:00,,,,,,,,,,,,,,,,,,,,,,,,,
13955,16:35:00,,,,,,,,,,,,,,,,,,,,,,,,,
13956,16:36:00,,,,,,,,,,,,,,,,,,,,,,,,,
13957,16:37:00,,,,,,,,,,,,,,,,,,,,,,,,,
13958,16:38:00,,,,,,,,,,,,,,,,,,,,,,,,,
13959,16:39:00,,,,,,,,,,,,,,,,,,,,,,,,,
13960,16:40:00,,,,,,,,,,,,,,,,,,,,,,,,,
13961,16:41:00,,,,,,,,,,,,,,,,,,,,,,,,,
13962,16:42:00,,,,,,,,,,,,,,,,,,,,,,,,,
13963,16:43:00,,,,,,,,,,,,,,,,,,,,,,,,,
13964,16:44:00,,,,,,,,,,,,,,,,,,,,,,,,,
13965,16:45:00,,,,,,,,,,,,,,,,,,,,,,,,,
13966,16:46:00,,,,,,,,,,,,,,,,,,,,,,,,,
13967,16:47:00,,,,,,,,,,,,,,,,,,,,,,,,,
13968,16:48:00,,,,,,,,,,,,,,,,,,,,,,,,,
13969,16:49:00,,,,,,,,,,,,,,,,,,,,,,,,,
13970,16:50:00,,,,,,,,,,,,,,,,,,,,,,,,,
13971,16:51:00,,,,,,,,,,,,,,,,,,,,,,,,,
13972,16:52:00,,,,,,,,,,,,,,,,,,,,,,,,,
13973,16:53:00,,,,,,,,,,,,,,,,,,,,,,,,,
13974,16:54:00,,,,,,,,,,,,,,,,,,,,,,,,,
13975,16:55:00,,,,,,,,,,,,,,,,,,,,,,,,,
13976,16:56:00,,,,,,,,,,,,,,,,,,,,,,,,,
13977,16:57:00,,,,,,,,,,,,,,,,,,,,,,,,,
13978,16:58:00,,,,,,,,,,,,,,,,,,,,,,,,,
13979,16:59:00,,,,,,,,,,,,,,,,,,,,,,,,,
13980,17:00:00,,,,,,,,,,,,,,,,,,,,,,,,,
13981,17:01:00,,,,,,,,,,,,,,,,,,,,,,,,,
13982,17:02:00,,,,,,,,,,,,,,,,,,,,,,,,,
13983,17:03:00,,,,,,,,,,,,,,,,,,,,,,,,,
13984,17:04:00,,,,,,,,,,,,,,,,,,,,,,,,,
13985,17:05:00,,,,,,,,,,,,,,,,,,,,,,,,,
13986,17:06:00,,,,,,,,,,,,,,,,,,,,,,,,,
13987,17:07:00,,,,,,,,,,,,,,,,,,,,,,,,,
13988,17:08:00,,,,,,,,,,,,,,,,,,,,,,,,,
13989,17:09:00,,,,,,,,,,,,,,,,,,,,,,,,,
13990,17:10:00,,,,,,,,,,,,,,,,,,,,,,,,,
13991,17:11:00,,,,,,,,,,,,,,,,,,,,,,,,,
13992,17:12:00,,,,,,,,,,,,,,,,,,,,,,,,,
13993,17:13:00,,,,,,,,,,,,,,,,,,,,,,,,,
13994,17:14:00,,,,,,,,,,,,,,,,,,,,,,,,,
13995,17:15:00,,,,,,,,,,,,,,,,,,,,,,,,,
13996,17:16:00,,,,,,,,,,,,,,,,,,,,,,,,,
13997,17:17:00,,,,,,,,,,,,,,,,,,,,,,,,,
13998,17:18:00,,,,,,,,,,,,,,,,,,,,,,,,,
13999,17:19:00,,,,,,,,,,,,,,,,,,,,,,,,,
14000,17:20:00,,,,,,,,,,,,,,,,,,,,,,,,,
14001,17:21:00,,,,,,,,,,,,,,,,,,,,,,,,,
14002,17:22:00,,,,,,,,,,,,,,,,,,,,,,,,,
14003,17:23:00,,,,,,,,,,,,,,,,,,,,,,,,,
14004,17:24:00,,,,,,,,,,,,,,,,,,,,,,,,,
14005,17:25:00,,,,,,,,,,,,,,,,,,,,,,,,,
14006,17:26:00,,,,,,,,,,,,,,,,,,,,,,,,,
14007,17:27:00,,,,,,,,,,,,,,,,,,,,,,,,,
14008,17:28:00,,,,,,,,,,,,,,,,,,,,,,,,,
14009,17:29:00,,,,,,,,,,,,,,,,,,,,,,,,,
14010,17:30:00,,,,,,,,,,,,,,,,,,,,,,,,,
14011,17:31:00,,,,,,,,,,,,,,,,,,,,,,,,,
14012,17:32:00,,,,,,,,,,,,,,,,,,,,,,,,,
14013,17:33:00,,,,,,,,,,,,,,,,,,,,,,,,,
14014,17:34:00,,,,,,,,,,,,,,,,,,,,,,,,,
14015,17:35:00,,,,,,,,,,,,,,,,,,,,,,,,,
14016,17:36:00,,,,,,,,,,,,,,,,,,,,,,,,,
14017,17:37:00,,,,,,,,,,,,,,,,,,,,,,,,,
14018,17:38:00,,,,,,,,,,,,,,,,,,,,,,,,,
14019,17:39:00,,,,,,,,,,,,,,,,,,,,,,,,,
14020,17:40:00,,,,,,,,,,,,,,,,,,,,,,,,,
14021,17:41:00,,,,,,,,,,,,,,,,,,,,,,,,,
14022,17:42:00,,,,,,,,,,,,,,,,,,,,,,,,,
14023,17:43:00,,,,,,,,,,,,,,,,,,,,,,,,,
14024,17:44:00,,,,,,,,,,,,,,,,,,,,,,,,,
14025,17:45:00,,,,,,,,,,,,,,,,,,,,,,,,,
14026,17:46:00,,,,,,,,,,,,,,,,,,,,,,,,,
14027,17:47:00,,,,,,,,,,,,,,,,,,,,,,,,,
14028,17:48:00,,,,,,,,,,,,,,,,,,,,,,,,,
14029,17:49:00,,,,,,,,,,,,,,,,,,,,,,,,,
14030,17:50:00,,,,,,,,,,,,,,,,,,,,,,,,,
14031,17:51:00,,,,,,,,,,,,,,,,,,,,,,,,,
14032,17:52:00,,,,,,,,,,,,,,,,,,,,,,,,,
14033,17:53:00,,,,,,,,,,,,,,,,,,,,,,,,,
14034,17:54:00,,,,,,,,,,,,,,,,,,,,,,,,,
14035,17:55:00,,,,,,,,,,,,,,,,,,,,,,,,,
14036,17:56:00,,,,,,,,,,,,,,,,,,,,,,,,,
14037,17:57:00,,,,,,,,,,,,,,,,,,,,,,,,,
14038,17:58:00,,,,,,,,,,,,,,,,,,,,,,,,,
14039,17:59:00,,,,,,,,,,,,,,,,,,,,,,,,,
14040,18:00:00,,,,,,,,,,,,,,,,,,,,,,,,,
14041,18:01:00,,,,,,,,,,,,,,,,,,,,,,,,,
14042,18:02:00,,,,,,,,,,,,,,,,,,,,,,,,,
14043,18:03:00,,,,,,,,,,,,,,,,,,,,,,,,,
14044,18:04:00,,,,,,,,,,,,,,,,,,,,,,,,,
14045,18:05:00,,,,,,,,,,,,,,,,,,,,,,,,,
14046,18:06:00,,,,,,,,,,,,,,,,,,,,,,,,,
14047,18:07:00,,,,,,,,,,,,,,,,,,,,,,,,,
14048,18:08:00,,,,,,,,,,,,,,,,,,,,,,,,,
14049,18:09:00,,,,,,,,,,,,,,,,,,,,,,,,,
14050,18:10:00,,,,,,,,,,,,,,,,,,,,,,,,,
14051,18:11:00,,,,,,,,,,,,,,,,,,,,,,,,,
14052,18:12:00,,,,,,,,,,,,,,,,,,,,,,,,,
14053,18:13:00,,,,,,,,,,,,,,,,,,,,,,,,,
14054,18:14:00,,,,,,,,,,,,,,,,,,,,,,,,,
14055,18:15:00,,,,,,,,,,,,,,,,,,,,,,,,,
14056,18:16:00,,,,,,,,,,,,,,,,,,,,,,,,,
14057,18:17:00,,,,,,,,,,,,,,,,,,,,,,,,,
14058,18:18:00,,,,,,,,,,,,,,,,,,,,,,,,,
14059,18:19:00,,,,,,,,,,,,,,,,,,,,,,,,,
14060,18:20:00,,,,,,,,,,,,,,,,,,,,,,,,,
14061,18:21:00,,,,,,,,,,,,,,,,,,,,,,,,,
14062,18:22:00,,,,,,,,,,,,,,,,,,,,,,,,,
14063,18:23:00,,,,,,,,,,,,,,,,,,,,,,,,,
14064,18:24:00,,,,,,,,,,,,,,,,,,,,,,,,,
14065,18:25:00,,,,,,,,,,,,,,,,,,,,,,,,,
14066,18:26:00,,,,,,,,,,,,,,,,,,,,,,,,,
14067,18:27:00,,,,,,,,,,,,,,,,,,,,,,,,,
14068,18:28:00,,,,,,,,,,,,,,,,,,,,,,,,,
14069,18:29:00,,,,,,,,,,,,,,,,,,,,,,,,,
14070,18:30:00,,,,,,,,,,,,,,,,,,,,,,,,,
14071,18:31:00,,,,,,,,,,,,,,,,,,,,,,,,,
14072,18:32:00,,,,,,,,,,,,,,,,,,,,,,,,,
14073,18:33:00,,,,,,,,,,,,,,,,,,,,,,,,,
14074,18:34:00,,,,,,,,,,,,,,,,,,,,,,,,,
14075,18:35:00,,,,,,,,,,,,,,,,,,,,,,,,,
14076,18:36:00,,,,,,,,,,,,,,,,,,,,,,,,,
14077,18:37:00,,,,,,,,,,,,,,,,,,,,,,,,,
14078,18:38:00,,,,,,,,,,,,,,,,,,,,,,,,,
14079,18:39:00,,,,,,,,,,,,,,,,,,,,,,,,,
14080,18:40:00,,,,,,,,,,,,,,,,,,,,,,,,,
14081,18:41:00,,,,,,,,,,,,,,,,,,,,,,,,,
14082,18:42:00,,,,,,,,,,,,,,,,,,,,,,,,,
14083,18:43:00,,,,,,,,,,,,,,,,,,,,,,,,,
14084,18:44:00,,,,,,,,,,,,,,,,,,,,,,,,,
14085,18:45:00,,,,,,,,,,,,,,,,,,,,,,,,,
14086,18:46:00,,,,,,,,,,,,,,,,,,,,,,,,,
14087,18:47:00,,,,,,,,,,,,,,,,,,,,,,,,,
14088,18:48:00,,,,,,,,,,,,,,,,,,,,,,,,,
14089,18:49:00,,,,,,,,,,,,,,,,,,,,,,,,,
14090,18:50:00,,,,,,,,,,,,,,,,,,,,,,,,,
14091,18:51:00,,,,,,,,,,,,,,,,,,,,,,,,,
14092,18:52:00,,,,,,,,,,,,,,,,,,,,,,,,,
14093,18:53:00,,,,,,,,,,,,,,,,,,,,,,,,,
14094,18:54:00,,,,,,,,,,,,,,,,,,,,,,,,,
14095,18:55:00,,,,,,,,,,,,,,,,,,,,,,,,,
14096,18:56:00,,,,,,,,,,,,,,,,,,,,,,,,,
14097,18:57:00,,,,,,,,,,,,,,,,,,,,,,,,,
14098,18:58:00,,,,,,,,,,,,,,,,,,,,,,,,,
14099,18:59:00,,,,,,,,,,,,,,,,,,,,,,,,,
14100,19:00:00,,,,,,,,,,,,,,,,,,,,,,,,,
14101,19:01:00,,,,,,,,,,,,,,,,,,,,,,,,,
14102,19:02:00,,,,,,,,,,,,,,,,,,,,,,,,,
14103,19:03:00,,,,,,,,,,,,,,,,,,,,,,,,,
14104,19:04:00,,,,,,,,,,,,,,,,,,,,,,,,,
14105,19:05:00,,,,,,,,,,,,,,,,,,,,,,,,,
14106,19:06:00,,,,,,,,,,,,,,,,,,,,,,,,,
14107,19:07:00,,,,,,,,,,,,,,,,,,,,,,,,,
14108,19:08:00,,,,,,,,,,,,,,,,,,,,,,,,,
14109,19:09:00,,,,,,,,,,,,,,,,,,,,,,,,,
14110,19:10:00,,,,,,,,,,,,,,,,,,,,,,,,,
14111,19:11:00,,,,,,,,,,,,,,,,,,,,,,,,,
14112,19:12:00,,,,,,,,,,,,,,,,,,,,,,,,,
14113,19:13:00,,,,,,,,,,,,,,,,,,,,,,,,,
14114,19:14:00,,,,,,,,,,,,,,,,,,,,,,,,,
14115,19:15:00,,,,,,,,,,,,,,,,,,,,,,,,,
14116,19:16:00,,,,,,,,,,,,,,,,,,,,,,,,,
14117,19:17:00,,,,,,,,,,,,,,,,,,,,,,,,,
14118,19:18:00,,,,,,,,,,,,,,,,,,,,,,,,,
14119,19:19:00,,,,,,,,,,,,,,,,,,,,,,,,,
14120,19:20:00,,,,,,,,,,,,,,,,,,,,,,,,,
14121,19:21:00,,,,,,,,,,,,,,,,,,,,,,,,,
14122,19:22:00,,,,,,,,,,,,,,,,,,,,,,,,,
14123,19:23:00,,,,,,,,,,,,,,,,,,,,,,,,,
14124,19:24:00,,,,,,,,,,,,,,,,,,,,,,,,,
14125,19:25:00,,,,,,,,,,,,,,,,,,,,,,,,,
14126,19:26:00,,,,,,,,,,,,,,,,,,,,,,,,,
14127,19:27:00,,,,,,,,,,,,,,,,,,,,,,,,,
14128,19:28:00,,,,,,,,,,,,,,,,,,,,,,,,,
14129,19:29:00,,,,,,,,,,,,,,,,,,,,,,,,,
14130,19:30:00,,,,,,,,,,,,,,,,,,,,,,,,,
14131,19:31:00,,,,,,,,,,,,,,,,,,,,,,,,,
14132,19:32:00,,,,,,,,,,,,,,,,,,,,,,,,,
14133,19:33:00,,,,,,,,,,,,,,,,,,,,,,,,,
14134,19:34:00,,,,,,,,,,,,,,,,,,,,,,,,,
14135,19:35:00,,,,,,,,,,,,,,,,,,,,,,,,,
14136,19:36:00,,,,,,,,,,,,,,,,,,,,,,,,,
14137,19:37:00,,,,,,,,,,,,,,,,,,,,,,,,,
14138,19:38:00,,,,,,,,,,,,,,,,,,,,,,,,,
14139,19:39:00,,,,,,,,,,,,,,,,,,,,,,,,,
14140,19:40:00,,,,,,,,,,,,,,,,,,,,,,,,,
14141,19:41:00,,,,,,,,,,,,,,,,,,,,,,,,,
14142,19:42:00,,,,,,,,,,,,,,,,,,,,,,,,,
14143,19:43:00,,,,,,,,,,,,,,,,,,,,,,,,,
14144,19:44:00,,,,,,,,,,,,,,,,,,,,,,,,,
14145,19:45:00,,,,,,,,,,,,,,,,,,,,,,,,,
14146,19:46:00,,,,,,,,,,,,,,,,,,,,,,,,,
14147,19:47:00,,,,,,,,,,,,,,,,,,,,,,,,,
14148,19:48:00,,,,,,,,,,,,,,,,,,,,,,,,,
14149,19:49:00,,,,,,,,,,,,,,,,,,,,,,,,,
14150,19:50:00,,,,,,,,,,,,,,,,,,,,,,,,,
14151,19:51:00,,,,,,,,,,,,,,,,,,,,,,,,,
14152,19:52:00,,,,,,,,,,,,,,,,,,,,,,,,,
14153,19:53:00,,,,,,,,,,,,,,,,,,,,,,,,,
14154,19:54:00,,,,,,,,,,,,,,,,,,,,,,,,,
14155,19:55:00,,,,,,,,,,,,,,,,,,,,,,,,,
14156,19:56:00,,,,,,,,,,,,,,,,,,,,,,,,,
14157,19:57:00,,,,,,,,,,,,,,,,,,,,,,,,,
14158,19:58:00,,,,,,,,,,,,,,,,,,,,,,,,,
14159,19:59:00,,,,,,,,,,,,,,,,,,,,,,,,,
14160,20:00:00,,,,,,,,,,,,,,,,,,,,,,,,,
14161,20:01:00,,,,,,,,,,,,,,,,,,,,,,,,,
14162,20:02:00,,,,,,,,,,,,,,,,,,,,,,,,,
14163,20:03:00,,,,,,,,,,,,,,,,,,,,,,,,,
14164,20:04:00,,,,,,,,,,,,,,,,,,,,,,,,,
14165,20:05:00,,,,,,,,,,,,,,,,,,,,,,,,,
14166,20:06:00,,,,,,,,,,,,,,,,,,,,,,,,,
14167,20:07:00,,,,,,,,,,,,,,,,,,,,,,,,,
14168,20:08:00,,,,,,,,,,,,,,,,,,,,,,,,,
14169,20:09:00,,,,,,,,,,,,,,,,,,,,,,,,,
14170,20:10:00,,,,,,,,,,,,,,,,,,,,,,,,,
14171,20:11:00,,,,,,,,,,,,,,,,,,,,,,,,,
14172,20:12:00,,,,,,,,,,,,,,,,,,,,,,,,,
14173,20:13:00,,,,,,,,,,,,,,,,,,,,,,,,,
14174,20:14:00,,,,,,,,,,,,,,,,,,,,,,,,,
14175,20:15:00,,,,,,,,,,,,,,,,,,,,,,,,,
14176,20:16:00,,,,,,,,,,,,,,,,,,,,,,,,,
14177,20:17:00,,,,,,,,,,,,,,,,,,,,,,,,,
14178,20:18:00,,,,,,,,,,,,,,,,,,,,,,,,,
14179,20:19:00,,,,,,,,,,,,,,,,,,,,,,,,,
14180,20:20:00,,,,,,,,,,,,,,,,,,,,,,,,,
14181,20:21:00,,,,,,,,,,,,,,,,,,,,,,,,,
14182,20:22:00,,,,,,,,,,,,,,,,,,,,,,,,,
14183,20:23:00,,,,,,,,,,,,,,,,,,,,,,,,,
14184,20:24:00,,,,,,,,,,,,,,,,,,,,,,,,,
14185,20:25:00,,,,,,,,,,,,,,,,,,,,,,,,,
14186,20:26:00,,,,,,,,,,,,,,,,,,,,,,,,,
14187,20:27:00,,,,,,,,,,,,,,,,,,,,,,,,,
14188,20:28:00,,,,,,,,,,,,,,,,,,,,,,,,,
14189,20:29:00,,,,,,,,,,,,,,,,,,,,,,,,,
14190,20:30:00,,,,,,,,,,,,,,,,,,,,,,,,,
14191,20:31:00,,,,,,,,,,,,,,,,,,,,,,,,,
14192,20:32:00,,,,,,,,,,,,,,,,,,,,,,,,,
14193,20:33:00,,,,,,,,,,,,,,,,,,,,,,,,,
14194,20:34:00,,,,,,,,,,,,,,,,,,,,,,,,,
14195,20:35:00,,,,,,,,,,,,,,,,,,,,,,,,,
14196,20:36:00,,,,,,,,,,,,,,,,,,,,,,,,,
14197,20:37:00,,,,,,,,,,,,,,,,,,,,,,,,,
14198,20:38:00,,,,,,,,,,,,,,,,,,,,,,,,,
14199,20:39:00,,,,,,,,,,,,,,,,,,,,,,,,,
14200,20:40:00,,,,,,,,,,,,,,,,,,,,,,,,,
14201,20:41:00,,,,,,,,,,,,,,,,,,,,,,,,,
14202,20:42:00,,,,,,,,,,,,,,,,,,,,,,,,,
14203,20:43:00,,,,,,,,,,,,,,,,,,,,,,,,,
14204,20:44:00,,,,,,,,,,,,,,,,,,,,,,,,,
14205,20:45:00,,,,,,,,,,,,,,,,,,,,,,,,,
14206,20:46:00,,,,,,,,,,,,,,,,,,,,,,,,,
14207,20:47:00,,,,,,,,,,,,,,,,,,,,,,,,,
14208,20:48:00,,,,,,,,,,,,,,,,,,,,,,,,,
14209,20:49:00,,,,,,,,,,,,,,,,,,,,,,,,,
14210,20:50:00,,,,,,,,,,,,,,,,,,,,,,,,,
14211,20:51:00,,,,,,,,,,,,,,,,,,,,,,,,,
14212,20:52:00,,,,,,,,,,,,,,,,,,,,,,,,,
14213,20:53:00,,,,,,,,,,,,,,,,,,,,,,,,,
14214,20:54:00,,,,,,,,,,,,,,,,,,,,,,,,,
14215,20:55:00,,,,,,,,,,,,,,,,,,,,,,,,,
14216,20:56:00,,,,,,,,,,,,,,,,,,,,,,,,,
14217,20:57:00,,,,,,,,,,,,,,,,,,,,,,,,,
14218,20:58:00,,,,,,,,,,,,,,,,,,,,,,,,,
14219,20:59:00,,,,,,,,,,,,,,,,,,,,,,,,,
14220,21:00:00,,,,,,,,,,,,,,,,,,,,,,,,,
14221,21:01:00,,,,,,,,,,,,,,,,,,,,,,,,,
14222,21:02:00,,,,,,,,,,,,,,,,,,,,,,,,,
14223,21:03:00,,,,,,,,,,,,,,,,,,,,,,,,,
14224,21:04:00,,,,,,,,,,,,,,,,,,,,,,,,,
14225,21:05:00,,,,,,,,,,,,,,,,,,,,,,,,,
14226,21:06:00,,,,,,,,,,,,,,,,,,,,,,,,,
14227,21:07:00,,,,,,,,,,,,,,,,,,,,,,,,,
14228,21:08:00,,,,,,,,,,,,,,,,,,,,,,,,,
14229,21:09:00,,,,,,,,,,,,,,,,,,,,,,,,,
14230,21:10:00,,,,,,,,,,,,,,,,,,,,,,,,,
14231,21:11:00,,,,,,,,,,,,,,,,,,,,,,,,,
14232,21:12:00,,,,,,,,,,,,,,,,,,,,,,,,,
14233,21:13:00,,,,,,,,,,,,,,,,,,,,,,,,,
14234,21:14:00,,,,,,,,,,,,,,,,,,,,,,,,,
14235,21:15:00,,,,,,,,,,,,,,,,,,,,,,,,,
14236,21:16:00,,,,,,,,,,,,,,,,,,,,,,,,,
14237,21:17:00,,,,,,,,,,,,,,,,,,,,,,,,,
14238,21:18:00,,,,,,,,,,,,,,,,,,,,,,,,,
14239,21:19:00,,,,,,,,,,,,,,,,,,,,,,,,,
14240,21:20:00,,,,,,,,,,,,,,,,,,,,,,,,,
14241,21:21:00,,,,,,,,,,,,,,,,,,,,,,,,,
14242,21:22:00,,,,,,,,,,,,,,,,,,,,,,,,,
14243,21:23:00,,,,,,,,,,,,,,,,,,,,,,,,,
14244,21:24:00,,,,,,,,,,,,,,,,,,,,,,,,,
14245,21:25:00,,,,,,,,,,,,,,,,,,,,,,,,,
14246,21:26:00,,,,,,,,,,,,,,,,,,,,,,,,,
14247,21:27:00,,,,,,,,,,,,,,,,,,,,,,,,,
14248,21:28:00,,,,,,,,,,,,,,,,,,,,,,,,,
14249,21:29:00,,,,,,,,,,,,,,,,,,,,,,,,,
14250,21:30:00,,,,,,,,,,,,,,,,,,,,,,,,,
14251,21:31:00,,,,,,,,,,,,,,,,,,,,,,,,,
14252,21:32:00,,,,,,,,,,,,,,,,,,,,,,,,,
14253,21:33:00,,,,,,,,,,,,,,,,,,,,,,,,,
14254,21:34:00,,,,,,,,,,,,,,,,,,,,,,,,,
14255,21:35:00,,,,,,,,,,,,,,,,,,,,,,,,,
14256,21:36:00,,,,,,,,,,,,,,,,,,,,,,,,,
14257,21:37:00,,,,,,,,,,,,,,,,,,,,,,,,,
14258,21:38:00,,,,,,,,,,,,,,,,,,,,,,,,,
14259,21:39:00,,,,,,,,,,,,,,,,,,,,,,,,,
14260,21:40:00,,,,,,,,,,,,,,,,,,,,,,,,,
14261,21:41:00,,,,,,,,,,,,,,,,,,,,,,,,,
14262,21:42:00,,,,,,,,,,,,,,,,,,,,,,,,,
14263,21:43:00,,,,,,,,,,,,,,,,,,,,,,,,,
14264,21:44:00,,,,,,,,,,,,,,,,,,,,,,,,,
14265,21:45:00,,,,,,,,,,,,,,,,,,,,,,,,,
14266,21:46:00,,,,,,,,,,,,,,,,,,,,,,,,,
14267,21:47:00,,,,,,,,,,,,,,,,,,,,,,,,,
14268,21:48:00,,,,,,,,,,,,,,,,,,,,,,,,,
14269,21:49:00,,,,,,,,,,,,,,,,,,,,,,,,,
14270,21:50:00,,,,,,,,,,,,,,,,,,,,,,,,,
14271,21:51:00,,,,,,,,,,,,,,,,,,,,,,,,,
14272,21:52:00,,,,,,,,,,,,,,,,,,,,,,,,,
14273,21:53:00,,,,,,,,,,,,,,,,,,,,,,,,,
14274,21:54:00,,,,,,,,,,,,,,,,,,,,,,,,,
14275,21:55:00,,,,,,,,,,,,,,,,,,,,,,,,,
14276,21:56:00,,,,,,,,,,,,,,,,,,,,,,,,,
14277,21:57:00,,,,,,,,,,,,,,,,,,,,,,,,,
14278,21:58:00,,,,,,,,,,,,,,,,,,,,,,,,,
14279,21:59:00,,,,,,,,,,,,,,,,,,,,,,,,,
14280,22:00:00,,,,,,,,,,,,,,,,,,,,,,,,,
14281,22:01:00,,,,,,,,,,,,,,,,,,,,,,,,,
14282,22:02:00,,,,,,,,,,,,,,,,,,,,,,,,,
14283,22:03:00,,,,,,,,,,,,,,,,,,,,,,,,,
14284,22:04:00,,,,,,,,,,,,,,,,,,,,,,,,,
14285,22:05:00,,,,,,,,,,,,,,,,,,,,,,,,,
14286,22:06:00,,,,,,,,,,,,,,,,,,,,,,,,,
14287,22:07:00,,,,,,,,,,,,,,,,,,,,,,,,,
14288,22:08:00,,,,,,,,,,,,,,,,,,,,,,,,,
14289,22:09:00,,,,,,,,,,,,,,,,,,,,,,,,,
14290,22:10:00,,,,,,,,,,,,,,,,,,,,,,,,,
14291,22:11:00,,,,,,,,,,,,,,,,,,,,,,,,,
14292,22:12:00,,,,,,,,,,,,,,,,,,,,,,,,,
14293,22:13:00,,,,,,,,,,,,,,,,,,,,,,,,,
14294,22:14:00,,,,,,,,,,,,,,,,,,,,,,,,,
14295,22:15:00,,,,,,,,,,,,,,,,,,,,,,,,,
14296,22:16:00,,,,,,,,,,,,,,,,,,,,,,,,,
14297,22:17:00,,,,,,,,,,,,,,,,,,,,,,,,,
14298,22:18:00,,,,,,,,,,,,,,,,,,,,,,,,,
14299,22:19:00,,,,,,,,,,,,,,,,,,,,,,,,,
14300,22:20:00,,,,,,,,,,,,,,,,,,,,,,,,,
14301,22:21:00,,,,,,,,,,,,,,,,,,,,,,,,,
14302,22:22:00,,,,,,,,,,,,,,,,,,,,,,,,,
14303,22:23:00,,,,,,,,,,,,,,,,,,,,,,,,,
14304,22:24:00,,,,,,,,,,,,,,,,,,,,,,,,,
14305,22:25:00,,,,,,,,,,,,,,,,,,,,,,,,,
14306,22:26:00,,,,,,,,,,,,,,,,,,,,,,,,,
14307,22:27:00,,,,,,,,,,,,,,,,,,,,,,,,,
14308,22:28:00,,,,,,,,,,,,,,,,,,,,,,,,,
14309,22:29:00,,,,,,,,,,,,,,,,,,,,,,,,,
14310,22:30:00,,,,,,,,,,,,,,,,,,,,,,,,,
14311,22:31:00,,,,,,,,,,,,,,,,,,,,,,,,,
14312,22:32:00,,,,,,,,,,,,,,,,,,,,,,,,,
14313,22:33:00,,,,,,,,,,,,,,,,,,,,,,,,,
14314,22:34:00,,,,,,,,,,,,,,,,,,,,,,,,,
14315,22:35:00,,,,,,,,,,,,,,,,,,,,,,,,,
14316,22:36:00,,,,,,,,,,,,,,,,,,,,,,,,,
14317,22:37:00,,,,,,,,,,,,,,,,,,,,,,,,,
14318,22:38:00,,,,,,,,,,,,,,,,,,,,,,,,,
14319,22:39:00,,,,,,,,,,,,,,,,,,,,,,,,,
14320,22:40:00,,,,,,,,,,,,,,,,,,,,,,,,,
14321,22:41:00,,,,,,,,,,,,,,,,,,,,,,,,,
14322,22:42:00,,,,,,,,,,,,,,,,,,,,,,,,,
14323,22:43:00,,,,,,,,,,,,,,,,,,,,,,,,,
14324,22:44:00,,,,,,,,,,,,,,,,,,,,,,,,,
14325,22:45:00,,,,,,,,,,,,,,,,,,,,,,,,,
14326,22:46:00,,,,,,,,,,,,,,,,,,,,,,,,,
14327,22:47:00,,,,,,,,,,,,,,,,,,,,,,,,,
14328,22:48:00,,,,,,,,,,,,,,,,,,,,,,,,,
14329,22:49:00,,,,,,,,,,,,,,,,,,,,,,,,,
14330,22:50:00,,,,,,,,,,,,,,,,,,,,,,,,,
14331,22:51:00,,,,,,,,,,,,,,,,,,,,,,,,,
14332,22:52:00,,,,,,,,,,,,,,,,,,,,,,,,,
14333,22:53:00,,,,,,,,,,,,,,,,,,,,,,,,,
14334,22:54:00,,,,,,,,,,,,,,,,,,,,,,,,,
14335,22:55:00,,,,,,,,,,,,,,,,,,,,,,,,,
14336,22:56:00,,,,,,,,,,,,,,,,,,,,,,,,,
14337,22:57:00,,,,,,,,,,,,,,,,,,,,,,,,,
14338,22:58:00,,,,,,,,,,,,,,,,,,,,,,,,,
14339,22:59:00,,,,,,,,,,,,,,,,,,,,,,,,,
14340,23:00:00,,,,,,,,,,,,,,,,,,,,,,,,,
14341,23:01:00,,,,,,,,,,,,,,,,,,,,,,,,,
14342,23:02:00,,,,,,,,,,,,,,,,,,,,,,,,,
14343,23:03:00,,,,,,,,,,,,,,,,,,,,,,,,,
14344,23:04:00,,,,,,,,,,,,,,,,,,,,,,,,,
14345,23:05:00,,,,,,,,,,,,,,,,,,,,,,,,,
14346,23:06:00,,,,,,,,,,,,,,,,,,,,,,,,,
14347,23:07:00,,,,,,,,,,,,,,,,,,,,,,,,,
14348,23:08:00,,,,,,,,,,,,,,,,,,,,,,,,,
14349,23:09:00,,,,,,,,,,,,,,,,,,,,,,,,,
14350,23:10:00,,,,,,,,,,,,,,,,,,,,,,,,,
14351,23:11:00,,,,,,,,,,,,,,,,,,,,,,,,,
14352,23:12:00,,,,,,,,,,,,,,,,,,,,,,,,,
14353,23:13:00,,,,,,,,,,,,,,,,,,,,,,,,,
14354,23:14:00,,,,,,,,,,,,,,,,,,,,,,,,,
14355,23:15:00,,,,,,,,,,,,,,,,,,,,,,,,,
14356,23:16:00,,,,,,,,,,,,,,,,,,,,,,,,,
14357,23:17:00,,,,,,,,,,,,,,,,,,,,,,,,,
14358,23:18:00,,,,,,,,,,,,,,,,,,,,,,,,,
14359,23:19:00,,,,,,,,,,,,,,,,,,,,,,,,,
14360,23:20:00,,,,,,,,,,,,,,,,,,,,,,,,,
14361,23:21:00,,,,,,,,,,,,,,,,,,,,,,,,,
14362,23:22:00,,,,,,,,,,,,,,,,,,,,,,,,,
14363,23:23:00,,,,,,,,,,,,,,,,,,,,,,,,,
14364,23:24:00,,,,,,,,,,,,,,,,,,,,,,,,,
14365,23:25:00,,,,,,,,,,,,,,,,,,,,,,,,,
14366,23:26:00,,,,,,,,,,,,,,,,,,,,,,,,,
14367,23:27:00,,,,,,,,,,,,,,,,,,,,,,,,,
14368,23:28:00,,,,,,,,,,,,,,,,,,,,,,,,,
14369,23:29:00,,,,,,,,,,,,,,,,,,,,,,,,,
14370,23:30:00,,,,,,,,,,,,,,,,,,,,,,,,,
14371,23:31:00,,,,,,,,,,,,,,,,,,,,,,,,,
14372,23:32:00,,,,,,,,,,,,,,,,,,,,,,,,,
14373,23:33:00,,,,,,,,,,,,,,,,,,,,,,,,,
14374,23:34:00,,,,,,,,,,,,,,,,,,,,,,,,,
14375,23:35:00,,,,,,,,,,,,,,,,,,,,,,,,,
14376,23:36:00,,,,,,,,,,,,,,,,,,,,,,,,,
14377,23:37:00,,,,,,,,,,,,,,,,,,,,,,,,,
14378,23:38:00,,,,,,,,,,,,,,,,,,,,,,,,,
14379,23:39:00,,,,,,,,,,,,,,,,,,,,,,,,,
14380,23:40:00,,,,,,,,,,,,,,,,,,,,,,,,,
14381,23:41:00,,,,,,,,,,,,,,,,,,,,,,,,,
14382,23:42:00,,,,,,,,,,,,,,,,,,,,,,,,,
14383,23:43:00,,,,,,,,,,,,,,,,,,,,,,,,,
14384,23:44:00,,,,,,,,,,,,,,,,,,,,,,,,,
14385,23:45:00,,,,,,,,,,,,,,,,,,,,,,,,,
14386,23:46:00,,,,,,,,,,,,,,,,,,,,,,,,,
14387,23:47:00,,,,,,,,,,,,,,,,,,,,,,,,,
14388,23:48:00,,,,,,,,,,,,,,,,,,,,,,,,,
14389,23:49:00,,,,,,,,,,,,,,,,,,,,,,,,,
14390,23:50:00,,,,,,,,,,,,,,,,,,,,,,,,,
14391,23:51:00,,,,,,,,,,,,,,,,,,,,,,,,,
14392,23:52:00,,,,,,,,,,,,,,,,,,,,,,,,,
14393,23:53:00,,,,,,,,,,,,,,,,,,,,,,,,,
14394,23:54:00,,,,,,,,,,,,,,,,,,,,,,,,,
14395,23:55:00,,,,,,,,,,,,,,,,,,,,,,,,,
14396,23:56:00,,,,,,,,,,,,,,,,,,,,,,,,,
14397,23:57:00,,,,,,,,,,,,,,,,,,,,,,,,,
14398,23:58:00,,,,,,,,,,,,,,,,,,,,,,,,,
14399,23:59:00,,,,,,,,,,,,,,,,,,,,,,,,,
14400,00:00:00,,,,,,,,,,,,,,,,,,,,,,,,,
14401,00:01:00,,,,,,,,,,,,,,,,,,,,,,,,,
14402,00:02:00,,,,,,,,,,,,,,,,,,,,,,,,,
14403,00:03:00,,,,,,,,,,,,,,,,,,,,,,,,,
14404,00:04:00,,,,,,,,,,,,,,,,,,,,,,,,,
14405,00:05:00,,,,,,,,,,,,,,,,,,,,,,,,,
14406,00:06:00,,,,,,,,,,,,,,,,,,,,,,,,,
14407,00:07:00,,,,,,,,,,,,,,,,,,,,,,,,,
14408,00:08:00,,,,,,,,,,,,,,,,,,,,,,,,,
14409,00:09:00,,,,,,,,,,,,,,,,,,,,,,,,,
14410,00:10:00,,,,,,,,,,,,,,,,,,,,,,,,,
14411,00:11:00,,,,,,,,,,,,,,,,,,,,,,,,,
14412,00:12:00,,,,,,,,,,,,,,,,,,,,,,,,,
14413,00:13:00,,,,,,,,,,,,,,,,,,,,,,,,,
14414,00:14:00,,,,,,,,,,,,,,,,,,,,,,,,,
14415,00:15:00,,,,,,,,,,,,,,,,,,,,,,,,,
14416,00:16:00,,,,,,,,,,,,,,,,,,,,,,,,,
14417,00:17:00,,,,,,,,,,,,,,,,,,,,,,,,,
14418,00:18:00,,,,,,,,,,,,,,,,,,,,,,,,,
14419,00:19:00,,,,,,,,,,,,,,,,,,,,,,,,,
14420,00:20:00,,,,,,,,,,,,,,,,,,,,,,,,,
14421,00:21:00,,,,,,,,,,,,,,,,,,,,,,,,,
14422,00:22:00,,,,,,,,,,,,,,,,,,,,,,,,,
14423,00:23:00,,,,,,,,,,,,,,,,,,,,,,,,,
14424,00:24:00,,,,,,,,,,,,,,,,,,,,,,,,,
14425,00:25:00,,,,,,,,,,,,,,,,,,,,,,,,,
14426,00:26:00,,,,,,,,,,,,,,,,,,,,,,,,,
14427,00:27:00,,,,,,,,,,,,,,,,,,,,,,,,,
14428,00:28:00,,,,,,,,,,,,,,,,,,,,,,,,,
14429,00:29:00,,,,,,,,,,,,,,,,,,,,,,,,,
14430,00:30:00,,,,,,,,,,,,,,,,,,,,,,,,,
14431,00:31:00,,,,,,,,,,,,,,,,,,,,,,,,,
14432,00:32:00,,,,,,,,,,,,,,,,,,,,,,,,,
14433,00:33:00,,,,,,,,,,,,,,,,,,,,,,,,,
14434,00:34:00,,,,,,,,,,,,,,,,,,,,,,,,,
14435,00:35:00,,,,,,,,,,,,,,,,,,,,,,,,,
14436,00:36:00,,,,,,,,,,,,,,,,,,,,,,,,,
14437,00:37:00,,,,,,,,,,,,,,,,,,,,,,,,,
14438,00:38:00,,,,,,,,,,,,,,,,,,,,,,,,,
14439,00:39:00,,,,,,,,,,,,,,,,,,,,,,,,,
14440,00:40:00,,,,,,,,,,,,,,,,,,,,,,,,,
14441,00:41:00,,,,,,,,,,,,,,,,,,,,,,,,,
14442,00:42:00,,,,,,,,,,,,,,,,,,,,,,,,,
14443,00:43:00,,,,,,,,,,,,,,,,,,,,,,,,,
14444,00:44:00,,,,,,,,,,,,,,,,,,,,,,,,,
14445,00:45:00,,,,,,,,,,,,,,,,,,,,,,,,,
14446,00:46:00,,,,,,,,,,,,,,,,,,,,,,,,,
14447,00:47:00,,,,,,,,,,,,,,,,,,,,,,,,,
14448,00:48:00,,,,,,,,,,,,,,,,,,,,,,,,,
14449,00:49:00,,,,,,,,,,,,,,,,,,,,,,,,,
14450,00:50:00,,,,,,,,,,,,,,,,,,,,,,,,,
14451,00:51:00,,,,,,,,,,,,,,,,,,,,,,,,,
14452,00:52:00,,,,,,,,,,,,,,,,,,,,,,,,,
14453,00:53:00,,,,,,,,,,,,,,,,,,,,,,,,,
14454,00:54:00,,,,,,,,,,,,,,,,,,,,,,,,,
14455,00:55:00,,,,,,,,,,,,,,,,,,,,,,,,,
14456,00:56:00,,,,,,,,,,,,,,,,,,,,,,,,,
14457,00:57:00,,,,,,,,,,,,,,,,,,,,,,,,,
14458,00:58:00,,,,,,,,,,,,,,,,,,,,,,,,,
14459,00:59:00,,,,,,,,,,,,,,,,,,,,,,,,,
14460,01:00:00,,,,,,,,,,,,,,,,,,,,,,,,,
14461,01:01:00,,,,,,,,,,,,,,,,,,,,,,,,,
14462,01:02:00,,,,,,,,,,,,,,,,,,,,,,,,,
14463,01:03:00,,,,,,,,,,,,,,,,,,,,,,,,,
14464,01:04:00,,,,,,,,,,,,,,,,,,,,,,,,,
14465,01:05:00,,,,,,,,,,,,,,,,,,,,,,,,,
14466,01:06:00,,,,,,,,,,,,,,,,,,,,,,,,,
14467,01:07:00,,,,,,,,,,,,,,,,,,,,,,,,,
14468,01:08:00,,,,,,,,,,,,,,,,,,,,,,,,,
14469,01:09:00,,,,,,,,,,,,,,,,,,,,,,,,,
14470,01:10:00,,,,,,,,,,,,,,,,,,,,,,,,,
14471,01:11:00,,,,,,,,,,,,,,,,,,,,,,,,,
14472,01:12:00,,,,,,,,,,,,,,,,,,,,,,,,,
14473,01:13:00,,,,,,,,,,,,,,,,,,,,,,,,,
14474,01:14:00,,,,,,,,,,,,,,,,,,,,,,,,,
14475,01:15:00,,,,,,,,,,,,,,,,,,,,,,,,,
14476,01:16:00,,,,,,,,,,,,,,,,,,,,,,,,,
14477,01:17:00,,,,,,,,,,,,,,,,,,,,,,,,,
14478,01:18:00,,,,,,,,,,,,,,,,,,,,,,,,,
14479,01:19:00,,,,,,,,,,,,,,,,,,,,,,,,,
14480,01:20:00,,,,,,,,,,,,,,,,,,,,,,,,,
14481,01:21:00,,,,,,,,,,,,,,,,,,,,,,,,,
14482,01:22:00,,,,,,,,,,,,,,,,,,,,,,,,,
14483,01:23:00,,,,,,,,,,,,,,,,,,,,,,,,,
14484,01:24:00,,,,,,,,,,,,,,,,,,,,,,,,,
14485,01:25:00,,,,,,,,,,,,,,,,,,,,,,,,,
14486,01:26:00,,,,,,,,,,,,,,,,,,,,,,,,,
14487,01:27:00,,,,,,,,,,,,,,,,,,,,,,,,,
14488,01:28:00,,,,,,,,,,,,,,,,,,,,,,,,,
14489,01:29:00,,,,,,,,,,,,,,,,,,,,,,,,,
14490,01:30:00,,,,,,,,,,,,,,,,,,,,,,,,,
14491,01:31:00,,,,,,,,,,,,,,,,,,,,,,,,,
14492,01:32:00,,,,,,,,,,,,,,,,,,,,,,,,,
14493,01:33:00,,,,,,,,,,,,,,,,,,,,,,,,,
14494,01:34:00,,,,,,,,,,,,,,,,,,,,,,,,,
14495,01:35:00,,,,,,,,,,,,,,,,,,,,,,,,,
14496,01:36:00,,,,,,,,,,,,,,,,,,,,,,,,,
14497,01:37:00,,,,,,,,,,,,,,,,,,,,,,,,,
14498,01:38:00,,,,,,,,,,,,,,,,,,,,,,,,,
14499,01:39:00,,,,,,,,,,,,,,,,,,,,,,,,,
14500,01:40:00,,,,,,,,,,,,,,,,,,,,,,,,,
14501,01:41:00,,,,,,,,,,,,,,,,,,,,,,,,,
14502,01:42:00,,,,,,,,,,,,,,,,,,,,,,,,,
14503,01:43:00,,,,,,,,,,,,,,,,,,,,,,,,,
14504,01:44:00,,,,,,,,,,,,,,,,,,,,,,,,,
14505,01:45:00,,,,,,,,,,,,,,,,,,,,,,,,,
14506,01:46:00,,,,,,,,,,,,,,,,,,,,,,,,,
14507,01:47:00,,,,,,,,,,,,,,,,,,,,,,,,,
14508,01:48:00,,,,,,,,,,,,,,,,,,,,,,,,,
14509,01:49:00,,,,,,,,,,,,,,,,,,,,,,,,,
14510,01:50:00,,,,,,,,,,,,,,,,,,,,,,,,,
14511,01:51:00,,,,,,,,,,,,,,,,,,,,,,,,,
14512,01:52:00,,,,,,,,,,,,,,,,,,,,,,,,,
14513,01:53:00,,,,,,,,,,,,,,,,,,,,,,,,,
14514,01:54:00,,,,,,,,,,,,,,,,,,,,,,,,,
14515,01:55:00,,,,,,,,,,,,,,,,,,,,,,,,,
14516,01:56:00,,,,,,,,,,,,,,,,,,,,,,,,,
14517,01:57:00,,,,,,,,,,,,,,,,,,,,,,,,,
14518,01:58:00,,,,,,,,,,,,,,,,,,,,,,,,,
14519,01:59:00,,,,,,,,,,,,,,,,,,,,,,,,,
14520,02:00:00,,,,,,,,,,,,,,,,,,,,,,,,,
14521,02:01:00,,,,,,,,,,,,,,,,,,,,,,,,,
14522,02:02:00,,,,,,,,,,,,,,,,,,,,,,,,,
14523,02:03:00,,,,,,,,,,,,,,,,,,,,,,,,,
14524,02:04:00,,,,,,,,,,,,,,,,,,,,,,,,,
14525,02:05:00,,,,,,,,,,,,,,,,,,,,,,,,,
14526,02:06:00,,,,,,,,,,,,,,,,,,,,,,,,,
14527,02:07:00,,,,,,,,,,,,,,,,,,,,,,,,,
14528,02:08:00,,,,,,,,,,,,,,,,,,,,,,,,,
14529,02:09:00,,,,,,,,,,,,,,,,,,,,,,,,,
14530,02:10:00,,,,,,,,,,,,,,,,,,,,,,,,,
14531,02:11:00,,,,,,,,,,,,,,,,,,,,,,,,,
14532,02:12:00,,,,,,,,,,,,,,,,,,,,,,,,,
14533,02:13:00,,,,,,,,,,,,,,,,,,,,,,,,,
14534,02:14:00,,,,,,,,,,,,,,,,,,,,,,,,,
14535,02:15:00,,,,,,,,,,,,,,,,,,,,,,,,,
14536,02:16:00,,,,,,,,,,,,,,,,,,,,,,,,,
14537,02:17:00,,,,,,,,,,,,,,,,,,,,,,,,,
14538,02:18:00,,,,,,,,,,,,,,,,,,,,,,,,,
14539,02:19:00,,,,,,,,,,,,,,,,,,,,,,,,,
14540,02:20:00,,,,,,,,,,,,,,,,,,,,,,,,,
14541,02:21:00,,,,,,,,,,,,,,,,,,,,,,,,,
14542,02:22:00,,,,,,,,,,,,,,,,,,,,,,,,,
14543,02:23:00,,,,,,,,,,,,,,,,,,,,,,,,,
14544,02:24:00,,,,,,,,,,,,,,,,,,,,,,,,,
14545,02:25:00,,,,,,,,,,,,,,,,,,,,,,,,,
14546,02:26:00,,,,,,,,,,,,,,,,,,,,,,,,,
14547,02:27:00,,,,,,,,,,,,,,,,,,,,,,,,,
14548,02:28:00,,,,,,,,,,,,,,,,,,,,,,,,,
14549,02:29:00,,,,,,,,,,,,,,,,,,,,,,,,,
14550,02:30:00,,,,,,,,,,,,,,,,,,,,,,,,,
14551,02:31:00,,,,,,,,,,,,,,,,,,,,,,,,,
14552,02:32:00,,,,,,,,,,,,,,,,,,,,,,,,,
14553,02:33:00,,,,,,,,,,,,,,,,,,,,,,,,,
14554,02:34:00,,,,,,,,,,,,,,,,,,,,,,,,,
14555,02:35:00,,,,,,,,,,,,,,,,,,,,,,,,,
14556,02:36:00,,,,,,,,,,,,,,,,,,,,,,,,,
14557,02:37:00,,,,,,,,,,,,,,,,,,,,,,,,,
14558,02:38:00,,,,,,,,,,,,,,,,,,,,,,,,,
14559,02:39:00,,,,,,,,,,,,,,,,,,,,,,,,,
14560,02:40:00,,,,,,,,,,,,,,,,,,,,,,,,,
14561,02:41:00,,,,,,,,,,,,,,,,,,,,,,,,,
14562,02:42:00,,,,,,,,,,,,,,,,,,,,,,,,,
14563,02:43:00,,,,,,,,,,,,,,,,,,,,,,,,,
14564,02:44:00,,,,,,,,,,,,,,,,,,,,,,,,,
14565,02:45:00,,,,,,,,,,,,,,,,,,,,,,,,,
14566,02:46:00,,,,,,,,,,,,,,,,,,,,,,,,,
14567,02:47:00,,,,,,,,,,,,,,,,,,,,,,,,,
14568,02:48:00,,,,,,,,,,,,,,,,,,,,,,,,,
14569,02:49:00,,,,,,,,,,,,,,,,,,,,,,,,,
14570,02:50:00,,,,,,,,,,,,,,,,,,,,,,,,,
14571,02:51:00,,,,,,,,,,,,,,,,,,,,,,,,,
14572,02:52:00,,,,,,,,,,,,,,,,,,,,,,,,,
14573,02:53:00,,,,,,,,,,,,,,,,,,,,,,,,,
14574,02:54:00,,,,,,,,,,,,,,,,,,,,,,,,,
14575,02:55:00,,,,,,,,,,,,,,,,,,,,,,,,,
14576,02:56:00,,,,,,,,,,,,,,,,,,,,,,,,,
14577,02:57:00,,,,,,,,,,,,,,,,,,,,,,,,,
14578,02:58:00,,,,,,,,,,,,,,,,,,,,,,,,,
14579,02:59:00,,,,,,,,,,,,,,,,,,,,,,,,,
14580,03:00:00,,,,,,,,,,,,,,,,,,,,,,,,,
14581,03:01:00,,,,,,,,,,,,,,,,,,,,,,,,,
14582,03:02:00,,,,,,,,,,,,,,,,,,,,,,,,,
14583,03:03:00,,,,,,,,,,,,,,,,,,,,,,,,,
14584,03:04:00,,,,,,,,,,,,,,,,,,,,,,,,,
14585,03:05:00,,,,,,,,,,,,,,,,,,,,,,,,,
14586,03:06:00,,,,,,,,,,,,,,,,,,,,,,,,,
14587,03:07:00,,,,,,,,,,,,,,,,,,,,,,,,,
14588,03:08:00,,,,,,,,,,,,,,,,,,,,,,,,,
14589,03:09:00,,,,,,,,,,,,,,,,,,,,,,,,,
14590,03:10:00,,,,,,,,,,,,,,,,,,,,,,,,,
14591,03:11:00,,,,,,,,,,,,,,,,,,,,,,,,,
14592,03:12:00,,,,,,,,,,,,,,,,,,,,,,,,,
14593,03:13:00,,,,,,,,,,,,,,,,,,,,,,,,,
14594,03:14:00,,,,,,,,,,,,,,,,,,,,,,,,,
14595,03:15:00,,,,,,,,,,,,,,,,,,,,,,,,,
14596,03:16:00,,,,,,,,,,,,,,,,,,,,,,,,,
14597,03:17:00,,,,,,,,,,,,,,,,,,,,,,,,,
14598,03:18:00,,,,,,,,,,,,,,,,,,,,,,,,,
14599,03:19:00,,,,,,,,,,,,,,,,,,,,,,,,,
14600,03:20:00,,,,,,,,,,,,,,,,,,,,,,,,,
14601,03:21:00,,,,,,,,,,,,,,,,,,,,,,,,,
14602,03:22:00,,,,,,,,,,,,,,,,,,,,,,,,,
14603,03:23:00,,,,,,,,,,,,,,,,,,,,,,,,,
14604,03:24:00,,,,,,,,,,,,,,,,,,,,,,,,,
14605,03:25:00,,,,,,,,,,,,,,,,,,,,,,,,,
14606,03:26:00,,,,,,,,,,,,,,,,,,,,,,,,,
14607,03:27:00,,,,,,,,,,,,,,,,,,,,,,,,,
14608,03:28:00,,,,,,,,,,,,,,,,,,,,,,,,,
14609,03:29:00,,,,,,,,,,,,,,,,,,,,,,,,,
14610,03:30:00,,,,,,,,,,,,,,,,,,,,,,,,,
14611,03:31:00,,,,,,,,,,,,,,,,,,,,,,,,,
14612,03:32:00,,,,,,,,,,,,,,,,,,,,,,,,,
14613,03:33:00,,,,,,,,,,,,,,,,,,,,,,,,,
14614,03:34:00,,,,,,,,,,,,,,,,,,,,,,,,,
14615,03:35:00,,,,,,,,,,,,,,,,,,,,,,,,,
14616,03:36:00,,,,,,,,,,,,,,,,,,,,,,,,,
14617,03:37:00,,,,,,,,,,,,,,,,,,,,,,,,,
14618,03:38:00,,,,,,,,,,,,,,,,,,,,,,,,,
14619,03:39:00,,,,,,,,,,,,,,,,,,,,,,,,,
14620,03:40:00,,,,,,,,,,,,,,,,,,,,,,,,,
14621,03:41:00,,,,,,,,,,,,,,,,,,,,,,,,,
14622,03:42:00,,,,,,,,,,,,,,,,,,,,,,,,,
14623,03:43:00,,,,,,,,,,,,,,,,,,,,,,,,,
14624,03:44:00,,,,,,,,,,,,,,,,,,,,,,,,,
14625,03:45:00,,,,,,,,,,,,,,,,,,,,,,,,,
14626,03:46:00,,,,,,,,,,,,,,,,,,,,,,,,,
14627,03:47:00,,,,,,,,,,,,,,,,,,,,,,,,,
14628,03:48:00,,,,,,,,,,,,,,,,,,,,,,,,,
14629,03:49:00,,,,,,,,,,,,,,,,,,,,,,,,,
14630,03:50:00,,,,,,,,,,,,,,,,,,,,,,,,,
14631,03:51:00,,,,,,,,,,,,,,,,,,,,,,,,,
14632,03:52:00,,,,,,,,,,,,,,,,,,,,,,,,,
14633,03:53:00,,,,,,,,,,,,,,,,,,,,,,,,,
14634,03:54:00,,,,,,,,,,,,,,,,,,,,,,,,,
14635,03:55:00,,,,,,,,,,,,,,,,,,,,,,,,,
14636,03:56:00,,,,,,,,,,,,,,,,,,,,,,,,,
14637,03:57:00,,,,,,,,,,,,,,,,,,,,,,,,,
14638,03:58:00,,,,,,,,,,,,,,,,,,,,,,,,,
14639,03:59:00,,,,,,,,,,,,,,,,,,,,,,,,,
14640,04:00:00,,,,,,,,,,,,,,,,,,,,,,,,,
14641,04:01:00,,,,,,,,,,,,,,,,,,,,,,,,,
14642,04:02:00,,,,,,,,,,,,,,,,,,,,,,,,,
14643,04:03:00,,,,,,,,,,,,,,,,,,,,,,,,,
14644,04:04:00,,,,,,,,,,,,,,,,,,,,,,,,,
14645,04:05:00,,,,,,,,,,,,,,,,,,,,,,,,,
14646,04:06:00,,,,,,,,,,,,,,,,,,,,,,,,,
14647,04:07:00,,,,,,,,,,,,,,,,,,,,,,,,,
14648,04:08:00,,,,,,,,,,,,,,,,,,,,,,,,,
14649,04:09:00,,,,,,,,,,,,,,,,,,,,,,,,,
14650,04:10:00,,,,,,,,,,,,,,,,,,,,,,,,,
14651,04:11:00,,,,,,,,,,,,,,,,,,,,,,,,,
14652,04:12:00,,,,,,,,,,,,,,,,,,,,,,,,,
14653,04:13:00,,,,,,,,,,,,,,,,,,,,,,,,,
14654,04:14:00,,,,,,,,,,,,,,,,,,,,,,,,,
14655,04:15:00,,,,,,,,,,,,,,,,,,,,,,,,,
14656,04:16:00,,,,,,,,,,,,,,,,,,,,,,,,,
14657,04:17:00,,,,,,,,,,,,,,,,,,,,,,,,,
14658,04:18:00,,,,,,,,,,,,,,,,,,,,,,,,,
14659,04:19:00,,,,,,,,,,,,,,,,,,,,,,,,,
14660,04:20:00,,,,,,,,,,,,,,,,,,,,,,,,,
14661,04:21:00,,,,,,,,,,,,,,,,,,,,,,,,,
14662,04:22:00,,,,,,,,,,,,,,,,,,,,,,,,,
14663,04:23:00,,,,,,,,,,,,,,,,,,,,,,,,,
14664,04:24:00,,,,,,,,,,,,,,,,,,,,,,,,,
14665,04:25:00,,,,,,,,,,,,,,,,,,,,,,,,,
14666,04:26:00,,,,,,,,,,,,,,,,,,,,,,,,,
14667,04:27:00,,,,,,,,,,,,,,,,,,,,,,,,,
14668,04:28:00,,,,,,,,,,,,,,,,,,,,,,,,,
14669,04:29:00,,,,,,,,,,,,,,,,,,,,,,,,,
14670,04:30:00,,,,,,,,,,,,,,,,,,,,,,,,,
14671,04:31:00,,,,,,,,,,,,,,,,,,,,,,,,,
14672,04:32:00,,,,,,,,,,,,,,,,,,,,,,,,,
14673,04:33:00,,,,,,,,,,,,,,,,,,,,,,,,,
14674,04:34:00,,,,,,,,,,,,,,,,,,,,,,,,,
14675,04:35:00,,,,,,,,,,,,,,,,,,,,,,,,,
14676,04:36:00,,,,,,,,,,,,,,,,,,,,,,,,,
14677,04:37:00,,,,,,,,,,,,,,,,,,,,,,,,,
14678,04:38:00,,,,,,,,,,,,,,,,,,,,,,,,,
14679,04:39:00,,,,,,,,,,,,,,,,,,,,,,,,,
14680,04:40:00,,,,,,,,,,,,,,,,,,,,,,,,,
14681,04:41:00,,,,,,,,,,,,,,,,,,,,,,,,,
14682,04:42:00,,,,,,,,,,,,,,,,,,,,,,,,,
14683,04:43:00,,,,,,,,,,,,,,,,,,,,,,,,,
14684,04:44:00,,,,,,,,,,,,,,,,,,,,,,,,,
14685,04:45:00,,,,,,,,,,,,,,,,,,,,,,,,,
14686,04:46:00,,,,,,,,,,,,,,,,,,,,,,,,,
14687,04:47:00,,,,,,,,,,,,,,,,,,,,,,,,,
14688,04:48:00,,,,,,,,,,,,,,,,,,,,,,,,,
14689,04:49:00,,,,,,,,,,,,,,,,,,,,,,,,,
14690,04:50:00,,,,,,,,,,,,,,,,,,,,,,,,,
14691,04:51:00,,,,,,,,,,,,,,,,,,,,,,,,,
14692,04:52:00,,,,,,,,,,,,,,,,,,,,,,,,,
14693,04:53:00,,,,,,,,,,,,,,,,,,,,,,,,,
14694,04:54:00,,,,,,,,,,,,,,,,,,,,,,,,,
14695,04:55:00,,,,,,,,,,,,,,,,,,,,,,,,,
14696,04:56:00,,,,,,,,,,,,,,,,,,,,,,,,,
14697,04:57:00,,,,,,,,,,,,,,,,,,,,,,,,,
14698,04:58:00,,,,,,,,,,,,,,,,,,,,,,,,,
14699,04:59:00,,,,,,,,,,,,,,,,,,,,,,,,,
14700,05:00:00,,,,,,,,,,,,,,,,,,,,,,,,,
14701,05:01:00,,,,,,,,,,,,,,,,,,,,,,,,,
14702,05:02:00,,,,,,,,,,,,,,,,,,,,,,,,,
14703,05:03:00,,,,,,,,,,,,,,,,,,,,,,,,,
14704,05:04:00,,,,,,,,,,,,,,,,,,,,,,,,,
14705,05:05:00,,,,,,,,,,,,,,,,,,,,,,,,,
14706,05:06:00,,,,,,,,,,,,,,,,,,,,,,,,,
14707,05:07:00,,,,,,,,,,,,,,,,,,,,,,,,,
14708,05:08:00,,,,,,,,,,,,,,,,,,,,,,,,,
14709,05:09:00,,,,,,,,,,,,,,,,,,,,,,,,,
14710,05:10:00,,,,,,,,,,,,,,,,,,,,,,,,,
14711,05:11:00,,,,,,,,,,,,,,,,,,,,,,,,,
14712,05:12:00,,,,,,,,,,,,,,,,,,,,,,,,,
14713,05:13:00,,,,,,,,,,,,,,,,,,,,,,,,,
14714,05:14:00,,,,,,,,,,,,,,,,,,,,,,,,,
14715,05:15:00,,,,,,,,,,,,,,,,,,,,,,,,,
14716,05:16:00,,,,,,,,,,,,,,,,,,,,,,,,,
14717,05:17:00,,,,,,,,,,,,,,,,,,,,,,,,,
14718,05:18:00,,,,,,,,,,,,,,,,,,,,,,,,,
14719,05:19:00,,,,,,,,,,,,,,,,,,,,,,,,,
14720,05:20:00,,,,,,,,,,,,,,,,,,,,,,,,,
14721,05:21:00,,,,,,,,,,,,,,,,,,,,,,,,,
14722,05:22:00,,,,,,,,,,,,,,,,,,,,,,,,,
14723,05:23:00,,,,,,,,,,,,,,,,,,,,,,,,,
14724,05:24:00,,,,,,,,,,,,,,,,,,,,,,,,,
14725,05:25:00,,,,,,,,,,,,,,,,,,,,,,,,,
14726,05:26:00,,,,,,,,,,,,,,,,,,,,,,,,,
14727,05:27:00,,,,,,,,,,,,,,,,,,,,,,,,,
14728,05:28:00,,,,,,,,,,,,,,,,,,,,,,,,,
14729,05:29:00,,,,,,,,,,,,,,,,,,,,,,,,,
14730,05:30:00,,,,,,,,,,,,,,,,,,,,,,,,,
14731,05:31:00,,,,,,,,,,,,,,,,,,,,,,,,,
14732,05:32:00,,,,,,,,,,,,,,,,,,,,,,,,,
14733,05:33:00,,,,,,,,,,,,,,,,,,,,,,,,,
14734,05:34:00,,,,,,,,,,,,,,,,,,,,,,,,,
14735,05:35:00,,,,,,,,,,,,,,,,,,,,,,,,,
14736,05:36:00,,,,,,,,,,,,,,,,,,,,,,,,,
14737,05:37:00,,,,,,,,,,,,,,,,,,,,,,,,,
14738,05:38:00,,,,,,,,,,,,,,,,,,,,,,,,,
14739,05:39:00,,,,,,,,,,,,,,,,,,,,,,,,,
14740,05:40:00,,,,,,,,,,,,,,,,,,,,,,,,,
14741,05:41:00,,,,,,,,,,,,,,,,,,,,,,,,,
14742,05:42:00,,,,,,,,,,,,,,,,,,,,,,,,,
14743,05:43:00,,,,,,,,,,,,,,,,,,,,,,,,,
14744,05:44:00,,,,,,,,,,,,,,,,,,,,,,,,,
14745,05:45:00,,,,,,,,,,,,,,,,,,,,,,,,,
14746,05:46:00,,,,,,,,,,,,,,,,,,,,,,,,,
14747,05:47:00,,,,,,,,,,,,,,,,,,,,,,,,,
14748,05:48:00,,,,,,,,,,,,,,,,,,,,,,,,,
14749,05:49:00,,,,,,,,,,,,,,,,,,,,,,,,,
14750,05:50:00,,,,,,,,,,,,,,,,,,,,,,,,,
14751,05:51:00,,,,,,,,,,,,,,,,,,,,,,,,,
14752,05:52:00,,,,,,,,,,,,,,,,,,,,,,,,,
14753,05:53:00,,,,,,,,,,,,,,,,,,,,,,,,,
14754,05:54:00,,,,,,,,,,,,,,,,,,,,,,,,,
14755,05:55:00,,,,,,,,,,,,,,,,,,,,,,,,,
14756,05:56:00,,,,,,,,,,,,,,,,,,,,,,,,,
14757,05:57:00,,,,,,,,,,,,,,,,,,,,,,,,,
14758,05:58:00,,,,,,,,,,,,,,,,,,,,,,,,,
14759,05:59:00,,,,,,,,,,,,,,,,,,,,,,,,,
14760,06:00:00,,,,,,,,,,,,,,,,,,,,,,,,,
14761,06:01:00,,,,,,,,,,,,,,,,,,,,,,,,,
14762,06:02:00,,,,,,,,,,,,,,,,,,,,,,,,,
14763,06:03:00,,,,,,,,,,,,,,,,,,,,,,,,,
14764,06:04:00,,,,,,,,,,,,,,,,,,,,,,,,,
14765,06:05:00,,,,,,,,,,,,,,,,,,,,,,,,,
14766,06:06:00,,,,,,,,,,,,,,,,,,,,,,,,,
14767,06:07:00,,,,,,,,,,,,,,,,,,,,,,,,,
14768,06:08:00,,,,,,,,,,,,,,,,,,,,,,,,,
14769,06:09:00,,,,,,,,,,,,,,,,,,,,,,,,,
14770,06:10:00,,,,,,,,,,,,,,,,,,,,,,,,,
14771,06:11:00,,,,,,,,,,,,,,,,,,,,,,,,,
14772,06:12:00,,,,,,,,,,,,,,,,,,,,,,,,,
14773,06:13:00,,,,,,,,,,,,,,,,,,,,,,,,,
14774,06:14:00,,,,,,,,,,,,,,,,,,,,,,,,,
14775,06:15:00,,,,,,,,,,,,,,,,,,,,,,,,,
14776,06:16:00,,,,,,,,,,,,,,,,,,,,,,,,,
14777,06:17:00,,,,,,,,,,,,,,,,,,,,,,,,,
14778,06:18:00,,,,,,,,,,,,,,,,,,,,,,,,,
14779,06:19:00,,,,,,,,,,,,,,,,,,,,,,,,,
14780,06:20:00,,,,,,,,,,,,,,,,,,,,,,,,,
14781,06:21:00,,,,,,,,,,,,,,,,,,,,,,,,,
14782,06:22:00,,,,,,,,,,,,,,,,,,,,,,,,,
14783,06:23:00,,,,,,,,,,,,,,,,,,,,,,,,,
14784,06:24:00,,,,,,,,,,,,,,,,,,,,,,,,,
14785,06:25:00,,,,,,,,,,,,,,,,,,,,,,,,,
14786,06:26:00,,,,,,,,,,,,,,,,,,,,,,,,,
14787,06:27:00,,,,,,,,,,,,,,,,,,,,,,,,,
14788,06:28:00,,,,,,,,,,,,,,,,,,,,,,,,,
14789,06:29:00,,,,,,,,,,,,,,,,,,,,,,,,,
14790,06:30:00,,,,,,,,,,,,,,,,,,,,,,,,,
14791,06:31:00,,,,,,,,,,,,,,,,,,,,,,,,,
14792,06:32:00,,,,,,,,,,,,,,,,,,,,,,,,,
14793,06:33:00,,,,,,,,,,,,,,,,,,,,,,,,,
14794,06:34:00,,,,,,,,,,,,,,,,,,,,,,,,,
14795,06:35:00,,,,,,,,,,,,,,,,,,,,,,,,,
14796,06:36:00,,,,,,,,,,,,,,,,,,,,,,,,,
14797,06:37:00,,,,,,,,,,,,,,,,,,,,,,,,,
14798,06:38:00,,,,,,,,,,,,,,,,,,,,,,,,,
14799,06:39:00,,,,,,,,,,,,,,,,,,,,,,,,,
14800,06:40:00,,,,,,,,,,,,,,,,,,,,,,,,,
14801,06:41:00,,,,,,,,,,,,,,,,,,,,,,,,,
14802,06:42:00,,,,,,,,,,,,,,,,,,,,,,,,,
14803,06:43:00,,,,,,,,,,,,,,,,,,,,,,,,,
14804,06:44:00,,,,,,,,,,,,,,,,,,,,,,,,,
14805,06:45:00,,,,,,,,,,,,,,,,,,,,,,,,,
14806,06:46:00,,,,,,,,,,,,,,,,,,,,,,,,,
14807,06:47:00,,,,,,,,,,,,,,,,,,,,,,,,,
14808,06:48:00,,,,,,,,,,,,,,,,,,,,,,,,,
14809,06:49:00,,,,,,,,,,,,,,,,,,,,,,,,,
14810,06:50:00,,,,,,,,,,,,,,,,,,,,,,,,,
14811,06:51:00,,,,,,,,,,,,,,,,,,,,,,,,,
14812,06:52:00,,,,,,,,,,,,,,,,,,,,,,,,,
14813,06:53:00,,,,,,,,,,,,,,,,,,,,,,,,,
14814,06:54:00,,,,,,,,,,,,,,,,,,,,,,,,,
14815,06:55:00,,,,,,,,,,,,,,,,,,,,,,,,,
14816,06:56:00,,,,,,,,,,,,,,,,,,,,,,,,,
14817,06:57:00,,,,,,,,,,,,,,,,,,,,,,,,,
14818,06:58:00,,,,,,,,,,,,,,,,,,,,,,,,,
14819,06:59:00,,,,,,,,,,,,,,,,,,,,,,,,,
14820,07:00:00,,,,,,,,,,,,,,,,,,,,,,,,,
14821,07:01:00,,,,,,,,,,,,,,,,,,,,,,,,,
14822,07:02:00,,,,,,,,,,,,,,,,,,,,,,,,,
14823,07:03:00,,,,,,,,,,,,,,,,,,,,,,,,,
14824,07:04:00,,,,,,,,,,,,,,,,,,,,,,,,,
14825,07:05:00,,,,,,,,,,,,,,,,,,,,,,,,,
14826,07:06:00,,,,,,,,,,,,,,,,,,,,,,,,,
14827,07:07:00,,,,,,,,,,,,,,,,,,,,,,,,,
14828,07:08:00,,,,,,,,,,,,,,,,,,,,,,,,,
14829,07:09:00,,,,,,,,,,,,,,,,,,,,,,,,,
14830,07:10:00,,,,,,,,,,,,,,,,,,,,,,,,,
14831,07:11:00,,,,,,,,,,,,,,,,,,,,,,,,,
14832,07:12:00,,,,,,,,,,,,,,,,,,,,,,,,,
14833,07:13:00,,,,,,,,,,,,,,,,,,,,,,,,,
14834,07:14:00,,,,,,,,,,,,,,,,,,,,,,,,,
14835,07:15:00,,,,,,,,,,,,,,,,,,,,,,,,,
14836,07:16:00,,,,,,,,,,,,,,,,,,,,,,,,,
14837,07:17:00,,,,,,,,,,,,,,,,,,,,,,,,,
14838,07:18:00,,,,,,,,,,,,,,,,,,,,,,,,,
14839,07:19:00,,,,,,,,,,,,,,,,,,,,,,,,,
14840,07:20:00,,,,,,,,,,,,,,,,,,,,,,,,,
14841,07:21:00,,,,,,,,,,,,,,,,,,,,,,,,,
14842,07:22:00,,,,,,,,,,,,,,,,,,,,,,,,,
14843,07:23:00,,,,,,,,,,,,,,,,,,,,,,,,,
14844,07:24:00,,,,,,,,,,,,,,,,,,,,,,,,,
14845,07:25:00,,,,,,,,,,,,,,,,,,,,,,,,,
14846,07:26:00,,,,,,,,,,,,,,,,,,,,,,,,,
14847,07:27:00,,,,,,,,,,,,,,,,,,,,,,,,,
14848,07:28:00,,,,,,,,,,,,,,,,,,,,,,,,,
14849,07:29:00,,,,,,,,,,,,,,,,,,,,,,,,,
14850,07:30:00,,,,,,,,,,,,,,,,,,,,,,,,,
14851,07:31:00,,,,,,,,,,,,,,,,,,,,,,,,,
14852,07:32:00,,,,,,,,,,,,,,,,,,,,,,,,,
14853,07:33:00,,,,,,,,,,,,,,,,,,,,,,,,,
14854,07:34:00,,,,,,,,,,,,,,,,,,,,,,,,,
14855,07:35:00,,,,,,,,,,,,,,,,,,,,,,,,,
14856,07:36:00,,,,,,,,,,,,,,,,,,,,,,,,,
14857,07:37:00,,,,,,,,,,,,,,,,,,,,,,,,,
14858,07:38:00,,,,,,,,,,,,,,,,,,,,,,,,,
14859,07:39:00,,,,,,,,,,,,,,,,,,,,,,,,,
14860,07:40:00,,,,,,,,,,,,,,,,,,,,,,,,,
14861,07:41:00,,,,,,,,,,,,,,,,,,,,,,,,,
14862,07:42:00,,,,,,,,,,,,,,,,,,,,,,,,,
14863,07:43:00,,,,,,,,,,,,,,,,,,,,,,,,,
14864,07:44:00,,,,,,,,,,,,,,,,,,,,,,,,,
14865,07:45:00,,,,,,,,,,,,,,,,,,,,,,,,,
14866,07:46:00,,,,,,,,,,,,,,,,,,,,,,,,,
14867,07:47:00,,,,,,,,,,,,,,,,,,,,,,,,,
14868,07:48:00,,,,,,,,,,,,,,,,,,,,,,,,,
14869,07:49:00,,,,,,,,,,,,,,,,,,,,,,,,,
14870,07:50:00,,,,,,,,,,,,,,,,,,,,,,,,,
14871,07:51:00,,,,,,,,,,,,,,,,,,,,,,,,,
14872,07:52:00,,,,,,,,,,,,,,,,,,,,,,,,,
14873,07:53:00,,,,,,,,,,,,,,,,,,,,,,,,,
14874,07:54:00,,,,,,,,,,,,,,,,,,,,,,,,,
14875,07:55:00,,,,,,,,,,,,,,,,,,,,,,,,,
14876,07:56:00,,,,,,,,,,,,,,,,,,,,,,,,,
14877,07:57:00,,,,,,,,,,,,,,,,,,,,,,,,,
14878,07:58:00,,,,,,,,,,,,,,,,,,,,,,,,,
14879,07:59:00,,,,,,,,,,,,,,,,,,,,,,,,,
14880,08:00:00,,,,,,,,,,,,,,,,,,,,,,,,,
14881,08:01:00,,,,,,,,,,,,,,,,,,,,,,,,,
14882,08:02:00,,,,,,,,,,,,,,,,,,,,,,,,,
14883,08:03:00,,,,,,,,,,,,,,,,,,,,,,,,,
14884,08:04:00,,,,,,,,,,,,,,,,,,,,,,,,,
14885,08:05:00,,,,,,,,,,,,,,,,,,,,,,,,,
14886,08:06:00,,,,,,,,,,,,,,,,,,,,,,,,,
14887,08:07:00,,,,,,,,,,,,,,,,,,,,,,,,,
14888,08:08:00,,,,,,,,,,,,,,,,,,,,,,,,,
14889,08:09:00,,,,,,,,,,,,,,,,,,,,,,,,,
14890,08:10:00,,,,,,,,,,,,,,,,,,,,,,,,,
14891,08:11:00,,,,,,,,,,,,,,,,,,,,,,,,,
14892,08:12:00,,,,,,,,,,,,,,,,,,,,,,,,,
14893,08:13:00,,,,,,,,,,,,,,,,,,,,,,,,,
14894,08:14:00,,,,,,,,,,,,,,,,,,,,,,,,,
14895,08:15:00,,,,,,,,,,,,,,,,,,,,,,,,,
14896,08:16:00,,,,,,,,,,,,,,,,,,,,,,,,,
14897,08:17:00,,,,,,,,,,,,,,,,,,,,,,,,,
14898,08:18:00,,,,,,,,,,,,,,,,,,,,,,,,,
14899,08:19:00,,,,,,,,,,,,,,,,,,,,,,,,,
14900,08:20:00,,,,,,,,,,,,,,,,,,,,,,,,,
14901,08:21:00,,,,,,,,,,,,,,,,,,,,,,,,,
14902,08:22:00,,,,,,,,,,,,,,,,,,,,,,,,,
14903,08:23:00,,,,,,,,,,,,,,,,,,,,,,,,,
14904,08:24:00,,,,,,,,,,,,,,,,,,,,,,,,,
14905,08:25:00,,,,,,,,,,,,,,,,,,,,,,,,,
14906,08:26:00,,,,,,,,,,,,,,,,,,,,,,,,,
14907,08:27:00,,,,,,,,,,,,,,,,,,,,,,,,,
14908,08:28:00,,,,,,,,,,,,,,,,,,,,,,,,,
14909,08:29:00,,,,,,,,,,,,,,,,,,,,,,,,,
14910,08:30:00,,,,,,,,,,,,,,,,,,,,,,,,,
14911,08:31:00,,,,,,,,,,,,,,,,,,,,,,,,,
14912,08:32:00,,,,,,,,,,,,,,,,,,,,,,,,,
14913,08:33:00,,,,,,,,,,,,,,,,,,,,,,,,,
14914,08:34:00,,,,,,,,,,,,,,,,,,,,,,,,,
14915,08:35:00,,,,,,,,,,,,,,,,,,,,,,,,,
14916,08:36:00,,,,,,,,,,,,,,,,,,,,,,,,,
14917,08:37:00,,,,,,,,,,,,,,,,,,,,,,,,,
14918,08:38:00,,,,,,,,,,,,,,,,,,,,,,,,,
14919,08:39:00,,,,,,,,,,,,,,,,,,,,,,,,,
14920,08:40:00,,,,,,,,,,,,,,,,,,,,,,,,,
14921,08:41:00,,,,,,,,,,,,,,,,,,,,,,,,,
14922,08:42:00,,,,,,,,,,,,,,,,,,,,,,,,,
14923,08:43:00,,,,,,,,,,,,,,,,,,,,,,,,,
14924,08:44:00,,,,,,,,,,,,,,,,,,,,,,,,,
14925,08:45:00,,,,,,,,,,,,,,,,,,,,,,,,,
14926,08:46:00,,,,,,,,,,,,,,,,,,,,,,,,,
14927,08:47:00,,,,,,,,,,,,,,,,,,,,,,,,,
14928,08:48:00,,,,,,,,,,,,,,,,,,,,,,,,,
14929,08:49:00,,,,,,,,,,,,,,,,,,,,,,,,,
14930,08:50:00,,,,,,,,,,,,,,,,,,,,,,,,,
14931,08:51:00,,,,,,,,,,,,,,,,,,,,,,,,,
14932,08:52:00,,,,,,,,,,,,,,,,,,,,,,,,,
14933,08:53:00,,,,,,,,,,,,,,,,,,,,,,,,,
14934,08:54:00,,,,,,,,,,,,,,,,,,,,,,,,,
14935,08:55:00,,,,,,,,,,,,,,,,,,,,,,,,,
14936,08:56:00,,,,,,,,,,,,,,,,,,,,,,,,,
14937,08:57:00,,,,,,,,,,,,,,,,,,,,,,,,,
14938,08:58:00,,,,,,,,,,,,,,,,,,,,,,,,,
14939,08:59:00,,,,,,,,,,,,,,,,,,,,,,,,,
14940,09:00:00,,,,,,,,,,,,,,,,,,,,,,,,,
14941,09:01:00,,,,,,,,,,,,,,,,,,,,,,,,,
14942,09:02:00,,,,,,,,,,,,,,,,,,,,,,,,,
14943,09:03:00,,,,,,,,,,,,,,,,,,,,,,,,,
14944,09:04:00,,,,,,,,,,,,,,,,,,,,,,,,,
14945,09:05:00,,,,,,,,,,,,,,,,,,,,,,,,,
14946,09:06:00,,,,,,,,,,,,,,,,,,,,,,,,,
14947,09:07:00,,,,,,,,,,,,,,,,,,,,,,,,,
14948,09:08:00,,,,,,,,,,,,,,,,,,,,,,,,,
14949,09:09:00,,,,,,,,,,,,,,,,,,,,,,,,,
14950,09:10:00,,,,,,,,,,,,,,,,,,,,,,,,,
14951,09:11:00,,,,,,,,,,,,,,,,,,,,,,,,,
14952,09:12:00,,,,,,,,,,,,,,,,,,,,,,,,,
14953,09:13:00,,,,,,,,,,,,,,,,,,,,,,,,,
14954,09:14:00,,,,,,,,,,,,,,,,,,,,,,,,,
14955,09:15:00,,,,,,,,,,,,,,,,,,,,,,,,,
14956,09:16:00,,,,,,,,,,,,,,,,,,,,,,,,,
14957,09:17:00,,,,,,,,,,,,,,,,,,,,,,,,,
14958,09:18:00,,,,,,,,,,,,,,,,,,,,,,,,,
14959,09:19:00,,,,,,,,,,,,,,,,,,,,,,,,,
14960,09:20:00,,,,,,,,,,,,,,,,,,,,,,,,,
14961,09:21:00,,,,,,,,,,,,,,,,,,,,,,,,,
14962,09:22:00,,,,,,,,,,,,,,,,,,,,,,,,,
14963,09:23:00,,,,,,,,,,,,,,,,,,,,,,,,,
14964,09:24:00,,,,,,,,,,,,,,,,,,,,,,,,,
14965,09:25:00,,,,,,,,,,,,,,,,,,,,,,,,,
14966,09:26:00,,,,,,,,,,,,,,,,,,,,,,,,,
14967,09:27:00,,,,,,,,,,,,,,,,,,,,,,,,,
14968,09:28:00,,,,,,,,,,,,,,,,,,,,,,,,,
14969,09:29:00,,,,,,,,,,,,,,,,,,,,,,,,,
14970,09:30:00,,,,,,,,,,,,,,,,,,,,,,,,,
14971,09:31:00,,,,,,,,,,,,,,,,,,,,,,,,,
14972,09:32:00,,,,,,,,,,,,,,,,,,,,,,,,,
14973,09:33:00,,,,,,,,,,,,,,,,,,,,,,,,,
14974,09:34:00,,,,,,,,,,,,,,,,,,,,,,,,,
14975,09:35:00,,,,,,,,,,,,,,,,,,,,,,,,,
14976,09:36:00,,,,,,,,,,,,,,,,,,,,,,,,,
14977,09:37:00,,,,,,,,,,,,,,,,,,,,,,,,,
14978,09:38:00,,,,,,,,,,,,,,,,,,,,,,,,,
14979,09:39:00,,,,,,,,,,,,,,,,,,,,,,,,,
14980,09:40:00,,,,,,,,,,,,,,,,,,,,,,,,,
14981,09:41:00,,,,,,,,,,,,,,,,,,,,,,,,,
14982,09:42:00,,,,,,,,,,,,,,,,,,,,,,,,,
14983,09:43:00,,,,,,,,,,,,,,,,,,,,,,,,,
14984,09:44:00,,,,,,,,,,,,,,,,,,,,,,,,,
14985,09:45:00,,,,,,,,,,,,,,,,,,,,,,,,,
14986,09:46:00,,,,,,,,,,,,,,,,,,,,,,,,,
14987,09:47:00,,,,,,,,,,,,,,,,,,,,,,,,,
14988,09:48:00,,,,,,,,,,,,,,,,,,,,,,,,,
14989,09:49:00,,,,,,,,,,,,,,,,,,,,,,,,,
14990,09:50:00,,,,,,,,,,,,,,,,,,,,,,,,,
14991,09:51:00,,,,,,,,,,,,,,,,,,,,,,,,,
14992,09:52:00,,,,,,,,,,,,,,,,,,,,,,,,,
14993,09:53:00,,,,,,,,,,,,,,,,,,,,,,,,,
14994,09:54:00,,,,,,,,,,,,,,,,,,,,,,,,,
14995,09:55:00,,,,,,,,,,,,,,,,,,,,,,,,,
14996,09:56:00,,,,,,,,,,,,,,,,,,,,,,,,,
14997,09:57:00,,,,,,,,,,,,,,,,,,,,,,,,,
14998,09:58:00,,,,,,,,,,,,,,,,,,,,,,,,,
14999,09:59:00,,,,,,,,,,,,,,,,,,,,,,,,,
15000,10:00:00,,,,,,,,,,,,,,,,,,,,,,,,,
15001,10:01:00,,,,,,,,,,,,,,,,,,,,,,,,,
15002,10:02:00,,,,,,,,,,,,,,,,,,,,,,,,,
15003,10:03:00,,,,,,,,,,,,,,,,,,,,,,,,,
15004,10:04:00,,,,,,,,,,,,,,,,,,,,,,,,,
15005,10:05:00,,,,,,,,,,,,,,,,,,,,,,,,,
15006,10:06:00,,,,,,,,,,,,,,,,,,,,,,,,,
15007,10:07:00,,,,,,,,,,,,,,,,,,,,,,,,,
15008,10:08:00,,,,,,,,,,,,,,,,,,,,,,,,,
15009,10:09:00,,,,,,,,,,,,,,,,,,,,,,,,,
15010,10:10:00,,,,,,,,,,,,,,,,,,,,,,,,,
15011,10:11:00,,,,,,,,,,,,,,,,,,,,,,,,,
15012,10:12:00,,,,,,,,,,,,,,,,,,,,,,,,,
15013,10:13:00,,,,,,,,,,,,,,,,,,,,,,,,,
15014,10:14:00,,,,,,,,,,,,,,,,,,,,,,,,,
15015,10:15:00,,,,,,,,,,,,,,,,,,,,,,,,,
15016,10:16:00,,,,,,,,,,,,,,,,,,,,,,,,,
15017,10:17:00,,,,,,,,,,,,,,,,,,,,,,,,,
15018,10:18:00,,,,,,,,,,,,,,,,,,,,,,,,,
15019,10:19:00,,,,,,,,,,,,,,,,,,,,,,,,,
15020,10:20:00,,,,,,,,,,,,,,,,,,,,,,,,,
15021,10:21:00,,,,,,,,,,,,,,,,,,,,,,,,,
15022,10:22:00,,,,,,,,,,,,,,,,,,,,,,,,,
15023,10:23:00,,,,,,,,,,,,,,,,,,,,,,,,,
15024,10:24:00,,,,,,,,,,,,,,,,,,,,,,,,,
15025,10:25:00,,,,,,,,,,,,,,,,,,,,,,,,,
15026,10:26:00,,,,,,,,,,,,,,,,,,,,,,,,,
15027,10:27:00,,,,,,,,,,,,,,,,,,,,,,,,,
15028,10:28:00,,,,,,,,,,,,,,,,,,,,,,,,,
15029,10:29:00,,,,,,,,,,,,,,,,,,,,,,,,,
15030,10:30:00,,,,,,,,,,,,,,,,,,,,,,,,,
15031,10:31:00,,,,,,,,,,,,,,,,,,,,,,,,,
15032,10:32:00,,,,,,,,,,,,,,,,,,,,,,,,,
15033,10:33:00,,,,,,,,,,,,,,,,,,,,,,,,,
15034,10:34:00,,,,,,,,,,,,,,,,,,,,,,,,,
15035,10:35:00,,,,,,,,,,,,,,,,,,,,,,,,,
15036,10:36:00,,,,,,,,,,,,,,,,,,,,,,,,,
15037,10:37:00,,,,,,,,,,,,,,,,,,,,,,,,,
15038,10:38:00,,,,,,,,,,,,,,,,,,,,,,,,,
15039,10:39:00,,,,,,,,,,,,,,,,,,,,,,,,,
15040,10:40:00,,,,,,,,,,,,,,,,,,,,,,,,,
15041,10:41:00,,,,,,,,,,,,,,,,,,,,,,,,,
15042,10:42:00,,,,,,,,,,,,,,,,,,,,,,,,,
15043,10:43:00,,,,,,,,,,,,,,,,,,,,,,,,,
15044,10:44:00,,,,,,,,,,,,,,,,,,,,,,,,,
15045,10:45:00,,,,,,,,,,,,,,,,,,,,,,,,,
15046,10:46:00,,,,,,,,,,,,,,,,,,,,,,,,,
15047,10:47:00,,,,,,,,,,,,,,,,,,,,,,,,,
15048,10:48:00,,,,,,,,,,,,,,,,,,,,,,,,,
15049,10:49:00,,,,,,,,,,,,,,,,,,,,,,,,,
15050,10:50:00,,,,,,,,,,,,,,,,,,,,,,,,,
15051,10:51:00,,,,,,,,,,,,,,,,,,,,,,,,,
15052,10:52:00,,,,,,,,,,,,,,,,,,,,,,,,,
15053,10:53:00,,,,,,,,,,,,,,,,,,,,,,,,,
15054,10:54:00,,,,,,,,,,,,,,,,,,,,,,,,,
15055,10:55:00,,,,,,,,,,,,,,,,,,,,,,,,,
15056,10:56:00,,,,,,,,,,,,,,,,,,,,,,,,,
15057,10:57:00,,,,,,,,,,,,,,,,,,,,,,,,,
15058,10:58:00,,,,,,,,,,,,,,,,,,,,,,,,,
15059,10:59:00,,,,,,,,,,,,,,,,,,,,,,,,,
15060,11:00:00,,,,,,,,,,,,,,,,,,,,,,,,,
15061,11:01:00,,,,,,,,,,,,,,,,,,,,,,,,,
15062,11:02:00,,,,,,,,,,,,,,,,,,,,,,,,,
15063,11:03:00,,,,,,,,,,,,,,,,,,,,,,,,,
15064,11:04:00,,,,,,,,,,,,,,,,,,,,,,,,,
15065,11:05:00,,,,,,,,,,,,,,,,,,,,,,,,,
15066,11:06:00,,,,,,,,,,,,,,,,,,,,,,,,,
15067,11:07:00,,,,,,,,,,,,,,,,,,,,,,,,,
15068,11:08:00,,,,,,,,,,,,,,,,,,,,,,,,,
15069,11:09:00,,,,,,,,,,,,,,,,,,,,,,,,,
15070,11:10:00,,,,,,,,,,,,,,,,,,,,,,,,,
15071,11:11:00,,,,,,,,,,,,,,,,,,,,,,,,,
15072,11:12:00,,,,,,,,,,,,,,,,,,,,,,,,,
15073,11:13:00,,,,,,,,,,,,,,,,,,,,,,,,,
15074,11:14:00,,,,,,,,,,,,,,,,,,,,,,,,,
15075,11:15:00,,,,,,,,,,,,,,,,,,,,,,,,,
15076,11:16:00,,,,,,,,,,,,,,,,,,,,,,,,,
15077,11:17:00,,,,,,,,,,,,,,,,,,,,,,,,,
15078,11:18:00,,,,,,,,,,,,,,,,,,,,,,,,,
15079,11:19:00,,,,,,,,,,,,,,,,,,,,,,,,,
15080,11:20:00,,,,,,,,,,,,,,,,,,,,,,,,,
15081,11:21:00,,,,,,,,,,,,,,,,,,,,,,,,,
15082,11:22:00,,,,,,,,,,,,,,,,,,,,,,,,,
15083,11:23:00,,,,,,,,,,,,,,,,,,,,,,,,,
15084,11:24:00,,,,,,,,,,,,,,,,,,,,,,,,,
15085,11:25:00,,,,,,,,,,,,,,,,,,,,,,,,,
15086,11:26:00,,,,,,,,,,,,,,,,,,,,,,,,,
15087,11:27:00,,,,,,,,,,,,,,,,,,,,,,,,,
15088,11:28:00,,,,,,,,,,,,,,,,,,,,,,,,,
15089,11:29:00,,,,,,,,,,,,,,,,,,,,,,,,,
15090,11:30:00,,,,,,,,,,,,,,,,,,,,,,,,,
15091,11:31:00,,,,,,,,,,,,,,,,,,,,,,,,,
15092,11:32:00,,,,,,,,,,,,,,,,,,,,,,,,,
15093,11:33:00,,,,,,,,,,,,,,,,,,,,,,,,,
15094,11:34:00,,,,,,,,,,,,,,,,,,,,,,,,,
15095,11:35:00,,,,,,,,,,,,,,,,,,,,,,,,,
15096,11:36:00,,,,,,,,,,,,,,,,,,,,,,,,,
15097,11:37:00,,,,,,,,,,,,,,,,,,,,,,,,,
15098,11:38:00,,,,,,,,,,,,,,,,,,,,,,,,,
15099,11:39:00,,,,,,,,,,,,,,,,,,,,,,,,,
15100,11:40:00,,,,,,,,,,,,,,,,,,,,,,,,,
15101,11:41:00,,,,,,,,,,,,,,,,,,,,,,,,,
15102,11:42:00,,,,,,,,,,,,,,,,,,,,,,,,,
15103,11:43:00,,,,,,,,,,,,,,,,,,,,,,,,,
15104,11:44:00,,,,,,,,,,,,,,,,,,,,,,,,,
15105,11:45:00,,,,,,,,,,,,,,,,,,,,,,,,,
15106,11:46:00,,,,,,,,,,,,,,,,,,,,,,,,,
15107,11:47:00,,,,,,,,,,,,,,,,,,,,,,,,,
15108,11:48:00,,,,,,,,,,,,,,,,,,,,,,,,,
15109,11:49:00,,,,,,,,,,,,,,,,,,,,,,,,,
15110,11:50:00,,,,,,,,,,,,,,,,,,,,,,,,,
15111,11:51:00,,,,,,,,,,,,,,,,,,,,,,,,,
15112,11:52:00,,,,,,,,,,,,,,,,,,,,,,,,,
15113,11:53:00,,,,,,,,,,,,,,,,,,,,,,,,,
15114,11:54:00,,,,,,,,,,,,,,,,,,,,,,,,,
15115,11:55:00,,,,,,,,,,,,,,,,,,,,,,,,,
15116,11:56:00,,,,,,,,,,,,,,,,,,,,,,,,,
15117,11:57:00,,,,,,,,,,,,,,,,,,,,,,,,,
15118,11:58:00,,,,,,,,,,,,,,,,,,,,,,,,,
15119,11:59:00,,,,,,,,,,,,,,,,,,,,,,,,,
15120,12:00:00,,,,,,,,,,,,,,,,,,,,,,,,,
15121,12:01:00,,,,,,,,,,,,,,,,,,,,,,,,,
15122,12:02:00,,,,,,,,,,,,,,,,,,,,,,,,,
15123,12:03:00,,,,,,,,,,,,,,,,,,,,,,,,,
15124,12:04:00,,,,,,,,,,,,,,,,,,,,,,,,,
15125,12:05:00,,,,,,,,,,,,,,,,,,,,,,,,,
15126,12:06:00,,,,,,,,,,,,,,,,,,,,,,,,,
15127,12:07:00,,,,,,,,,,,,,,,,,,,,,,,,,
15128,12:08:00,,,,,,,,,,,,,,,,,,,,,,,,,
15129,12:09:00,,,,,,,,,,,,,,,,,,,,,,,,,
15130,12:10:00,,,,,,,,,,,,,,,,,,,,,,,,,
15131,12:11:00,,,,,,,,,,,,,,,,,,,,,,,,,
15132,12:12:00,,,,,,,,,,,,,,,,,,,,,,,,,
15133,12:13:00,,,,,,,,,,,,,,,,,,,,,,,,,
15134,12:14:00,,,,,,,,,,,,,,,,,,,,,,,,,
15135,12:15:00,,,,,,,,,,,,,,,,,,,,,,,,,
15136,12:16:00,,,,,,,,,,,,,,,,,,,,,,,,,
15137,12:17:00,,,,,,,,,,,,,,,,,,,,,,,,,
15138,12:18:00,,,,,,,,,,,,,,,,,,,,,,,,,
15139,12:19:00,,,,,,,,,,,,,,,,,,,,,,,,,
15140,12:20:00,,,,,,,,,,,,,,,,,,,,,,,,,
15141,12:21:00,,,,,,,,,,,,,,,,,,,,,,,,,
15142,12:22:00,,,,,,,,,,,,,,,,,,,,,,,,,
15143,12:23:00,,,,,,,,,,,,,,,,,,,,,,,,,
15144,12:24:00,,,,,,,,,,,,,,,,,,,,,,,,,
15145,12:25:00,,,,,,,,,,,,,,,,,,,,,,,,,
15146,12:26:00,,,,,,,,,,,,,,,,,,,,,,,,,
15147,12:27:00,,,,,,,,,,,,,,,,,,,,,,,,,
15148,12:28:00,,,,,,,,,,,,,,,,,,,,,,,,,
15149,12:29:00,,,,,,,,,,,,,,,,,,,,,,,,,
15150,12:30:00,,,,,,,,,,,,,,,,,,,,,,,,,
15151,12:31:00,,,,,,,,,,,,,,,,,,,,,,,,,
15152,12:32:00,,,,,,,,,,,,,,,,,,,,,,,,,
15153,12:33:00,,,,,,,,,,,,,,,,,,,,,,,,,
15154,12:34:00,,,,,,,,,,,,,,,,,,,,,,,,,
15155,12:35:00,,,,,,,,,,,,,,,,,,,,,,,,,
15156,12:36:00,,,,,,,,,,,,,,,,,,,,,,,,,
15157,12:37:00,,,,,,,,,,,,,,,,,,,,,,,,,
15158,12:38:00,,,,,,,,,,,,,,,,,,,,,,,,,
15159,12:39:00,,,,,,,,,,,,,,,,,,,,,,,,,
15160,12:40:00,,,,,,,,,,,,,,,,,,,,,,,,,
15161,12:41:00,,,,,,,,,,,,,,,,,,,,,,,,,
15162,12:42:00,,,,,,,,,,,,,,,,,,,,,,,,,
15163,12:43:00,,,,,,,,,,,,,,,,,,,,,,,,,
15164,12:44:00,,,,,,,,,,,,,,,,,,,,,,,,,
15165,12:45:00,,,,,,,,,,,,,,,,,,,,,,,,,
15166,12:46:00,,,,,,,,,,,,,,,,,,,,,,,,,
15167,12:47:00,,,,,,,,,,,,,,,,,,,,,,,,,
15168,12:48:00,,,,,,,,,,,,,,,,,,,,,,,,,
15169,12:49:00,,,,,,,,,,,,,,,,,,,,,,,,,
15170,12:50:00,,,,,,,,,,,,,,,,,,,,,,,,,
15171,12:51:00,,,,,,,,,,,,,,,,,,,,,,,,,
15172,12:52:00,,,,,,,,,,,,,,,,,,,,,,,,,
15173,12:53:00,,,,,,,,,,,,,,,,,,,,,,,,,
15174,12:54:00,,,,,,,,,,,,,,,,,,,,,,,,,
15175,12:55:00,,,,,,,,,,,,,,,,,,,,,,,,,
15176,12:56:00,,,,,,,,,,,,,,,,,,,,,,,,,
15177,12:57:00,,,,,,,,,,,,,,,,,,,,,,,,,
15178,12:58:00,,,,,,,,,,,,,,,,,,,,,,,,,
15179,12:59:00,,,,,,,,,,,,,,,,,,,,,,,,,
15180,13:00:00,,,,,,,,,,,,,,,,,,,,,,,,,
15181,13:01:00,,,,,,,,,,,,,,,,,,,,,,,,,
15182,13:02:00,,,,,,,,,,,,,,,,,,,,,,,,,
15183,13:03:00,,,,,,,,,,,,,,,,,,,,,,,,,
15184,13:04:00,,,,,,,,,,,,,,,,,,,,,,,,,
15185,13:05:00,,,,,,,,,,,,,,,,,,,,,,,,,
15186,13:06:00,,,,,,,,,,,,,,,,,,,,,,,,,
15187,13:07:00,,,,,,,,,,,,,,,,,,,,,,,,,
15188,13:08:00,,,,,,,,,,,,,,,,,,,,,,,,,
15189,13:09:00,,,,,,,,,,,,,,,,,,,,,,,,,
15190,13:10:00,,,,,,,,,,,,,,,,,,,,,,,,,
15191,13:11:00,,,,,,,,,,,,,,,,,,,,,,,,,
15192,13:12:00,,,,,,,,,,,,,,,,,,,,,,,,,
15193,13:13:00,,,,,,,,,,,,,,,,,,,,,,,,,
15194,13:14:00,,,,,,,,,,,,,,,,,,,,,,,,,
15195,13:15:00,,,,,,,,,,,,,,,,,,,,,,,,,
15196,13:16:00,,,,,,,,,,,,,,,,,,,,,,,,,
15197,13:17:00,,,,,,,,,,,,,,,,,,,,,,,,,
15198,13:18:00,,,,,,,,,,,,,,,,,,,,,,,,,
15199,13:19:00,,,,,,,,,,,,,,,,,,,,,,,,,
15200,13:20:00,,,,,,,,,,,,,,,,,,,,,,,,,
15201,13:21:00,,,,,,,,,,,,,,,,,,,,,,,,,
15202,13:22:00,,,,,,,,,,,,,,,,,,,,,,,,,
15203,13:23:00,,,,,,,,,,,,,,,,,,,,,,,,,
15204,13:24:00,,,,,,,,,,,,,,,,,,,,,,,,,
15205,13:25:00,,,,,,,,,,,,,,,,,,,,,,,,,
15206,13:26:00,,,,,,,,,,,,,,,,,,,,,,,,,
15207,13:27:00,,,,,,,,,,,,,,,,,,,,,,,,,
15208,13:28:00,,,,,,,,,,,,,,,,,,,,,,,,,
15209,13:29:00,,,,,,,,,,,,,,,,,,,,,,,,,
15210,13:30:00,,,,,,,,,,,,,,,,,,,,,,,,,
15211,13:31:00,,,,,,,,,,,,,,,,,,,,,,,,,
15212,13:32:00,,,,,,,,,,,,,,,,,,,,,,,,,
15213,13:33:00,,,,,,,,,,,,,,,,,,,,,,,,,
15214,13:34:00,,,,,,,,,,,,,,,,,,,,,,,,,
15215,13:35:00,,,,,,,,,,,,,,,,,,,,,,,,,
15216,13:36:00,,,,,,,,,,,,,,,,,,,,,,,,,
15217,13:37:00,,,,,,,,,,,,,,,,,,,,,,,,,
15218,13:38:00,,,,,,,,,,,,,,,,,,,,,,,,,
15219,13:39:00,,,,,,,,,,,,,,,,,,,,,,,,,
15220,13:40:00,,,,,,,,,,,,,,,,,,,,,,,,,
15221,13:41:00,,,,,,,,,,,,,,,,,,,,,,,,,
15222,13:42:00,,,,,,,,,,,,,,,,,,,,,,,,,
15223,13:43:00,,,,,,,,,,,,,,,,,,,,,,,,,
15224,13:44:00,,,,,,,,,,,,,,,,,,,,,,,,,
15225,13:45:00,,,,,,,,,,,,,,,,,,,,,,,,,
15226,13:46:00,,,,,,,,,,,,,,,,,,,,,,,,,
15227,13:47:00,,,,,,,,,,,,,,,,,,,,,,,,,
15228,13:48:00,,,,,,,,,,,,,,,,,,,,,,,,,
15229,13:49:00,,,,,,,,,,,,,,,,,,,,,,,,,
15230,13:50:00,,,,,,,,,,,,,,,,,,,,,,,,,
15231,13:51:00,,,,,,,,,,,,,,,,,,,,,,,,,
15232,13:52:00,,,,,,,,,,,,,,,,,,,,,,,,,
15233,13:53:00,,,,,,,,,,,,,,,,,,,,,,,,,
15234,13:54:00,,,,,,,,,,,,,,,,,,,,,,,,,
15235,13:55:00,,,,,,,,,,,,,,,,,,,,,,,,,
15236,13:56:00,,,,,,,,,,,,,,,,,,,,,,,,,
15237,13:57:00,,,,,,,,,,,,,,,,,,,,,,,,,
15238,13:58:00,,,,,,,,,,,,,,,,,,,,,,,,,
15239,13:59:00,,,,,,,,,,,,,,,,,,,,,,,,,
15240,14:00:00,,,,,,,,,,,,,,,,,,,,,,,,,
15241,14:01:00,,,,,,,,,,,,,,,,,,,,,,,,,
15242,14:02:00,,,,,,,,,,,,,,,,,,,,,,,,,
15243,14:03:00,,,,,,,,,,,,,,,,,,,,,,,,,
15244,14:04:00,,,,,,,,,,,,,,,,,,,,,,,,,
15245,14:05:00,,,,,,,,,,,,,,,,,,,,,,,,,
15246,14:06:00,,,,,,,,,,,,,,,,,,,,,,,,,
15247,14:07:00,,,,,,,,,,,,,,,,,,,,,,,,,
15248,14:08:00,,,,,,,,,,,,,,,,,,,,,,,,,
15249,14:09:00,,,,,,,,,,,,,,,,,,,,,,,,,
15250,14:10:00,,,,,,,,,,,,,,,,,,,,,,,,,
15251,14:11:00,,,,,,,,,,,,,,,,,,,,,,,,,
15252,14:12:00,,,,,,,,,,,,,,,,,,,,,,,,,
15253,14:13:00,,,,,,,,,,,,,,,,,,,,,,,,,
15254,14:14:00,,,,,,,,,,,,,,,,,,,,,,,,,
15255,14:15:00,,,,,,,,,,,,,,,,,,,,,,,,,
15256,14:16:00,,,,,,,,,,,,,,,,,,,,,,,,,
15257,14:17:00,,,,,,,,,,,,,,,,,,,,,,,,,
15258,14:18:00,,,,,,,,,,,,,,,,,,,,,,,,,
15259,14:19:00,,,,,,,,,,,,,,,,,,,,,,,,,
15260,14:20:00,,,,,,,,,,,,,,,,,,,,,,,,,
15261,14:21:00,,,,,,,,,,,,,,,,,,,,,,,,,
15262,14:22:00,,,,,,,,,,,,,,,,,,,,,,,,,
15263,14:23:00,,,,,,,,,,,,,,,,,,,,,,,,,
15264,14:24:00,,,,,,,,,,,,,,,,,,,,,,,,,
15265,14:25:00,,,,,,,,,,,,,,,,,,,,,,,,,
15266,14:26:00,,,,,,,,,,,,,,,,,,,,,,,,,
15267,14:27:00,,,,,,,,,,,,,,,,,,,,,,,,,
15268,14:28:00,,,,,,,,,,,,,,,,,,,,,,,,,
15269,14:29:00,,,,,,,,,,,,,,,,,,,,,,,,,
15270,14:30:00,,,,,,,,,,,,,,,,,,,,,,,,,
15271,14:31:00,,,,,,,,,,,,,,,,,,,,,,,,,
15272,14:32:00,,,,,,,,,,,,,,,,,,,,,,,,,
15273,14:33:00,,,,,,,,,,,,,,,,,,,,,,,,,
15274,14:34:00,,,,,,,,,,,,,,,,,,,,,,,,,
15275,14:35:00,,,,,,,,,,,,,,,,,,,,,,,,,
15276,14:36:00,,,,,,,,,,,,,,,,,,,,,,,,,
15277,14:37:00,,,,,,,,,,,,,,,,,,,,,,,,,
15278,14:38:00,,,,,,,,,,,,,,,,,,,,,,,,,
15279,14:39:00,,,,,,,,,,,,,,,,,,,,,,,,,
15280,14:40:00,,,,,,,,,,,,,,,,,,,,,,,,,
15281,14:41:00,,,,,,,,,,,,,,,,,,,,,,,,,
15282,14:42:00,,,,,,,,,,,,,,,,,,,,,,,,,
15283,14:43:00,,,,,,,,,,,,,,,,,,,,,,,,,
15284,14:44:00,,,,,,,,,,,,,,,,,,,,,,,,,
15285,14:45:00,,,,,,,,,,,,,,,,,,,,,,,,,
15286,14:46:00,,,,,,,,,,,,,,,,,,,,,,,,,
15287,14:47:00,,,,,,,,,,,,,,,,,,,,,,,,,
15288,14:48:00,,,,,,,,,,,,,,,,,,,,,,,,,
15289,14:49:00,,,,,,,,,,,,,,,,,,,,,,,,,
15290,14:50:00,,,,,,,,,,,,,,,,,,,,,,,,,
15291,14:51:00,,,,,,,,,,,,,,,,,,,,,,,,,
15292,14:52:00,,,,,,,,,,,,,,,,,,,,,,,,,
15293,14:53:00,,,,,,,,,,,,,,,,,,,,,,,,,
15294,14:54:00,,,,,,,,,,,,,,,,,,,,,,,,,
15295,14:55:00,,,,,,,,,,,,,,,,,,,,,,,,,
15296,14:56:00,,,,,,,,,,,,,,,,,,,,,,,,,
15297,14:57:00,,,,,,,,,,,,,,,,,,,,,,,,,
15298,14:58:00,,,,,,,,,,,,,,,,,,,,,,,,,
15299,14:59:00,,,,,,,,,,,,,,,,,,,,,,,,,
15300,15:00:00,,,,,,,,,,,,,,,,,,,,,,,,,
15301,15:01:00,,,,,,,,,,,,,,,,,,,,,,,,,
15302,15:02:00,,,,,,,,,,,,,,,,,,,,,,,,,
15303,15:03:00,,,,,,,,,,,,,,,,,,,,,,,,,
15304,15:04:00,,,,,,,,,,,,,,,,,,,,,,,,,
15305,15:05:00,,,,,,,,,,,,,,,,,,,,,,,,,
15306,15:06:00,,,,,,,,,,,,,,,,,,,,,,,,,
15307,15:07:00,,,,,,,,,,,,,,,,,,,,,,,,,
15308,15:08:00,,,,,,,,,,,,,,,,,,,,,,,,,
15309,15:09:00,,,,,,,,,,,,,,,,,,,,,,,,,
15310,15:10:00,,,,,,,,,,,,,,,,,,,,,,,,,
15311,15:11:00,,,,,,,,,,,,,,,,,,,,,,,,,
15312,15:12:00,,,,,,,,,,,,,,,,,,,,,,,,,
15313,15:13:00,,,,,,,,,,,,,,,,,,,,,,,,,
15314,15:14:00,,,,,,,,,,,,,,,,,,,,,,,,,
15315,15:15:00,,,,,,,,,,,,,,,,,,,,,,,,,
15316,15:16:00,,,,,,,,,,,,,,,,,,,,,,,,,
15317,15:17:00,,,,,,,,,,,,,,,,,,,,,,,,,
15318,15:18:00,,,,,,,,,,,,,,,,,,,,,,,,,
15319,15:19:00,,,,,,,,,,,,,,,,,,,,,,,,,
15320,15:20:00,,,,,,,,,,,,,,,,,,,,,,,,,
15321,15:21:00,,,,,,,,,,,,,,,,,,,,,,,,,
15322,15:22:00,,,,,,,,,,,,,,,,,,,,,,,,,
15323,15:23:00,,,,,,,,,,,,,,,,,,,,,,,,,
15324,15:24:00,,,,,,,,,,,,,,,,,,,,,,,,,
15325,15:25:00,,,,,,,,,,,,,,,,,,,,,,,,,
15326,15:26:00,,,,,,,,,,,,,,,,,,,,,,,,,
15327,15:27:00,,,,,,,,,,,,,,,,,,,,,,,,,
15328,15:28:00,,,,,,,,,,,,,,,,,,,,,,,,,
15329,15:29:00,,,,,,,,,,,,,,,,,,,,,,,,,
15330,15:30:00,,,,,,,,,,,,,,,,,,,,,,,,,
15331,15:31:00,,,,,,,,,,,,,,,,,,,,,,,,,
15332,15:32:00,,,,,,,,,,,,,,,,,,,,,,,,,
15333,15:33:00,,,,,,,,,,,,,,,,,,,,,,,,,
15334,15:34:00,,,,,,,,,,,,,,,,,,,,,,,,,
15335,15:35:00,,,,,,,,,,,,,,,,,,,,,,,,,
15336,15:36:00,,,,,,,,,,,,,,,,,,,,,,,,,
15337,15:37:00,,,,,,,,,,,,,,,,,,,,,,,,,
15338,15:38:00,,,,,,,,,,,,,,,,,,,,,,,,,
15339,15:39:00,,,,,,,,,,,,,,,,,,,,,,,,,
15340,15:40:00,,,,,,,,,,,,,,,,,,,,,,,,,
15341,15:41:00,,,,,,,,,,,,,,,,,,,,,,,,,
15342,15:42:00,,,,,,,,,,,,,,,,,,,,,,,,,
15343,15:43:00,,,,,,,,,,,,,,,,,,,,,,,,,
15344,15:44:00,,,,,,,,,,,,,,,,,,,,,,,,,
15345,15:45:00,,,,,,,,,,,,,,,,,,,,,,,,,
15346,15:46:00,,,,,,,,,,,,,,,,,,,,,,,,,
15347,15:47:00,,,,,,,,,,,,,,,,,,,,,,,,,
15348,15:48:00,,,,,,,,,,,,,,,,,,,,,,,,,
15349,15:49:00,,,,,,,,,,,,,,,,,,,,,,,,,
15350,15:50:00,,,,,,,,,,,,,,,,,,,,,,,,,
15351,15:51:00,,,,,,,,,,,,,,,,,,,,,,,,,
15352,15:52:00,,,,,,,,,,,,,,,,,,,,,,,,,
15353,15:53:00,,,,,,,,,,,,,,,,,,,,,,,,,
15354,15:54:00,,,,,,,,,,,,,,,,,,,,,,,,,
15355,15:55:00,,,,,,,,,,,,,,,,,,,,,,,,,
15356,15:56:00,,,,,,,,,,,,,,,,,,,,,,,,,
15357,15:57:00,,,,,,,,,,,,,,,,,,,,,,,,,
15358,15:58:00,,,,,,,,,,,,,,,,,,,,,,,,,
15359,15:59:00,,,,,,,,,,,,,,,,,,,,,,,,,
15360,16:00:00,,,,,,,,,,,,,,,,,,,,,,,,,
15361,16:01:00,,,,,,,,,,,,,,,,,,,,,,,,,
15362,16:02:00,,,,,,,,,,,,,,,,,,,,,,,,,
15363,16:03:00,,,,,,,,,,,,,,,,,,,,,,,,,
15364,16:04:00,,,,,,,,,,,,,,,,,,,,,,,,,
15365,16:05:00,,,,,,,,,,,,,,,,,,,,,,,,,
15366,16:06:00,,,,,,,,,,,,,,,,,,,,,,,,,
15367,16:07:00,,,,,,,,,,,,,,,,,,,,,,,,,
15368,16:08:00,,,,,,,,,,,,,,,,,,,,,,,,,
15369,16:09:00,,,,,,,,,,,,,,,,,,,,,,,,,
15370,16:10:00,,,,,,,,,,,,,,,,,,,,,,,,,
15371,16:11:00,,,,,,,,,,,,,,,,,,,,,,,,,
15372,16:12:00,,,,,,,,,,,,,,,,,,,,,,,,,
15373,16:13:00,,,,,,,,,,,,,,,,,,,,,,,,,
15374,16:14:00,,,,,,,,,,,,,,,,,,,,,,,,,
15375,16:15:00,,,,,,,,,,,,,,,,,,,,,,,,,
15376,16:16:00,,,,,,,,,,,,,,,,,,,,,,,,,
15377,16:17:00,,,,,,,,,,,,,,,,,,,,,,,,,
15378,16:18:00,,,,,,,,,,,,,,,,,,,,,,,,,
15379,16:19:00,,,,,,,,,,,,,,,,,,,,,,,,,
15380,16:20:00,,,,,,,,,,,,,,,,,,,,,,,,,
15381,16:21:00,,,,,,,,,,,,,,,,,,,,,,,,,
15382,16:22:00,,,,,,,,,,,,,,,,,,,,,,,,,
15383,16:23:00,,,,,,,,,,,,,,,,,,,,,,,,,
15384,16:24:00,,,,,,,,,,,,,,,,,,,,,,,,,
15385,16:25:00,,,,,,,,,,,,,,,,,,,,,,,,,
15386,16:26:00,,,,,,,,,,,,,,,,,,,,,,,,,
15387,16:27:00,,,,,,,,,,,,,,,,,,,,,,,,,
15388,16:28:00,,,,,,,,,,,,,,,,,,,,,,,,,
15389,16:29:00,,,,,,,,,,,,,,,,,,,,,,,,,
15390,16:30:00,,,,,,,,,,,,,,,,,,,,,,,,,
15391,16:31:00,,,,,,,,,,,,,,,,,,,,,,,,,
15392,16:32:00,,,,,,,,,,,,,,,,,,,,,,,,,
15393,16:33:00,,,,,,,,,,,,,,,,,,,,,,,,,
15394,16:34:00,,,,,,,,,,,,,,,,,,,,,,,,,
15395,16:35:00,,,,,,,,,,,,,,,,,,,,,,,,,
15396,16:36:00,,,,,,,,,,,,,,,,,,,,,,,,,
15397,16:37:00,,,,,,,,,,,,,,,,,,,,,,,,,
15398,16:38:00,,,,,,,,,,,,,,,,,,,,,,,,,
15399,16:39:00,,,,,,,,,,,,,,,,,,,,,,,,,
15400,16:40:00,,,,,,,,,,,,,,,,,,,,,,,,,
15401,16:41:00,,,,,,,,,,,,,,,,,,,,,,,,,
15402,16:42:00,,,,,,,,,,,,,,,,,,,,,,,,,
15403,16:43:00,,,,,,,,,,,,,,,,,,,,,,,,,
15404,16:44:00,,,,,,,,,,,,,,,,,,,,,,,,,
15405,16:45:00,,,,,,,,,,,,,,,,,,,,,,,,,
15406,16:46:00,,,,,,,,,,,,,,,,,,,,,,,,,
15407,16:47:00,,,,,,,,,,,,,,,,,,,,,,,,,
15408,16:48:00,,,,,,,,,,,,,,,,,,,,,,,,,
15409,16:49:00,,,,,,,,,,,,,,,,,,,,,,,,,
15410,16:50:00,,,,,,,,,,,,,,,,,,,,,,,,,
15411,16:51:00,,,,,,,,,,,,,,,,,,,,,,,,,
15412,16:52:00,,,,,,,,,,,,,,,,,,,,,,,,,
15413,16:53:00,,,,,,,,,,,,,,,,,,,,,,,,,
15414,16:54:00,,,,,,,,,,,,,,,,,,,,,,,,,
15415,16:55:00,,,,,,,,,,,,,,,,,,,,,,,,,
15416,16:56:00,,,,,,,,,,,,,,,,,,,,,,,,,
15417,16:57:00,,,,,,,,,,,,,,,,,,,,,,,,,
15418,16:58:00,,,,,,,,,,,,,,,,,,,,,,,,,
15419,16:59:00,,,,,,,,,,,,,,,,,,,,,,,,,
15420,17:00:00,,,,,,,,,,,,,,,,,,,,,,,,,
15421,17:01:00,,,,,,,,,,,,,,,,,,,,,,,,,
15422,17:02:00,,,,,,,,,,,,,,,,,,,,,,,,,
15423,17:03:00,,,,,,,,,,,,,,,,,,,,,,,,,
15424,17:04:00,,,,,,,,,,,,,,,,,,,,,,,,,
15425,17:05:00,,,,,,,,,,,,,,,,,,,,,,,,,
15426,17:06:00,,,,,,,,,,,,,,,,,,,,,,,,,
15427,17:07:00,,,,,,,,,,,,,,,,,,,,,,,,,
15428,17:08:00,,,,,,,,,,,,,,,,,,,,,,,,,
15429,17:09:00,,,,,,,,,,,,,,,,,,,,,,,,,
15430,17:10:00,,,,,,,,,,,,,,,,,,,,,,,,,
15431,17:11:00,,,,,,,,,,,,,,,,,,,,,,,,,
15432,17:12:00,,,,,,,,,,,,,,,,,,,,,,,,,
15433,17:13:00,,,,,,,,,,,,,,,,,,,,,,,,,
15434,17:14:00,,,,,,,,,,,,,,,,,,,,,,,,,
15435,17:15:00,,,,,,,,,,,,,,,,,,,,,,,,,
15436,17:16:00,,,,,,,,,,,,,,,,,,,,,,,,,
15437,17:17:00,,,,,,,,,,,,,,,,,,,,,,,,,
15438,17:18:00,,,,,,,,,,,,,,,,,,,,,,,,,
15439,17:19:00,,,,,,,,,,,,,,,,,,,,,,,,,
15440,17:20:00,,,,,,,,,,,,,,,,,,,,,,,,,
15441,17:21:00,,,,,,,,,,,,,,,,,,,,,,,,,
15442,17:22:00,,,,,,,,,,,,,,,,,,,,,,,,,
15443,17:23:00,,,,,,,,,,,,,,,,,,,,,,,,,
15444,17:24:00,,,,,,,,,,,,,,,,,,,,,,,,,
15445,17:25:00,,,,,,,,,,,,,,,,,,,,,,,,,
15446,17:26:00,,,,,,,,,,,,,,,,,,,,,,,,,
15447,17:27:00,,,,,,,,,,,,,,,,,,,,,,,,,
15448,17:28:00,,,,,,,,,,,,,,,,,,,,,,,,,
15449,17:29:00,,,,,,,,,,,,,,,,,,,,,,,,,
15450,17:30:00,,,,,,,,,,,,,,,,,,,,,,,,,
15451,17:31:00,,,,,,,,,,,,,,,,,,,,,,,,,
15452,17:32:00,,,,,,,,,,,,,,,,,,,,,,,,,
15453,17:33:00,,,,,,,,,,,,,,,,,,,,,,,,,
15454,17:34:00,,,,,,,,,,,,,,,,,,,,,,,,,
15455,17:35:00,,,,,,,,,,,,,,,,,,,,,,,,,
15456,17:36:00,,,,,,,,,,,,,,,,,,,,,,,,,
15457,17:37:00,,,,,,,,,,,,,,,,,,,,,,,,,
15458,17:38:00,,,,,,,,,,,,,,,,,,,,,,,,,
15459,17:39:00,,,,,,,,,,,,,,,,,,,,,,,,,
15460,17:40:00,,,,,,,,,,,,,,,,,,,,,,,,,
15461,17:41:00,,,,,,,,,,,,,,,,,,,,,,,,,
15462,17:42:00,,,,,,,,,,,,,,,,,,,,,,,,,
15463,17:43:00,,,,,,,,,,,,,,,,,,,,,,,,,
15464,17:44:00,,,,,,,,,,,,,,,,,,,,,,,,,
15465,17:45:00,,,,,,,,,,,,,,,,,,,,,,,,,
15466,17:46:00,,,,,,,,,,,,,,,,,,,,,,,,,
15467,17:47:00,,,,,,,,,,,,,,,,,,,,,,,,,
15468,17:48:00,,,,,,,,,,,,,,,,,,,,,,,,,
15469,17:49:00,,,,,,,,,,,,,,,,,,,,,,,,,
15470,17:50:00,,,,,,,,,,,,,,,,,,,,,,,,,
15471,17:51:00,,,,,,,,,,,,,,,,,,,,,,,,,
15472,17:52:00,,,,,,,,,,,,,,,,,,,,,,,,,
15473,17:53:00,,,,,,,,,,,,,,,,,,,,,,,,,
15474,17:54:00,,,,,,,,,,,,,,,,,,,,,,,,,
15475,17:55:00,,,,,,,,,,,,,,,,,,,,,,,,,
15476,17:56:00,,,,,,,,,,,,,,,,,,,,,,,,,
15477,17:57:00,,,,,,,,,,,,,,,,,,,,,,,,,
15478,17:58:00,,,,,,,,,,,,,,,,,,,,,,,,,
15479,17:59:00,,,,,,,,,,,,,,,,,,,,,,,,,
15480,18:00:00,,,,,,,,,,,,,,,,,,,,,,,,,
15481,18:01:00,,,,,,,,,,,,,,,,,,,,,,,,,
15482,18:02:00,,,,,,,,,,,,,,,,,,,,,,,,,
15483,18:03:00,,,,,,,,,,,,,,,,,,,,,,,,,
15484,18:04:00,,,,,,,,,,,,,,,,,,,,,,,,,
15485,18:05:00,,,,,,,,,,,,,,,,,,,,,,,,,
15486,18:06:00,,,,,,,,,,,,,,,,,,,,,,,,,
15487,18:07:00,,,,,,,,,,,,,,,,,,,,,,,,,
15488,18:08:00,,,,,,,,,,,,,,,,,,,,,,,,,
15489,18:09:00,,,,,,,,,,,,,,,,,,,,,,,,,
15490,18:10:00,,,,,,,,,,,,,,,,,,,,,,,,,
15491,18:11:00,,,,,,,,,,,,,,,,,,,,,,,,,
15492,18:12:00,,,,,,,,,,,,,,,,,,,,,,,,,
15493,18:13:00,,,,,,,,,,,,,,,,,,,,,,,,,
15494,18:14:00,,,,,,,,,,,,,,,,,,,,,,,,,
15495,18:15:00,,,,,,,,,,,,,,,,,,,,,,,,,
15496,18:16:00,,,,,,,,,,,,,,,,,,,,,,,,,
15497,18:17:00,,,,,,,,,,,,,,,,,,,,,,,,,
15498,18:18:00,,,,,,,,,,,,,,,,,,,,,,,,,
15499,18:19:00,,,,,,,,,,,,,,,,,,,,,,,,,
15500,18:20:00,,,,,,,,,,,,,,,,,,,,,,,,,
15501,18:21:00,,,,,,,,,,,,,,,,,,,,,,,,,
15502,18:22:00,,,,,,,,,,,,,,,,,,,,,,,,,
15503,18:23:00,,,,,,,,,,,,,,,,,,,,,,,,,
15504,18:24:00,,,,,,,,,,,,,,,,,,,,,,,,,
15505,18:25:00,,,,,,,,,,,,,,,,,,,,,,,,,
15506,18:26:00,,,,,,,,,,,,,,,,,,,,,,,,,
15507,18:27:00,,,,,,,,,,,,,,,,,,,,,,,,,
15508,18:28:00,,,,,,,,,,,,,,,,,,,,,,,,,
15509,18:29:00,,,,,,,,,,,,,,,,,,,,,,,,,
15510,18:30:00,,,,,,,,,,,,,,,,,,,,,,,,,
15511,18:31:00,,,,,,,,,,,,,,,,,,,,,,,,,
15512,18:32:00,,,,,,,,,,,,,,,,,,,,,,,,,
15513,18:33:00,,,,,,,,,,,,,,,,,,,,,,,,,
15514,18:34:00,,,,,,,,,,,,,,,,,,,,,,,,,
15515,18:35:00,,,,,,,,,,,,,,,,,,,,,,,,,
15516,18:36:00,,,,,,,,,,,,,,,,,,,,,,,,,
15517,18:37:00,,,,,,,,,,,,,,,,,,,,,,,,,
15518,18:38:00,,,,,,,,,,,,,,,,,,,,,,,,,
15519,18:39:00,,,,,,,,,,,,,,,,,,,,,,,,,
15520,18:40:00,,,,,,,,,,,,,,,,,,,,,,,,,
15521,18:41:00,,,,,,,,,,,,,,,,,,,,,,,,,
15522,18:42:00,,,,,,,,,,,,,,,,,,,,,,,,,
15523,18:43:00,,,,,,,,,,,,,,,,,,,,,,,,,
15524,18:44:00,,,,,,,,,,,,,,,,,,,,,,,,,
15525,18:45:00,,,,,,,,,,,,,,,,,,,,,,,,,
15526,18:46:00,,,,,,,,,,,,,,,,,,,,,,,,,
15527,18:47:00,,,,,,,,,,,,,,,,,,,,,,,,,
15528,18:48:00,,,,,,,,,,,,,,,,,,,,,,,,,
15529,18:49:00,,,,,,,,,,,,,,,,,,,,,,,,,
15530,18:50:00,,,,,,,,,,,,,,,,,,,,,,,,,
15531,18:51:00,,,,,,,,,,,,,,,,,,,,,,,,,
15532,18:52:00,,,,,,,,,,,,,,,,,,,,,,,,,
15533,18:53:00,,,,,,,,,,,,,,,,,,,,,,,,,
15534,18:54:00,,,,,,,,,,,,,,,,,,,,,,,,,
15535,18:55:00,,,,,,,,,,,,,,,,,,,,,,,,,
15536,18:56:00,,,,,,,,,,,,,,,,,,,,,,,,,
15537,18:57:00,,,,,,,,,,,,,,,,,,,,,,,,,
15538,18:58:00,,,,,,,,,,,,,,,,,,,,,,,,,
15539,18:59:00,,,,,,,,,,,,,,,,,,,,,,,,,
15540,19:00:00,,,,,,,,,,,,,,,,,,,,,,,,,
15541,19:01:00,,,,,,,,,,,,,,,,,,,,,,,,,
15542,19:02:00,,,,,,,,,,,,,,,,,,,,,,,,,
15543,19:03:00,,,,,,,,,,,,,,,,,,,,,,,,,
15544,19:04:00,,,,,,,,,,,,,,,,,,,,,,,,,
15545,19:05:00,,,,,,,,,,,,,,,,,,,,,,,,,
15546,19:06:00,,,,,,,,,,,,,,,,,,,,,,,,,
15547,19:07:00,,,,,,,,,,,,,,,,,,,,,,,,,
15548,19:08:00,,,,,,,,,,,,,,,,,,,,,,,,,
15549,19:09:00,,,,,,,,,,,,,,,,,,,,,,,,,
15550,19:10:00,,,,,,,,,,,,,,,,,,,,,,,,,
15551,19:11:00,,,,,,,,,,,,,,,,,,,,,,,,,
15552,19:12:00,,,,,,,,,,,,,,,,,,,,,,,,,
15553,19:13:00,,,,,,,,,,,,,,,,,,,,,,,,,
15554,19:14:00,,,,,,,,,,,,,,,,,,,,,,,,,
15555,19:15:00,,,,,,,,,,,,,,,,,,,,,,,,,
15556,19:16:00,,,,,,,,,,,,,,,,,,,,,,,,,
15557,19:17:00,,,,,,,,,,,,,,,,,,,,,,,,,
15558,19:18:00,,,,,,,,,,,,,,,,,,,,,,,,,
15559,19:19:00,,,,,,,,,,,,,,,,,,,,,,,,,
15560,19:20:00,,,,,,,,,,,,,,,,,,,,,,,,,
15561,19:21:00,,,,,,,,,,,,,,,,,,,,,,,,,
15562,19:22:00,,,,,,,,,,,,,,,,,,,,,,,,,
15563,19:23:00,,,,,,,,,,,,,,,,,,,,,,,,,
15564,19:24:00,,,,,,,,,,,,,,,,,,,,,,,,,
15565,19:25:00,,,,,,,,,,,,,,,,,,,,,,,,,
15566,19:26:00,,,,,,,,,,,,,,,,,,,,,,,,,
15567,19:27:00,,,,,,,,,,,,,,,,,,,,,,,,,
15568,19:28:00,,,,,,,,,,,,,,,,,,,,,,,,,
15569,19:29:00,,,,,,,,,,,,,,,,,,,,,,,,,
15570,19:30:00,,,,,,,,,,,,,,,,,,,,,,,,,
15571,19:31:00,,,,,,,,,,,,,,,,,,,,,,,,,
15572,19:32:00,,,,,,,,,,,,,,,,,,,,,,,,,
15573,19:33:00,,,,,,,,,,,,,,,,,,,,,,,,,
15574,19:34:00,,,,,,,,,,,,,,,,,,,,,,,,,
15575,19:35:00,,,,,,,,,,,,,,,,,,,,,,,,,
15576,19:36:00,,,,,,,,,,,,,,,,,,,,,,,,,
15577,19:37:00,,,,,,,,,,,,,,,,,,,,,,,,,
15578,19:38:00,,,,,,,,,,,,,,,,,,,,,,,,,
15579,19:39:00,,,,,,,,,,,,,,,,,,,,,,,,,
15580,19:40:00,,,,,,,,,,,,,,,,,,,,,,,,,
15581,19:41:00,,,,,,,,,,,,,,,,,,,,,,,,,
15582,19:42:00,,,,,,,,,,,,,,,,,,,,,,,,,
15583,19:43:00,,,,,,,,,,,,,,,,,,,,,,,,,
15584,19:44:00,,,,,,,,,,,,,,,,,,,,,,,,,
15585,19:45:00,,,,,,,,,,,,,,,,,,,,,,,,,
15586,19:46:00,,,,,,,,,,,,,,,,,,,,,,,,,
15587,19:47:00,,,,,,,,,,,,,,,,,,,,,,,,,
15588,19:48:00,,,,,,,,,,,,,,,,,,,,,,,,,
15589,19:49:00,,,,,,,,,,,,,,,,,,,,,,,,,
15590,19:50:00,,,,,,,,,,,,,,,,,,,,,,,,,
15591,19:51:00,,,,,,,,,,,,,,,,,,,,,,,,,
15592,19:52:00,,,,,,,,,,,,,,,,,,,,,,,,,
15593,19:53:00,,,,,,,,,,,,,,,,,,,,,,,,,
15594,19:54:00,,,,,,,,,,,,,,,,,,,,,,,,,
15595,19:55:00,,,,,,,,,,,,,,,,,,,,,,,,,
15596,19:56:00,,,,,,,,,,,,,,,,,,,,,,,,,
15597,19:57:00,,,,,,,,,,,,,,,,,,,,,,,,,
15598,19:58:00,,,,,,,,,,,,,,,,,,,,,,,,,
15599,19:59:00,,,,,,,,,,,,,,,,,,,,,,,,,
15600,20:00:00,,,,,,,,,,,,,,,,,,,,,,,,,
15601,20:01:00,,,,,,,,,,,,,,,,,,,,,,,,,
15602,20:02:00,,,,,,,,,,,,,,,,,,,,,,,,,
15603,20:03:00,,,,,,,,,,,,,,,,,,,,,,,,,
15604,20:04:00,,,,,,,,,,,,,,,,,,,,,,,,,
15605,20:05:00,,,,,,,,,,,,,,,,,,,,,,,,,
15606,20:06:00,,,,,,,,,,,,,,,,,,,,,,,,,
15607,20:07:00,,,,,,,,,,,,,,,,,,,,,,,,,
15608,20:08:00,,,,,,,,,,,,,,,,,,,,,,,,,
15609,20:09:00,,,,,,,,,,,,,,,,,,,,,,,,,
15610,20:10:00,,,,,,,,,,,,,,,,,,,,,,,,,
15611,20:11:00,,,,,,,,,,,,,,,,,,,,,,,,,
15612,20:12:00,,,,,,,,,,,,,,,,,,,,,,,,,
15613,20:13:00,,,,,,,,,,,,,,,,,,,,,,,,,
15614,20:14:00,,,,,,,,,,,,,,,,,,,,,,,,,
15615,20:15:00,,,,,,,,,,,,,,,,,,,,,,,,,
15616,20:16:00,,,,,,,,,,,,,,,,,,,,,,,,,
15617,20:17:00,,,,,,,,,,,,,,,,,,,,,,,,,
15618,20:18:00,,,,,,,,,,,,,,,,,,,,,,,,,
15619,20:19:00,,,,,,,,,,,,,,,,,,,,,,,,,
15620,20:20:00,,,,,,,,,,,,,,,,,,,,,,,,,
15621,20:21:00,,,,,,,,,,,,,,,,,,,,,,,,,
15622,20:22:00,,,,,,,,,,,,,,,,,,,,,,,,,
15623,20:23:00,,,,,,,,,,,,,,,,,,,,,,,,,
15624,20:24:00,,,,,,,,,,,,,,,,,,,,,,,,,
15625,20:25:00,,,,,,,,,,,,,,,,,,,,,,,,,
15626,20:26:00,,,,,,,,,,,,,,,,,,,,,,,,,
15627,20:27:00,,,,,,,,,,,,,,,,,,,,,,,,,
15628,20:28:00,,,,,,,,,,,,,,,,,,,,,,,,,
15629,20:29:00,,,,,,,,,,,,,,,,,,,,,,,,,
15630,20:30:00,,,,,,,,,,,,,,,,,,,,,,,,,
15631,20:31:00,,,,,,,,,,,,,,,,,,,,,,,,,
15632,20:32:00,,,,,,,,,,,,,,,,,,,,,,,,,
15633,20:33:00,,,,,,,,,,,,,,,,,,,,,,,,,
15634,20:34:00,,,,,,,,,,,,,,,,,,,,,,,,,
15635,20:35:00,,,,,,,,,,,,,,,,,,,,,,,,,
15636,20:36:00,,,,,,,,,,,,,,,,,,,,,,,,,
15637,20:37:00,,,,,,,,,,,,,,,,,,,,,,,,,
15638,20:38:00,,,,,,,,,,,,,,,,,,,,,,,,,
15639,20:39:00,,,,,,,,,,,,,,,,,,,,,,,,,
15640,20:40:00,,,,,,,,,,,,,,,,,,,,,,,,,
15641,20:41:00,,,,,,,,,,,,,,,,,,,,,,,,,
15642,20:42:00,,,,,,,,,,,,,,,,,,,,,,,,,
15643,20:43:00,,,,,,,,,,,,,,,,,,,,,,,,,
15644,20:44:00,,,,,,,,,,,,,,,,,,,,,,,,,
15645,20:45:00,,,,,,,,,,,,,,,,,,,,,,,,,
15646,20:46:00,,,,,,,,,,,,,,,,,,,,,,,,,
15647,20:47:00,,,,,,,,,,,,,,,,,,,,,,,,,
15648,20:48:00,,,,,,,,,,,,,,,,,,,,,,,,,
15649,20:49:00,,,,,,,,,,,,,,,,,,,,,,,,,
15650,20:50:00,,,,,,,,,,,,,,,,,,,,,,,,,
15651,20:51:00,,,,,,,,,,,,,,,,,,,,,,,,,
15652,20:52:00,,,,,,,,,,,,,,,,,,,,,,,,,
15653,20:53:00,,,,,,,,,,,,,,,,,,,,,,,,,
15654,20:54:00,,,,,,,,,,,,,,,,,,,,,,,,,
15655,20:55:00,,,,,,,,,,,,,,,,,,,,,,,,,
15656,20:56:00,,,,,,,,,,,,,,,,,,,,,,,,,
15657,20:57:00,,,,,,,,,,,,,,,,,,,,,,,,,
15658,20:58:00,,,,,,,,,,,,,,,,,,,,,,,,,
15659,20:59:00,,,,,,,,,,,,,,,,,,,,,,,,,
15660,21:00:00,,,,,,,,,,,,,,,,,,,,,,,,,
15661,21:01:00,,,,,,,,,,,,,,,,,,,,,,,,,
15662,21:02:00,,,,,,,,,,,,,,,,,,,,,,,,,
15663,21:03:00,,,,,,,,,,,,,,,,,,,,,,,,,
15664,21:04:00,,,,,,,,,,,,,,,,,,,,,,,,,
15665,21:05:00,,,,,,,,,,,,,,,,,,,,,,,,,
15666,21:06:00,,,,,,,,,,,,,,,,,,,,,,,,,
15667,21:07:00,,,,,,,,,,,,,,,,,,,,,,,,,
15668,21:08:00,,,,,,,,,,,,,,,,,,,,,,,,,
15669,21:09:00,,,,,,,,,,,,,,,,,,,,,,,,,
15670,21:10:00,,,,,,,,,,,,,,,,,,,,,,,,,
15671,21:11:00,,,,,,,,,,,,,,,,,,,,,,,,,
15672,21:12:00,,,,,,,,,,,,,,,,,,,,,,,,,
15673,21:13:00,,,,,,,,,,,,,,,,,,,,,,,,,
15674,21:14:00,,,,,,,,,,,,,,,,,,,,,,,,,
15675,21:15:00,,,,,,,,,,,,,,,,,,,,,,,,,
15676,21:16:00,,,,,,,,,,,,,,,,,,,,,,,,,
15677,21:17:00,,,,,,,,,,,,,,,,,,,,,,,,,
15678,21:18:00,,,,,,,,,,,,,,,,,,,,,,,,,
15679,21:19:00,,,,,,,,,,,,,,,,,,,,,,,,,
15680,21:20:00,,,,,,,,,,,,,,,,,,,,,,,,,
15681,21:21:00,,,,,,,,,,,,,,,,,,,,,,,,,
15682,21:22:00,,,,,,,,,,,,,,,,,,,,,,,,,
15683,21:23:00,,,,,,,,,,,,,,,,,,,,,,,,,
15684,21:24:00,,,,,,,,,,,,,,,,,,,,,,,,,
15685,21:25:00,,,,,,,,,,,,,,,,,,,,,,,,,
15686,21:26:00,,,,,,,,,,,,,,,,,,,,,,,,,
15687,21:27:00,,,,,,,,,,,,,,,,,,,,,,,,,
15688,21:28:00,,,,,,,,,,,,,,,,,,,,,,,,,
15689,21:29:00,,,,,,,,,,,,,,,,,,,,,,,,,
15690,21:30:00,,,,,,,,,,,,,,,,,,,,,,,,,
15691,21:31:00,,,,,,,,,,,,,,,,,,,,,,,,,
15692,21:32:00,,,,,,,,,,,,,,,,,,,,,,,,,
15693,21:33:00,,,,,,,,,,,,,,,,,,,,,,,,,
15694,21:34:00,,,,,,,,,,,,,,,,,,,,,,,,,
15695,21:35:00,,,,,,,,,,,,,,,,,,,,,,,,,
15696,21:36:00,,,,,,,,,,,,,,,,,,,,,,,,,
15697,21:37:00,,,,,,,,,,,,,,,,,,,,,,,,,
15698,21:38:00,,,,,,,,,,,,,,,,,,,,,,,,,
15699,21:39:00,,,,,,,,,,,,,,,,,,,,,,,,,
15700,21:40:00,,,,,,,,,,,,,,,,,,,,,,,,,
15701,21:41:00,,,,,,,,,,,,,,,,,,,,,,,,,
15702,21:42:00,,,,,,,,,,,,,,,,,,,,,,,,,
15703,21:43:00,,,,,,,,,,,,,,,,,,,,,,,,,
15704,21:44:00,,,,,,,,,,,,,,,,,,,,,,,,,
15705,21:45:00,,,,,,,,,,,,,,,,,,,,,,,,,
15706,21:46:00,,,,,,,,,,,,,,,,,,,,,,,,,
15707,21:47:00,,,,,,,,,,,,,,,,,,,,,,,,,
15708,21:48:00,,,,,,,,,,,,,,,,,,,,,,,,,
15709,21:49:00,,,,,,,,,,,,,,,,,,,,,,,,,
15710,21:50:00,,,,,,,,,,,,,,,,,,,,,,,,,
15711,21:51:00,,,,,,,,,,,,,,,,,,,,,,,,,
15712,21:52:00,,,,,,,,,,,,,,,,,,,,,,,,,
15713,21:53:00,,,,,,,,,,,,,,,,,,,,,,,,,
15714,21:54:00,,,,,,,,,,,,,,,,,,,,,,,,,
15715,21:55:00,,,,,,,,,,,,,,,,,,,,,,,,,
15716,21:56:00,,,,,,,,,,,,,,,,,,,,,,,,,
15717,21:57:00,,,,,,,,,,,,,,,,,,,,,,,,,
15718,21:58:00,,,,,,,,,,,,,,,,,,,,,,,,,
15719,21:59:00,,,,,,,,,,,,,,,,,,,,,,,,,
15720,22:00:00,,,,,,,,,,,,,,,,,,,,,,,,,
15721,22:01:00,,,,,,,,,,,,,,,,,,,,,,,,,
15722,22:02:00,,,,,,,,,,,,,,,,,,,,,,,,,
15723,22:03:00,,,,,,,,,,,,,,,,,,,,,,,,,
15724,22:04:00,,,,,,,,,,,,,,,,,,,,,,,,,
15725,22:05:00,,,,,,,,,,,,,,,,,,,,,,,,,
15726,22:06:00,,,,,,,,,,,,,,,,,,,,,,,,,
15727,22:07:00,,,,,,,,,,,,,,,,,,,,,,,,,
15728,22:08:00,,,,,,,,,,,,,,,,,,,,,,,,,
15729,22:09:00,,,,,,,,,,,,,,,,,,,,,,,,,
15730,22:10:00,,,,,,,,,,,,,,,,,,,,,,,,,
15731,22:11:00,,,,,,,,,,,,,,,,,,,,,,,,,
15732,22:12:00,,,,,,,,,,,,,,,,,,,,,,,,,
15733,22:13:00,,,,,,,,,,,,,,,,,,,,,,,,,
15734,22:14:00,,,,,,,,,,,,,,,,,,,,,,,,,
15735,22:15:00,,,,,,,,,,,,,,,,,,,,,,,,,
15736,22:16:00,,,,,,,,,,,,,,,,,,,,,,,,,
15737,22:17:00,,,,,,,,,,,,,,,,,,,,,,,,,
15738,22:18:00,,,,,,,,,,,,,,,,,,,,,,,,,
15739,22:19:00,,,,,,,,,,,,,,,,,,,,,,,,,
15740,22:20:00,,,,,,,,,,,,,,,,,,,,,,,,,
15741,22:21:00,,,,,,,,,,,,,,,,,,,,,,,,,
15742,22:22:00,,,,,,,,,,,,,,,,,,,,,,,,,
15743,22:23:00,,,,,,,,,,,,,,,,,,,,,,,,,
15744,22:24:00,,,,,,,,,,,,,,,,,,,,,,,,,
15745,22:25:00,,,,,,,,,,,,,,,,,,,,,,,,,
15746,22:26:00,,,,,,,,,,,,,,,,,,,,,,,,,
15747,22:27:00,,,,,,,,,,,,,,,,,,,,,,,,,
15748,22:28:00,,,,,,,,,,,,,,,,,,,,,,,,,
15749,22:29:00,,,,,,,,,,,,,,,,,,,,,,,,,
15750,22:30:00,,,,,,,,,,,,,,,,,,,,,,,,,
15751,22:31:00,,,,,,,,,,,,,,,,,,,,,,,,,
15752,22:32:00,,,,,,,,,,,,,,,,,,,,,,,,,
15753,22:33:00,,,,,,,,,,,,,,,,,,,,,,,,,
15754,22:34:00,,,,,,,,,,,,,,,,,,,,,,,,,
15755,22:35:00,,,,,,,,,,,,,,,,,,,,,,,,,
15756,22:36:00,,,,,,,,,,,,,,,,,,,,,,,,,
15757,22:37:00,,,,,,,,,,,,,,,,,,,,,,,,,
15758,22:38:00,,,,,,,,,,,,,,,,,,,,,,,,,
15759,22:39:00,,,,,,,,,,,,,,,,,,,,,,,,,
15760,22:40:00,,,,,,,,,,,,,,,,,,,,,,,,,
15761,22:41:00,,,,,,,,,,,,,,,,,,,,,,,,,
15762,22:42:00,,,,,,,,,,,,,,,,,,,,,,,,,
15763,22:43:00,,,,,,,,,,,,,,,,,,,,,,,,,
15764,22:44:00,,,,,,,,,,,,,,,,,,,,,,,,,
15765,22:45:00,,,,,,,,,,,,,,,,,,,,,,,,,
15766,22:46:00,,,,,,,,,,,,,,,,,,,,,,,,,
15767,22:47:00,,,,,,,,,,,,,,,,,,,,,,,,,
15768,22:48:00,,,,,,,,,,,,,,,,,,,,,,,,,
15769,22:49:00,,,,,,,,,,,,,,,,,,,,,,,,,
15770,22:50:00,,,,,,,,,,,,,,,,,,,,,,,,,
15771,22:51:00,,,,,,,,,,,,,,,,,,,,,,,,,
15772,22:52:00,,,,,,,,,,,,,,,,,,,,,,,,,
15773,22:53:00,,,,,,,,,,,,,,,,,,,,,,,,,
15774,22:54:00,,,,,,,,,,,,,,,,,,,,,,,,,
15775,22:55:00,,,,,,,,,,,,,,,,,,,,,,,,,
15776,22:56:00,,,,,,,,,,,,,,,,,,,,,,,,,
15777,22:57:00,,,,,,,,,,,,,,,,,,,,,,,,,
15778,22:58:00,,,,,,,,,,,,,,,,,,,,,,,,,
15779,22:59:00,,,,,,,,,,,,,,,,,,,,,,,,,
15780,23:00:00,,,,,,,,,,,,,,,,,,,,,,,,,
15781,23:01:00,,,,,,,,,,,,,,,,,,,,,,,,,
15782,23:02:00,,,,,,,,,,,,,,,,,,,,,,,,,
15783,23:03:00,,,,,,,,,,,,,,,,,,,,,,,,,
15784,23:04:00,,,,,,,,,,,,,,,,,,,,,,,,,
15785,23:05:00,,,,,,,,,,,,,,,,,,,,,,,,,
15786,23:06:00,,,,,,,,,,,,,,,,,,,,,,,,,
15787,23:07:00,,,,,,,,,,,,,,,,,,,,,,,,,
15788,23:08:00,,,,,,,,,,,,,,,,,,,,,,,,,
15789,23:09:00,,,,,,,,,,,,,,,,,,,,,,,,,
15790,23:10:00,,,,,,,,,,,,,,,,,,,,,,,,,
15791,23:11:00,,,,,,,,,,,,,,,,,,,,,,,,,
15792,23:12:00,,,,,,,,,,,,,,,,,,,,,,,,,
15793,23:13:00,,,,,,,,,,,,,,,,,,,,,,,,,
15794,23:14:00,,,,,,,,,,,,,,,,,,,,,,,,,
15795,23:15:00,,,,,,,,,,,,,,,,,,,,,,,,,
15796,23:16:00,,,,,,,,,,,,,,,,,,,,,,,,,
15797,23:17:00,,,,,,,,,,,,,,,,,,,,,,,,,
15798,23:18:00,,,,,,,,,,,,,,,,,,,,,,,,,
15799,23:19:00,,,,,,,,,,,,,,,,,,,,,,,,,
15800,23:20:00,,,,,,,,,,,,,,,,,,,,,,,,,
15801,23:21:00,,,,,,,,,,,,,,,,,,,,,,,,,
15802,23:22:00,,,,,,,,,,,,,,,,,,,,,,,,,
15803,23:23:00,,,,,,,,,,,,,,,,,,,,,,,,,
15804,23:24:00,,,,,,,,,,,,,,,,,,,,,,,,,
15805,23:25:00,,,,,,,,,,,,,,,,,,,,,,,,,
15806,23:26:00,,,,,,,,,,,,,,,,,,,,,,,,,
15807,23:27:00,,,,,,,,,,,,,,,,,,,,,,,,,
15808,23:28:00,,,,,,,,,,,,,,,,,,,,,,,,,
15809,23:29:00,,,,,,,,,,,,,,,,,,,,,,,,,
15810,23:30:00,,,,,,,,,,,,,,,,,,,,,,,,,
15811,23:31:00,,,,,,,,,,,,,,,,,,,,,,,,,
15812,23:32:00,,,,,,,,,,,,,,,,,,,,,,,,,
15813,23:33:00,,,,,,,,,,,,,,,,,,,,,,,,,
15814,23:34:00,,,,,,,,,,,,,,,,,,,,,,,,,
15815,23:35:00,,,,,,,,,,,,,,,,,,,,,,,,,
15816,23:36:00,,,,,,,,,,,,,,,,,,,,,,,,,
15817,23:37:00,,,,,,,,,,,,,,,,,,,,,,,,,
15818,23:38:00,,,,,,,,,,,,,,,,,,,,,,,,,
15819,23:39:00,,,,,,,,,,,,,,,,,,,,,,,,,
15820,23:40:00,,,,,,,,,,,,,,,,,,,,,,,,,
15821,23:41:00,,,,,,,,,,,,,,,,,,,,,,,,,
15822,23:42:00,,,,,,,,,,,,,,,,,,,,,,,,,
15823,23:43:00,,,,,,,,,,,,,,,,,,,,,,,,,
15824,23:44:00,,,,,,,,,,,,,,,,,,,,,,,,,
15825,23:45:00,,,,,,,,,,,,,,,,,,,,,,,,,
15826,23:46:00,,,,,,,,,,,,,,,,,,,,,,,,,
15827,23:47:00,,,,,,,,,,,,,,,,,,,,,,,,,
15828,23:48:00,,,,,,,,,,,,,,,,,,,,,,,,,
15829,23:49:00,,,,,,,,,,,,,,,,,,,,,,,,,
15830,23:50:00,,,,,,,,,,,,,,,,,,,,,,,,,
15831,23:51:00,,,,,,,,,,,,,,,,,,,,,,,,,
15832,23:52:00,,,,,,,,,,,,,,,,,,,,,,,,,
15833,23:53:00,,,,,,,,,,,,,,,,,,,,,,,,,
15834,23:54:00,,,,,,,,,,,,,,,,,,,,,,,,,
15835,23:55:00,,,,,,,,,,,,,,,,,,,,,,,,,
15836,23:56:00,,,,,,,,,,,,,,,,,,,,,,,,,
15837,23:57:00,,,,,,,,,,,,,,,,,,,,,,,,,
15838,23:58:00,,,,,,,,,,,,,,,,,,,,,,,,,
15839,23:59:00,,,,,,,,,,,,,,,,,,,,,,,,,
15840,00:00:00,,,,,,,,,,,,,,,,,,,,,,,,,
15841,00:01:00,,,,,,,,,,,,,,,,,,,,,,,,,
15842,00:02:00,,,,,,,,,,,,,,,,,,,,,,,,,
15843,00:03:00,,,,,,,,,,,,,,,,,,,,,,,,,
15844,00:04:00,,,,,,,,,,,,,,,,,,,,,,,,,
15845,00:05:00,,,,,,,,,,,,,,,,,,,,,,,,,
15846,00:06:00,,,,,,,,,,,,,,,,,,,,,,,,,
15847,00:07:00,,,,,,,,,,,,,,,,,,,,,,,,,
15848,00:08:00,,,,,,,,,,,,,,,,,,,,,,,,,
15849,00:09:00,,,,,,,,,,,,,,,,,,,,,,,,,
15850,00:10:00,,,,,,,,,,,,,,,,,,,,,,,,,
15851,00:11:00,,,,,,,,,,,,,,,,,,,,,,,,,
15852,00:12:00,,,,,,,,,,,,,,,,,,,,,,,,,
15853,00:13:00,,,,,,,,,,,,,,,,,,,,,,,,,
15854,00:14:00,,,,,,,,,,,,,,,,,,,,,,,,,
15855,00:15:00,,,,,,,,,,,,,,,,,,,,,,,,,
15856,00:16:00,,,,,,,,,,,,,,,,,,,,,,,,,
15857,00:17:00,,,,,,,,,,,,,,,,,,,,,,,,,
15858,00:18:00,,,,,,,,,,,,,,,,,,,,,,,,,
15859,00:19:00,,,,,,,,,,,,,,,,,,,,,,,,,
15860,00:20:00,,,,,,,,,,,,,,,,,,,,,,,,,
15861,00:21:00,,,,,,,,,,,,,,,,,,,,,,,,,
15862,00:22:00,,,,,,,,,,,,,,,,,,,,,,,,,
15863,00:23:00,,,,,,,,,,,,,,,,,,,,,,,,,
15864,00:24:00,,,,,,,,,,,,,,,,,,,,,,,,,
15865,00:25:00,,,,,,,,,,,,,,,,,,,,,,,,,
15866,00:26:00,,,,,,,,,,,,,,,,,,,,,,,,,
15867,00:27:00,,,,,,,,,,,,,,,,,,,,,,,,,
15868,00:28:00,,,,,,,,,,,,,,,,,,,,,,,,,
15869,00:29:00,,,,,,,,,,,,,,,,,,,,,,,,,
15870,00:30:00,,,,,,,,,,,,,,,,,,,,,,,,,
15871,00:31:00,,,,,,,,,,,,,,,,,,,,,,,,,
15872,00:32:00,,,,,,,,,,,,,,,,,,,,,,,,,
15873,00:33:00,,,,,,,,,,,,,,,,,,,,,,,,,
15874,00:34:00,,,,,,,,,,,,,,,,,,,,,,,,,
15875,00:35:00,,,,,,,,,,,,,,,,,,,,,,,,,
15876,00:36:00,,,,,,,,,,,,,,,,,,,,,,,,,
15877,00:37:00,,,,,,,,,,,,,,,,,,,,,,,,,
15878,00:38:00,,,,,,,,,,,,,,,,,,,,,,,,,
15879,00:39:00,,,,,,,,,,,,,,,,,,,,,,,,,
15880,00:40:00,,,,,,,,,,,,,,,,,,,,,,,,,
15881,00:41:00,,,,,,,,,,,,,,,,,,,,,,,,,
15882,00:42:00,,,,,,,,,,,,,,,,,,,,,,,,,
15883,00:43:00,,,,,,,,,,,,,,,,,,,,,,,,,
15884,00:44:00,,,,,,,,,,,,,,,,,,,,,,,,,
15885,00:45:00,,,,,,,,,,,,,,,,,,,,,,,,,
15886,00:46:00,,,,,,,,,,,,,,,,,,,,,,,,,
15887,00:47:00,,,,,,,,,,,,,,,,,,,,,,,,,
15888,00:48:00,,,,,,,,,,,,,,,,,,,,,,,,,
15889,00:49:00,,,,,,,,,,,,,,,,,,,,,,,,,
15890,00:50:00,,,,,,,,,,,,,,,,,,,,,,,,,
15891,00:51:00,,,,,,,,,,,,,,,,,,,,,,,,,
15892,00:52:00,,,,,,,,,,,,,,,,,,,,,,,,,
15893,00:53:00,,,,,,,,,,,,,,,,,,,,,,,,,
15894,00:54:00,,,,,,,,,,,,,,,,,,,,,,,,,
15895,00:55:00,,,,,,,,,,,,,,,,,,,,,,,,,
15896,00:56:00,,,,,,,,,,,,,,,,,,,,,,,,,
15897,00:57:00,,,,,,,,,,,,,,,,,,,,,,,,,
15898,00:58:00,,,,,,,,,,,,,,,,,,,,,,,,,
15899,00:59:00,,,,,,,,,,,,,,,,,,,,,,,,,
15900,01:00:00,,,,,,,,,,,,,,,,,,,,,,,,,
15901,01:01:00,,,,,,,,,,,,,,,,,,,,,,,,,
15902,01:02:00,,,,,,,,,,,,,,,,,,,,,,,,,
15903,01:03:00,,,,,,,,,,,,,,,,,,,,,,,,,
15904,01:04:00,,,,,,,,,,,,,,,,,,,,,,,,,
15905,01:05:00,,,,,,,,,,,,,,,,,,,,,,,,,
15906,01:06:00,,,,,,,,,,,,,,,,,,,,,,,,,
15907,01:07:00,,,,,,,,,,,,,,,,,,,,,,,,,
15908,01:08:00,,,,,,,,,,,,,,,,,,,,,,,,,
15909,01:09:00,,,,,,,,,,,,,,,,,,,,,,,,,
15910,01:10:00,,,,,,,,,,,,,,,,,,,,,,,,,
15911,01:11:00,,,,,,,,,,,,,,,,,,,,,,,,,
15912,01:12:00,,,,,,,,,,,,,,,,,,,,,,,,,
15913,01:13:00,,,,,,,,,,,,,,,,,,,,,,,,,
15914,01:14:00,,,,,,,,,,,,,,,,,,,,,,,,,
15915,01:15:00,,,,,,,,,,,,,,,,,,,,,,,,,
15916,01:16:00,,,,,,,,,,,,,,,,,,,,,,,,,
15917,01:17:00,,,,,,,,,,,,,,,,,,,,,,,,,
15918,01:18:00,,,,,,,,,,,,,,,,,,,,,,,,,
15919,01:19:00,,,,,,,,,,,,,,,,,,,,,,,,,
15920,01:20:00,,,,,,,,,,,,,,,,,,,,,,,,,
15921,01:21:00,,,,,,,,,,,,,,,,,,,,,,,,,
15922,01:22:00,,,,,,,,,,,,,,,,,,,,,,,,,
15923,01:23:00,,,,,,,,,,,,,,,,,,,,,,,,,
15924,01:24:00,,,,,,,,,,,,,,,,,,,,,,,,,
15925,01:25:00,,,,,,,,,,,,,,,,,,,,,,,,,
15926,01:26:00,,,,,,,,,,,,,,,,,,,,,,,,,
15927,01:27:00,,,,,,,,,,,,,,,,,,,,,,,,,
15928,01:28:00,,,,,,,,,,,,,,,,,,,,,,,,,
15929,01:29:00,,,,,,,,,,,,,,,,,,,,,,,,,
15930,01:30:00,,,,,,,,,,,,,,,,,,,,,,,,,
15931,01:31:00,,,,,,,,,,,,,,,,,,,,,,,,,
15932,01:32:00,,,,,,,,,,,,,,,,,,,,,,,,,
15933,01:33:00,,,,,,,,,,,,,,,,,,,,,,,,,
15934,01:34:00,,,,,,,,,,,,,,,,,,,,,,,,,
15935,01:35:00,,,,,,,,,,,,,,,,,,,,,,,,,
15936,01:36:00,,,,,,,,,,,,,,,,,,,,,,,,,
15937,01:37:00,,,,,,,,,,,,,,,,,,,,,,,,,
15938,01:38:00,,,,,,,,,,,,,,,,,,,,,,,,,
15939,01:39:00,,,,,,,,,,,,,,,,,,,,,,,,,
15940,01:40:00,,,,,,,,,,,,,,,,,,,,,,,,,
15941,01:41:00,,,,,,,,,,,,,,,,,,,,,,,,,
15942,01:42:00,,,,,,,,,,,,,,,,,,,,,,,,,
15943,01:43:00,,,,,,,,,,,,,,,,,,,,,,,,,
15944,01:44:00,,,,,,,,,,,,,,,,,,,,,,,,,
15945,01:45:00,,,,,,,,,,,,,,,,,,,,,,,,,
15946,01:46:00,,,,,,,,,,,,,,,,,,,,,,,,,
15947,01:47:00,,,,,,,,,,,,,,,,,,,,,,,,,
15948,01:48:00,,,,,,,,,,,,,,,,,,,,,,,,,
15949,01:49:00,,,,,,,,,,,,,,,,,,,,,,,,,
15950,01:50:00,,,,,,,,,,,,,,,,,,,,,,,,,
15951,01:51:00,,,,,,,,,,,,,,,,,,,,,,,,,
15952,01:52:00,,,,,,,,,,,,,,,,,,,,,,,,,
15953,01:53:00,,,,,,,,,,,,,,,,,,,,,,,,,
15954,01:54:00,,,,,,,,,,,,,,,,,,,,,,,,,
15955,01:55:00,,,,,,,,,,,,,,,,,,,,,,,,,
15956,01:56:00,,,,,,,,,,,,,,,,,,,,,,,,,
15957,01:57:00,,,,,,,,,,,,,,,,,,,,,,,,,
15958,01:58:00,,,,,,,,,,,,,,,,,,,,,,,,,
15959,01:59:00,,,,,,,,,,,,,,,,,,,,,,,,,
15960,02:00:00,,,,,,,,,,,,,,,,,,,,,,,,,
15961,02:01:00,,,,,,,,,,,,,,,,,,,,,,,,,
15962,02:02:00,,,,,,,,,,,,,,,,,,,,,,,,,
15963,02:03:00,,,,,,,,,,,,,,,,,,,,,,,,,
15964,02:04:00,,,,,,,,,,,,,,,,,,,,,,,,,
15965,02:05:00,,,,,,,,,,,,,,,,,,,,,,,,,
15966,02:06:00,,,,,,,,,,,,,,,,,,,,,,,,,
15967,02:07:00,,,,,,,,,,,,,,,,,,,,,,,,,
15968,02:08:00,,,,,,,,,,,,,,,,,,,,,,,,,
15969,02:09:00,,,,,,,,,,,,,,,,,,,,,,,,,
15970,02:10:00,,,,,,,,,,,,,,,,,,,,,,,,,
15971,02:11:00,,,,,,,,,,,,,,,,,,,,,,,,,
15972,02:12:00,,,,,,,,,,,,,,,,,,,,,,,,,
15973,02:13:00,,,,,,,,,,,,,,,,,,,,,,,,,
15974,02:14:00,,,,,,,,,,,,,,,,,,,,,,,,,
15975,02:15:00,,,,,,,,,,,,,,,,,,,,,,,,,
15976,02:16:00,,,,,,,,,,,,,,,,,,,,,,,,,
15977,02:17:00,,,,,,,,,,,,,,,,,,,,,,,,,
15978,02:18:00,,,,,,,,,,,,,,,,,,,,,,,,,
15979,02:19:00,,,,,,,,,,,,,,,,,,,,,,,,,
15980,02:20:00,,,,,,,,,,,,,,,,,,,,,,,,,
15981,02:21:00,,,,,,,,,,,,,,,,,,,,,,,,,
15982,02:22:00,,,,,,,,,,,,,,,,,,,,,,,,,
15983,02:23:00,,,,,,,,,,,,,,,,,,,,,,,,,
15984,02:24:00,,,,,,,,,,,,,,,,,,,,,,,,,
15985,02:25:00,,,,,,,,,,,,,,,,,,,,,,,,,
15986,02:26:00,,,,,,,,,,,,,,,,,,,,,,,,,
15987,02:27:00,,,,,,,,,,,,,,,,,,,,,,,,,
15988,02:28:00,,,,,,,,,,,,,,,,,,,,,,,,,
15989,02:29:00,,,,,,,,,,,,,,,,,,,,,,,,,
15990,02:30:00,,,,,,,,,,,,,,,,,,,,,,,,,
15991,02:31:00,,,,,,,,,,,,,,,,,,,,,,,,,
15992,02:32:00,,,,,,,,,,,,,,,,,,,,,,,,,
15993,02:33:00,,,,,,,,,,,,,,,,,,,,,,,,,
15994,02:34:00,,,,,,,,,,,,,,,,,,,,,,,,,
15995,02:35:00,,,,,,,,,,,,,,,,,,,,,,,,,
15996,02:36:00,,,,,,,,,,,,,,,,,,,,,,,,,
15997,02:37:00,,,,,,,,,,,,,,,,,,,,,,,,,
15998,02:38:00,,,,,,,,,,,,,,,,,,,,,,,,,
15999,02:39:00,,,,,,,,,,,,,,,,,,,,,,,,,
16000,02:40:00,,,,,,,,,,,,,,,,,,,,,,,,,
16001,02:41:00,,,,,,,,,,,,,,,,,,,,,,,,,
16002,02:42:00,,,,,,,,,,,,,,,,,,,,,,,,,
16003,02:43:00,,,,,,,,,,,,,,,,,,,,,,,,,
16004,02:44:00,,,,,,,,,,,,,,,,,,,,,,,,,
16005,02:45:00,,,,,,,,,,,,,,,,,,,,,,,,,
16006,02:46:00,,,,,,,,,,,,,,,,,,,,,,,,,
16007,02:47:00,,,,,,,,,,,,,,,,,,,,,,,,,
16008,02:48:00,,,,,,,,,,,,,,,,,,,,,,,,,
16009,02:49:00,,,,,,,,,,,,,,,,,,,,,,,,,
16010,02:50:00,,,,,,,,,,,,,,,,,,,,,,,,,
16011,02:51:00,,,,,,,,,,,,,,,,,,,,,,,,,
16012,02:52:00,,,,,,,,,,,,,,,,,,,,,,,,,
16013,02:53:00,,,,,,,,,,,,,,,,,,,,,,,,,
16014,02:54:00,,,,,,,,,,,,,,,,,,,,,,,,,
16015,02:55:00,,,,,,,,,,,,,,,,,,,,,,,,,
16016,02:56:00,,,,,,,,,,,,,,,,,,,,,,,,,
16017,02:57:00,,,,,,,,,,,,,,,,,,,,,,,,,
16018,02:58:00,,,,,,,,,,,,,,,,,,,,,,,,,
16019,02:59:00,,,,,,,,,,,,,,,,,,,,,,,,,
16020,03:00:00,,,,,,,,,,,,,,,,,,,,,,,,,
16021,03:01:00,,,,,,,,,,,,,,,,,,,,,,,,,
16022,03:02:00,,,,,,,,,,,,,,,,,,,,,,,,,
16023,03:03:00,,,,,,,,,,,,,,,,,,,,,,,,,
16024,03:04:00,,,,,,,,,,,,,,,,,,,,,,,,,
16025,03:05:00,,,,,,,,,,,,,,,,,,,,,,,,,
16026,03:06:00,,,,,,,,,,,,,,,,,,,,,,,,,
16027,03:07:00,,,,,,,,,,,,,,,,,,,,,,,,,
16028,03:08:00,,,,,,,,,,,,,,,,,,,,,,,,,
16029,03:09:00,,,,,,,,,,,,,,,,,,,,,,,,,
16030,03:10:00,,,,,,,,,,,,,,,,,,,,,,,,,
16031,03:11:00,,,,,,,,,,,,,,,,,,,,,,,,,
16032,03:12:00,,,,,,,,,,,,,,,,,,,,,,,,,
16033,03:13:00,,,,,,,,,,,,,,,,,,,,,,,,,
16034,03:14:00,,,,,,,,,,,,,,,,,,,,,,,,,
16035,03:15:00,,,,,,,,,,,,,,,,,,,,,,,,,
16036,03:16:00,,,,,,,,,,,,,,,,,,,,,,,,,
16037,03:17:00,,,,,,,,,,,,,,,,,,,,,,,,,
16038,03:18:00,,,,,,,,,,,,,,,,,,,,,,,,,
16039,03:19:00,,,,,,,,,,,,,,,,,,,,,,,,,
16040,03:20:00,,,,,,,,,,,,,,,,,,,,,,,,,
16041,03:21:00,,,,,,,,,,,,,,,,,,,,,,,,,
16042,03:22:00,,,,,,,,,,,,,,,,,,,,,,,,,
16043,03:23:00,,,,,,,,,,,,,,,,,,,,,,,,,
16044,03:24:00,,,,,,,,,,,,,,,,,,,,,,,,,
16045,03:25:00,,,,,,,,,,,,,,,,,,,,,,,,,
16046,03:26:00,,,,,,,,,,,,,,,,,,,,,,,,,
16047,03:27:00,,,,,,,,,,,,,,,,,,,,,,,,,
16048,03:28:00,,,,,,,,,,,,,,,,,,,,,,,,,
16049,03:29:00,,,,,,,,,,,,,,,,,,,,,,,,,
16050,03:30:00,,,,,,,,,,,,,,,,,,,,,,,,,
16051,03:31:00,,,,,,,,,,,,,,,,,,,,,,,,,
16052,03:32:00,,,,,,,,,,,,,,,,,,,,,,,,,
16053,03:33:00,,,,,,,,,,,,,,,,,,,,,,,,,
16054,03:34:00,,,,,,,,,,,,,,,,,,,,,,,,,
16055,03:35:00,,,,,,,,,,,,,,,,,,,,,,,,,
16056,03:36:00,,,,,,,,,,,,,,,,,,,,,,,,,
16057,03:37:00,,,,,,,,,,,,,,,,,,,,,,,,,
16058,03:38:00,,,,,,,,,,,,,,,,,,,,,,,,,
16059,03:39:00,,,,,,,,,,,,,,,,,,,,,,,,,
16060,03:40:00,,,,,,,,,,,,,,,,,,,,,,,,,
16061,03:41:00,,,,,,,,,,,,,,,,,,,,,,,,,
16062,03:42:00,,,,,,,,,,,,,,,,,,,,,,,,,
16063,03:43:00,,,,,,,,,,,,,,,,,,,,,,,,,
16064,03:44:00,,,,,,,,,,,,,,,,,,,,,,,,,
16065,03:45:00,,,,,,,,,,,,,,,,,,,,,,,,,
16066,03:46:00,,,,,,,,,,,,,,,,,,,,,,,,,
16067,03:47:00,,,,,,,,,,,,,,,,,,,,,,,,,
16068,03:48:00,,,,,,,,,,,,,,,,,,,,,,,,,
16069,03:49:00,,,,,,,,,,,,,,,,,,,,,,,,,
16070,03:50:00,,,,,,,,,,,,,,,,,,,,,,,,,
16071,03:51:00,,,,,,,,,,,,,,,,,,,,,,,,,
16072,03:52:00,,,,,,,,,,,,,,,,,,,,,,,,,
16073,03:53:00,,,,,,,,,,,,,,,,,,,,,,,,,
16074,03:54:00,,,,,,,,,,,,,,,,,,,,,,,,,
16075,03:55:00,,,,,,,,,,,,,,,,,,,,,,,,,
16076,03:56:00,,,,,,,,,,,,,,,,,,,,,,,,,
16077,03:57:00,,,,,,,,,,,,,,,,,,,,,,,,,
16078,03:58:00,,,,,,,,,,,,,,,,,,,,,,,,,
16079,03:59:00,,,,,,,,,,,,,,,,,,,,,,,,,
16080,04:00:00,,,,,,,,,,,,,,,,,,,,,,,,,
16081,04:01:00,,,,,,,,,,,,,,,,,,,,,,,,,
16082,04:02:00,,,,,,,,,,,,,,,,,,,,,,,,,
16083,04:03:00,,,,,,,,,,,,,,,,,,,,,,,,,
16084,04:04:00,,,,,,,,,,,,,,,,,,,,,,,,,
16085,04:05:00,,,,,,,,,,,,,,,,,,,,,,,,,
16086,04:06:00,,,,,,,,,,,,,,,,,,,,,,,,,
16087,04:07:00,,,,,,,,,,,,,,,,,,,,,,,,,
16088,04:08:00,,,,,,,,,,,,,,,,,,,,,,,,,
16089,04:09:00,,,,,,,,,,,,,,,,,,,,,,,,,
16090,04:10:00,,,,,,,,,,,,,,,,,,,,,,,,,
16091,04:11:00,,,,,,,,,,,,,,,,,,,,,,,,,
16092,04:12:00,,,,,,,,,,,,,,,,,,,,,,,,,
16093,04:13:00,,,,,,,,,,,,,,,,,,,,,,,,,
16094,04:14:00,,,,,,,,,,,,,,,,,,,,,,,,,
16095,04:15:00,,,,,,,,,,,,,,,,,,,,,,,,,
16096,04:16:00,,,,,,,,,,,,,,,,,,,,,,,,,
16097,04:17:00,,,,,,,,,,,,,,,,,,,,,,,,,
16098,04:18:00,,,,,,,,,,,,,,,,,,,,,,,,,
16099,04:19:00,,,,,,,,,,,,,,,,,,,,,,,,,
16100,04:20:00,,,,,,,,,,,,,,,,,,,,,,,,,
16101,04:21:00,,,,,,,,,,,,,,,,,,,,,,,,,
16102,04:22:00,,,,,,,,,,,,,,,,,,,,,,,,,
16103,04:23:00,,,,,,,,,,,,,,,,,,,,,,,,,
16104,04:24:00,,,,,,,,,,,,,,,,,,,,,,,,,
16105,04:25:00,,,,,,,,,,,,,,,,,,,,,,,,,
16106,04:26:00,,,,,,,,,,,,,,,,,,,,,,,,,
16107,04:27:00,,,,,,,,,,,,,,,,,,,,,,,,,
16108,04:28:00,,,,,,,,,,,,,,,,,,,,,,,,,
16109,04:29:00,,,,,,,,,,,,,,,,,,,,,,,,,
16110,04:30:00,,,,,,,,,,,,,,,,,,,,,,,,,
16111,04:31:00,,,,,,,,,,,,,,,,,,,,,,,,,
16112,04:32:00,,,,,,,,,,,,,,,,,,,,,,,,,
16113,04:33:00,,,,,,,,,,,,,,,,,,,,,,,,,
16114,04:34:00,,,,,,,,,,,,,,,,,,,,,,,,,
16115,04:35:00,,,,,,,,,,,,,,,,,,,,,,,,,
16116,04:36:00,,,,,,,,,,,,,,,,,,,,,,,,,
16117,04:37:00,,,,,,,,,,,,,,,,,,,,,,,,,
16118,04:38:00,,,,,,,,,,,,,,,,,,,,,,,,,
16119,04:39:00,,,,,,,,,,,,,,,,,,,,,,,,,
16120,04:40:00,,,,,,,,,,,,,,,,,,,,,,,,,
16121,04:41:00,,,,,,,,,,,,,,,,,,,,,,,,,
16122,04:42:00,,,,,,,,,,,,,,,,,,,,,,,,,
16123,04:43:00,,,,,,,,,,,,,,,,,,,,,,,,,
16124,04:44:00,,,,,,,,,,,,,,,,,,,,,,,,,
16125,04:45:00,,,,,,,,,,,,,,,,,,,,,,,,,
16126,04:46:00,,,,,,,,,,,,,,,,,,,,,,,,,
16127,04:47:00,,,,,,,,,,,,,,,,,,,,,,,,,
16128,04:48:00,,,,,,,,,,,,,,,,,,,,,,,,,
16129,04:49:00,,,,,,,,,,,,,,,,,,,,,,,,,
16130,04:50:00,,,,,,,,,,,,,,,,,,,,,,,,,
16131,04:51:00,,,,,,,,,,,,,,,,,,,,,,,,,
16132,04:52:00,,,,,,,,,,,,,,,,,,,,,,,,,
16133,04:53:00,,,,,,,,,,,,,,,,,,,,,,,,,
16134,04:54:00,,,,,,,,,,,,,,,,,,,,,,,,,
16135,04:55:00,,,,,,,,,,,,,,,,,,,,,,,,,
16136,04:56:00,,,,,,,,,,,,,,,,,,,,,,,,,
16137,04:57:00,,,,,,,,,,,,,,,,,,,,,,,,,
16138,04:58:00,,,,,,,,,,,,,,,,,,,,,,,,,
16139,04:59:00,,,,,,,,,,,,,,,,,,,,,,,,,
16140,05:00:00,,,,,,,,,,,,,,,,,,,,,,,,,
16141,05:01:00,,,,,,,,,,,,,,,,,,,,,,,,,
16142,05:02:00,,,,,,,,,,,,,,,,,,,,,,,,,
16143,05:03:00,,,,,,,,,,,,,,,,,,,,,,,,,
16144,05:04:00,,,,,,,,,,,,,,,,,,,,,,,,,
16145,05:05:00,,,,,,,,,,,,,,,,,,,,,,,,,
16146,05:06:00,,,,,,,,,,,,,,,,,,,,,,,,,
16147,05:07:00,,,,,,,,,,,,,,,,,,,,,,,,,
16148,05:08:00,,,,,,,,,,,,,,,,,,,,,,,,,
16149,05:09:00,,,,,,,,,,,,,,,,,,,,,,,,,
16150,05:10:00,,,,,,,,,,,,,,,,,,,,,,,,,
16151,05:11:00,,,,,,,,,,,,,,,,,,,,,,,,,
16152,05:12:00,,,,,,,,,,,,,,,,,,,,,,,,,
16153,05:13:00,,,,,,,,,,,,,,,,,,,,,,,,,
16154,05:14:00,,,,,,,,,,,,,,,,,,,,,,,,,
16155,05:15:00,,,,,,,,,,,,,,,,,,,,,,,,,
16156,05:16:00,,,,,,,,,,,,,,,,,,,,,,,,,
16157,05:17:00,,,,,,,,,,,,,,,,,,,,,,,,,
16158,05:18:00,,,,,,,,,,,,,,,,,,,,,,,,,
16159,05:19:00,,,,,,,,,,,,,,,,,,,,,,,,,
16160,05:20:00,,,,,,,,,,,,,,,,,,,,,,,,,
16161,05:21:00,,,,,,,,,,,,,,,,,,,,,,,,,
16162,05:22:00,,,,,,,,,,,,,,,,,,,,,,,,,
16163,05:23:00,,,,,,,,,,,,,,,,,,,,,,,,,
16164,05:24:00,,,,,,,,,,,,,,,,,,,,,,,,,
16165,05:25:00,,,,,,,,,,,,,,,,,,,,,,,,,
16166,05:26:00,,,,,,,,,,,,,,,,,,,,,,,,,
16167,05:27:00,,,,,,,,,,,,,,,,,,,,,,,,,
16168,05:28:00,,,,,,,,,,,,,,,,,,,,,,,,,
16169,05:29:00,,,,,,,,,,,,,,,,,,,,,,,,,
16170,05:30:00,,,,,,,,,,,,,,,,,,,,,,,,,
16171,05:31:00,,,,,,,,,,,,,,,,,,,,,,,,,
16172,05:32:00,,,,,,,,,,,,,,,,,,,,,,,,,
16173,05:33:00,,,,,,,,,,,,,,,,,,,,,,,,,
16174,05:34:00,,,,,,,,,,,,,,,,,,,,,,,,,
16175,05:35:00,,,,,,,,,,,,,,,,,,,,,,,,,
16176,05:36:00,,,,,,,,,,,,,,,,,,,,,,,,,
16177,05:37:00,,,,,,,,,,,,,,,,,,,,,,,,,
16178,05:38:00,,,,,,,,,,,,,,,,,,,,,,,,,
16179,05:39:00,,,,,,,,,,,,,,,,,,,,,,,,,
16180,05:40:00,,,,,,,,,,,,,,,,,,,,,,,,,
16181,05:41:00,,,,,,,,,,,,,,,,,,,,,,,,,
16182,05:42:00,,,,,,,,,,,,,,,,,,,,,,,,,
16183,05:43:00,,,,,,,,,,,,,,,,,,,,,,,,,
16184,05:44:00,,,,,,,,,,,,,,,,,,,,,,,,,
16185,05:45:00,,,,,,,,,,,,,,,,,,,,,,,,,
16186,05:46:00,,,,,,,,,,,,,,,,,,,,,,,,,
16187,05:47:00,,,,,,,,,,,,,,,,,,,,,,,,,
16188,05:48:00,,,,,,,,,,,,,,,,,,,,,,,,,
16189,05:49:00,,,,,,,,,,,,,,,,,,,,,,,,,
16190,05:50:00,,,,,,,,,,,,,,,,,,,,,,,,,
16191,05:51:00,,,,,,,,,,,,,,,,,,,,,,,,,
16192,05:52:00,,,,,,,,,,,,,,,,,,,,,,,,,
16193,05:53:00,,,,,,,,,,,,,,,,,,,,,,,,,
16194,05:54:00,,,,,,,,,,,,,,,,,,,,,,,,,
16195,05:55:00,,,,,,,,,,,,,,,,,,,,,,,,,
16196,05:56:00,,,,,,,,,,,,,,,,,,,,,,,,,
16197,05:57:00,,,,,,,,,,,,,,,,,,,,,,,,,
16198,05:58:00,,,,,,,,,,,,,,,,,,,,,,,,,
16199,05:59:00,,,,,,,,,,,,,,,,,,,,,,,,,
16200,06:00:00,,,,,,,,,,,,,,,,,,,,,,,,,
16201,06:01:00,,,,,,,,,,,,,,,,,,,,,,,,,
16202,06:02:00,,,,,,,,,,,,,,,,,,,,,,,,,
16203,06:03:00,,,,,,,,,,,,,,,,,,,,,,,,,
16204,06:04:00,,,,,,,,,,,,,,,,,,,,,,,,,
16205,06:05:00,,,,,,,,,,,,,,,,,,,,,,,,,
16206,06:06:00,,,,,,,,,,,,,,,,,,,,,,,,,
16207,06:07:00,,,,,,,,,,,,,,,,,,,,,,,,,
16208,06:08:00,,,,,,,,,,,,,,,,,,,,,,,,,
16209,06:09:00,,,,,,,,,,,,,,,,,,,,,,,,,
16210,06:10:00,,,,,,,,,,,,,,,,,,,,,,,,,
16211,06:11:00,,,,,,,,,,,,,,,,,,,,,,,,,
16212,06:12:00,,,,,,,,,,,,,,,,,,,,,,,,,
16213,06:13:00,,,,,,,,,,,,,,,,,,,,,,,,,
16214,06:14:00,,,,,,,,,,,,,,,,,,,,,,,,,
16215,06:15:00,,,,,,,,,,,,,,,,,,,,,,,,,
16216,06:16:00,,,,,,,,,,,,,,,,,,,,,,,,,
16217,06:17:00,,,,,,,,,,,,,,,,,,,,,,,,,
16218,06:18:00,,,,,,,,,,,,,,,,,,,,,,,,,
16219,06:19:00,,,,,,,,,,,,,,,,,,,,,,,,,
16220,06:20:00,,,,,,,,,,,,,,,,,,,,,,,,,
16221,06:21:00,,,,,,,,,,,,,,,,,,,,,,,,,
16222,06:22:00,,,,,,,,,,,,,,,,,,,,,,,,,
16223,06:23:00,,,,,,,,,,,,,,,,,,,,,,,,,
16224,06:24:00,,,,,,,,,,,,,,,,,,,,,,,,,
16225,06:25:00,,,,,,,,,,,,,,,,,,,,,,,,,
16226,06:26:00,,,,,,,,,,,,,,,,,,,,,,,,,
16227,06:27:00,,,,,,,,,,,,,,,,,,,,,,,,,
16228,06:28:00,,,,,,,,,,,,,,,,,,,,,,,,,
16229,06:29:00,,,,,,,,,,,,,,,,,,,,,,,,,
16230,06:30:00,,,,,,,,,,,,,,,,,,,,,,,,,
16231,06:31:00,,,,,,,,,,,,,,,,,,,,,,,,,
16232,06:32:00,,,,,,,,,,,,,,,,,,,,,,,,,
16233,06:33:00,,,,,,,,,,,,,,,,,,,,,,,,,
16234,06:34:00,,,,,,,,,,,,,,,,,,,,,,,,,
16235,06:35:00,,,,,,,,,,,,,,,,,,,,,,,,,
16236,06:36:00,,,,,,,,,,,,,,,,,,,,,,,,,
16237,06:37:00,,,,,,,,,,,,,,,,,,,,,,,,,
16238,06:38:00,,,,,,,,,,,,,,,,,,,,,,,,,
16239,06:39:00,,,,,,,,,,,,,,,,,,,,,,,,,
16240,06:40:00,,,,,,,,,,,,,,,,,,,,,,,,,
16241,06:41:00,,,,,,,,,,,,,,,,,,,,,,,,,
16242,06:42:00,,,,,,,,,,,,,,,,,,,,,,,,,
16243,06:43:00,,,,,,,,,,,,,,,,,,,,,,,,,
16244,06:44:00,,,,,,,,,,,,,,,,,,,,,,,,,
16245,06:45:00,,,,,,,,,,,,,,,,,,,,,,,,,
16246,06:46:00,,,,,,,,,,,,,,,,,,,,,,,,,
16247,06:47:00,,,,,,,,,,,,,,,,,,,,,,,,,
16248,06:48:00,,,,,,,,,,,,,,,,,,,,,,,,,
16249,06:49:00,,,,,,,,,,,,,,,,,,,,,,,,,
16250,06:50:00,,,,,,,,,,,,,,,,,,,,,,,,,
16251,06:51:00,,,,,,,,,,,,,,,,,,,,,,,,,
16252,06:52:00,,,,,,,,,,,,,,,,,,,,,,,,,
16253,06:53:00,,,,,,,,,,,,,,,,,,,,,,,,,
16254,06:54:00,,,,,,,,,,,,,,,,,,,,,,,,,
16255,06:55:00,,,,,,,,,,,,,,,,,,,,,,,,,
16256,06:56:00,,,,,,,,,,,,,,,,,,,,,,,,,
16257,06:57:00,,,,,,,,,,,,,,,,,,,,,,,,,
16258,06:58:00,,,,,,,,,,,,,,,,,,,,,,,,,
16259,06:59:00,,,,,,,,,,,,,,,,,,,,,,,,,
16260,07:00:00,,,,,,,,,,,,,,,,,,,,,,,,,
16261,07:01:00,,,,,,,,,,,,,,,,,,,,,,,,,
16262,07:02:00,,,,,,,,,,,,,,,,,,,,,,,,,
16263,07:03:00,,,,,,,,,,,,,,,,,,,,,,,,,
16264,07:04:00,,,,,,,,,,,,,,,,,,,,,,,,,
16265,07:05:00,,,,,,,,,,,,,,,,,,,,,,,,,
16266,07:06:00,,,,,,,,,,,,,,,,,,,,,,,,,
16267,07:07:00,,,,,,,,,,,,,,,,,,,,,,,,,
16268,07:08:00,,,,,,,,,,,,,,,,,,,,,,,,,
16269,07:09:00,,,,,,,,,,,,,,,,,,,,,,,,,
16270,07:10:00,,,,,,,,,,,,,,,,,,,,,,,,,
16271,07:11:00,,,,,,,,,,,,,,,,,,,,,,,,,
16272,07:12:00,,,,,,,,,,,,,,,,,,,,,,,,,
16273,07:13:00,,,,,,,,,,,,,,,,,,,,,,,,,
16274,07:14:00,,,,,,,,,,,,,,,,,,,,,,,,,
16275,07:15:00,,,,,,,,,,,,,,,,,,,,,,,,,
16276,07:16:00,,,,,,,,,,,,,,,,,,,,,,,,,
16277,07:17:00,,,,,,,,,,,,,,,,,,,,,,,,,
16278,07:18:00,,,,,,,,,,,,,,,,,,,,,,,,,
16279,07:19:00,,,,,,,,,,,,,,,,,,,,,,,,,
16280,07:20:00,,,,,,,,,,,,,,,,,,,,,,,,,
16281,07:21:00,,,,,,,,,,,,,,,,,,,,,,,,,
16282,07:22:00,,,,,,,,,,,,,,,,,,,,,,,,,
16283,07:23:00,,,,,,,,,,,,,,,,,,,,,,,,,
16284,07:24:00,,,,,,,,,,,,,,,,,,,,,,,,,
16285,07:25:00,,,,,,,,,,,,,,,,,,,,,,,,,
16286,07:26:00,,,,,,,,,,,,,,,,,,,,,,,,,
16287,07:27:00,,,,,,,,,,,,,,,,,,,,,,,,,
16288,07:28:00,,,,,,,,,,,,,,,,,,,,,,,,,
16289,07:29:00,,,,,,,,,,,,,,,,,,,,,,,,,
16290,07:30:00,,,,,,,,,,,,,,,,,,,,,,,,,
16291,07:31:00,,,,,,,,,,,,,,,,,,,,,,,,,
16292,07:32:00,,,,,,,,,,,,,,,,,,,,,,,,,
16293,07:33:00,,,,,,,,,,,,,,,,,,,,,,,,,
16294,07:34:00,,,,,,,,,,,,,,,,,,,,,,,,,
16295,07:35:00,,,,,,,,,,,,,,,,,,,,,,,,,
16296,07:36:00,,,,,,,,,,,,,,,,,,,,,,,,,
16297,07:37:00,,,,,,,,,,,,,,,,,,,,,,,,,
16298,07:38:00,,,,,,,,,,,,,,,,,,,,,,,,,
16299,07:39:00,,,,,,,,,,,,,,,,,,,,,,,,,
16300,07:40:00,,,,,,,,,,,,,,,,,,,,,,,,,
16301,07:41:00,,,,,,,,,,,,,,,,,,,,,,,,,
16302,07:42:00,,,,,,,,,,,,,,,,,,,,,,,,,
16303,07:43:00,,,,,,,,,,,,,,,,,,,,,,,,,
16304,07:44:00,,,,,,,,,,,,,,,,,,,,,,,,,
16305,07:45:00,,,,,,,,,,,,,,,,,,,,,,,,,
16306,07:46:00,,,,,,,,,,,,,,,,,,,,,,,,,
16307,07:47:00,,,,,,,,,,,,,,,,,,,,,,,,,
16308,07:48:00,,,,,,,,,,,,,,,,,,,,,,,,,
16309,07:49:00,,,,,,,,,,,,,,,,,,,,,,,,,
16310,07:50:00,,,,,,,,,,,,,,,,,,,,,,,,,
16311,07:51:00,,,,,,,,,,,,,,,,,,,,,,,,,
16312,07:52:00,,,,,,,,,,,,,,,,,,,,,,,,,
16313,07:53:00,,,,,,,,,,,,,,,,,,,,,,,,,
16314,07:54:00,,,,,,,,,,,,,,,,,,,,,,,,,
16315,07:55:00,,,,,,,,,,,,,,,,,,,,,,,,,
16316,07:56:00,,,,,,,,,,,,,,,,,,,,,,,,,
16317,07:57:00,,,,,,,,,,,,,,,,,,,,,,,,,
16318,07:58:00,,,,,,,,,,,,,,,,,,,,,,,,,
16319,07:59:00,,,,,,,,,,,,,,,,,,,,,,,,,
16320,08:00:00,,,,,,,,,,,,,,,,,,,,,,,,,
16321,08:01:00,,,,,,,,,,,,,,,,,,,,,,,,,
16322,08:02:00,,,,,,,,,,,,,,,,,,,,,,,,,
16323,08:03:00,,,,,,,,,,,,,,,,,,,,,,,,,
16324,08:04:00,,,,,,,,,,,,,,,,,,,,,,,,,
16325,08:05:00,,,,,,,,,,,,,,,,,,,,,,,,,
16326,08:06:00,,,,,,,,,,,,,,,,,,,,,,,,,
16327,08:07:00,,,,,,,,,,,,,,,,,,,,,,,,,
16328,08:08:00,,,,,,,,,,,,,,,,,,,,,,,,,
16329,08:09:00,,,,,,,,,,,,,,,,,,,,,,,,,
16330,08:10:00,,,,,,,,,,,,,,,,,,,,,,,,,
16331,08:11:00,,,,,,,,,,,,,,,,,,,,,,,,,
16332,08:12:00,,,,,,,,,,,,,,,,,,,,,,,,,
16333,08:13:00,,,,,,,,,,,,,,,,,,,,,,,,,
16334,08:14:00,,,,,,,,,,,,,,,,,,,,,,,,,
16335,08:15:00,,,,,,,,,,,,,,,,,,,,,,,,,
16336,08:16:00,,,,,,,,,,,,,,,,,,,,,,,,,
16337,08:17:00,,,,,,,,,,,,,,,,,,,,,,,,,
16338,08:18:00,,,,,,,,,,,,,,,,,,,,,,,,,
16339,08:19:00,,,,,,,,,,,,,,,,,,,,,,,,,
16340,08:20:00,,,,,,,,,,,,,,,,,,,,,,,,,
16341,08:21:00,,,,,,,,,,,,,,,,,,,,,,,,,
16342,08:22:00,,,,,,,,,,,,,,,,,,,,,,,,,
16343,08:23:00,,,,,,,,,,,,,,,,,,,,,,,,,
16344,08:24:00,,,,,,,,,,,,,,,,,,,,,,,,,
16345,08:25:00,,,,,,,,,,,,,,,,,,,,,,,,,
16346,08:26:00,,,,,,,,,,,,,,,,,,,,,,,,,
16347,08:27:00,,,,,,,,,,,,,,,,,,,,,,,,,
16348,08:28:00,,,,,,,,,,,,,,,,,,,,,,,,,
16349,08:29:00,,,,,,,,,,,,,,,,,,,,,,,,,
16350,08:30:00,,,,,,,,,,,,,,,,,,,,,,,,,
16351,08:31:00,,,,,,,,,,,,,,,,,,,,,,,,,
16352,08:32:00,,,,,,,,,,,,,,,,,,,,,,,,,
16353,08:33:00,,,,,,,,,,,,,,,,,,,,,,,,,
16354,08:34:00,,,,,,,,,,,,,,,,,,,,,,,,,
16355,08:35:00,,,,,,,,,,,,,,,,,,,,,,,,,
16356,08:36:00,,,,,,,,,,,,,,,,,,,,,,,,,
16357,08:37:00,,,,,,,,,,,,,,,,,,,,,,,,,
16358,08:38:00,,,,,,,,,,,,,,,,,,,,,,,,,
16359,08:39:00,,,,,,,,,,,,,,,,,,,,,,,,,
16360,08:40:00,,,,,,,,,,,,,,,,,,,,,,,,,
16361,08:41:00,,,,,,,,,,,,,,,,,,,,,,,,,
16362,08:42:00,,,,,,,,,,,,,,,,,,,,,,,,,
16363,08:43:00,,,,,,,,,,,,,,,,,,,,,,,,,
16364,08:44:00,,,,,,,,,,,,,,,,,,,,,,,,,
16365,08:45:00,,,,,,,,,,,,,,,,,,,,,,,,,
16366,08:46:00,,,,,,,,,,,,,,,,,,,,,,,,,
16367,08:47:00,,,,,,,,,,,,,,,,,,,,,,,,,
16368,08:48:00,,,,,,,,,,,,,,,,,,,,,,,,,
16369,08:49:00,,,,,,,,,,,,,,,,,,,,,,,,,
16370,08:50:00,,,,,,,,,,,,,,,,,,,,,,,,,
16371,08:51:00,,,,,,,,,,,,,,,,,,,,,,,,,
16372,08:52:00,,,,,,,,,,,,,,,,,,,,,,,,,
16373,08:53:00,,,,,,,,,,,,,,,,,,,,,,,,,
16374,08:54:00,,,,,,,,,,,,,,,,,,,,,,,,,
16375,08:55:00,,,,,,,,,,,,,,,,,,,,,,,,,
16376,08:56:00,,,,,,,,,,,,,,,,,,,,,,,,,
16377,08:57:00,,,,,,,,,,,,,,,,,,,,,,,,,
16378,08:58:00,,,,,,,,,,,,,,,,,,,,,,,,,
16379,08:59:00,,,,,,,,,,,,,,,,,,,,,,,,,
16380,09:00:00,,,,,,,,,,,,,,,,,,,,,,,,,
16381,09:01:00,,,,,,,,,,,,,,,,,,,,,,,,,
16382,09:02:00,,,,,,,,,,,,,,,,,,,,,,,,,
16383,09:03:00,,,,,,,,,,,,,,,,,,,,,,,,,
16384,09:04:00,,,,,,,,,,,,,,,,,,,,,,,,,
16385,09:05:00,,,,,,,,,,,,,,,,,,,,,,,,,
16386,09:06:00,,,,,,,,,,,,,,,,,,,,,,,,,
16387,09:07:00,,,,,,,,,,,,,,,,,,,,,,,,,
16388,09:08:00,,,,,,,,,,,,,,,,,,,,,,,,,
16389,09:09:00,,,,,,,,,,,,,,,,,,,,,,,,,
16390,09:10:00,,,,,,,,,,,,,,,,,,,,,,,,,
16391,09:11:00,,,,,,,,,,,,,,,,,,,,,,,,,
16392,09:12:00,,,,,,,,,,,,,,,,,,,,,,,,,
16393,09:13:00,,,,,,,,,,,,,,,,,,,,,,,,,
16394,09:14:00,,,,,,,,,,,,,,,,,,,,,,,,,
16395,09:15:00,,,,,,,,,,,,,,,,,,,,,,,,,
16396,09:16:00,,,,,,,,,,,,,,,,,,,,,,,,,
16397,09:17:00,,,,,,,,,,,,,,,,,,,,,,,,,
16398,09:18:00,,,,,,,,,,,,,,,,,,,,,,,,,
16399,09:19:00,,,,,,,,,,,,,,,,,,,,,,,,,
16400,09:20:00,,,,,,,,,,,,,,,,,,,,,,,,,
16401,09:21:00,,,,,,,,,,,,,,,,,,,,,,,,,
16402,09:22:00,,,,,,,,,,,,,,,,,,,,,,,,,
16403,09:23:00,,,,,,,,,,,,,,,,,,,,,,,,,
16404,09:24:00,,,,,,,,,,,,,,,,,,,,,,,,,
16405,09:25:00,,,,,,,,,,,,,,,,,,,,,,,,,
16406,09:26:00,,,,,,,,,,,,,,,,,,,,,,,,,
16407,09:27:00,,,,,,,,,,,,,,,,,,,,,,,,,
16408,09:28:00,,,,,,,,,,,,,,,,,,,,,,,,,
16409,09:29:00,,,,,,,,,,,,,,,,,,,,,,,,,
16410,09:30:00,,,,,,,,,,,,,,,,,,,,,,,,,
16411,09:31:00,,,,,,,,,,,,,,,,,,,,,,,,,
16412,09:32:00,,,,,,,,,,,,,,,,,,,,,,,,,
16413,09:33:00,,,,,,,,,,,,,,,,,,,,,,,,,
16414,09:34:00,,,,,,,,,,,,,,,,,,,,,,,,,
16415,09:35:00,,,,,,,,,,,,,,,,,,,,,,,,,
16416,09:36:00,,,,,,,,,,,,,,,,,,,,,,,,,
16417,09:37:00,,,,,,,,,,,,,,,,,,,,,,,,,
16418,09:38:00,,,,,,,,,,,,,,,,,,,,,,,,,
16419,09:39:00,,,,,,,,,,,,,,,,,,,,,,,,,
16420,09:40:00,,,,,,,,,,,,,,,,,,,,,,,,,
16421,09:41:00,,,,,,,,,,,,,,,,,,,,,,,,,
16422,09:42:00,,,,,,,,,,,,,,,,,,,,,,,,,
16423,09:43:00,,,,,,,,,,,,,,,,,,,,,,,,,
16424,09:44:00,,,,,,,,,,,,,,,,,,,,,,,,,
16425,09:45:00,,,,,,,,,,,,,,,,,,,,,,,,,
16426,09:46:00,,,,,,,,,,,,,,,,,,,,,,,,,
16427,09:47:00,,,,,,,,,,,,,,,,,,,,,,,,,
16428,09:48:00,,,,,,,,,,,,,,,,,,,,,,,,,
16429,09:49:00,,,,,,,,,,,,,,,,,,,,,,,,,
16430,09:50:00,,,,,,,,,,,,,,,,,,,,,,,,,
16431,09:51:00,,,,,,,,,,,,,,,,,,,,,,,,,
16432,09:52:00,,,,,,,,,,,,,,,,,,,,,,,,,
16433,09:53:00,,,,,,,,,,,,,,,,,,,,,,,,,
16434,09:54:00,,,,,,,,,,,,,,,,,,,,,,,,,
16435,09:55:00,,,,,,,,,,,,,,,,,,,,,,,,,
16436,09:56:00,,,,,,,,,,,,,,,,,,,,,,,,,
16437,09:57:00,,,,,,,,,,,,,,,,,,,,,,,,,
16438,09:58:00,,,,,,,,,,,,,,,,,,,,,,,,,
16439,09:59:00,,,,,,,,,,,,,,,,,,,,,,,,,
16440,10:00:00,,,,,,,,,,,,,,,,,,,,,,,,,
16441,10:01:00,,,,,,,,,,,,,,,,,,,,,,,,,
16442,10:02:00,,,,,,,,,,,,,,,,,,,,,,,,,
16443,10:03:00,,,,,,,,,,,,,,,,,,,,,,,,,
16444,10:04:00,,,,,,,,,,,,,,,,,,,,,,,,,
16445,10:05:00,,,,,,,,,,,,,,,,,,,,,,,,,
16446,10:06:00,,,,,,,,,,,,,,,,,,,,,,,,,
16447,10:07:00,,,,,,,,,,,,,,,,,,,,,,,,,
16448,10:08:00,,,,,,,,,,,,,,,,,,,,,,,,,
16449,10:09:00,,,,,,,,,,,,,,,,,,,,,,,,,
16450,10:10:00,,,,,,,,,,,,,,,,,,,,,,,,,
16451,10:11:00,,,,,,,,,,,,,,,,,,,,,,,,,
16452,10:12:00,,,,,,,,,,,,,,,,,,,,,,,,,
16453,10:13:00,,,,,,,,,,,,,,,,,,,,,,,,,
16454,10:14:00,,,,,,,,,,,,,,,,,,,,,,,,,
16455,10:15:00,,,,,,,,,,,,,,,,,,,,,,,,,
16456,10:16:00,,,,,,,,,,,,,,,,,,,,,,,,,
16457,10:17:00,,,,,,,,,,,,,,,,,,,,,,,,,
16458,10:18:00,,,,,,,,,,,,,,,,,,,,,,,,,
16459,10:19:00,,,,,,,,,,,,,,,,,,,,,,,,,
16460,10:20:00,,,,,,,,,,,,,,,,,,,,,,,,,
16461,10:21:00,,,,,,,,,,,,,,,,,,,,,,,,,
16462,10:22:00,,,,,,,,,,,,,,,,,,,,,,,,,
16463,10:23:00,,,,,,,,,,,,,,,,,,,,,,,,,
16464,10:24:00,,,,,,,,,,,,,,,,,,,,,,,,,
16465,10:25:00,,,,,,,,,,,,,,,,,,,,,,,,,
16466,10:26:00,,,,,,,,,,,,,,,,,,,,,,,,,
16467,10:27:00,,,,,,,,,,,,,,,,,,,,,,,,,
16468,10:28:00,,,,,,,,,,,,,,,,,,,,,,,,,
16469,10:29:00,,,,,,,,,,,,,,,,,,,,,,,,,
16470,10:30:00,,,,,,,,,,,,,,,,,,,,,,,,,
16471,10:31:00,,,,,,,,,,,,,,,,,,,,,,,,,
16472,10:32:00,,,,,,,,,,,,,,,,,,,,,,,,,
16473,10:33:00,,,,,,,,,,,,,,,,,,,,,,,,,
16474,10:34:00,,,,,,,,,,,,,,,,,,,,,,,,,
16475,10:35:00,,,,,,,,,,,,,,,,,,,,,,,,,
16476,10:36:00,,,,,,,,,,,,,,,,,,,,,,,,,
16477,10:37:00,,,,,,,,,,,,,,,,,,,,,,,,,
16478,10:38:00,,,,,,,,,,,,,,,,,,,,,,,,,
16479,10:39:00,,,,,,,,,,,,,,,,,,,,,,,,,
16480,10:40:00,,,,,,,,,,,,,,,,,,,,,,,,,
16481,10:41:00,,,,,,,,,,,,,,,,,,,,,,,,,
16482,10:42:00,,,,,,,,,,,,,,,,,,,,,,,,,
16483,10:43:00,,,,,,,,,,,,,,,,,,,,,,,,,
16484,10:44:00,,,,,,,,,,,,,,,,,,,,,,,,,
16485,10:45:00,,,,,,,,,,,,,,,,,,,,,,,,,
16486,10:46:00,,,,,,,,,,,,,,,,,,,,,,,,,
16487,10:47:00,,,,,,,,,,,,,,,,,,,,,,,,,
16488,10:48:00,,,,,,,,,,,,,,,,,,,,,,,,,
16489,10:49:00,,,,,,,,,,,,,,,,,,,,,,,,,
16490,10:50:00,,,,,,,,,,,,,,,,,,,,,,,,,
16491,10:51:00,,,,,,,,,,,,,,,,,,,,,,,,,
16492,10:52:00,,,,,,,,,,,,,,,,,,,,,,,,,
16493,10:53:00,,,,,,,,,,,,,,,,,,,,,,,,,
16494,10:54:00,,,,,,,,,,,,,,,,,,,,,,,,,
16495,10:55:00,,,,,,,,,,,,,,,,,,,,,,,,,
16496,10:56:00,,,,,,,,,,,,,,,,,,,,,,,,,
16497,10:57:00,,,,,,,,,,,,,,,,,,,,,,,,,
16498,10:58:00,,,,,,,,,,,,,,,,,,,,,,,,,
16499,10:59:00,,,,,,,,,,,,,,,,,,,,,,,,,
16500,11:00:00,,,,,,,,,,,,,,,,,,,,,,,,,
16501,11:01:00,,,,,,,,,,,,,,,,,,,,,,,,,
16502,11:02:00,,,,,,,,,,,,,,,,,,,,,,,,,
16503,11:03:00,,,,,,,,,,,,,,,,,,,,,,,,,
16504,11:04:00,,,,,,,,,,,,,,,,,,,,,,,,,
16505,11:05:00,,,,,,,,,,,,,,,,,,,,,,,,,
16506,11:06:00,,,,,,,,,,,,,,,,,,,,,,,,,
16507,11:07:00,,,,,,,,,,,,,,,,,,,,,,,,,
16508,11:08:00,,,,,,,,,,,,,,,,,,,,,,,,,
16509,11:09:00,,,,,,,,,,,,,,,,,,,,,,,,,
16510,11:10:00,,,,,,,,,,,,,,,,,,,,,,,,,
16511,11:11:00,,,,,,,,,,,,,,,,,,,,,,,,,
16512,11:12:00,,,,,,,,,,,,,,,,,,,,,,,,,
16513,11:13:00,,,,,,,,,,,,,,,,,,,,,,,,,
16514,11:14:00,,,,,,,,,,,,,,,,,,,,,,,,,
16515,11:15:00,,,,,,,,,,,,,,,,,,,,,,,,,
16516,11:16:00,,,,,,,,,,,,,,,,,,,,,,,,,
16517,11:17:00,,,,,,,,,,,,,,,,,,,,,,,,,
16518,11:18:00,,,,,,,,,,,,,,,,,,,,,,,,,
16519,11:19:00,,,,,,,,,,,,,,,,,,,,,,,,,
16520,11:20:00,,,,,,,,,,,,,,,,,,,,,,,,,
16521,11:21:00,,,,,,,,,,,,,,,,,,,,,,,,,
16522,11:22:00,,,,,,,,,,,,,,,,,,,,,,,,,
16523,11:23:00,,,,,,,,,,,,,,,,,,,,,,,,,
16524,11:24:00,,,,,,,,,,,,,,,,,,,,,,,,,
16525,11:25:00,,,,,,,,,,,,,,,,,,,,,,,,,
16526,11:26:00,,,,,,,,,,,,,,,,,,,,,,,,,
16527,11:27:00,,,,,,,,,,,,,,,,,,,,,,,,,
16528,11:28:00,,,,,,,,,,,,,,,,,,,,,,,,,
16529,11:29:00,,,,,,,,,,,,,,,,,,,,,,,,,
16530,11:30:00,,,,,,,,,,,,,,,,,,,,,,,,,
16531,11:31:00,,,,,,,,,,,,,,,,,,,,,,,,,
16532,11:32:00,,,,,,,,,,,,,,,,,,,,,,,,,
16533,11:33:00,,,,,,,,,,,,,,,,,,,,,,,,,
16534,11:34:00,,,,,,,,,,,,,,,,,,,,,,,,,
16535,11:35:00,,,,,,,,,,,,,,,,,,,,,,,,,
16536,11:36:00,,,,,,,,,,,,,,,,,,,,,,,,,
16537,11:37:00,,,,,,,,,,,,,,,,,,,,,,,,,
16538,11:38:00,,,,,,,,,,,,,,,,,,,,,,,,,
16539,11:39:00,,,,,,,,,,,,,,,,,,,,,,,,,
16540,11:40:00,,,,,,,,,,,,,,,,,,,,,,,,,
16541,11:41:00,,,,,,,,,,,,,,,,,,,,,,,,,
16542,11:42:00,,,,,,,,,,,,,,,,,,,,,,,,,
16543,11:43:00,,,,,,,,,,,,,,,,,,,,,,,,,
16544,11:44:00,,,,,,,,,,,,,,,,,,,,,,,,,
16545,11:45:00,,,,,,,,,,,,,,,,,,,,,,,,,
16546,11:46:00,,,,,,,,,,,,,,,,,,,,,,,,,
16547,11:47:00,,,,,,,,,,,,,,,,,,,,,,,,,
16548,11:48:00,,,,,,,,,,,,,,,,,,,,,,,,,
16549,11:49:00,,,,,,,,,,,,,,,,,,,,,,,,,
16550,11:50:00,,,,,,,,,,,,,,,,,,,,,,,,,
16551,11:51:00,,,,,,,,,,,,,,,,,,,,,,,,,
16552,11:52:00,,,,,,,,,,,,,,,,,,,,,,,,,
16553,11:53:00,,,,,,,,,,,,,,,,,,,,,,,,,
16554,11:54:00,,,,,,,,,,,,,,,,,,,,,,,,,
16555,11:55:00,,,,,,,,,,,,,,,,,,,,,,,,,
16556,11:56:00,,,,,,,,,,,,,,,,,,,,,,,,,
16557,11:57:00,,,,,,,,,,,,,,,,,,,,,,,,,
16558,11:58:00,,,,,,,,,,,,,,,,,,,,,,,,,
16559,11:59:00,,,,,,,,,,,,,,,,,,,,,,,,,
16560,12:00:00,,,,,,,,,,,,,,,,,,,,,,,,,
16561,12:01:00,,,,,,,,,,,,,,,,,,,,,,,,,
16562,12:02:00,,,,,,,,,,,,,,,,,,,,,,,,,
16563,12:03:00,,,,,,,,,,,,,,,,,,,,,,,,,
16564,12:04:00,,,,,,,,,,,,,,,,,,,,,,,,,
16565,12:05:00,,,,,,,,,,,,,,,,,,,,,,,,,
16566,12:06:00,,,,,,,,,,,,,,,,,,,,,,,,,
16567,12:07:00,,,,,,,,,,,,,,,,,,,,,,,,,
16568,12:08:00,,,,,,,,,,,,,,,,,,,,,,,,,
16569,12:09:00,,,,,,,,,,,,,,,,,,,,,,,,,
16570,12:10:00,,,,,,,,,,,,,,,,,,,,,,,,,
16571,12:11:00,,,,,,,,,,,,,,,,,,,,,,,,,
16572,12:12:00,,,,,,,,,,,,,,,,,,,,,,,,,
16573,12:13:00,,,,,,,,,,,,,,,,,,,,,,,,,
16574,12:14:00,,,,,,,,,,,,,,,,,,,,,,,,,
16575,12:15:00,,,,,,,,,,,,,,,,,,,,,,,,,
16576,12:16:00,,,,,,,,,,,,,,,,,,,,,,,,,
16577,12:17:00,,,,,,,,,,,,,,,,,,,,,,,,,
16578,12:18:00,,,,,,,,,,,,,,,,,,,,,,,,,
16579,12:19:00,,,,,,,,,,,,,,,,,,,,,,,,,
16580,12:20:00,,,,,,,,,,,,,,,,,,,,,,,,,
16581,12:21:00,,,,,,,,,,,,,,,,,,,,,,,,,
16582,12:22:00,,,,,,,,,,,,,,,,,,,,,,,,,
16583,12:23:00,,,,,,,,,,,,,,,,,,,,,,,,,
16584,12:24:00,,,,,,,,,,,,,,,,,,,,,,,,,
16585,12:25:00,,,,,,,,,,,,,,,,,,,,,,,,,
16586,12:26:00,,,,,,,,,,,,,,,,,,,,,,,,,
16587,12:27:00,,,,,,,,,,,,,,,,,,,,,,,,,
16588,12:28:00,,,,,,,,,,,,,,,,,,,,,,,,,
16589,12:29:00,,,,,,,,,,,,,,,,,,,,,,,,,
16590,12:30:00,,,,,,,,,,,,,,,,,,,,,,,,,
16591,12:31:00,,,,,,,,,,,,,,,,,,,,,,,,,
16592,12:32:00,,,,,,,,,,,,,,,,,,,,,,,,,
16593,12:33:00,,,,,,,,,,,,,,,,,,,,,,,,,
16594,12:34:00,,,,,,,,,,,,,,,,,,,,,,,,,
16595,12:35:00,,,,,,,,,,,,,,,,,,,,,,,,,
16596,12:36:00,,,,,,,,,,,,,,,,,,,,,,,,,
16597,12:37:00,,,,,,,,,,,,,,,,,,,,,,,,,
16598,12:38:00,,,,,,,,,,,,,,,,,,,,,,,,,
16599,12:39:00,,,,,,,,,,,,,,,,,,,,,,,,,
16600,12:40:00,,,,,,,,,,,,,,,,,,,,,,,,,
16601,12:41:00,,,,,,,,,,,,,,,,,,,,,,,,,
16602,12:42:00,,,,,,,,,,,,,,,,,,,,,,,,,
16603,12:43:00,,,,,,,,,,,,,,,,,,,,,,,,,
16604,12:44:00,,,,,,,,,,,,,,,,,,,,,,,,,
16605,12:45:00,,,,,,,,,,,,,,,,,,,,,,,,,
16606,12:46:00,,,,,,,,,,,,,,,,,,,,,,,,,
16607,12:47:00,,,,,,,,,,,,,,,,,,,,,,,,,
16608,12:48:00,,,,,,,,,,,,,,,,,,,,,,,,,
16609,12:49:00,,,,,,,,,,,,,,,,,,,,,,,,,
16610,12:50:00,,,,,,,,,,,,,,,,,,,,,,,,,
16611,12:51:00,,,,,,,,,,,,,,,,,,,,,,,,,
16612,12:52:00,,,,,,,,,,,,,,,,,,,,,,,,,
16613,12:53:00,,,,,,,,,,,,,,,,,,,,,,,,,
16614,12:54:00,,,,,,,,,,,,,,,,,,,,,,,,,
16615,12:55:00,,,,,,,,,,,,,,,,,,,,,,,,,
16616,12:56:00,,,,,,,,,,,,,,,,,,,,,,,,,
16617,12:57:00,,,,,,,,,,,,,,,,,,,,,,,,,
16618,12:58:00,,,,,,,,,,,,,,,,,,,,,,,,,
16619,12:59:00,,,,,,,,,,,,,,,,,,,,,,,,,
16620,13:00:00,,,,,,,,,,,,,,,,,,,,,,,,,
16621,13:01:00,,,,,,,,,,,,,,,,,,,,,,,,,
16622,13:02:00,,,,,,,,,,,,,,,,,,,,,,,,,
16623,13:03:00,,,,,,,,,,,,,,,,,,,,,,,,,
16624,13:04:00,,,,,,,,,,,,,,,,,,,,,,,,,
16625,13:05:00,,,,,,,,,,,,,,,,,,,,,,,,,
16626,13:06:00,,,,,,,,,,,,,,,,,,,,,,,,,
16627,13:07:00,,,,,,,,,,,,,,,,,,,,,,,,,
16628,13:08:00,,,,,,,,,,,,,,,,,,,,,,,,,
16629,13:09:00,,,,,,,,,,,,,,,,,,,,,,,,,
16630,13:10:00,,,,,,,,,,,,,,,,,,,,,,,,,
16631,13:11:00,,,,,,,,,,,,,,,,,,,,,,,,,
16632,13:12:00,,,,,,,,,,,,,,,,,,,,,,,,,
16633,13:13:00,,,,,,,,,,,,,,,,,,,,,,,,,
16634,13:14:00,,,,,,,,,,,,,,,,,,,,,,,,,
16635,13:15:00,,,,,,,,,,,,,,,,,,,,,,,,,
16636,13:16:00,,,,,,,,,,,,,,,,,,,,,,,,,
16637,13:17:00,,,,,,,,,,,,,,,,,,,,,,,,,
16638,13:18:00,,,,,,,,,,,,,,,,,,,,,,,,,
16639,13:19:00,,,,,,,,,,,,,,,,,,,,,,,,,
16640,13:20:00,,,,,,,,,,,,,,,,,,,,,,,,,
16641,13:21:00,,,,,,,,,,,,,,,,,,,,,,,,,
16642,13:22:00,,,,,,,,,,,,,,,,,,,,,,,,,
16643,13:23:00,,,,,,,,,,,,,,,,,,,,,,,,,
16644,13:24:00,,,,,,,,,,,,,,,,,,,,,,,,,
16645,13:25:00,,,,,,,,,,,,,,,,,,,,,,,,,
16646,13:26:00,,,,,,,,,,,,,,,,,,,,,,,,,
16647,13:27:00,,,,,,,,,,,,,,,,,,,,,,,,,
16648,13:28:00,,,,,,,,,,,,,,,,,,,,,,,,,
16649,13:29:00,,,,,,,,,,,,,,,,,,,,,,,,,
16650,13:30:00,,,,,,,,,,,,,,,,,,,,,,,,,
16651,13:31:00,,,,,,,,,,,,,,,,,,,,,,,,,
16652,13:32:00,,,,,,,,,,,,,,,,,,,,,,,,,
16653,13:33:00,,,,,,,,,,,,,,,,,,,,,,,,,
16654,13:34:00,,,,,,,,,,,,,,,,,,,,,,,,,
16655,13:35:00,,,,,,,,,,,,,,,,,,,,,,,,,
16656,13:36:00,,,,,,,,,,,,,,,,,,,,,,,,,
16657,13:37:00,,,,,,,,,,,,,,,,,,,,,,,,,
16658,13:38:00,,,,,,,,,,,,,,,,,,,,,,,,,
16659,13:39:00,,,,,,,,,,,,,,,,,,,,,,,,,
16660,13:40:00,,,,,,,,,,,,,,,,,,,,,,,,,
16661,13:41:00,,,,,,,,,,,,,,,,,,,,,,,,,
16662,13:42:00,,,,,,,,,,,,,,,,,,,,,,,,,
16663,13:43:00,,,,,,,,,,,,,,,,,,,,,,,,,
16664,13:44:00,,,,,,,,,,,,,,,,,,,,,,,,,
16665,13:45:00,,,,,,,,,,,,,,,,,,,,,,,,,
16666,13:46:00,,,,,,,,,,,,,,,,,,,,,,,,,
16667,13:47:00,,,,,,,,,,,,,,,,,,,,,,,,,
16668,13:48:00,,,,,,,,,,,,,,,,,,,,,,,,,
16669,13:49:00,,,,,,,,,,,,,,,,,,,,,,,,,
16670,13:50:00,,,,,,,,,,,,,,,,,,,,,,,,,
16671,13:51:00,,,,,,,,,,,,,,,,,,,,,,,,,
16672,13:52:00,,,,,,,,,,,,,,,,,,,,,,,,,
16673,13:53:00,,,,,,,,,,,,,,,,,,,,,,,,,
16674,13:54:00,,,,,,,,,,,,,,,,,,,,,,,,,
16675,13:55:00,,,,,,,,,,,,,,,,,,,,,,,,,
16676,13:56:00,,,,,,,,,,,,,,,,,,,,,,,,,
16677,13:57:00,,,,,,,,,,,,,,,,,,,,,,,,,
16678,13:58:00,,,,,,,,,,,,,,,,,,,,,,,,,
16679,13:59:00,,,,,,,,,,,,,,,,,,,,,,,,,
16680,14:00:00,,,,,,,,,,,,,,,,,,,,,,,,,
16681,14:01:00,,,,,,,,,,,,,,,,,,,,,,,,,
16682,14:02:00,,,,,,,,,,,,,,,,,,,,,,,,,
16683,14:03:00,,,,,,,,,,,,,,,,,,,,,,,,,
16684,14:04:00,,,,,,,,,,,,,,,,,,,,,,,,,
16685,14:05:00,,,,,,,,,,,,,,,,,,,,,,,,,
16686,14:06:00,,,,,,,,,,,,,,,,,,,,,,,,,
16687,14:07:00,,,,,,,,,,,,,,,,,,,,,,,,,
16688,14:08:00,,,,,,,,,,,,,,,,,,,,,,,,,
16689,14:09:00,,,,,,,,,,,,,,,,,,,,,,,,,
16690,14:10:00,,,,,,,,,,,,,,,,,,,,,,,,,
16691,14:11:00,,,,,,,,,,,,,,,,,,,,,,,,,
16692,14:12:00,,,,,,,,,,,,,,,,,,,,,,,,,
16693,14:13:00,,,,,,,,,,,,,,,,,,,,,,,,,
16694,14:14:00,,,,,,,,,,,,,,,,,,,,,,,,,
16695,14:15:00,,,,,,,,,,,,,,,,,,,,,,,,,
16696,14:16:00,,,,,,,,,,,,,,,,,,,,,,,,,
16697,14:17:00,,,,,,,,,,,,,,,,,,,,,,,,,
16698,14:18:00,,,,,,,,,,,,,,,,,,,,,,,,,
16699,14:19:00,,,,,,,,,,,,,,,,,,,,,,,,,
16700,14:20:00,,,,,,,,,,,,,,,,,,,,,,,,,
16701,14:21:00,,,,,,,,,,,,,,,,,,,,,,,,,
16702,14:22:00,,,,,,,,,,,,,,,,,,,,,,,,,
16703,14:23:00,,,,,,,,,,,,,,,,,,,,,,,,,
16704,14:24:00,,,,,,,,,,,,,,,,,,,,,,,,,
16705,14:25:00,,,,,,,,,,,,,,,,,,,,,,,,,
16706,14:26:00,,,,,,,,,,,,,,,,,,,,,,,,,
16707,14:27:00,,,,,,,,,,,,,,,,,,,,,,,,,
16708,14:28:00,,,,,,,,,,,,,,,,,,,,,,,,,
16709,14:29:00,,,,,,,,,,,,,,,,,,,,,,,,,
16710,14:30:00,,,,,,,,,,,,,,,,,,,,,,,,,
16711,14:31:00,,,,,,,,,,,,,,,,,,,,,,,,,
16712,14:32:00,,,,,,,,,,,,,,,,,,,,,,,,,
16713,14:33:00,,,,,,,,,,,,,,,,,,,,,,,,,
16714,14:34:00,,,,,,,,,,,,,,,,,,,,,,,,,
16715,14:35:00,,,,,,,,,,,,,,,,,,,,,,,,,
16716,14:36:00,,,,,,,,,,,,,,,,,,,,,,,,,
16717,14:37:00,,,,,,,,,,,,,,,,,,,,,,,,,
16718,14:38:00,,,,,,,,,,,,,,,,,,,,,,,,,
16719,14:39:00,,,,,,,,,,,,,,,,,,,,,,,,,
16720,14:40:00,,,,,,,,,,,,,,,,,,,,,,,,,
16721,14:41:00,,,,,,,,,,,,,,,,,,,,,,,,,
16722,14:42:00,,,,,,,,,,,,,,,,,,,,,,,,,
16723,14:43:00,,,,,,,,,,,,,,,,,,,,,,,,,
16724,14:44:00,,,,,,,,,,,,,,,,,,,,,,,,,
16725,14:45:00,,,,,,,,,,,,,,,,,,,,,,,,,
16726,14:46:00,,,,,,,,,,,,,,,,,,,,,,,,,
16727,14:47:00,,,,,,,,,,,,,,,,,,,,,,,,,
16728,14:48:00,,,,,,,,,,,,,,,,,,,,,,,,,
16729,14:49:00,,,,,,,,,,,,,,,,,,,,,,,,,
16730,14:50:00,,,,,,,,,,,,,,,,,,,,,,,,,
16731,14:51:00,,,,,,,,,,,,,,,,,,,,,,,,,
16732,14:52:00,,,,,,,,,,,,,,,,,,,,,,,,,
16733,14:53:00,,,,,,,,,,,,,,,,,,,,,,,,,
16734,14:54:00,,,,,,,,,,,,,,,,,,,,,,,,,
16735,14:55:00,,,,,,,,,,,,,,,,,,,,,,,,,
16736,14:56:00,,,,,,,,,,,,,,,,,,,,,,,,,
16737,14:57:00,,,,,,,,,,,,,,,,,,,,,,,,,
16738,14:58:00,,,,,,,,,,,,,,,,,,,,,,,,,
16739,14:59:00,,,,,,,,,,,,,,,,,,,,,,,,,
16740,15:00:00,,,,,,,,,,,,,,,,,,,,,,,,,
16741,15:01:00,,,,,,,,,,,,,,,,,,,,,,,,,
16742,15:02:00,,,,,,,,,,,,,,,,,,,,,,,,,
16743,15:03:00,,,,,,,,,,,,,,,,,,,,,,,,,
16744,15:04:00,,,,,,,,,,,,,,,,,,,,,,,,,
16745,15:05:00,,,,,,,,,,,,,,,,,,,,,,,,,
16746,15:06:00,,,,,,,,,,,,,,,,,,,,,,,,,
16747,15:07:00,,,,,,,,,,,,,,,,,,,,,,,,,
16748,15:08:00,,,,,,,,,,,,,,,,,,,,,,,,,
16749,15:09:00,,,,,,,,,,,,,,,,,,,,,,,,,
16750,15:10:00,,,,,,,,,,,,,,,,,,,,,,,,,
16751,15:11:00,,,,,,,,,,,,,,,,,,,,,,,,,
16752,15:12:00,,,,,,,,,,,,,,,,,,,,,,,,,
16753,15:13:00,,,,,,,,,,,,,,,,,,,,,,,,,
16754,15:14:00,,,,,,,,,,,,,,,,,,,,,,,,,
16755,15:15:00,,,,,,,,,,,,,,,,,,,,,,,,,
16756,15:16:00,,,,,,,,,,,,,,,,,,,,,,,,,
16757,15:17:00,,,,,,,,,,,,,,,,,,,,,,,,,
16758,15:18:00,,,,,,,,,,,,,,,,,,,,,,,,,
16759,15:19:00,,,,,,,,,,,,,,,,,,,,,,,,,
16760,15:20:00,,,,,,,,,,,,,,,,,,,,,,,,,
16761,15:21:00,,,,,,,,,,,,,,,,,,,,,,,,,
16762,15:22:00,,,,,,,,,,,,,,,,,,,,,,,,,
16763,15:23:00,,,,,,,,,,,,,,,,,,,,,,,,,
16764,15:24:00,,,,,,,,,,,,,,,,,,,,,,,,,
16765,15:25:00,,,,,,,,,,,,,,,,,,,,,,,,,
16766,15:26:00,,,,,,,,,,,,,,,,,,,,,,,,,
16767,15:27:00,,,,,,,,,,,,,,,,,,,,,,,,,
16768,15:28:00,,,,,,,,,,,,,,,,,,,,,,,,,
16769,15:29:00,,,,,,,,,,,,,,,,,,,,,,,,,
16770,15:30:00,,,,,,,,,,,,,,,,,,,,,,,,,
16771,15:31:00,,,,,,,,,,,,,,,,,,,,,,,,,
16772,15:32:00,,,,,,,,,,,,,,,,,,,,,,,,,
16773,15:33:00,,,,,,,,,,,,,,,,,,,,,,,,,
16774,15:34:00,,,,,,,,,,,,,,,,,,,,,,,,,
16775,15:35:00,,,,,,,,,,,,,,,,,,,,,,,,,
16776,15:36:00,,,,,,,,,,,,,,,,,,,,,,,,,
16777,15:37:00,,,,,,,,,,,,,,,,,,,,,,,,,
16778,15:38:00,,,,,,,,,,,,,,,,,,,,,,,,,
16779,15:39:00,,,,,,,,,,,,,,,,,,,,,,,,,
16780,15:40:00,,,,,,,,,,,,,,,,,,,,,,,,,
16781,15:41:00,,,,,,,,,,,,,,,,,,,,,,,,,
16782,15:42:00,,,,,,,,,,,,,,,,,,,,,,,,,
16783,15:43:00,,,,,,,,,,,,,,,,,,,,,,,,,
16784,15:44:00,,,,,,,,,,,,,,,,,,,,,,,,,
16785,15:45:00,,,,,,,,,,,,,,,,,,,,,,,,,
16786,15:46:00,,,,,,,,,,,,,,,,,,,,,,,,,
16787,15:47:00,,,,,,,,,,,,,,,,,,,,,,,,,
16788,15:48:00,,,,,,,,,,,,,,,,,,,,,,,,,
16789,15:49:00,,,,,,,,,,,,,,,,,,,,,,,,,
16790,15:50:00,,,,,,,,,,,,,,,,,,,,,,,,,
16791,15:51:00,,,,,,,,,,,,,,,,,,,,,,,,,
16792,15:52:00,,,,,,,,,,,,,,,,,,,,,,,,,
16793,15:53:00,,,,,,,,,,,,,,,,,,,,,,,,,
16794,15:54:00,,,,,,,,,,,,,,,,,,,,,,,,,
16795,15:55:00,,,,,,,,,,,,,,,,,,,,,,,,,
16796,15:56:00,,,,,,,,,,,,,,,,,,,,,,,,,
16797,15:57:00,,,,,,,,,,,,,,,,,,,,,,,,,
16798,15:58:00,,,,,,,,,,,,,,,,,,,,,,,,,
16799,15:59:00,,,,,,,,,,,,,,,,,,,,,,,,,
16800,16:00:00,,,,,,,,,,,,,,,,,,,,,,,,,
16801,16:01:00,,,,,,,,,,,,,,,,,,,,,,,,,
16802,16:02:00,,,,,,,,,,,,,,,,,,,,,,,,,
16803,16:03:00,,,,,,,,,,,,,,,,,,,,,,,,,
16804,16:04:00,,,,,,,,,,,,,,,,,,,,,,,,,
16805,16:05:00,,,,,,,,,,,,,,,,,,,,,,,,,
16806,16:06:00,,,,,,,,,,,,,,,,,,,,,,,,,
16807,16:07:00,,,,,,,,,,,,,,,,,,,,,,,,,
16808,16:08:00,,,,,,,,,,,,,,,,,,,,,,,,,
16809,16:09:00,,,,,,,,,,,,,,,,,,,,,,,,,
16810,16:10:00,,,,,,,,,,,,,,,,,,,,,,,,,
16811,16:11:00,,,,,,,,,,,,,,,,,,,,,,,,,
16812,16:12:00,,,,,,,,,,,,,,,,,,,,,,,,,
16813,16:13:00,,,,,,,,,,,,,,,,,,,,,,,,,
16814,16:14:00,,,,,,,,,,,,,,,,,,,,,,,,,
16815,16:15:00,,,,,,,,,,,,,,,,,,,,,,,,,
16816,16:16:00,,,,,,,,,,,,,,,,,,,,,,,,,
16817,16:17:00,,,,,,,,,,,,,,,,,,,,,,,,,
16818,16:18:00,,,,,,,,,,,,,,,,,,,,,,,,,
16819,16:19:00,,,,,,,,,,,,,,,,,,,,,,,,,
16820,16:20:00,,,,,,,,,,,,,,,,,,,,,,,,,
16821,16:21:00,,,,,,,,,,,,,,,,,,,,,,,,,
16822,16:22:00,,,,,,,,,,,,,,,,,,,,,,,,,
16823,16:23:00,,,,,,,,,,,,,,,,,,,,,,,,,
16824,16:24:00,,,,,,,,,,,,,,,,,,,,,,,,,
16825,16:25:00,,,,,,,,,,,,,,,,,,,,,,,,,
16826,16:26:00,,,,,,,,,,,,,,,,,,,,,,,,,
16827,16:27:00,,,,,,,,,,,,,,,,,,,,,,,,,
16828,16:28:00,,,,,,,,,,,,,,,,,,,,,,,,,
16829,16:29:00,,,,,,,,,,,,,,,,,,,,,,,,,
16830,16:30:00,,,,,,,,,,,,,,,,,,,,,,,,,
16831,16:31:00,,,,,,,,,,,,,,,,,,,,,,,,,
16832,16:32:00,,,,,,,,,,,,,,,,,,,,,,,,,
16833,16:33:00,,,,,,,,,,,,,,,,,,,,,,,,,
16834,16:34:00,,,,,,,,,,,,,,,,,,,,,,,,,
16835,16:35:00,,,,,,,,,,,,,,,,,,,,,,,,,
16836,16:36:00,,,,,,,,,,,,,,,,,,,,,,,,,
16837,16:37:00,,,,,,,,,,,,,,,,,,,,,,,,,
16838,16:38:00,,,,,,,,,,,,,,,,,,,,,,,,,
16839,16:39:00,,,,,,,,,,,,,,,,,,,,,,,,,
16840,16:40:00,,,,,,,,,,,,,,,,,,,,,,,,,
16841,16:41:00,,,,,,,,,,,,,,,,,,,,,,,,,
16842,16:42:00,,,,,,,,,,,,,,,,,,,,,,,,,
16843,16:43:00,,,,,,,,,,,,,,,,,,,,,,,,,
16844,16:44:00,,,,,,,,,,,,,,,,,,,,,,,,,
16845,16:45:00,,,,,,,,,,,,,,,,,,,,,,,,,
16846,16:46:00,,,,,,,,,,,,,,,,,,,,,,,,,
16847,16:47:00,,,,,,,,,,,,,,,,,,,,,,,,,
16848,16:48:00,,,,,,,,,,,,,,,,,,,,,,,,,
16849,16:49:00,,,,,,,,,,,,,,,,,,,,,,,,,
16850,16:50:00,,,,,,,,,,,,,,,,,,,,,,,,,
16851,16:51:00,,,,,,,,,,,,,,,,,,,,,,,,,
16852,16:52:00,,,,,,,,,,,,,,,,,,,,,,,,,
16853,16:53:00,,,,,,,,,,,,,,,,,,,,,,,,,
16854,16:54:00,,,,,,,,,,,,,,,,,,,,,,,,,
16855,16:55:00,,,,,,,,,,,,,,,,,,,,,,,,,
16856,16:56:00,,,,,,,,,,,,,,,,,,,,,,,,,
16857,16:57:00,,,,,,,,,,,,,,,,,,,,,,,,,
16858,16:58:00,,,,,,,,,,,,,,,,,,,,,,,,,
16859,16:59:00,,,,,,,,,,,,,,,,,,,,,,,,,
16860,17:00:00,,,,,,,,,,,,,,,,,,,,,,,,,
16861,17:01:00,,,,,,,,,,,,,,,,,,,,,,,,,
16862,17:02:00,,,,,,,,,,,,,,,,,,,,,,,,,
16863,17:03:00,,,,,,,,,,,,,,,,,,,,,,,,,
16864,17:04:00,,,,,,,,,,,,,,,,,,,,,,,,,
16865,17:05:00,,,,,,,,,,,,,,,,,,,,,,,,,
16866,17:06:00,,,,,,,,,,,,,,,,,,,,,,,,,
16867,17:07:00,,,,,,,,,,,,,,,,,,,,,,,,,
16868,17:08:00,,,,,,,,,,,,,,,,,,,,,,,,,
16869,17:09:00,,,,,,,,,,,,,,,,,,,,,,,,,
16870,17:10:00,,,,,,,,,,,,,,,,,,,,,,,,,
16871,17:11:00,,,,,,,,,,,,,,,,,,,,,,,,,
16872,17:12:00,,,,,,,,,,,,,,,,,,,,,,,,,
16873,17:13:00,,,,,,,,,,,,,,,,,,,,,,,,,
16874,17:14:00,,,,,,,,,,,,,,,,,,,,,,,,,
16875,17:15:00,,,,,,,,,,,,,,,,,,,,,,,,,
16876,17:16:00,,,,,,,,,,,,,,,,,,,,,,,,,
16877,17:17:00,,,,,,,,,,,,,,,,,,,,,,,,,
16878,17:18:00,,,,,,,,,,,,,,,,,,,,,,,,,
16879,17:19:00,,,,,,,,,,,,,,,,,,,,,,,,,
16880,17:20:00,,,,,,,,,,,,,,,,,,,,,,,,,
16881,17:21:00,,,,,,,,,,,,,,,,,,,,,,,,,
16882,17:22:00,,,,,,,,,,,,,,,,,,,,,,,,,
16883,17:23:00,,,,,,,,,,,,,,,,,,,,,,,,,
16884,17:24:00,,,,,,,,,,,,,,,,,,,,,,,,,
16885,17:25:00,,,,,,,,,,,,,,,,,,,,,,,,,
16886,17:26:00,,,,,,,,,,,,,,,,,,,,,,,,,
16887,17:27:00,,,,,,,,,,,,,,,,,,,,,,,,,
16888,17:28:00,,,,,,,,,,,,,,,,,,,,,,,,,
16889,17:29:00,,,,,,,,,,,,,,,,,,,,,,,,,
16890,17:30:00,,,,,,,,,,,,,,,,,,,,,,,,,
16891,17:31:00,,,,,,,,,,,,,,,,,,,,,,,,,
16892,17:32:00,,,,,,,,,,,,,,,,,,,,,,,,,
16893,17:33:00,,,,,,,,,,,,,,,,,,,,,,,,,
16894,17:34:00,,,,,,,,,,,,,,,,,,,,,,,,,
16895,17:35:00,,,,,,,,,,,,,,,,,,,,,,,,,
16896,17:36:00,,,,,,,,,,,,,,,,,,,,,,,,,
16897,17:37:00,,,,,,,,,,,,,,,,,,,,,,,,,
16898,17:38:00,,,,,,,,,,,,,,,,,,,,,,,,,
16899,17:39:00,,,,,,,,,,,,,,,,,,,,,,,,,
16900,17:40:00,,,,,,,,,,,,,,,,,,,,,,,,,
16901,17:41:00,,,,,,,,,,,,,,,,,,,,,,,,,
16902,17:42:00,,,,,,,,,,,,,,,,,,,,,,,,,
16903,17:43:00,,,,,,,,,,,,,,,,,,,,,,,,,
16904,17:44:00,,,,,,,,,,,,,,,,,,,,,,,,,
16905,17:45:00,,,,,,,,,,,,,,,,,,,,,,,,,
16906,17:46:00,,,,,,,,,,,,,,,,,,,,,,,,,
16907,17:47:00,,,,,,,,,,,,,,,,,,,,,,,,,
16908,17:48:00,,,,,,,,,,,,,,,,,,,,,,,,,
16909,17:49:00,,,,,,,,,,,,,,,,,,,,,,,,,
16910,17:50:00,,,,,,,,,,,,,,,,,,,,,,,,,
16911,17:51:00,,,,,,,,,,,,,,,,,,,,,,,,,
16912,17:52:00,,,,,,,,,,,,,,,,,,,,,,,,,
16913,17:53:00,,,,,,,,,,,,,,,,,,,,,,,,,
16914,17:54:00,,,,,,,,,,,,,,,,,,,,,,,,,
16915,17:55:00,,,,,,,,,,,,,,,,,,,,,,,,,
16916,17:56:00,,,,,,,,,,,,,,,,,,,,,,,,,
16917,17:57:00,,,,,,,,,,,,,,,,,,,,,,,,,
16918,17:58:00,,,,,,,,,,,,,,,,,,,,,,,,,
16919,17:59:00,,,,,,,,,,,,,,,,,,,,,,,,,
16920,18:00:00,,,,,,,,,,,,,,,,,,,,,,,,,
16921,18:01:00,,,,,,,,,,,,,,,,,,,,,,,,,
16922,18:02:00,,,,,,,,,,,,,,,,,,,,,,,,,
16923,18:03:00,,,,,,,,,,,,,,,,,,,,,,,,,
16924,18:04:00,,,,,,,,,,,,,,,,,,,,,,,,,
16925,18:05:00,,,,,,,,,,,,,,,,,,,,,,,,,
16926,18:06:00,,,,,,,,,,,,,,,,,,,,,,,,,
16927,18:07:00,,,,,,,,,,,,,,,,,,,,,,,,,
16928,18:08:00,,,,,,,,,,,,,,,,,,,,,,,,,
16929,18:09:00,,,,,,,,,,,,,,,,,,,,,,,,,
16930,18:10:00,,,,,,,,,,,,,,,,,,,,,,,,,
16931,18:11:00,,,,,,,,,,,,,,,,,,,,,,,,,
16932,18:12:00,,,,,,,,,,,,,,,,,,,,,,,,,
16933,18:13:00,,,,,,,,,,,,,,,,,,,,,,,,,
16934,18:14:00,,,,,,,,,,,,,,,,,,,,,,,,,
16935,18:15:00,,,,,,,,,,,,,,,,,,,,,,,,,
16936,18:16:00,,,,,,,,,,,,,,,,,,,,,,,,,
16937,18:17:00,,,,,,,,,,,,,,,,,,,,,,,,,
16938,18:18:00,,,,,,,,,,,,,,,,,,,,,,,,,
16939,18:19:00,,,,,,,,,,,,,,,,,,,,,,,,,
16940,18:20:00,,,,,,,,,,,,,,,,,,,,,,,,,
16941,18:21:00,,,,,,,,,,,,,,,,,,,,,,,,,
16942,18:22:00,,,,,,,,,,,,,,,,,,,,,,,,,
16943,18:23:00,,,,,,,,,,,,,,,,,,,,,,,,,
16944,18:24:00,,,,,,,,,,,,,,,,,,,,,,,,,
16945,18:25:00,,,,,,,,,,,,,,,,,,,,,,,,,
16946,18:26:00,,,,,,,,,,,,,,,,,,,,,,,,,
16947,18:27:00,,,,,,,,,,,,,,,,,,,,,,,,,
16948,18:28:00,,,,,,,,,,,,,,,,,,,,,,,,,
16949,18:29:00,,,,,,,,,,,,,,,,,,,,,,,,,
16950,18:30:00,,,,,,,,,,,,,,,,,,,,,,,,,
16951,18:31:00,,,,,,,,,,,,,,,,,,,,,,,,,
16952,18:32:00,,,,,,,,,,,,,,,,,,,,,,,,,
16953,18:33:00,,,,,,,,,,,,,,,,,,,,,,,,,
16954,18:34:00,,,,,,,,,,,,,,,,,,,,,,,,,
16955,18:35:00,,,,,,,,,,,,,,,,,,,,,,,,,
16956,18:36:00,,,,,,,,,,,,,,,,,,,,,,,,,
16957,18:37:00,,,,,,,,,,,,,,,,,,,,,,,,,
16958,18:38:00,,,,,,,,,,,,,,,,,,,,,,,,,
16959,18:39:00,,,,,,,,,,,,,,,,,,,,,,,,,
16960,18:40:00,,,,,,,,,,,,,,,,,,,,,,,,,
16961,18:41:00,,,,,,,,,,,,,,,,,,,,,,,,,
16962,18:42:00,,,,,,,,,,,,,,,,,,,,,,,,,
16963,18:43:00,,,,,,,,,,,,,,,,,,,,,,,,,
16964,18:44:00,,,,,,,,,,,,,,,,,,,,,,,,,
16965,18:45:00,,,,,,,,,,,,,,,,,,,,,,,,,
16966,18:46:00,,,,,,,,,,,,,,,,,,,,,,,,,
16967,18:47:00,,,,,,,,,,,,,,,,,,,,,,,,,
16968,18:48:00,,,,,,,,,,,,,,,,,,,,,,,,,
16969,18:49:00,,,,,,,,,,,,,,,,,,,,,,,,,
16970,18:50:00,,,,,,,,,,,,,,,,,,,,,,,,,
16971,18:51:00,,,,,,,,,,,,,,,,,,,,,,,,,
16972,18:52:00,,,,,,,,,,,,,,,,,,,,,,,,,
16973,18:53:00,,,,,,,,,,,,,,,,,,,,,,,,,
16974,18:54:00,,,,,,,,,,,,,,,,,,,,,,,,,
16975,18:55:00,,,,,,,,,,,,,,,,,,,,,,,,,
16976,18:56:00,,,,,,,,,,,,,,,,,,,,,,,,,
16977,18:57:00,,,,,,,,,,,,,,,,,,,,,,,,,
16978,18:58:00,,,,,,,,,,,,,,,,,,,,,,,,,
16979,18:59:00,,,,,,,,,,,,,,,,,,,,,,,,,
16980,19:00:00,,,,,,,,,,,,,,,,,,,,,,,,,
16981,19:01:00,,,,,,,,,,,,,,,,,,,,,,,,,
16982,19:02:00,,,,,,,,,,,,,,,,,,,,,,,,,
16983,19:03:00,,,,,,,,,,,,,,,,,,,,,,,,,
16984,19:04:00,,,,,,,,,,,,,,,,,,,,,,,,,
16985,19:05:00,,,,,,,,,,,,,,,,,,,,,,,,,
16986,19:06:00,,,,,,,,,,,,,,,,,,,,,,,,,
16987,19:07:00,,,,,,,,,,,,,,,,,,,,,,,,,
16988,19:08:00,,,,,,,,,,,,,,,,,,,,,,,,,
16989,19:09:00,,,,,,,,,,,,,,,,,,,,,,,,,
16990,19:10:00,,,,,,,,,,,,,,,,,,,,,,,,,
16991,19:11:00,,,,,,,,,,,,,,,,,,,,,,,,,
16992,19:12:00,,,,,,,,,,,,,,,,,,,,,,,,,
16993,19:13:00,,,,,,,,,,,,,,,,,,,,,,,,,
16994,19:14:00,,,,,,,,,,,,,,,,,,,,,,,,,
16995,19:15:00,,,,,,,,,,,,,,,,,,,,,,,,,
16996,19:16:00,,,,,,,,,,,,,,,,,,,,,,,,,
16997,19:17:00,,,,,,,,,,,,,,,,,,,,,,,,,
16998,19:18:00,,,,,,,,,,,,,,,,,,,,,,,,,
16999,19:19:00,,,,,,,,,,,,,,,,,,,,,,,,,
17000,19:20:00,,,,,,,,,,,,,,,,,,,,,,,,,
17001,19:21:00,,,,,,,,,,,,,,,,,,,,,,,,,
17002,19:22:00,,,,,,,,,,,,,,,,,,,,,,,,,
17003,19:23:00,,,,,,,,,,,,,,,,,,,,,,,,,
17004,19:24:00,,,,,,,,,,,,,,,,,,,,,,,,,
17005,19:25:00,,,,,,,,,,,,,,,,,,,,,,,,,
17006,19:26:00,,,,,,,,,,,,,,,,,,,,,,,,,
17007,19:27:00,,,,,,,,,,,,,,,,,,,,,,,,,
17008,19:28:00,,,,,,,,,,,,,,,,,,,,,,,,,
17009,19:29:00,,,,,,,,,,,,,,,,,,,,,,,,,
17010,19:30:00,,,,,,,,,,,,,,,,,,,,,,,,,
17011,19:31:00,,,,,,,,,,,,,,,,,,,,,,,,,
17012,19:32:00,,,,,,,,,,,,,,,,,,,,,,,,,
17013,19:33:00,,,,,,,,,,,,,,,,,,,,,,,,,
17014,19:34:00,,,,,,,,,,,,,,,,,,,,,,,,,
17015,19:35:00,,,,,,,,,,,,,,,,,,,,,,,,,
17016,19:36:00,,,,,,,,,,,,,,,,,,,,,,,,,
17017,19:37:00,,,,,,,,,,,,,,,,,,,,,,,,,
17018,19:38:00,,,,,,,,,,,,,,,,,,,,,,,,,
17019,19:39:00,,,,,,,,,,,,,,,,,,,,,,,,,
17020,19:40:00,,,,,,,,,,,,,,,,,,,,,,,,,
17021,19:41:00,,,,,,,,,,,,,,,,,,,,,,,,,
17022,19:42:00,,,,,,,,,,,,,,,,,,,,,,,,,
17023,19:43:00,,,,,,,,,,,,,,,,,,,,,,,,,
17024,19:44:00,,,,,,,,,,,,,,,,,,,,,,,,,
17025,19:45:00,,,,,,,,,,,,,,,,,,,,,,,,,
17026,19:46:00,,,,,,,,,,,,,,,,,,,,,,,,,
17027,19:47:00,,,,,,,,,,,,,,,,,,,,,,,,,
17028,19:48:00,,,,,,,,,,,,,,,,,,,,,,,,,
17029,19:49:00,,,,,,,,,,,,,,,,,,,,,,,,,
17030,19:50:00,,,,,,,,,,,,,,,,,,,,,,,,,
17031,19:51:00,,,,,,,,,,,,,,,,,,,,,,,,,
17032,19:52:00,,,,,,,,,,,,,,,,,,,,,,,,,
17033,19:53:00,,,,,,,,,,,,,,,,,,,,,,,,,
17034,19:54:00,,,,,,,,,,,,,,,,,,,,,,,,,
17035,19:55:00,,,,,,,,,,,,,,,,,,,,,,,,,
17036,19:56:00,,,,,,,,,,,,,,,,,,,,,,,,,
17037,19:57:00,,,,,,,,,,,,,,,,,,,,,,,,,
17038,19:58:00,,,,,,,,,,,,,,,,,,,,,,,,,
17039,19:59:00,,,,,,,,,,,,,,,,,,,,,,,,,
17040,20:00:00,,,,,,,,,,,,,,,,,,,,,,,,,
17041,20:01:00,,,,,,,,,,,,,,,,,,,,,,,,,
17042,20:02:00,,,,,,,,,,,,,,,,,,,,,,,,,
17043,20:03:00,,,,,,,,,,,,,,,,,,,,,,,,,
17044,20:04:00,,,,,,,,,,,,,,,,,,,,,,,,,
17045,20:05:00,,,,,,,,,,,,,,,,,,,,,,,,,
17046,20:06:00,,,,,,,,,,,,,,,,,,,,,,,,,
17047,20:07:00,,,,,,,,,,,,,,,,,,,,,,,,,
17048,20:08:00,,,,,,,,,,,,,,,,,,,,,,,,,
17049,20:09:00,,,,,,,,,,,,,,,,,,,,,,,,,
17050,20:10:00,,,,,,,,,,,,,,,,,,,,,,,,,
17051,20:11:00,,,,,,,,,,,,,,,,,,,,,,,,,
17052,20:12:00,,,,,,,,,,,,,,,,,,,,,,,,,
17053,20:13:00,,,,,,,,,,,,,,,,,,,,,,,,,
17054,20:14:00,,,,,,,,,,,,,,,,,,,,,,,,,
17055,20:15:00,,,,,,,,,,,,,,,,,,,,,,,,,
17056,20:16:00,,,,,,,,,,,,,,,,,,,,,,,,,
17057,20:17:00,,,,,,,,,,,,,,,,,,,,,,,,,
17058,20:18:00,,,,,,,,,,,,,,,,,,,,,,,,,
17059,20:19:00,,,,,,,,,,,,,,,,,,,,,,,,,
17060,20:20:00,,,,,,,,,,,,,,,,,,,,,,,,,
17061,20:21:00,,,,,,,,,,,,,,,,,,,,,,,,,
17062,20:22:00,,,,,,,,,,,,,,,,,,,,,,,,,
17063,20:23:00,,,,,,,,,,,,,,,,,,,,,,,,,
17064,20:24:00,,,,,,,,,,,,,,,,,,,,,,,,,
17065,20:25:00,,,,,,,,,,,,,,,,,,,,,,,,,
17066,20:26:00,,,,,,,,,,,,,,,,,,,,,,,,,
17067,20:27:00,,,,,,,,,,,,,,,,,,,,,,,,,
17068,20:28:00,,,,,,,,,,,,,,,,,,,,,,,,,
17069,20:29:00,,,,,,,,,,,,,,,,,,,,,,,,,
17070,20:30:00,,,,,,,,,,,,,,,,,,,,,,,,,
17071,20:31:00,,,,,,,,,,,,,,,,,,,,,,,,,
17072,20:32:00,,,,,,,,,,,,,,,,,,,,,,,,,
17073,20:33:00,,,,,,,,,,,,,,,,,,,,,,,,,
17074,20:34:00,,,,,,,,,,,,,,,,,,,,,,,,,
17075,20:35:00,,,,,,,,,,,,,,,,,,,,,,,,,
17076,20:36:00,,,,,,,,,,,,,,,,,,,,,,,,,
17077,20:37:00,,,,,,,,,,,,,,,,,,,,,,,,,
17078,20:38:00,,,,,,,,,,,,,,,,,,,,,,,,,
17079,20:39:00,,,,,,,,,,,,,,,,,,,,,,,,,
17080,20:40:00,,,,,,,,,,,,,,,,,,,,,,,,,
17081,20:41:00,,,,,,,,,,,,,,,,,,,,,,,,,
17082,20:42:00,,,,,,,,,,,,,,,,,,,,,,,,,
17083,20:43:00,,,,,,,,,,,,,,,,,,,,,,,,,
17084,20:44:00,,,,,,,,,,,,,,,,,,,,,,,,,
17085,20:45:00,,,,,,,,,,,,,,,,,,,,,,,,,
17086,20:46:00,,,,,,,,,,,,,,,,,,,,,,,,,
17087,20:47:00,,,,,,,,,,,,,,,,,,,,,,,,,
17088,20:48:00,,,,,,,,,,,,,,,,,,,,,,,,,
17089,20:49:00,,,,,,,,,,,,,,,,,,,,,,,,,
17090,20:50:00,,,,,,,,,,,,,,,,,,,,,,,,,
17091,20:51:00,,,,,,,,,,,,,,,,,,,,,,,,,
17092,20:52:00,,,,,,,,,,,,,,,,,,,,,,,,,
17093,20:53:00,,,,,,,,,,,,,,,,,,,,,,,,,
17094,20:54:00,,,,,,,,,,,,,,,,,,,,,,,,,
17095,20:55:00,,,,,,,,,,,,,,,,,,,,,,,,,
17096,20:56:00,,,,,,,,,,,,,,,,,,,,,,,,,
17097,20:57:00,,,,,,,,,,,,,,,,,,,,,,,,,
17098,20:58:00,,,,,,,,,,,,,,,,,,,,,,,,,
17099,20:59:00,,,,,,,,,,,,,,,,,,,,,,,,,
17100,21:00:00,,,,,,,,,,,,,,,,,,,,,,,,,
17101,21:01:00,,,,,,,,,,,,,,,,,,,,,,,,,
17102,21:02:00,,,,,,,,,,,,,,,,,,,,,,,,,
17103,21:03:00,,,,,,,,,,,,,,,,,,,,,,,,,
17104,21:04:00,,,,,,,,,,,,,,,,,,,,,,,,,
17105,21:05:00,,,,,,,,,,,,,,,,,,,,,,,,,
17106,21:06:00,,,,,,,,,,,,,,,,,,,,,,,,,
17107,21:07:00,,,,,,,,,,,,,,,,,,,,,,,,,
17108,21:08:00,,,,,,,,,,,,,,,,,,,,,,,,,
17109,21:09:00,,,,,,,,,,,,,,,,,,,,,,,,,
17110,21:10:00,,,,,,,,,,,,,,,,,,,,,,,,,
17111,21:11:00,,,,,,,,,,,,,,,,,,,,,,,,,
17112,21:12:00,,,,,,,,,,,,,,,,,,,,,,,,,
17113,21:13:00,,,,,,,,,,,,,,,,,,,,,,,,,
17114,21:14:00,,,,,,,,,,,,,,,,,,,,,,,,,
17115,21:15:00,,,,,,,,,,,,,,,,,,,,,,,,,
17116,21:16:00,,,,,,,,,,,,,,,,,,,,,,,,,
17117,21:17:00,,,,,,,,,,,,,,,,,,,,,,,,,
17118,21:18:00,,,,,,,,,,,,,,,,,,,,,,,,,
17119,21:19:00,,,,,,,,,,,,,,,,,,,,,,,,,
17120,21:20:00,,,,,,,,,,,,,,,,,,,,,,,,,
17121,21:21:00,,,,,,,,,,,,,,,,,,,,,,,,,
17122,21:22:00,,,,,,,,,,,,,,,,,,,,,,,,,
17123,21:23:00,,,,,,,,,,,,,,,,,,,,,,,,,
17124,21:24:00,,,,,,,,,,,,,,,,,,,,,,,,,
17125,21:25:00,,,,,,,,,,,,,,,,,,,,,,,,,
17126,21:26:00,,,,,,,,,,,,,,,,,,,,,,,,,
17127,21:27:00,,,,,,,,,,,,,,,,,,,,,,,,,
17128,21:28:00,,,,,,,,,,,,,,,,,,,,,,,,,
17129,21:29:00,,,,,,,,,,,,,,,,,,,,,,,,,
17130,21:30:00,,,,,,,,,,,,,,,,,,,,,,,,,
17131,21:31:00,,,,,,,,,,,,,,,,,,,,,,,,,
17132,21:32:00,,,,,,,,,,,,,,,,,,,,,,,,,
17133,21:33:00,,,,,,,,,,,,,,,,,,,,,,,,,
17134,21:34:00,,,,,,,,,,,,,,,,,,,,,,,,,
17135,21:35:00,,,,,,,,,,,,,,,,,,,,,,,,,
17136,21:36:00,,,,,,,,,,,,,,,,,,,,,,,,,
17137,21:37:00,,,,,,,,,,,,,,,,,,,,,,,,,
17138,21:38:00,,,,,,,,,,,,,,,,,,,,,,,,,
17139,21:39:00,,,,,,,,,,,,,,,,,,,,,,,,,
17140,21:40:00,,,,,,,,,,,,,,,,,,,,,,,,,
17141,21:41:00,,,,,,,,,,,,,,,,,,,,,,,,,
17142,21:42:00,,,,,,,,,,,,,,,,,,,,,,,,,
17143,21:43:00,,,,,,,,,,,,,,,,,,,,,,,,,
17144,21:44:00,,,,,,,,,,,,,,,,,,,,,,,,,
17145,21:45:00,,,,,,,,,,,,,,,,,,,,,,,,,
17146,21:46:00,,,,,,,,,,,,,,,,,,,,,,,,,
17147,21:47:00,,,,,,,,,,,,,,,,,,,,,,,,,
17148,21:48:00,,,,,,,,,,,,,,,,,,,,,,,,,
17149,21:49:00,,,,,,,,,,,,,,,,,,,,,,,,,
17150,21:50:00,,,,,,,,,,,,,,,,,,,,,,,,,
17151,21:51:00,,,,,,,,,,,,,,,,,,,,,,,,,
17152,21:52:00,,,,,,,,,,,,,,,,,,,,,,,,,
17153,21:53:00,,,,,,,,,,,,,,,,,,,,,,,,,
17154,21:54:00,,,,,,,,,,,,,,,,,,,,,,,,,
17155,21:55:00,,,,,,,,,,,,,,,,,,,,,,,,,
17156,21:56:00,,,,,,,,,,,,,,,,,,,,,,,,,
17157,21:57:00,,,,,,,,,,,,,,,,,,,,,,,,,
17158,21:58:00,,,,,,,,,,,,,,,,,,,,,,,,,
17159,21:59:00,,,,,,,,,,,,,,,,,,,,,,,,,
17160,22:00:00,,,,,,,,,,,,,,,,,,,,,,,,,
17161,22:01:00,,,,,,,,,,,,,,,,,,,,,,,,,
17162,22:02:00,,,,,,,,,,,,,,,,,,,,,,,,,
17163,22:03:00,,,,,,,,,,,,,,,,,,,,,,,,,
17164,22:04:00,,,,,,,,,,,,,,,,,,,,,,,,,
17165,22:05:00,,,,,,,,,,,,,,,,,,,,,,,,,
17166,22:06:00,,,,,,,,,,,,,,,,,,,,,,,,,
17167,22:07:00,,,,,,,,,,,,,,,,,,,,,,,,,
17168,22:08:00,,,,,,,,,,,,,,,,,,,,,,,,,
17169,22:09:00,,,,,,,,,,,,,,,,,,,,,,,,,
17170,22:10:00,,,,,,,,,,,,,,,,,,,,,,,,,
17171,22:11:00,,,,,,,,,,,,,,,,,,,,,,,,,
17172,22:12:00,,,,,,,,,,,,,,,,,,,,,,,,,
17173,22:13:00,,,,,,,,,,,,,,,,,,,,,,,,,
17174,22:14:00,,,,,,,,,,,,,,,,,,,,,,,,,
17175,22:15:00,,,,,,,,,,,,,,,,,,,,,,,,,
17176,22:16:00,,,,,,,,,,,,,,,,,,,,,,,,,
17177,22:17:00,,,,,,,,,,,,,,,,,,,,,,,,,
17178,22:18:00,,,,,,,,,,,,,,,,,,,,,,,,,
17179,22:19:00,,,,,,,,,,,,,,,,,,,,,,,,,
17180,22:20:00,,,,,,,,,,,,,,,,,,,,,,,,,
17181,22:21:00,,,,,,,,,,,,,,,,,,,,,,,,,
17182,22:22:00,,,,,,,,,,,,,,,,,,,,,,,,,
17183,22:23:00,,,,,,,,,,,,,,,,,,,,,,,,,
17184,22:24:00,,,,,,,,,,,,,,,,,,,,,,,,,
17185,22:25:00,,,,,,,,,,,,,,,,,,,,,,,,,
17186,22:26:00,,,,,,,,,,,,,,,,,,,,,,,,,
17187,22:27:00,,,,,,,,,,,,,,,,,,,,,,,,,
17188,22:28:00,,,,,,,,,,,,,,,,,,,,,,,,,
17189,22:29:00,,,,,,,,,,,,,,,,,,,,,,,,,
17190,22:30:00,,,,,,,,,,,,,,,,,,,,,,,,,
17191,22:31:00,,,,,,,,,,,,,,,,,,,,,,,,,
17192,22:32:00,,,,,,,,,,,,,,,,,,,,,,,,,
17193,22:33:00,,,,,,,,,,,,,,,,,,,,,,,,,
17194,22:34:00,,,,,,,,,,,,,,,,,,,,,,,,,
17195,22:35:00,,,,,,,,,,,,,,,,,,,,,,,,,
17196,22:36:00,,,,,,,,,,,,,,,,,,,,,,,,,
17197,22:37:00,,,,,,,,,,,,,,,,,,,,,,,,,
17198,22:38:00,,,,,,,,,,,,,,,,,,,,,,,,,
17199,22:39:00,,,,,,,,,,,,,,,,,,,,,,,,,
17200,22:40:00,,,,,,,,,,,,,,,,,,,,,,,,,
17201,22:41:00,,,,,,,,,,,,,,,,,,,,,,,,,
17202,22:42:00,,,,,,,,,,,,,,,,,,,,,,,,,
17203,22:43:00,,,,,,,,,,,,,,,,,,,,,,,,,
17204,22:44:00,,,,,,,,,,,,,,,,,,,,,,,,,
17205,22:45:00,,,,,,,,,,,,,,,,,,,,,,,,,
17206,22:46:00,,,,,,,,,,,,,,,,,,,,,,,,,
17207,22:47:00,,,,,,,,,,,,,,,,,,,,,,,,,
17208,22:48:00,,,,,,,,,,,,,,,,,,,,,,,,,
17209,22:49:00,,,,,,,,,,,,,,,,,,,,,,,,,
17210,22:50:00,,,,,,,,,,,,,,,,,,,,,,,,,
17211,22:51:00,,,,,,,,,,,,,,,,,,,,,,,,,
17212,22:52:00,,,,,,,,,,,,,,,,,,,,,,,,,
17213,22:53:00,,,,,,,,,,,,,,,,,,,,,,,,,
17214,22:54:00,,,,,,,,,,,,,,,,,,,,,,,,,
17215,22:55:00,,,,,,,,,,,,,,,,,,,,,,,,,
17216,22:56:00,,,,,,,,,,,,,,,,,,,,,,,,,
17217,22:57:00,,,,,,,,,,,,,,,,,,,,,,,,,
17218,22:58:00,,,,,,,,,,,,,,,,,,,,,,,,,
17219,22:59:00,,,,,,,,,,,,,,,,,,,,,,,,,
17220,23:00:00,,,,,,,,,,,,,,,,,,,,,,,,,
17221,23:01:00,,,,,,,,,,,,,,,,,,,,,,,,,
17222,23:02:00,,,,,,,,,,,,,,,,,,,,,,,,,
17223,23:03:00,,,,,,,,,,,,,,,,,,,,,,,,,
17224,23:04:00,,,,,,,,,,,,,,,,,,,,,,,,,
17225,23:05:00,,,,,,,,,,,,,,,,,,,,,,,,,
17226,23:06:00,,,,,,,,,,,,,,,,,,,,,,,,,
17227,23:07:00,,,,,,,,,,,,,,,,,,,,,,,,,
17228,23:08:00,,,,,,,,,,,,,,,,,,,,,,,,,
17229,23:09:00,,,,,,,,,,,,,,,,,,,,,,,,,
17230,23:10:00,,,,,,,,,,,,,,,,,,,,,,,,,
17231,23:11:00,,,,,,,,,,,,,,,,,,,,,,,,,
17232,23:12:00,,,,,,,,,,,,,,,,,,,,,,,,,
17233,23:13:00,,,,,,,,,,,,,,,,,,,,,,,,,
17234,23:14:00,,,,,,,,,,,,,,,,,,,,,,,,,
17235,23:15:00,,,,,,,,,,,,,,,,,,,,,,,,,
17236,23:16:00,,,,,,,,,,,,,,,,,,,,,,,,,
17237,23:17:00,,,,,,,,,,,,,,,,,,,,,,,,,
17238,23:18:00,,,,,,,,,,,,,,,,,,,,,,,,,
17239,23:19:00,,,,,,,,,,,,,,,,,,,,,,,,,
17240,23:20:00,,,,,,,,,,,,,,,,,,,,,,,,,
17241,23:21:00,,,,,,,,,,,,,,,,,,,,,,,,,
17242,23:22:00,,,,,,,,,,,,,,,,,,,,,,,,,
17243,23:23:00,,,,,,,,,,,,,,,,,,,,,,,,,
17244,23:24:00,,,,,,,,,,,,,,,,,,,,,,,,,
17245,23:25:00,,,,,,,,,,,,,,,,,,,,,,,,,
17246,23:26:00,,,,,,,,,,,,,,,,,,,,,,,,,
17247,23:27:00,,,,,,,,,,,,,,,,,,,,,,,,,
17248,23:28:00,,,,,,,,,,,,,,,,,,,,,,,,,
17249,23:29:00,,,,,,,,,,,,,,,,,,,,,,,,,
17250,23:30:00,,,,,,,,,,,,,,,,,,,,,,,,,
17251,23:31:00,,,,,,,,,,,,,,,,,,,,,,,,,
17252,23:32:00,,,,,,,,,,,,,,,,,,,,,,,,,
17253,23:33:00,,,,,,,,,,,,,,,,,,,,,,,,,
17254,23:34:00,,,,,,,,,,,,,,,,,,,,,,,,,
17255,23:35:00,,,,,,,,,,,,,,,,,,,,,,,,,
17256,23:36:00,,,,,,,,,,,,,,,,,,,,,,,,,
17257,23:37:00,,,,,,,,,,,,,,,,,,,,,,,,,
17258,23:38:00,,,,,,,,,,,,,,,,,,,,,,,,,
17259,23:39:00,,,,,,,,,,,,,,,,,,,,,,,,,
17260,23:40:00,,,,,,,,,,,,,,,,,,,,,,,,,
17261,23:41:00,,,,,,,,,,,,,,,,,,,,,,,,,
17262,23:42:00,,,,,,,,,,,,,,,,,,,,,,,,,
17263,23:43:00,,,,,,,,,,,,,,,,,,,,,,,,,
17264,23:44:00,,,,,,,,,,,,,,,,,,,,,,,,,
17265,23:45:00,,,,,,,,,,,,,,,,,,,,,,,,,
17266,23:46:00,,,,,,,,,,,,,,,,,,,,,,,,,
17267,23:47:00,,,,,,,,,,,,,,,,,,,,,,,,,
17268,23:48:00,,,,,,,,,,,,,,,,,,,,,,,,,
17269,23:49:00,,,,,,,,,,,,,,,,,,,,,,,,,
17270,23:50:00,,,,,,,,,,,,,,,,,,,,,,,,,
17271,23:51:00,,,,,,,,,,,,,,,,,,,,,,,,,
17272,23:52:00,,,,,,,,,,,,,,,,,,,,,,,,,
17273,23:53:00,,,,,,,,,,,,,,,,,,,,,,,,,
17274,23:54:00,,,,,,,,,,,,,,,,,,,,,,,,,
17275,23:55:00,,,,,,,,,,,,,,,,,,,,,,,,,
17276,23:56:00,,,,,,,,,,,,,,,,,,,,,,,,,
17277,23:57:00,,,,,,,,,,,,,,,,,,,,,,,,,
17278,23:58:00,,,,,,,,,,,,,,,,,,,,,,,,,
17279,23:59:00,,,,,,,,,,,,,,,,,,,,,,,,,
17280,00:00:00,,,,,,,,,,,,,,,,,,,,,,,,,
17281,00:01:00,,,,,,,,,,,,,,,,,,,,,,,,,
17282,00:02:00,,,,,,,,,,,,,,,,,,,,,,,,,
17283,00:03:00,,,,,,,,,,,,,,,,,,,,,,,,,
17284,00:04:00,,,,,,,,,,,,,,,,,,,,,,,,,
17285,00:05:00,,,,,,,,,,,,,,,,,,,,,,,,,
17286,00:06:00,,,,,,,,,,,,,,,,,,,,,,,,,
17287,00:07:00,,,,,,,,,,,,,,,,,,,,,,,,,
17288,00:08:00,,,,,,,,,,,,,,,,,,,,,,,,,
17289,00:09:00,,,,,,,,,,,,,,,,,,,,,,,,,
17290,00:10:00,,,,,,,,,,,,,,,,,,,,,,,,,
17291,00:11:00,,,,,,,,,,,,,,,,,,,,,,,,,
17292,00:12:00,,,,,,,,,,,,,,,,,,,,,,,,,
17293,00:13:00,,,,,,,,,,,,,,,,,,,,,,,,,
17294,00:14:00,,,,,,,,,,,,,,,,,,,,,,,,,
17295,00:15:00,,,,,,,,,,,,,,,,,,,,,,,,,
17296,00:16:00,,,,,,,,,,,,,,,,,,,,,,,,,
17297,00:17:00,,,,,,,,,,,,,,,,,,,,,,,,,
17298,00:18:00,,,,,,,,,,,,,,,,,,,,,,,,,
17299,00:19:00,,,,,,,,,,,,,,,,,,,,,,,,,
17300,00:20:00,,,,,,,,,,,,,,,,,,,,,,,,,
17301,00:21:00,,,,,,,,,,,,,,,,,,,,,,,,,
17302,00:22:00,,,,,,,,,,,,,,,,,,,,,,,,,
17303,00:23:00,,,,,,,,,,,,,,,,,,,,,,,,,
17304,00:24:00,,,,,,,,,,,,,,,,,,,,,,,,,
17305,00:25:00,,,,,,,,,,,,,,,,,,,,,,,,,
17306,00:26:00,,,,,,,,,,,,,,,,,,,,,,,,,
17307,00:27:00,,,,,,,,,,,,,,,,,,,,,,,,,
17308,00:28:00,,,,,,,,,,,,,,,,,,,,,,,,,
17309,00:29:00,,,,,,,,,,,,,,,,,,,,,,,,,
17310,00:30:00,,,,,,,,,,,,,,,,,,,,,,,,,
17311,00:31:00,,,,,,,,,,,,,,,,,,,,,,,,,
17312,00:32:00,,,,,,,,,,,,,,,,,,,,,,,,,
17313,00:33:00,,,,,,,,,,,,,,,,,,,,,,,,,
17314,00:34:00,,,,,,,,,,,,,,,,,,,,,,,,,
17315,00:35:00,,,,,,,,,,,,,,,,,,,,,,,,,
17316,00:36:00,,,,,,,,,,,,,,,,,,,,,,,,,
17317,00:37:00,,,,,,,,,,,,,,,,,,,,,,,,,
17318,00:38:00,,,,,,,,,,,,,,,,,,,,,,,,,
17319,00:39:00,,,,,,,,,,,,,,,,,,,,,,,,,
17320,00:40:00,,,,,,,,,,,,,,,,,,,,,,,,,
17321,00:41:00,,,,,,,,,,,,,,,,,,,,,,,,,
17322,00:42:00,,,,,,,,,,,,,,,,,,,,,,,,,
17323,00:43:00,,,,,,,,,,,,,,,,,,,,,,,,,
17324,00:44:00,,,,,,,,,,,,,,,,,,,,,,,,,
17325,00:45:00,,,,,,,,,,,,,,,,,,,,,,,,,
17326,00:46:00,,,,,,,,,,,,,,,,,,,,,,,,,
17327,00:47:00,,,,,,,,,,,,,,,,,,,,,,,,,
17328,00:48:00,,,,,,,,,,,,,,,,,,,,,,,,,
17329,00:49:00,,,,,,,,,,,,,,,,,,,,,,,,,
17330,00:50:00,,,,,,,,,,,,,,,,,,,,,,,,,
17331,00:51:00,,,,,,,,,,,,,,,,,,,,,,,,,
17332,00:52:00,,,,,,,,,,,,,,,,,,,,,,,,,
17333,00:53:00,,,,,,,,,,,,,,,,,,,,,,,,,
17334,00:54:00,,,,,,,,,,,,,,,,,,,,,,,,,
17335,00:55:00,,,,,,,,,,,,,,,,,,,,,,,,,
17336,00:56:00,,,,,,,,,,,,,,,,,,,,,,,,,
17337,00:57:00,,,,,,,,,,,,,,,,,,,,,,,,,
17338,00:58:00,,,,,,,,,,,,,,,,,,,,,,,,,
17339,00:59:00,,,,,,,,,,,,,,,,,,,,,,,,,
17340,01:00:00,,,,,,,,,,,,,,,,,,,,,,,,,
17341,01:01:00,,,,,,,,,,,,,,,,,,,,,,,,,
17342,01:02:00,,,,,,,,,,,,,,,,,,,,,,,,,
17343,01:03:00,,,,,,,,,,,,,,,,,,,,,,,,,
17344,01:04:00,,,,,,,,,,,,,,,,,,,,,,,,,
17345,01:05:00,,,,,,,,,,,,,,,,,,,,,,,,,
17346,01:06:00,,,,,,,,,,,,,,,,,,,,,,,,,
17347,01:07:00,,,,,,,,,,,,,,,,,,,,,,,,,
17348,01:08:00,,,,,,,,,,,,,,,,,,,,,,,,,
17349,01:09:00,,,,,,,,,,,,,,,,,,,,,,,,,
17350,01:10:00,,,,,,,,,,,,,,,,,,,,,,,,,
17351,01:11:00,,,,,,,,,,,,,,,,,,,,,,,,,
17352,01:12:00,,,,,,,,,,,,,,,,,,,,,,,,,
17353,01:13:00,,,,,,,,,,,,,,,,,,,,,,,,,
17354,01:14:00,,,,,,,,,,,,,,,,,,,,,,,,,
17355,01:15:00,,,,,,,,,,,,,,,,,,,,,,,,,
17356,01:16:00,,,,,,,,,,,,,,,,,,,,,,,,,
17357,01:17:00,,,,,,,,,,,,,,,,,,,,,,,,,
17358,01:18:00,,,,,,,,,,,,,,,,,,,,,,,,,
17359,01:19:00,,,,,,,,,,,,,,,,,,,,,,,,,
17360,01:20:00,,,,,,,,,,,,,,,,,,,,,,,,,
17361,01:21:00,,,,,,,,,,,,,,,,,,,,,,,,,
17362,01:22:00,,,,,,,,,,,,,,,,,,,,,,,,,
17363,01:23:00,,,,,,,,,,,,,,,,,,,,,,,,,
17364,01:24:00,,,,,,,,,,,,,,,,,,,,,,,,,
17365,01:25:00,,,,,,,,,,,,,,,,,,,,,,,,,
17366,01:26:00,,,,,,,,,,,,,,,,,,,,,,,,,
17367,01:27:00,,,,,,,,,,,,,,,,,,,,,,,,,
17368,01:28:00,,,,,,,,,,,,,,,,,,,,,,,,,
17369,01:29:00,,,,,,,,,,,,,,,,,,,,,,,,,
17370,01:30:00,,,,,,,,,,,,,,,,,,,,,,,,,
17371,01:31:00,,,,,,,,,,,,,,,,,,,,,,,,,
17372,01:32:00,,,,,,,,,,,,,,,,,,,,,,,,,
17373,01:33:00,,,,,,,,,,,,,,,,,,,,,,,,,
17374,01:34:00,,,,,,,,,,,,,,,,,,,,,,,,,
17375,01:35:00,,,,,,,,,,,,,,,,,,,,,,,,,
17376,01:36:00,,,,,,,,,,,,,,,,,,,,,,,,,
17377,01:37:00,,,,,,,,,,,,,,,,,,,,,,,,,
17378,01:38:00,,,,,,,,,,,,,,,,,,,,,,,,,
17379,01:39:00,,,,,,,,,,,,,,,,,,,,,,,,,
17380,01:40:00,,,,,,,,,,,,,,,,,,,,,,,,,
17381,01:41:00,,,,,,,,,,,,,,,,,,,,,,,,,
17382,01:42:00,,,,,,,,,,,,,,,,,,,,,,,,,
17383,01:43:00,,,,,,,,,,,,,,,,,,,,,,,,,
17384,01:44:00,,,,,,,,,,,,,,,,,,,,,,,,,
17385,01:45:00,,,,,,,,,,,,,,,,,,,,,,,,,
17386,01:46:00,,,,,,,,,,,,,,,,,,,,,,,,,
17387,01:47:00,,,,,,,,,,,,,,,,,,,,,,,,,
17388,01:48:00,,,,,,,,,,,,,,,,,,,,,,,,,
17389,01:49:00,,,,,,,,,,,,,,,,,,,,,,,,,
17390,01:50:00,,,,,,,,,,,,,,,,,,,,,,,,,
17391,01:51:00,,,,,,,,,,,,,,,,,,,,,,,,,
17392,01:52:00,,,,,,,,,,,,,,,,,,,,,,,,,
17393,01:53:00,,,,,,,,,,,,,,,,,,,,,,,,,
17394,01:54:00,,,,,,,,,,,,,,,,,,,,,,,,,
17395,01:55:00,,,,,,,,,,,,,,,,,,,,,,,,,
17396,01:56:00,,,,,,,,,,,,,,,,,,,,,,,,,
17397,01:57:00,,,,,,,,,,,,,,,,,,,,,,,,,
17398,01:58:00,,,,,,,,,,,,,,,,,,,,,,,,,
17399,01:59:00,,,,,,,,,,,,,,,,,,,,,,,,,
17400,02:00:00,,,,,,,,,,,,,,,,,,,,,,,,,
17401,02:01:00,,,,,,,,,,,,,,,,,,,,,,,,,
17402,02:02:00,,,,,,,,,,,,,,,,,,,,,,,,,
17403,02:03:00,,,,,,,,,,,,,,,,,,,,,,,,,
17404,02:04:00,,,,,,,,,,,,,,,,,,,,,,,,,
17405,02:05:00,,,,,,,,,,,,,,,,,,,,,,,,,
17406,02:06:00,,,,,,,,,,,,,,,,,,,,,,,,,
17407,02:07:00,,,,,,,,,,,,,,,,,,,,,,,,,
17408,02:08:00,,,,,,,,,,,,,,,,,,,,,,,,,
17409,02:09:00,,,,,,,,,,,,,,,,,,,,,,,,,
17410,02:10:00,,,,,,,,,,,,,,,,,,,,,,,,,
17411,02:11:00,,,,,,,,,,,,,,,,,,,,,,,,,
17412,02:12:00,,,,,,,,,,,,,,,,,,,,,,,,,
17413,02:13:00,,,,,,,,,,,,,,,,,,,,,,,,,
17414,02:14:00,,,,,,,,,,,,,,,,,,,,,,,,,
17415,02:15:00,,,,,,,,,,,,,,,,,,,,,,,,,
17416,02:16:00,,,,,,,,,,,,,,,,,,,,,,,,,
17417,02:17:00,,,,,,,,,,,,,,,,,,,,,,,,,
17418,02:18:00,,,,,,,,,,,,,,,,,,,,,,,,,
17419,02:19:00,,,,,,,,,,,,,,,,,,,,,,,,,
17420,02:20:00,,,,,,,,,,,,,,,,,,,,,,,,,
17421,02:21:00,,,,,,,,,,,,,,,,,,,,,,,,,
17422,02:22:00,,,,,,,,,,,,,,,,,,,,,,,,,
17423,02:23:00,,,,,,,,,,,,,,,,,,,,,,,,,
17424,02:24:00,,,,,,,,,,,,,,,,,,,,,,,,,
17425,02:25:00,,,,,,,,,,,,,,,,,,,,,,,,,
17426,02:26:00,,,,,,,,,,,,,,,,,,,,,,,,,
17427,02:27:00,,,,,,,,,,,,,,,,,,,,,,,,,
17428,02:28:00,,,,,,,,,,,,,,,,,,,,,,,,,
17429,02:29:00,,,,,,,,,,,,,,,,,,,,,,,,,
17430,02:30:00,,,,,,,,,,,,,,,,,,,,,,,,,
17431,02:31:00,,,,,,,,,,,,,,,,,,,,,,,,,
17432,02:32:00,,,,,,,,,,,,,,,,,,,,,,,,,
17433,02:33:00,,,,,,,,,,,,,,,,,,,,,,,,,
17434,02:34:00,,,,,,,,,,,,,,,,,,,,,,,,,
17435,02:35:00,,,,,,,,,,,,,,,,,,,,,,,,,
17436,02:36:00,,,,,,,,,,,,,,,,,,,,,,,,,
17437,02:37:00,,,,,,,,,,,,,,,,,,,,,,,,,
17438,02:38:00,,,,,,,,,,,,,,,,,,,,,,,,,
17439,02:39:00,,,,,,,,,,,,,,,,,,,,,,,,,
17440,02:40:00,,,,,,,,,,,,,,,,,,,,,,,,,
17441,02:41:00,,,,,,,,,,,,,,,,,,,,,,,,,
17442,02:42:00,,,,,,,,,,,,,,,,,,,,,,,,,
17443,02:43:00,,,,,,,,,,,,,,,,,,,,,,,,,
17444,02:44:00,,,,,,,,,,,,,,,,,,,,,,,,,
17445,02:45:00,,,,,,,,,,,,,,,,,,,,,,,,,
17446,02:46:00,,,,,,,,,,,,,,,,,,,,,,,,,
17447,02:47:00,,,,,,,,,,,,,,,,,,,,,,,,,
17448,02:48:00,,,,,,,,,,,,,,,,,,,,,,,,,
17449,02:49:00,,,,,,,,,,,,,,,,,,,,,,,,,
17450,02:50:00,,,,,,,,,,,,,,,,,,,,,,,,,
17451,02:51:00,,,,,,,,,,,,,,,,,,,,,,,,,
17452,02:52:00,,,,,,,,,,,,,,,,,,,,,,,,,
17453,02:53:00,,,,,,,,,,,,,,,,,,,,,,,,,
17454,02:54:00,,,,,,,,,,,,,,,,,,,,,,,,,
17455,02:55:00,,,,,,,,,,,,,,,,,,,,,,,,,
17456,02:56:00,,,,,,,,,,,,,,,,,,,,,,,,,
17457,02:57:00,,,,,,,,,,,,,,,,,,,,,,,,,
17458,02:58:00,,,,,,,,,,,,,,,,,,,,,,,,,
17459,02:59:00,,,,,,,,,,,,,,,,,,,,,,,,,
17460,03:00:00,,,,,,,,,,,,,,,,,,,,,,,,,
17461,03:01:00,,,,,,,,,,,,,,,,,,,,,,,,,
17462,03:02:00,,,,,,,,,,,,,,,,,,,,,,,,,
17463,03:03:00,,,,,,,,,,,,,,,,,,,,,,,,,
17464,03:04:00,,,,,,,,,,,,,,,,,,,,,,,,,
17465,03:05:00,,,,,,,,,,,,,,,,,,,,,,,,,
17466,03:06:00,,,,,,,,,,,,,,,,,,,,,,,,,
17467,03:07:00,,,,,,,,,,,,,,,,,,,,,,,,,
17468,03:08:00,,,,,,,,,,,,,,,,,,,,,,,,,
17469,03:09:00,,,,,,,,,,,,,,,,,,,,,,,,,
17470,03:10:00,,,,,,,,,,,,,,,,,,,,,,,,,
17471,03:11:00,,,,,,,,,,,,,,,,,,,,,,,,,
17472,03:12:00,,,,,,,,,,,,,,,,,,,,,,,,,
17473,03:13:00,,,,,,,,,,,,,,,,,,,,,,,,,
17474,03:14:00,,,,,,,,,,,,,,,,,,,,,,,,,
17475,03:15:00,,,,,,,,,,,,,,,,,,,,,,,,,
17476,03:16:00,,,,,,,,,,,,,,,,,,,,,,,,,
17477,03:17:00,,,,,,,,,,,,,,,,,,,,,,,,,
17478,03:18:00,,,,,,,,,,,,,,,,,,,,,,,,,
17479,03:19:00,,,,,,,,,,,,,,,,,,,,,,,,,
17480,03:20:00,,,,,,,,,,,,,,,,,,,,,,,,,
17481,03:21:00,,,,,,,,,,,,,,,,,,,,,,,,,
17482,03:22:00,,,,,,,,,,,,,,,,,,,,,,,,,
17483,03:23:00,,,,,,,,,,,,,,,,,,,,,,,,,
17484,03:24:00,,,,,,,,,,,,,,,,,,,,,,,,,
17485,03:25:00,,,,,,,,,,,,,,,,,,,,,,,,,
17486,03:26:00,,,,,,,,,,,,,,,,,,,,,,,,,
17487,03:27:00,,,,,,,,,,,,,,,,,,,,,,,,,
17488,03:28:00,,,,,,,,,,,,,,,,,,,,,,,,,
17489,03:29:00,,,,,,,,,,,,,,,,,,,,,,,,,
17490,03:30:00,,,,,,,,,,,,,,,,,,,,,,,,,
17491,03:31:00,,,,,,,,,,,,,,,,,,,,,,,,,
17492,03:32:00,,,,,,,,,,,,,,,,,,,,,,,,,
17493,03:33:00,,,,,,,,,,,,,,,,,,,,,,,,,
17494,03:34:00,,,,,,,,,,,,,,,,,,,,,,,,,
17495,03:35:00,,,,,,,,,,,,,,,,,,,,,,,,,
17496,03:36:00,,,,,,,,,,,,,,,,,,,,,,,,,
17497,03:37:00,,,,,,,,,,,,,,,,,,,,,,,,,
17498,03:38:00,,,,,,,,,,,,,,,,,,,,,,,,,
17499,03:39:00,,,,,,,,,,,,,,,,,,,,,,,,,
17500,03:40:00,,,,,,,,,,,,,,,,,,,,,,,,,
17501,03:41:00,,,,,,,,,,,,,,,,,,,,,,,,,
17502,03:42:00,,,,,,,,,,,,,,,,,,,,,,,,,
17503,03:43:00,,,,,,,,,,,,,,,,,,,,,,,,,
17504,03:44:00,,,,,,,,,,,,,,,,,,,,,,,,,
17505,03:45:00,,,,,,,,,,,,,,,,,,,,,,,,,
17506,03:46:00,,,,,,,,,,,,,,,,,,,,,,,,,
17507,03:47:00,,,,,,,,,,,,,,,,,,,,,,,,,
17508,03:48:00,,,,,,,,,,,,,,,,,,,,,,,,,
17509,03:49:00,,,,,,,,,,,,,,,,,,,,,,,,,
17510,03:50:00,,,,,,,,,,,,,,,,,,,,,,,,,
17511,03:51:00,,,,,,,,,,,,,,,,,,,,,,,,,
17512,03:52:00,,,,,,,,,,,,,,,,,,,,,,,,,
17513,03:53:00,,,,,,,,,,,,,,,,,,,,,,,,,
17514,03:54:00,,,,,,,,,,,,,,,,,,,,,,,,,
17515,03:55:00,,,,,,,,,,,,,,,,,,,,,,,,,
17516,03:56:00,,,,,,,,,,,,,,,,,,,,,,,,,
17517,03:57:00,,,,,,,,,,,,,,,,,,,,,,,,,
17518,03:58:00,,,,,,,,,,,,,,,,,,,,,,,,,
17519,03:59:00,,,,,,,,,,,,,,,,,,,,,,,,,
17520,04:00:00,,,,,,,,,,,,,,,,,,,,,,,,,
17521,04:01:00,,,,,,,,,,,,,,,,,,,,,,,,,
17522,04:02:00,,,,,,,,,,,,,,,,,,,,,,,,,
17523,04:03:00,,,,,,,,,,,,,,,,,,,,,,,,,
17524,04:04:00,,,,,,,,,,,,,,,,,,,,,,,,,
17525,04:05:00,,,,,,,,,,,,,,,,,,,,,,,,,
17526,04:06:00,,,,,,,,,,,,,,,,,,,,,,,,,
17527,04:07:00,,,,,,,,,,,,,,,,,,,,,,,,,
17528,04:08:00,,,,,,,,,,,,,,,,,,,,,,,,,
17529,04:09:00,,,,,,,,,,,,,,,,,,,,,,,,,
17530,04:10:00,,,,,,,,,,,,,,,,,,,,,,,,,
17531,04:11:00,,,,,,,,,,,,,,,,,,,,,,,,,
17532,04:12:00,,,,,,,,,,,,,,,,,,,,,,,,,
17533,04:13:00,,,,,,,,,,,,,,,,,,,,,,,,,
17534,04:14:00,,,,,,,,,,,,,,,,,,,,,,,,,
17535,04:15:00,,,,,,,,,,,,,,,,,,,,,,,,,
17536,04:16:00,,,,,,,,,,,,,,,,,,,,,,,,,
17537,04:17:00,,,,,,,,,,,,,,,,,,,,,,,,,
17538,04:18:00,,,,,,,,,,,,,,,,,,,,,,,,,
17539,04:19:00,,,,,,,,,,,,,,,,,,,,,,,,,
17540,04:20:00,,,,,,,,,,,,,,,,,,,,,,,,,
17541,04:21:00,,,,,,,,,,,,,,,,,,,,,,,,,
17542,04:22:00,,,,,,,,,,,,,,,,,,,,,,,,,
17543,04:23:00,,,,,,,,,,,,,,,,,,,,,,,,,
17544,04:24:00,,,,,,,,,,,,,,,,,,,,,,,,,
17545,04:25:00,,,,,,,,,,,,,,,,,,,,,,,,,
17546,04:26:00,,,,,,,,,,,,,,,,,,,,,,,,,
17547,04:27:00,,,,,,,,,,,,,,,,,,,,,,,,,
17548,04:28:00,,,,,,,,,,,,,,,,,,,,,,,,,
17549,04:29:00,,,,,,,,,,,,,,,,,,,,,,,,,
17550,04:30:00,,,,,,,,,,,,,,,,,,,,,,,,,
17551,04:31:00,,,,,,,,,,,,,,,,,,,,,,,,,
17552,04:32:00,,,,,,,,,,,,,,,,,,,,,,,,,
17553,04:33:00,,,,,,,,,,,,,,,,,,,,,,,,,
17554,04:34:00,,,,,,,,,,,,,,,,,,,,,,,,,
17555,04:35:00,,,,,,,,,,,,,,,,,,,,,,,,,
17556,04:36:00,,,,,,,,,,,,,,,,,,,,,,,,,
17557,04:37:00,,,,,,,,,,,,,,,,,,,,,,,,,
17558,04:38:00,,,,,,,,,,,,,,,,,,,,,,,,,
17559,04:39:00,,,,,,,,,,,,,,,,,,,,,,,,,
17560,04:40:00,,,,,,,,,,,,,,,,,,,,,,,,,
17561,04:41:00,,,,,,,,,,,,,,,,,,,,,,,,,
17562,04:42:00,,,,,,,,,,,,,,,,,,,,,,,,,
17563,04:43:00,,,,,,,,,,,,,,,,,,,,,,,,,
17564,04:44:00,,,,,,,,,,,,,,,,,,,,,,,,,
17565,04:45:00,,,,,,,,,,,,,,,,,,,,,,,,,
17566,04:46:00,,,,,,,,,,,,,,,,,,,,,,,,,
17567,04:47:00,,,,,,,,,,,,,,,,,,,,,,,,,
17568,04:48:00,,,,,,,,,,,,,,,,,,,,,,,,,
17569,04:49:00,,,,,,,,,,,,,,,,,,,,,,,,,
17570,04:50:00,,,,,,,,,,,,,,,,,,,,,,,,,
17571,04:51:00,,,,,,,,,,,,,,,,,,,,,,,,,
17572,04:52:00,,,,,,,,,,,,,,,,,,,,,,,,,
17573,04:53:00,,,,,,,,,,,,,,,,,,,,,,,,,
17574,04:54:00,,,,,,,,,,,,,,,,,,,,,,,,,
17575,04:55:00,,,,,,,,,,,,,,,,,,,,,,,,,
17576,04:56:00,,,,,,,,,,,,,,,,,,,,,,,,,
17577,04:57:00,,,,,,,,,,,,,,,,,,,,,,,,,
17578,04:58:00,,,,,,,,,,,,,,,,,,,,,,,,,
17579,04:59:00,,,,,,,,,,,,,,,,,,,,,,,,,
17580,05:00:00,,,,,,,,,,,,,,,,,,,,,,,,,
17581,05:01:00,,,,,,,,,,,,,,,,,,,,,,,,,
17582,05:02:00,,,,,,,,,,,,,,,,,,,,,,,,,
17583,05:03:00,,,,,,,,,,,,,,,,,,,,,,,,,
17584,05:04:00,,,,,,,,,,,,,,,,,,,,,,,,,
17585,05:05:00,,,,,,,,,,,,,,,,,,,,,,,,,
17586,05:06:00,,,,,,,,,,,,,,,,,,,,,,,,,
17587,05:07:00,,,,,,,,,,,,,,,,,,,,,,,,,
17588,05:08:00,,,,,,,,,,,,,,,,,,,,,,,,,
17589,05:09:00,,,,,,,,,,,,,,,,,,,,,,,,,
17590,05:10:00,,,,,,,,,,,,,,,,,,,,,,,,,
17591,05:11:00,,,,,,,,,,,,,,,,,,,,,,,,,
17592,05:12:00,,,,,,,,,,,,,,,,,,,,,,,,,
17593,05:13:00,,,,,,,,,,,,,,,,,,,,,,,,,
17594,05:14:00,,,,,,,,,,,,,,,,,,,,,,,,,
17595,05:15:00,,,,,,,,,,,,,,,,,,,,,,,,,
17596,05:16:00,,,,,,,,,,,,,,,,,,,,,,,,,
17597,05:17:00,,,,,,,,,,,,,,,,,,,,,,,,,
17598,05:18:00,,,,,,,,,,,,,,,,,,,,,,,,,
17599,05:19:00,,,,,,,,,,,,,,,,,,,,,,,,,
17600,05:20:00,,,,,,,,,,,,,,,,,,,,,,,,,
17601,05:21:00,,,,,,,,,,,,,,,,,,,,,,,,,
17602,05:22:00,,,,,,,,,,,,,,,,,,,,,,,,,
17603,05:23:00,,,,,,,,,,,,,,,,,,,,,,,,,
17604,05:24:00,,,,,,,,,,,,,,,,,,,,,,,,,
17605,05:25:00,,,,,,,,,,,,,,,,,,,,,,,,,
17606,05:26:00,,,,,,,,,,,,,,,,,,,,,,,,,
17607,05:27:00,,,,,,,,,,,,,,,,,,,,,,,,,
17608,05:28:00,,,,,,,,,,,,,,,,,,,,,,,,,
17609,05:29:00,,,,,,,,,,,,,,,,,,,,,,,,,
17610,05:30:00,,,,,,,,,,,,,,,,,,,,,,,,,
17611,05:31:00,,,,,,,,,,,,,,,,,,,,,,,,,
17612,05:32:00,,,,,,,,,,,,,,,,,,,,,,,,,
17613,05:33:00,,,,,,,,,,,,,,,,,,,,,,,,,
17614,05:34:00,,,,,,,,,,,,,,,,,,,,,,,,,
17615,05:35:00,,,,,,,,,,,,,,,,,,,,,,,,,
17616,05:36:00,,,,,,,,,,,,,,,,,,,,,,,,,
17617,05:37:00,,,,,,,,,,,,,,,,,,,,,,,,,
17618,05:38:00,,,,,,,,,,,,,,,,,,,,,,,,,
17619,05:39:00,,,,,,,,,,,,,,,,,,,,,,,,,
17620,05:40:00,,,,,,,,,,,,,,,,,,,,,,,,,
17621,05:41:00,,,,,,,,,,,,,,,,,,,,,,,,,
17622,05:42:00,,,,,,,,,,,,,,,,,,,,,,,,,
17623,05:43:00,,,,,,,,,,,,,,,,,,,,,,,,,
17624,05:44:00,,,,,,,,,,,,,,,,,,,,,,,,,
17625,05:45:00,,,,,,,,,,,,,,,,,,,,,,,,,
17626,05:46:00,,,,,,,,,,,,,,,,,,,,,,,,,
17627,05:47:00,,,,,,,,,,,,,,,,,,,,,,,,,
17628,05:48:00,,,,,,,,,,,,,,,,,,,,,,,,,
17629,05:49:00,,,,,,,,,,,,,,,,,,,,,,,,,
17630,05:50:00,,,,,,,,,,,,,,,,,,,,,,,,,
17631,05:51:00,,,,,,,,,,,,,,,,,,,,,,,,,
17632,05:52:00,,,,,,,,,,,,,,,,,,,,,,,,,
17633,05:53:00,,,,,,,,,,,,,,,,,,,,,,,,,
17634,05:54:00,,,,,,,,,,,,,,,,,,,,,,,,,
17635,05:55:00,,,,,,,,,,,,,,,,,,,,,,,,,
17636,05:56:00,,,,,,,,,,,,,,,,,,,,,,,,,
17637,05:57:00,,,,,,,,,,,,,,,,,,,,,,,,,
17638,05:58:00,,,,,,,,,,,,,,,,,,,,,,,,,
17639,05:59:00,,,,,,,,,,,,,,,,,,,,,,,,,
17640,06:00:00,,,,,,,,,,,,,,,,,,,,,,,,,
17641,06:01:00,,,,,,,,,,,,,,,,,,,,,,,,,
17642,06:02:00,,,,,,,,,,,,,,,,,,,,,,,,,
17643,06:03:00,,,,,,,,,,,,,,,,,,,,,,,,,
17644,06:04:00,,,,,,,,,,,,,,,,,,,,,,,,,
17645,06:05:00,,,,,,,,,,,,,,,,,,,,,,,,,
17646,06:06:00,,,,,,,,,,,,,,,,,,,,,,,,,
17647,06:07:00,,,,,,,,,,,,,,,,,,,,,,,,,
17648,06:08:00,,,,,,,,,,,,,,,,,,,,,,,,,
17649,06:09:00,,,,,,,,,,,,,,,,,,,,,,,,,
17650,06:10:00,,,,,,,,,,,,,,,,,,,,,,,,,
17651,06:11:00,,,,,,,,,,,,,,,,,,,,,,,,,
17652,06:12:00,,,,,,,,,,,,,,,,,,,,,,,,,
17653,06:13:00,,,,,,,,,,,,,,,,,,,,,,,,,
17654,06:14:00,,,,,,,,,,,,,,,,,,,,,,,,,
17655,06:15:00,,,,,,,,,,,,,,,,,,,,,,,,,
17656,06:16:00,,,,,,,,,,,,,,,,,,,,,,,,,
17657,06:17:00,,,,,,,,,,,,,,,,,,,,,,,,,
17658,06:18:00,,,,,,,,,,,,,,,,,,,,,,,,,
17659,06:19:00,,,,,,,,,,,,,,,,,,,,,,,,,
17660,06:20:00,,,,,,,,,,,,,,,,,,,,,,,,,
17661,06:21:00,,,,,,,,,,,,,,,,,,,,,,,,,
17662,06:22:00,,,,,,,,,,,,,,,,,,,,,,,,,
17663,06:23:00,,,,,,,,,,,,,,,,,,,,,,,,,
17664,06:24:00,,,,,,,,,,,,,,,,,,,,,,,,,
17665,06:25:00,,,,,,,,,,,,,,,,,,,,,,,,,
17666,06:26:00,,,,,,,,,,,,,,,,,,,,,,,,,
17667,06:27:00,,,,,,,,,,,,,,,,,,,,,,,,,
17668,06:28:00,,,,,,,,,,,,,,,,,,,,,,,,,
17669,06:29:00,,,,,,,,,,,,,,,,,,,,,,,,,
17670,06:30:00,,,,,,,,,,,,,,,,,,,,,,,,,
17671,06:31:00,,,,,,,,,,,,,,,,,,,,,,,,,
17672,06:32:00,,,,,,,,,,,,,,,,,,,,,,,,,
17673,06:33:00,,,,,,,,,,,,,,,,,,,,,,,,,
17674,06:34:00,,,,,,,,,,,,,,,,,,,,,,,,,
17675,06:35:00,,,,,,,,,,,,,,,,,,,,,,,,,
17676,06:36:00,,,,,,,,,,,,,,,,,,,,,,,,,
17677,06:37:00,,,,,,,,,,,,,,,,,,,,,,,,,
17678,06:38:00,,,,,,,,,,,,,,,,,,,,,,,,,
17679,06:39:00,,,,,,,,,,,,,,,,,,,,,,,,,
17680,06:40:00,,,,,,,,,,,,,,,,,,,,,,,,,
17681,06:41:00,,,,,,,,,,,,,,,,,,,,,,,,,
17682,06:42:00,,,,,,,,,,,,,,,,,,,,,,,,,
17683,06:43:00,,,,,,,,,,,,,,,,,,,,,,,,,
17684,06:44:00,,,,,,,,,,,,,,,,,,,,,,,,,
17685,06:45:00,,,,,,,,,,,,,,,,,,,,,,,,,
17686,06:46:00,,,,,,,,,,,,,,,,,,,,,,,,,
17687,06:47:00,,,,,,,,,,,,,,,,,,,,,,,,,
17688,06:48:00,,,,,,,,,,,,,,,,,,,,,,,,,
17689,06:49:00,,,,,,,,,,,,,,,,,,,,,,,,,
17690,06:50:00,,,,,,,,,,,,,,,,,,,,,,,,,
17691,06:51:00,,,,,,,,,,,,,,,,,,,,,,,,,
17692,06:52:00,,,,,,,,,,,,,,,,,,,,,,,,,
17693,06:53:00,,,,,,,,,,,,,,,,,,,,,,,,,
17694,06:54:00,,,,,,,,,,,,,,,,,,,,,,,,,
17695,06:55:00,,,,,,,,,,,,,,,,,,,,,,,,,
17696,06:56:00,,,,,,,,,,,,,,,,,,,,,,,,,
17697,06:57:00,,,,,,,,,,,,,,,,,,,,,,,,,
17698,06:58:00,,,,,,,,,,,,,,,,,,,,,,,,,
17699,06:59:00,,,,,,,,,,,,,,,,,,,,,,,,,
17700,07:00:00,,,,,,,,,,,,,,,,,,,,,,,,,
17701,07:01:00,,,,,,,,,,,,,,,,,,,,,,,,,
17702,07:02:00,,,,,,,,,,,,,,,,,,,,,,,,,
17703,07:03:00,,,,,,,,,,,,,,,,,,,,,,,,,
17704,07:04:00,,,,,,,,,,,,,,,,,,,,,,,,,
17705,07:05:00,,,,,,,,,,,,,,,,,,,,,,,,,
17706,07:06:00,,,,,,,,,,,,,,,,,,,,,,,,,
17707,07:07:00,,,,,,,,,,,,,,,,,,,,,,,,,
17708,07:08:00,,,,,,,,,,,,,,,,,,,,,,,,,
17709,07:09:00,,,,,,,,,,,,,,,,,,,,,,,,,
17710,07:10:00,,,,,,,,,,,,,,,,,,,,,,,,,
17711,07:11:00,,,,,,,,,,,,,,,,,,,,,,,,,
17712,07:12:00,,,,,,,,,,,,,,,,,,,,,,,,,
17713,07:13:00,,,,,,,,,,,,,,,,,,,,,,,,,
17714,07:14:00,,,,,,,,,,,,,,,,,,,,,,,,,
17715,07:15:00,,,,,,,,,,,,,,,,,,,,,,,,,
17716,07:16:00,,,,,,,,,,,,,,,,,,,,,,,,,
17717,07:17:00,,,,,,,,,,,,,,,,,,,,,,,,,
17718,07:18:00,,,,,,,,,,,,,,,,,,,,,,,,,
17719,07:19:00,,,,,,,,,,,,,,,,,,,,,,,,,
17720,07:20:00,,,,,,,,,,,,,,,,,,,,,,,,,
17721,07:21:00,,,,,,,,,,,,,,,,,,,,,,,,,
17722,07:22:00,,,,,,,,,,,,,,,,,,,,,,,,,
17723,07:23:00,,,,,,,,,,,,,,,,,,,,,,,,,
17724,07:24:00,,,,,,,,,,,,,,,,,,,,,,,,,
17725,07:25:00,,,,,,,,,,,,,,,,,,,,,,,,,
17726,07:26:00,,,,,,,,,,,,,,,,,,,,,,,,,
17727,07:27:00,,,,,,,,,,,,,,,,,,,,,,,,,
17728,07:28:00,,,,,,,,,,,,,,,,,,,,,,,,,
17729,07:29:00,,,,,,,,,,,,,,,,,,,,,,,,,
17730,07:30:00,,,,,,,,,,,,,,,,,,,,,,,,,
17731,07:31:00,,,,,,,,,,,,,,,,,,,,,,,,,
17732,07:32:00,,,,,,,,,,,,,,,,,,,,,,,,,
17733,07:33:00,,,,,,,,,,,,,,,,,,,,,,,,,
17734,07:34:00,,,,,,,,,,,,,,,,,,,,,,,,,
17735,07:35:00,,,,,,,,,,,,,,,,,,,,,,,,,
17736,07:36:00,,,,,,,,,,,,,,,,,,,,,,,,,
17737,07:37:00,,,,,,,,,,,,,,,,,,,,,,,,,
17738,07:38:00,,,,,,,,,,,,,,,,,,,,,,,,,
17739,07:39:00,,,,,,,,,,,,,,,,,,,,,,,,,
17740,07:40:00,,,,,,,,,,,,,,,,,,,,,,,,,
17741,07:41:00,,,,,,,,,,,,,,,,,,,,,,,,,
17742,07:42:00,,,,,,,,,,,,,,,,,,,,,,,,,
17743,07:43:00,,,,,,,,,,,,,,,,,,,,,,,,,
17744,07:44:00,,,,,,,,,,,,,,,,,,,,,,,,,
17745,07:45:00,,,,,,,,,,,,,,,,,,,,,,,,,
17746,07:46:00,,,,,,,,,,,,,,,,,,,,,,,,,
17747,07:47:00,,,,,,,,,,,,,,,,,,,,,,,,,
17748,07:48:00,,,,,,,,,,,,,,,,,,,,,,,,,
17749,07:49:00,,,,,,,,,,,,,,,,,,,,,,,,,
17750,07:50:00,,,,,,,,,,,,,,,,,,,,,,,,,
17751,07:51:00,,,,,,,,,,,,,,,,,,,,,,,,,
17752,07:52:00,,,,,,,,,,,,,,,,,,,,,,,,,
17753,07:53:00,,,,,,,,,,,,,,,,,,,,,,,,,
17754,07:54:00,,,,,,,,,,,,,,,,,,,,,,,,,
17755,07:55:00,,,,,,,,,,,,,,,,,,,,,,,,,
17756,07:56:00,,,,,,,,,,,,,,,,,,,,,,,,,
17757,07:57:00,,,,,,,,,,,,,,,,,,,,,,,,,
17758,07:58:00,,,,,,,,,,,,,,,,,,,,,,,,,
17759,07:59:00,,,,,,,,,,,,,,,,,,,,,,,,,
17760,08:00:00,,,,,,,,,,,,,,,,,,,,,,,,,
17761,08:01:00,,,,,,,,,,,,,,,,,,,,,,,,,
17762,08:02:00,,,,,,,,,,,,,,,,,,,,,,,,,
17763,08:03:00,,,,,,,,,,,,,,,,,,,,,,,,,
17764,08:04:00,,,,,,,,,,,,,,,,,,,,,,,,,
17765,08:05:00,,,,,,,,,,,,,,,,,,,,,,,,,
17766,08:06:00,,,,,,,,,,,,,,,,,,,,,,,,,
17767,08:07:00,,,,,,,,,,,,,,,,,,,,,,,,,
17768,08:08:00,,,,,,,,,,,,,,,,,,,,,,,,,
17769,08:09:00,,,,,,,,,,,,,,,,,,,,,,,,,
17770,08:10:00,,,,,,,,,,,,,,,,,,,,,,,,,
17771,08:11:00,,,,,,,,,,,,,,,,,,,,,,,,,
17772,08:12:00,,,,,,,,,,,,,,,,,,,,,,,,,
17773,08:13:00,,,,,,,,,,,,,,,,,,,,,,,,,
17774,08:14:00,,,,,,,,,,,,,,,,,,,,,,,,,
17775,08:15:00,,,,,,,,,,,,,,,,,,,,,,,,,
17776,08:16:00,,,,,,,,,,,,,,,,,,,,,,,,,
17777,08:17:00,,,,,,,,,,,,,,,,,,,,,,,,,
17778,08:18:00,,,,,,,,,,,,,,,,,,,,,,,,,
17779,08:19:00,,,,,,,,,,,,,,,,,,,,,,,,,
17780,08:20:00,,,,,,,,,,,,,,,,,,,,,,,,,
17781,08:21:00,,,,,,,,,,,,,,,,,,,,,,,,,
17782,08:22:00,,,,,,,,,,,,,,,,,,,,,,,,,
17783,08:23:00,,,,,,,,,,,,,,,,,,,,,,,,,
17784,08:24:00,,,,,,,,,,,,,,,,,,,,,,,,,
17785,08:25:00,,,,,,,,,,,,,,,,,,,,,,,,,
17786,08:26:00,,,,,,,,,,,,,,,,,,,,,,,,,
17787,08:27:00,,,,,,,,,,,,,,,,,,,,,,,,,
17788,08:28:00,,,,,,,,,,,,,,,,,,,,,,,,,
17789,08:29:00,,,,,,,,,,,,,,,,,,,,,,,,,
17790,08:30:00,,,,,,,,,,,,,,,,,,,,,,,,,
17791,08:31:00,,,,,,,,,,,,,,,,,,,,,,,,,
17792,08:32:00,,,,,,,,,,,,,,,,,,,,,,,,,
17793,08:33:00,,,,,,,,,,,,,,,,,,,,,,,,,
17794,08:34:00,,,,,,,,,,,,,,,,,,,,,,,,,
17795,08:35:00,,,,,,,,,,,,,,,,,,,,,,,,,
17796,08:36:00,,,,,,,,,,,,,,,,,,,,,,,,,
17797,08:37:00,,,,,,,,,,,,,,,,,,,,,,,,,
17798,08:38:00,,,,,,,,,,,,,,,,,,,,,,,,,
17799,08:39:00,,,,,,,,,,,,,,,,,,,,,,,,,
17800,08:40:00,,,,,,,,,,,,,,,,,,,,,,,,,
17801,08:41:00,,,,,,,,,,,,,,,,,,,,,,,,,
17802,08:42:00,,,,,,,,,,,,,,,,,,,,,,,,,
17803,08:43:00,,,,,,,,,,,,,,,,,,,,,,,,,
17804,08:44:00,,,,,,,,,,,,,,,,,,,,,,,,,
17805,08:45:00,,,,,,,,,,,,,,,,,,,,,,,,,
17806,08:46:00,,,,,,,,,,,,,,,,,,,,,,,,,
17807,08:47:00,,,,,,,,,,,,,,,,,,,,,,,,,
17808,08:48:00,,,,,,,,,,,,,,,,,,,,,,,,,
17809,08:49:00,,,,,,,,,,,,,,,,,,,,,,,,,
17810,08:50:00,,,,,,,,,,,,,,,,,,,,,,,,,
17811,08:51:00,,,,,,,,,,,,,,,,,,,,,,,,,
17812,08:52:00,,,,,,,,,,,,,,,,,,,,,,,,,
17813,08:53:00,,,,,,,,,,,,,,,,,,,,,,,,,
17814,08:54:00,,,,,,,,,,,,,,,,,,,,,,,,,
17815,08:55:00,,,,,,,,,,,,,,,,,,,,,,,,,
17816,08:56:00,,,,,,,,,,,,,,,,,,,,,,,,,
17817,08:57:00,,,,,,,,,,,,,,,,,,,,,,,,,
17818,08:58:00,,,,,,,,,,,,,,,,,,,,,,,,,
17819,08:59:00,,,,,,,,,,,,,,,,,,,,,,,,,
17820,09:00:00,,,,,,,,,,,,,,,,,,,,,,,,,
17821,09:01:00,,,,,,,,,,,,,,,,,,,,,,,,,
17822,09:02:00,,,,,,,,,,,,,,,,,,,,,,,,,
17823,09:03:00,,,,,,,,,,,,,,,,,,,,,,,,,
17824,09:04:00,,,,,,,,,,,,,,,,,,,,,,,,,
17825,09:05:00,,,,,,,,,,,,,,,,,,,,,,,,,
17826,09:06:00,,,,,,,,,,,,,,,,,,,,,,,,,
17827,09:07:00,,,,,,,,,,,,,,,,,,,,,,,,,
17828,09:08:00,,,,,,,,,,,,,,,,,,,,,,,,,
17829,09:09:00,,,,,,,,,,,,,,,,,,,,,,,,,
17830,09:10:00,,,,,,,,,,,,,,,,,,,,,,,,,
17831,09:11:00,,,,,,,,,,,,,,,,,,,,,,,,,
17832,09:12:00,,,,,,,,,,,,,,,,,,,,,,,,,
17833,09:13:00,,,,,,,,,,,,,,,,,,,,,,,,,
17834,09:14:00,,,,,,,,,,,,,,,,,,,,,,,,,
17835,09:15:00,,,,,,,,,,,,,,,,,,,,,,,,,
17836,09:16:00,,,,,,,,,,,,,,,,,,,,,,,,,
17837,09:17:00,,,,,,,,,,,,,,,,,,,,,,,,,
17838,09:18:00,,,,,,,,,,,,,,,,,,,,,,,,,
17839,09:19:00,,,,,,,,,,,,,,,,,,,,,,,,,
17840,09:20:00,,,,,,,,,,,,,,,,,,,,,,,,,
17841,09:21:00,,,,,,,,,,,,,,,,,,,,,,,,,
17842,09:22:00,,,,,,,,,,,,,,,,,,,,,,,,,
17843,09:23:00,,,,,,,,,,,,,,,,,,,,,,,,,
17844,09:24:00,,,,,,,,,,,,,,,,,,,,,,,,,
17845,09:25:00,,,,,,,,,,,,,,,,,,,,,,,,,
17846,09:26:00,,,,,,,,,,,,,,,,,,,,,,,,,
17847,09:27:00,,,,,,,,,,,,,,,,,,,,,,,,,
17848,09:28:00,,,,,,,,,,,,,,,,,,,,,,,,,
17849,09:29:00,,,,,,,,,,,,,,,,,,,,,,,,,
17850,09:30:00,,,,,,,,,,,,,,,,,,,,,,,,,
17851,09:31:00,,,,,,,,,,,,,,,,,,,,,,,,,
17852,09:32:00,,,,,,,,,,,,,,,,,,,,,,,,,
17853,09:33:00,,,,,,,,,,,,,,,,,,,,,,,,,
17854,09:34:00,,,,,,,,,,,,,,,,,,,,,,,,,
17855,09:35:00,,,,,,,,,,,,,,,,,,,,,,,,,
17856,09:36:00,,,,,,,,,,,,,,,,,,,,,,,,,
17857,09:37:00,,,,,,,,,,,,,,,,,,,,,,,,,
17858,09:38:00,,,,,,,,,,,,,,,,,,,,,,,,,
17859,09:39:00,,,,,,,,,,,,,,,,,,,,,,,,,
17860,09:40:00,,,,,,,,,,,,,,,,,,,,,,,,,
17861,09:41:00,,,,,,,,,,,,,,,,,,,,,,,,,
17862,09:42:00,,,,,,,,,,,,,,,,,,,,,,,,,
17863,09:43:00,,,,,,,,,,,,,,,,,,,,,,,,,
17864,09:44:00,,,,,,,,,,,,,,,,,,,,,,,,,
17865,09:45:00,,,,,,,,,,,,,,,,,,,,,,,,,
17866,09:46:00,,,,,,,,,,,,,,,,,,,,,,,,,
17867,09:47:00,,,,,,,,,,,,,,,,,,,,,,,,,
17868,09:48:00,,,,,,,,,,,,,,,,,,,,,,,,,
17869,09:49:00,,,,,,,,,,,,,,,,,,,,,,,,,
17870,09:50:00,,,,,,,,,,,,,,,,,,,,,,,,,
17871,09:51:00,,,,,,,,,,,,,,,,,,,,,,,,,
17872,09:52:00,,,,,,,,,,,,,,,,,,,,,,,,,
17873,09:53:00,,,,,,,,,,,,,,,,,,,,,,,,,
17874,09:54:00,,,,,,,,,,,,,,,,,,,,,,,,,
17875,09:55:00,,,,,,,,,,,,,,,,,,,,,,,,,
17876,09:56:00,,,,,,,,,,,,,,,,,,,,,,,,,
17877,09:57:00,,,,,,,,,,,,,,,,,,,,,,,,,
17878,09:58:00,,,,,,,,,,,,,,,,,,,,,,,,,
17879,09:59:00,,,,,,,,,,,,,,,,,,,,,,,,,
17880,10:00:00,,,,,,,,,,,,,,,,,,,,,,,,,
17881,10:01:00,,,,,,,,,,,,,,,,,,,,,,,,,
17882,10:02:00,,,,,,,,,,,,,,,,,,,,,,,,,
17883,10:03:00,,,,,,,,,,,,,,,,,,,,,,,,,
17884,10:04:00,,,,,,,,,,,,,,,,,,,,,,,,,
17885,10:05:00,,,,,,,,,,,,,,,,,,,,,,,,,
17886,10:06:00,,,,,,,,,,,,,,,,,,,,,,,,,
17887,10:07:00,,,,,,,,,,,,,,,,,,,,,,,,,
17888,10:08:00,,,,,,,,,,,,,,,,,,,,,,,,,
17889,10:09:00,,,,,,,,,,,,,,,,,,,,,,,,,
17890,10:10:00,,,,,,,,,,,,,,,,,,,,,,,,,
17891,10:11:00,,,,,,,,,,,,,,,,,,,,,,,,,
17892,10:12:00,,,,,,,,,,,,,,,,,,,,,,,,,
17893,10:13:00,,,,,,,,,,,,,,,,,,,,,,,,,
17894,10:14:00,,,,,,,,,,,,,,,,,,,,,,,,,
17895,10:15:00,,,,,,,,,,,,,,,,,,,,,,,,,
17896,10:16:00,,,,,,,,,,,,,,,,,,,,,,,,,
17897,10:17:00,,,,,,,,,,,,,,,,,,,,,,,,,
17898,10:18:00,,,,,,,,,,,,,,,,,,,,,,,,,
17899,10:19:00,,,,,,,,,,,,,,,,,,,,,,,,,
17900,10:20:00,,,,,,,,,,,,,,,,,,,,,,,,,
17901,10:21:00,,,,,,,,,,,,,,,,,,,,,,,,,
17902,10:22:00,,,,,,,,,,,,,,,,,,,,,,,,,
17903,10:23:00,,,,,,,,,,,,,,,,,,,,,,,,,
17904,10:24:00,,,,,,,,,,,,,,,,,,,,,,,,,
17905,10:25:00,,,,,,,,,,,,,,,,,,,,,,,,,
17906,10:26:00,,,,,,,,,,,,,,,,,,,,,,,,,
17907,10:27:00,,,,,,,,,,,,,,,,,,,,,,,,,
17908,10:28:00,,,,,,,,,,,,,,,,,,,,,,,,,
17909,10:29:00,,,,,,,,,,,,,,,,,,,,,,,,,
17910,10:30:00,,,,,,,,,,,,,,,,,,,,,,,,,
17911,10:31:00,,,,,,,,,,,,,,,,,,,,,,,,,
17912,10:32:00,,,,,,,,,,,,,,,,,,,,,,,,,
17913,10:33:00,,,,,,,,,,,,,,,,,,,,,,,,,
17914,10:34:00,,,,,,,,,,,,,,,,,,,,,,,,,
17915,10:35:00,,,,,,,,,,,,,,,,,,,,,,,,,
17916,10:36:00,,,,,,,,,,,,,,,,,,,,,,,,,
17917,10:37:00,,,,,,,,,,,,,,,,,,,,,,,,,
17918,10:38:00,,,,,,,,,,,,,,,,,,,,,,,,,
17919,10:39:00,,,,,,,,,,,,,,,,,,,,,,,,,
17920,10:40:00,,,,,,,,,,,,,,,,,,,,,,,,,
17921,10:41:00,,,,,,,,,,,,,,,,,,,,,,,,,
17922,10:42:00,,,,,,,,,,,,,,,,,,,,,,,,,
17923,10:43:00,,,,,,,,,,,,,,,,,,,,,,,,,
17924,10:44:00,,,,,,,,,,,,,,,,,,,,,,,,,
17925,10:45:00,,,,,,,,,,,,,,,,,,,,,,,,,
17926,10:46:00,,,,,,,,,,,,,,,,,,,,,,,,,
17927,10:47:00,,,,,,,,,,,,,,,,,,,,,,,,,
17928,10:48:00,,,,,,,,,,,,,,,,,,,,,,,,,
17929,10:49:00,,,,,,,,,,,,,,,,,,,,,,,,,
17930,10:50:00,,,,,,,,,,,,,,,,,,,,,,,,,
17931,10:51:00,,,,,,,,,,,,,,,,,,,,,,,,,
17932,10:52:00,,,,,,,,,,,,,,,,,,,,,,,,,
17933,10:53:00,,,,,,,,,,,,,,,,,,,,,,,,,
17934,10:54:00,,,,,,,,,,,,,,,,,,,,,,,,,
17935,10:55:00,,,,,,,,,,,,,,,,,,,,,,,,,
17936,10:56:00,,,,,,,,,,,,,,,,,,,,,,,,,
17937,10:57:00,,,,,,,,,,,,,,,,,,,,,,,,,
17938,10:58:00,,,,,,,,,,,,,,,,,,,,,,,,,
17939,10:59:00,,,,,,,,,,,,,,,,,,,,,,,,,
17940,11:00:00,,,,,,,,,,,,,,,,,,,,,,,,,
17941,11:01:00,,,,,,,,,,,,,,,,,,,,,,,,,
17942,11:02:00,,,,,,,,,,,,,,,,,,,,,,,,,
17943,11:03:00,,,,,,,,,,,,,,,,,,,,,,,,,
17944,11:04:00,,,,,,,,,,,,,,,,,,,,,,,,,
17945,11:05:00,,,,,,,,,,,,,,,,,,,,,,,,,
17946,11:06:00,,,,,,,,,,,,,,,,,,,,,,,,,
17947,11:07:00,,,,,,,,,,,,,,,,,,,,,,,,,
17948,11:08:00,,,,,,,,,,,,,,,,,,,,,,,,,
17949,11:09:00,,,,,,,,,,,,,,,,,,,,,,,,,
17950,11:10:00,,,,,,,,,,,,,,,,,,,,,,,,,
17951,11:11:00,,,,,,,,,,,,,,,,,,,,,,,,,
17952,11:12:00,,,,,,,,,,,,,,,,,,,,,,,,,
17953,11:13:00,,,,,,,,,,,,,,,,,,,,,,,,,
17954,11:14:00,,,,,,,,,,,,,,,,,,,,,,,,,
17955,11:15:00,,,,,,,,,,,,,,,,,,,,,,,,,
17956,11:16:00,,,,,,,,,,,,,,,,,,,,,,,,,
17957,11:17:00,,,,,,,,,,,,,,,,,,,,,,,,,
17958,11:18:00,,,,,,,,,,,,,,,,,,,,,,,,,
17959,11:19:00,,,,,,,,,,,,,,,,,,,,,,,,,
17960,11:20:00,,,,,,,,,,,,,,,,,,,,,,,,,
17961,11:21:00,,,,,,,,,,,,,,,,,,,,,,,,,
17962,11:22:00,,,,,,,,,,,,,,,,,,,,,,,,,
17963,11:23:00,,,,,,,,,,,,,,,,,,,,,,,,,
17964,11:24:00,,,,,,,,,,,,,,,,,,,,,,,,,
17965,11:25:00,,,,,,,,,,,,,,,,,,,,,,,,,
17966,11:26:00,,,,,,,,,,,,,,,,,,,,,,,,,
17967,11:27:00,,,,,,,,,,,,,,,,,,,,,,,,,
17968,11:28:00,,,,,,,,,,,,,,,,,,,,,,,,,
17969,11:29:00,,,,,,,,,,,,,,,,,,,,,,,,,
17970,11:30:00,,,,,,,,,,,,,,,,,,,,,,,,,
17971,11:31:00,,,,,,,,,,,,,,,,,,,,,,,,,
17972,11:32:00,,,,,,,,,,,,,,,,,,,,,,,,,
17973,11:33:00,,,,,,,,,,,,,,,,,,,,,,,,,
17974,11:34:00,,,,,,,,,,,,,,,,,,,,,,,,,
17975,11:35:00,,,,,,,,,,,,,,,,,,,,,,,,,
17976,11:36:00,,,,,,,,,,,,,,,,,,,,,,,,,
17977,11:37:00,,,,,,,,,,,,,,,,,,,,,,,,,
17978,11:38:00,,,,,,,,,,,,,,,,,,,,,,,,,
17979,11:39:00,,,,,,,,,,,,,,,,,,,,,,,,,
17980,11:40:00,,,,,,,,,,,,,,,,,,,,,,,,,
17981,11:41:00,,,,,,,,,,,,,,,,,,,,,,,,,
17982,11:42:00,,,,,,,,,,,,,,,,,,,,,,,,,
17983,11:43:00,,,,,,,,,,,,,,,,,,,,,,,,,
17984,11:44:00,,,,,,,,,,,,,,,,,,,,,,,,,
17985,11:45:00,,,,,,,,,,,,,,,,,,,,,,,,,
17986,11:46:00,,,,,,,,,,,,,,,,,,,,,,,,,
17987,11:47:00,,,,,,,,,,,,,,,,,,,,,,,,,
17988,11:48:00,,,,,,,,,,,,,,,,,,,,,,,,,
17989,11:49:00,,,,,,,,,,,,,,,,,,,,,,,,,
17990,11:50:00,,,,,,,,,,,,,,,,,,,,,,,,,
17991,11:51:00,,,,,,,,,,,,,,,,,,,,,,,,,
17992,11:52:00,,,,,,,,,,,,,,,,,,,,,,,,,
17993,11:53:00,,,,,,,,,,,,,,,,,,,,,,,,,
17994,11:54:00,,,,,,,,,,,,,,,,,,,,,,,,,
17995,11:55:00,,,,,,,,,,,,,,,,,,,,,,,,,
17996,11:56:00,,,,,,,,,,,,,,,,,,,,,,,,,
17997,11:57:00,,,,,,,,,,,,,,,,,,,,,,,,,
17998,11:58:00,,,,,,,,,,,,,,,,,,,,,,,,,
17999,11:59:00,,,,,,,,,,,,,,,,,,,,,,,,,
18000,12:00:00,,,,,,,,,,,,,,,,,,,,,,,,,
18001,12:01:00,,,,,,,,,,,,,,,,,,,,,,,,,
18002,12:02:00,,,,,,,,,,,,,,,,,,,,,,,,,
18003,12:03:00,,,,,,,,,,,,,,,,,,,,,,,,,
18004,12:04:00,,,,,,,,,,,,,,,,,,,,,,,,,
18005,12:05:00,,,,,,,,,,,,,,,,,,,,,,,,,
18006,12:06:00,,,,,,,,,,,,,,,,,,,,,,,,,
18007,12:07:00,,,,,,,,,,,,,,,,,,,,,,,,,
18008,12:08:00,,,,,,,,,,,,,,,,,,,,,,,,,
18009,12:09:00,,,,,,,,,,,,,,,,,,,,,,,,,
18010,12:10:00,,,,,,,,,,,,,,,,,,,,,,,,,
18011,12:11:00,,,,,,,,,,,,,,,,,,,,,,,,,
18012,12:12:00,,,,,,,,,,,,,,,,,,,,,,,,,
18013,12:13:00,,,,,,,,,,,,,,,,,,,,,,,,,
18014,12:14:00,,,,,,,,,,,,,,,,,,,,,,,,,
18015,12:15:00,,,,,,,,,,,,,,,,,,,,,,,,,
18016,12:16:00,,,,,,,,,,,,,,,,,,,,,,,,,
18017,12:17:00,,,,,,,,,,,,,,,,,,,,,,,,,
18018,12:18:00,,,,,,,,,,,,,,,,,,,,,,,,,
18019,12:19:00,,,,,,,,,,,,,,,,,,,,,,,,,
18020,12:20:00,,,,,,,,,,,,,,,,,,,,,,,,,
18021,12:21:00,,,,,,,,,,,,,,,,,,,,,,,,,
18022,12:22:00,,,,,,,,,,,,,,,,,,,,,,,,,
18023,12:23:00,,,,,,,,,,,,,,,,,,,,,,,,,
18024,12:24:00,,,,,,,,,,,,,,,,,,,,,,,,,
18025,12:25:00,,,,,,,,,,,,,,,,,,,,,,,,,
18026,12:26:00,,,,,,,,,,,,,,,,,,,,,,,,,
18027,12:27:00,,,,,,,,,,,,,,,,,,,,,,,,,
18028,12:28:00,,,,,,,,,,,,,,,,,,,,,,,,,
18029,12:29:00,,,,,,,,,,,,,,,,,,,,,,,,,
18030,12:30:00,,,,,,,,,,,,,,,,,,,,,,,,,
18031,12:31:00,,,,,,,,,,,,,,,,,,,,,,,,,
18032,12:32:00,,,,,,,,,,,,,,,,,,,,,,,,,
18033,12:33:00,,,,,,,,,,,,,,,,,,,,,,,,,
18034,12:34:00,,,,,,,,,,,,,,,,,,,,,,,,,
18035,12:35:00,,,,,,,,,,,,,,,,,,,,,,,,,
18036,12:36:00,,,,,,,,,,,,,,,,,,,,,,,,,
18037,12:37:00,,,,,,,,,,,,,,,,,,,,,,,,,
18038,12:38:00,,,,,,,,,,,,,,,,,,,,,,,,,
18039,12:39:00,,,,,,,,,,,,,,,,,,,,,,,,,
18040,12:40:00,,,,,,,,,,,,,,,,,,,,,,,,,
18041,12:41:00,,,,,,,,,,,,,,,,,,,,,,,,,
18042,12:42:00,,,,,,,,,,,,,,,,,,,,,,,,,
18043,12:43:00,,,,,,,,,,,,,,,,,,,,,,,,,
18044,12:44:00,,,,,,,,,,,,,,,,,,,,,,,,,
18045,12:45:00,,,,,,,,,,,,,,,,,,,,,,,,,
18046,12:46:00,,,,,,,,,,,,,,,,,,,,,,,,,
18047,12:47:00,,,,,,,,,,,,,,,,,,,,,,,,,
18048,12:48:00,,,,,,,,,,,,,,,,,,,,,,,,,
18049,12:49:00,,,,,,,,,,,,,,,,,,,,,,,,,
18050,12:50:00,,,,,,,,,,,,,,,,,,,,,,,,,
18051,12:51:00,,,,,,,,,,,,,,,,,,,,,,,,,
18052,12:52:00,,,,,,,,,,,,,,,,,,,,,,,,,
18053,12:53:00,,,,,,,,,,,,,,,,,,,,,,,,,
18054,12:54:00,,,,,,,,,,,,,,,,,,,,,,,,,
18055,12:55:00,,,,,,,,,,,,,,,,,,,,,,,,,
18056,12:56:00,,,,,,,,,,,,,,,,,,,,,,,,,
18057,12:57:00,,,,,,,,,,,,,,,,,,,,,,,,,
18058,12:58:00,,,,,,,,,,,,,,,,,,,,,,,,,
18059,12:59:00,,,,,,,,,,,,,,,,,,,,,,,,,
18060,13:00:00,,,,,,,,,,,,,,,,,,,,,,,,,
18061,13:01:00,,,,,,,,,,,,,,,,,,,,,,,,,
18062,13:02:00,,,,,,,,,,,,,,,,,,,,,,,,,
18063,13:03:00,,,,,,,,,,,,,,,,,,,,,,,,,
18064,13:04:00,,,,,,,,,,,,,,,,,,,,,,,,,
18065,13:05:00,,,,,,,,,,,,,,,,,,,,,,,,,
18066,13:06:00,,,,,,,,,,,,,,,,,,,,,,,,,
18067,13:07:00,,,,,,,,,,,,,,,,,,,,,,,,,
18068,13:08:00,,,,,,,,,,,,,,,,,,,,,,,,,
18069,13:09:00,,,,,,,,,,,,,,,,,,,,,,,,,
18070,13:10:00,,,,,,,,,,,,,,,,,,,,,,,,,
18071,13:11:00,,,,,,,,,,,,,,,,,,,,,,,,,
18072,13:12:00,,,,,,,,,,,,,,,,,,,,,,,,,
18073,13:13:00,,,,,,,,,,,,,,,,,,,,,,,,,
18074,13:14:00,,,,,,,,,,,,,,,,,,,,,,,,,
18075,13:15:00,,,,,,,,,,,,,,,,,,,,,,,,,
18076,13:16:00,,,,,,,,,,,,,,,,,,,,,,,,,
18077,13:17:00,,,,,,,,,,,,,,,,,,,,,,,,,
18078,13:18:00,,,,,,,,,,,,,,,,,,,,,,,,,
18079,13:19:00,,,,,,,,,,,,,,,,,,,,,,,,,
18080,13:20:00,,,,,,,,,,,,,,,,,,,,,,,,,
18081,13:21:00,,,,,,,,,,,,,,,,,,,,,,,,,
18082,13:22:00,,,,,,,,,,,,,,,,,,,,,,,,,
18083,13:23:00,,,,,,,,,,,,,,,,,,,,,,,,,
18084,13:24:00,,,,,,,,,,,,,,,,,,,,,,,,,
18085,13:25:00,,,,,,,,,,,,,,,,,,,,,,,,,
18086,13:26:00,,,,,,,,,,,,,,,,,,,,,,,,,
18087,13:27:00,,,,,,,,,,,,,,,,,,,,,,,,,
18088,13:28:00,,,,,,,,,,,,,,,,,,,,,,,,,
18089,13:29:00,,,,,,,,,,,,,,,,,,,,,,,,,
18090,13:30:00,,,,,,,,,,,,,,,,,,,,,,,,,
18091,13:31:00,,,,,,,,,,,,,,,,,,,,,,,,,
18092,13:32:00,,,,,,,,,,,,,,,,,,,,,,,,,
18093,13:33:00,,,,,,,,,,,,,,,,,,,,,,,,,
18094,13:34:00,,,,,,,,,,,,,,,,,,,,,,,,,
18095,13:35:00,,,,,,,,,,,,,,,,,,,,,,,,,
18096,13:36:00,,,,,,,,,,,,,,,,,,,,,,,,,
18097,13:37:00,,,,,,,,,,,,,,,,,,,,,,,,,
18098,13:38:00,,,,,,,,,,,,,,,,,,,,,,,,,
18099,13:39:00,,,,,,,,,,,,,,,,,,,,,,,,,
18100,13:40:00,,,,,,,,,,,,,,,,,,,,,,,,,
18101,13:41:00,,,,,,,,,,,,,,,,,,,,,,,,,
18102,13:42:00,,,,,,,,,,,,,,,,,,,,,,,,,
18103,13:43:00,,,,,,,,,,,,,,,,,,,,,,,,,
18104,13:44:00,,,,,,,,,,,,,,,,,,,,,,,,,
18105,13:45:00,,,,,,,,,,,,,,,,,,,,,,,,,
18106,13:46:00,,,,,,,,,,,,,,,,,,,,,,,,,
18107,13:47:00,,,,,,,,,,,,,,,,,,,,,,,,,
18108,13:48:00,,,,,,,,,,,,,,,,,,,,,,,,,
18109,13:49:00,,,,,,,,,,,,,,,,,,,,,,,,,
18110,13:50:00,,,,,,,,,,,,,,,,,,,,,,,,,
18111,13:51:00,,,,,,,,,,,,,,,,,,,,,,,,,
18112,13:52:00,,,,,,,,,,,,,,,,,,,,,,,,,
18113,13:53:00,,,,,,,,,,,,,,,,,,,,,,,,,
18114,13:54:00,,,,,,,,,,,,,,,,,,,,,,,,,
18115,13:55:00,,,,,,,,,,,,,,,,,,,,,,,,,
18116,13:56:00,,,,,,,,,,,,,,,,,,,,,,,,,
18117,13:57:00,,,,,,,,,,,,,,,,,,,,,,,,,
18118,13:58:00,,,,,,,,,,,,,,,,,,,,,,,,,
18119,13:59:00,,,,,,,,,,,,,,,,,,,,,,,,,
18120,14:00:00,,,,,,,,,,,,,,,,,,,,,,,,,
18121,14:01:00,,,,,,,,,,,,,,,,,,,,,,,,,
18122,14:02:00,,,,,,,,,,,,,,,,,,,,,,,,,
18123,14:03:00,,,,,,,,,,,,,,,,,,,,,,,,,
18124,14:04:00,,,,,,,,,,,,,,,,,,,,,,,,,
18125,14:05:00,,,,,,,,,,,,,,,,,,,,,,,,,
18126,14:06:00,,,,,,,,,,,,,,,,,,,,,,,,,
18127,14:07:00,,,,,,,,,,,,,,,,,,,,,,,,,
18128,14:08:00,,,,,,,,,,,,,,,,,,,,,,,,,
18129,14:09:00,,,,,,,,,,,,,,,,,,,,,,,,,
18130,14:10:00,,,,,,,,,,,,,,,,,,,,,,,,,
18131,14:11:00,,,,,,,,,,,,,,,,,,,,,,,,,
18132,14:12:00,,,,,,,,,,,,,,,,,,,,,,,,,
18133,14:13:00,,,,,,,,,,,,,,,,,,,,,,,,,
18134,14:14:00,,,,,,,,,,,,,,,,,,,,,,,,,
18135,14:15:00,,,,,,,,,,,,,,,,,,,,,,,,,
18136,14:16:00,,,,,,,,,,,,,,,,,,,,,,,,,
18137,14:17:00,,,,,,,,,,,,,,,,,,,,,,,,,
18138,14:18:00,,,,,,,,,,,,,,,,,,,,,,,,,
18139,14:19:00,,,,,,,,,,,,,,,,,,,,,,,,,
18140,14:20:00,,,,,,,,,,,,,,,,,,,,,,,,,
18141,14:21:00,,,,,,,,,,,,,,,,,,,,,,,,,
18142,14:22:00,,,,,,,,,,,,,,,,,,,,,,,,,
18143,14:23:00,,,,,,,,,,,,,,,,,,,,,,,,,
18144,14:24:00,,,,,,,,,,,,,,,,,,,,,,,,,
18145,14:25:00,,,,,,,,,,,,,,,,,,,,,,,,,
18146,14:26:00,,,,,,,,,,,,,,,,,,,,,,,,,
18147,14:27:00,,,,,,,,,,,,,,,,,,,,,,,,,
18148,14:28:00,,,,,,,,,,,,,,,,,,,,,,,,,
18149,14:29:00,,,,,,,,,,,,,,,,,,,,,,,,,
18150,14:30:00,,,,,,,,,,,,,,,,,,,,,,,,,
18151,14:31:00,,,,,,,,,,,,,,,,,,,,,,,,,
18152,14:32:00,,,,,,,,,,,,,,,,,,,,,,,,,
18153,14:33:00,,,,,,,,,,,,,,,,,,,,,,,,,
18154,14:34:00,,,,,,,,,,,,,,,,,,,,,,,,,
18155,14:35:00,,,,,,,,,,,,,,,,,,,,,,,,,
18156,14:36:00,,,,,,,,,,,,,,,,,,,,,,,,,
18157,14:37:00,,,,,,,,,,,,,,,,,,,,,,,,,
18158,14:38:00,,,,,,,,,,,,,,,,,,,,,,,,,
18159,14:39:00,,,,,,,,,,,,,,,,,,,,,,,,,
18160,14:40:00,,,,,,,,,,,,,,,,,,,,,,,,,
18161,14:41:00,,,,,,,,,,,,,,,,,,,,,,,,,
18162,14:42:00,,,,,,,,,,,,,,,,,,,,,,,,,
18163,14:43:00,,,,,,,,,,,,,,,,,,,,,,,,,
18164,14:44:00,,,,,,,,,,,,,,,,,,,,,,,,,
18165,14:45:00,,,,,,,,,,,,,,,,,,,,,,,,,
18166,14:46:00,,,,,,,,,,,,,,,,,,,,,,,,,
18167,14:47:00,,,,,,,,,,,,,,,,,,,,,,,,,
18168,14:48:00,,,,,,,,,,,,,,,,,,,,,,,,,
18169,14:49:00,,,,,,,,,,,,,,,,,,,,,,,,,
18170,14:50:00,,,,,,,,,,,,,,,,,,,,,,,,,
18171,14:51:00,,,,,,,,,,,,,,,,,,,,,,,,,
18172,14:52:00,,,,,,,,,,,,,,,,,,,,,,,,,
18173,14:53:00,,,,,,,,,,,,,,,,,,,,,,,,,
18174,14:54:00,,,,,,,,,,,,,,,,,,,,,,,,,
18175,14:55:00,,,,,,,,,,,,,,,,,,,,,,,,,
18176,14:56:00,,,,,,,,,,,,,,,,,,,,,,,,,
18177,14:57:00,,,,,,,,,,,,,,,,,,,,,,,,,
18178,14:58:00,,,,,,,,,,,,,,,,,,,,,,,,,
18179,14:59:00,,,,,,,,,,,,,,,,,,,,,,,,,
18180,15:00:00,,,,,,,,,,,,,,,,,,,,,,,,,
18181,15:01:00,,,,,,,,,,,,,,,,,,,,,,,,,
18182,15:02:00,,,,,,,,,,,,,,,,,,,,,,,,,
18183,15:03:00,,,,,,,,,,,,,,,,,,,,,,,,,
18184,15:04:00,,,,,,,,,,,,,,,,,,,,,,,,,
18185,15:05:00,,,,,,,,,,,,,,,,,,,,,,,,,
18186,15:06:00,,,,,,,,,,,,,,,,,,,,,,,,,
18187,15:07:00,,,,,,,,,,,,,,,,,,,,,,,,,
18188,15:08:00,,,,,,,,,,,,,,,,,,,,,,,,,
18189,15:09:00,,,,,,,,,,,,,,,,,,,,,,,,,
18190,15:10:00,,,,,,,,,,,,,,,,,,,,,,,,,
18191,15:11:00,,,,,,,,,,,,,,,,,,,,,,,,,
18192,15:12:00,,,,,,,,,,,,,,,,,,,,,,,,,
18193,15:13:00,,,,,,,,,,,,,,,,,,,,,,,,,
18194,15:14:00,,,,,,,,,,,,,,,,,,,,,,,,,
18195,15:15:00,,,,,,,,,,,,,,,,,,,,,,,,,
18196,15:16:00,,,,,,,,,,,,,,,,,,,,,,,,,
18197,15:17:00,,,,,,,,,,,,,,,,,,,,,,,,,
18198,15:18:00,,,,,,,,,,,,,,,,,,,,,,,,,
18199,15:19:00,,,,,,,,,,,,,,,,,,,,,,,,,
18200,15:20:00,,,,,,,,,,,,,,,,,,,,,,,,,
18201,15:21:00,,,,,,,,,,,,,,,,,,,,,,,,,
18202,15:22:00,,,,,,,,,,,,,,,,,,,,,,,,,
18203,15:23:00,,,,,,,,,,,,,,,,,,,,,,,,,
18204,15:24:00,,,,,,,,,,,,,,,,,,,,,,,,,
18205,15:25:00,,,,,,,,,,,,,,,,,,,,,,,,,
18206,15:26:00,,,,,,,,,,,,,,,,,,,,,,,,,
18207,15:27:00,,,,,,,,,,,,,,,,,,,,,,,,,
18208,15:28:00,,,,,,,,,,,,,,,,,,,,,,,,,
18209,15:29:00,,,,,,,,,,,,,,,,,,,,,,,,,
18210,15:30:00,,,,,,,,,,,,,,,,,,,,,,,,,
18211,15:31:00,,,,,,,,,,,,,,,,,,,,,,,,,
18212,15:32:00,,,,,,,,,,,,,,,,,,,,,,,,,
18213,15:33:00,,,,,,,,,,,,,,,,,,,,,,,,,
18214,15:34:00,,,,,,,,,,,,,,,,,,,,,,,,,
18215,15:35:00,,,,,,,,,,,,,,,,,,,,,,,,,
18216,15:36:00,,,,,,,,,,,,,,,,,,,,,,,,,
18217,15:37:00,,,,,,,,,,,,,,,,,,,,,,,,,
18218,15:38:00,,,,,,,,,,,,,,,,,,,,,,,,,
18219,15:39:00,,,,,,,,,,,,,,,,,,,,,,,,,
18220,15:40:00,,,,,,,,,,,,,,,,,,,,,,,,,
18221,15:41:00,,,,,,,,,,,,,,,,,,,,,,,,,
18222,15:42:00,,,,,,,,,,,,,,,,,,,,,,,,,
18223,15:43:00,,,,,,,,,,,,,,,,,,,,,,,,,
18224,15:44:00,,,,,,,,,,,,,,,,,,,,,,,,,
18225,15:45:00,,,,,,,,,,,,,,,,,,,,,,,,,
18226,15:46:00,,,,,,,,,,,,,,,,,,,,,,,,,
18227,15:47:00,,,,,,,,,,,,,,,,,,,,,,,,,
18228,15:48:00,,,,,,,,,,,,,,,,,,,,,,,,,
18229,15:49:00,,,,,,,,,,,,,,,,,,,,,,,,,
18230,15:50:00,,,,,,,,,,,,,,,,,,,,,,,,,
18231,15:51:00,,,,,,,,,,,,,,,,,,,,,,,,,
18232,15:52:00,,,,,,,,,,,,,,,,,,,,,,,,,
18233,15:53:00,,,,,,,,,,,,,,,,,,,,,,,,,
18234,15:54:00,,,,,,,,,,,,,,,,,,,,,,,,,
18235,15:55:00,,,,,,,,,,,,,,,,,,,,,,,,,
18236,15:56:00,,,,,,,,,,,,,,,,,,,,,,,,,
18237,15:57:00,,,,,,,,,,,,,,,,,,,,,,,,,
18238,15:58:00,,,,,,,,,,,,,,,,,,,,,,,,,
18239,15:59:00,,,,,,,,,,,,,,,,,,,,,,,,,
18240,16:00:00,,,,,,,,,,,,,,,,,,,,,,,,,
18241,16:01:00,,,,,,,,,,,,,,,,,,,,,,,,,
18242,16:02:00,,,,,,,,,,,,,,,,,,,,,,,,,
18243,16:03:00,,,,,,,,,,,,,,,,,,,,,,,,,
18244,16:04:00,,,,,,,,,,,,,,,,,,,,,,,,,
18245,16:05:00,,,,,,,,,,,,,,,,,,,,,,,,,
18246,16:06:00,,,,,,,,,,,,,,,,,,,,,,,,,
18247,16:07:00,,,,,,,,,,,,,,,,,,,,,,,,,
18248,16:08:00,,,,,,,,,,,,,,,,,,,,,,,,,
18249,16:09:00,,,,,,,,,,,,,,,,,,,,,,,,,
18250,16:10:00,,,,,,,,,,,,,,,,,,,,,,,,,
18251,16:11:00,,,,,,,,,,,,,,,,,,,,,,,,,
18252,16:12:00,,,,,,,,,,,,,,,,,,,,,,,,,
18253,16:13:00,,,,,,,,,,,,,,,,,,,,,,,,,
18254,16:14:00,,,,,,,,,,,,,,,,,,,,,,,,,
18255,16:15:00,,,,,,,,,,,,,,,,,,,,,,,,,
18256,16:16:00,,,,,,,,,,,,,,,,,,,,,,,,,
18257,16:17:00,,,,,,,,,,,,,,,,,,,,,,,,,
18258,16:18:00,,,,,,,,,,,,,,,,,,,,,,,,,
18259,16:19:00,,,,,,,,,,,,,,,,,,,,,,,,,
18260,16:20:00,,,,,,,,,,,,,,,,,,,,,,,,,
18261,16:21:00,,,,,,,,,,,,,,,,,,,,,,,,,
18262,16:22:00,,,,,,,,,,,,,,,,,,,,,,,,,
18263,16:23:00,,,,,,,,,,,,,,,,,,,,,,,,,
18264,16:24:00,,,,,,,,,,,,,,,,,,,,,,,,,
18265,16:25:00,,,,,,,,,,,,,,,,,,,,,,,,,
18266,16:26:00,,,,,,,,,,,,,,,,,,,,,,,,,
18267,16:27:00,,,,,,,,,,,,,,,,,,,,,,,,,
18268,16:28:00,,,,,,,,,,,,,,,,,,,,,,,,,
18269,16:29:00,,,,,,,,,,,,,,,,,,,,,,,,,
18270,16:30:00,,,,,,,,,,,,,,,,,,,,,,,,,
18271,16:31:00,,,,,,,,,,,,,,,,,,,,,,,,,
18272,16:32:00,,,,,,,,,,,,,,,,,,,,,,,,,
18273,16:33:00,,,,,,,,,,,,,,,,,,,,,,,,,
18274,16:34:00,,,,,,,,,,,,,,,,,,,,,,,,,
18275,16:35:00,,,,,,,,,,,,,,,,,,,,,,,,,
18276,16:36:00,,,,,,,,,,,,,,,,,,,,,,,,,
18277,16:37:00,,,,,,,,,,,,,,,,,,,,,,,,,
18278,16:38:00,,,,,,,,,,,,,,,,,,,,,,,,,
18279,16:39:00,,,,,,,,,,,,,,,,,,,,,,,,,
18280,16:40:00,,,,,,,,,,,,,,,,,,,,,,,,,
18281,16:41:00,,,,,,,,,,,,,,,,,,,,,,,,,
18282,16:42:00,,,,,,,,,,,,,,,,,,,,,,,,,
18283,16:43:00,,,,,,,,,,,,,,,,,,,,,,,,,
18284,16:44:00,,,,,,,,,,,,,,,,,,,,,,,,,
18285,16:45:00,,,,,,,,,,,,,,,,,,,,,,,,,
18286,16:46:00,,,,,,,,,,,,,,,,,,,,,,,,,
18287,16:47:00,,,,,,,,,,,,,,,,,,,,,,,,,
18288,16:48:00,,,,,,,,,,,,,,,,,,,,,,,,,
18289,16:49:00,,,,,,,,,,,,,,,,,,,,,,,,,
18290,16:50:00,,,,,,,,,,,,,,,,,,,,,,,,,
18291,16:51:00,,,,,,,,,,,,,,,,,,,,,,,,,
18292,16:52:00,,,,,,,,,,,,,,,,,,,,,,,,,
18293,16:53:00,,,,,,,,,,,,,,,,,,,,,,,,,
18294,16:54:00,,,,,,,,,,,,,,,,,,,,,,,,,
18295,16:55:00,,,,,,,,,,,,,,,,,,,,,,,,,
18296,16:56:00,,,,,,,,,,,,,,,,,,,,,,,,,
18297,16:57:00,,,,,,,,,,,,,,,,,,,,,,,,,
18298,16:58:00,,,,,,,,,,,,,,,,,,,,,,,,,
18299,16:59:00,,,,,,,,,,,,,,,,,,,,,,,,,
18300,17:00:00,,,,,,,,,,,,,,,,,,,,,,,,,
18301,17:01:00,,,,,,,,,,,,,,,,,,,,,,,,,
18302,17:02:00,,,,,,,,,,,,,,,,,,,,,,,,,
18303,17:03:00,,,,,,,,,,,,,,,,,,,,,,,,,
18304,17:04:00,,,,,,,,,,,,,,,,,,,,,,,,,
18305,17:05:00,,,,,,,,,,,,,,,,,,,,,,,,,
18306,17:06:00,,,,,,,,,,,,,,,,,,,,,,,,,
18307,17:07:00,,,,,,,,,,,,,,,,,,,,,,,,,
18308,17:08:00,,,,,,,,,,,,,,,,,,,,,,,,,
18309,17:09:00,,,,,,,,,,,,,,,,,,,,,,,,,
18310,17:10:00,,,,,,,,,,,,,,,,,,,,,,,,,
18311,17:11:00,,,,,,,,,,,,,,,,,,,,,,,,,
18312,17:12:00,,,,,,,,,,,,,,,,,,,,,,,,,
18313,17:13:00,,,,,,,,,,,,,,,,,,,,,,,,,
18314,17:14:00,,,,,,,,,,,,,,,,,,,,,,,,,
18315,17:15:00,,,,,,,,,,,,,,,,,,,,,,,,,
18316,17:16:00,,,,,,,,,,,,,,,,,,,,,,,,,
18317,17:17:00,,,,,,,,,,,,,,,,,,,,,,,,,
18318,17:18:00,,,,,,,,,,,,,,,,,,,,,,,,,
18319,17:19:00,,,,,,,,,,,,,,,,,,,,,,,,,
18320,17:20:00,,,,,,,,,,,,,,,,,,,,,,,,,
18321,17:21:00,,,,,,,,,,,,,,,,,,,,,,,,,
18322,17:22:00,,,,,,,,,,,,,,,,,,,,,,,,,
18323,17:23:00,,,,,,,,,,,,,,,,,,,,,,,,,
18324,17:24:00,,,,,,,,,,,,,,,,,,,,,,,,,
18325,17:25:00,,,,,,,,,,,,,,,,,,,,,,,,,
18326,17:26:00,,,,,,,,,,,,,,,,,,,,,,,,,
18327,17:27:00,,,,,,,,,,,,,,,,,,,,,,,,,
18328,17:28:00,,,,,,,,,,,,,,,,,,,,,,,,,
18329,17:29:00,,,,,,,,,,,,,,,,,,,,,,,,,
18330,17:30:00,,,,,,,,,,,,,,,,,,,,,,,,,
18331,17:31:00,,,,,,,,,,,,,,,,,,,,,,,,,
18332,17:32:00,,,,,,,,,,,,,,,,,,,,,,,,,
18333,17:33:00,,,,,,,,,,,,,,,,,,,,,,,,,
18334,17:34:00,,,,,,,,,,,,,,,,,,,,,,,,,
18335,17:35:00,,,,,,,,,,,,,,,,,,,,,,,,,
18336,17:36:00,,,,,,,,,,,,,,,,,,,,,,,,,
18337,17:37:00,,,,,,,,,,,,,,,,,,,,,,,,,
18338,17:38:00,,,,,,,,,,,,,,,,,,,,,,,,,
18339,17:39:00,,,,,,,,,,,,,,,,,,,,,,,,,
18340,17:40:00,,,,,,,,,,,,,,,,,,,,,,,,,
18341,17:41:00,,,,,,,,,,,,,,,,,,,,,,,,,
18342,17:42:00,,,,,,,,,,,,,,,,,,,,,,,,,
18343,17:43:00,,,,,,,,,,,,,,,,,,,,,,,,,
18344,17:44:00,,,,,,,,,,,,,,,,,,,,,,,,,
18345,17:45:00,,,,,,,,,,,,,,,,,,,,,,,,,
18346,17:46:00,,,,,,,,,,,,,,,,,,,,,,,,,
18347,17:47:00,,,,,,,,,,,,,,,,,,,,,,,,,
18348,17:48:00,,,,,,,,,,,,,,,,,,,,,,,,,
18349,17:49:00,,,,,,,,,,,,,,,,,,,,,,,,,
18350,17:50:00,,,,,,,,,,,,,,,,,,,,,,,,,
18351,17:51:00,,,,,,,,,,,,,,,,,,,,,,,,,
18352,17:52:00,,,,,,,,,,,,,,,,,,,,,,,,,
18353,17:53:00,,,,,,,,,,,,,,,,,,,,,,,,,
18354,17:54:00,,,,,,,,,,,,,,,,,,,,,,,,,
18355,17:55:00,,,,,,,,,,,,,,,,,,,,,,,,,
18356,17:56:00,,,,,,,,,,,,,,,,,,,,,,,,,
18357,17:57:00,,,,,,,,,,,,,,,,,,,,,,,,,
18358,17:58:00,,,,,,,,,,,,,,,,,,,,,,,,,
18359,17:59:00,,,,,,,,,,,,,,,,,,,,,,,,,
18360,18:00:00,,,,,,,,,,,,,,,,,,,,,,,,,
18361,18:01:00,,,,,,,,,,,,,,,,,,,,,,,,,
18362,18:02:00,,,,,,,,,,,,,,,,,,,,,,,,,
18363,18:03:00,,,,,,,,,,,,,,,,,,,,,,,,,
18364,18:04:00,,,,,,,,,,,,,,,,,,,,,,,,,
18365,18:05:00,,,,,,,,,,,,,,,,,,,,,,,,,
18366,18:06:00,,,,,,,,,,,,,,,,,,,,,,,,,
18367,18:07:00,,,,,,,,,,,,,,,,,,,,,,,,,
18368,18:08:00,,,,,,,,,,,,,,,,,,,,,,,,,
18369,18:09:00,,,,,,,,,,,,,,,,,,,,,,,,,
18370,18:10:00,,,,,,,,,,,,,,,,,,,,,,,,,
18371,18:11:00,,,,,,,,,,,,,,,,,,,,,,,,,
18372,18:12:00,,,,,,,,,,,,,,,,,,,,,,,,,
18373,18:13:00,,,,,,,,,,,,,,,,,,,,,,,,,
18374,18:14:00,,,,,,,,,,,,,,,,,,,,,,,,,
18375,18:15:00,,,,,,,,,,,,,,,,,,,,,,,,,
18376,18:16:00,,,,,,,,,,,,,,,,,,,,,,,,,
18377,18:17:00,,,,,,,,,,,,,,,,,,,,,,,,,
18378,18:18:00,,,,,,,,,,,,,,,,,,,,,,,,,
18379,18:19:00,,,,,,,,,,,,,,,,,,,,,,,,,
18380,18:20:00,,,,,,,,,,,,,,,,,,,,,,,,,
18381,18:21:00,,,,,,,,,,,,,,,,,,,,,,,,,
18382,18:22:00,,,,,,,,,,,,,,,,,,,,,,,,,
18383,18:23:00,,,,,,,,,,,,,,,,,,,,,,,,,
18384,18:24:00,,,,,,,,,,,,,,,,,,,,,,,,,
18385,18:25:00,,,,,,,,,,,,,,,,,,,,,,,,,
18386,18:26:00,,,,,,,,,,,,,,,,,,,,,,,,,
18387,18:27:00,,,,,,,,,,,,,,,,,,,,,,,,,
18388,18:28:00,,,,,,,,,,,,,,,,,,,,,,,,,
18389,18:29:00,,,,,,,,,,,,,,,,,,,,,,,,,
18390,18:30:00,,,,,,,,,,,,,,,,,,,,,,,,,
18391,18:31:00,,,,,,,,,,,,,,,,,,,,,,,,,
18392,18:32:00,,,,,,,,,,,,,,,,,,,,,,,,,
18393,18:33:00,,,,,,,,,,,,,,,,,,,,,,,,,
18394,18:34:00,,,,,,,,,,,,,,,,,,,,,,,,,
18395,18:35:00,,,,,,,,,,,,,,,,,,,,,,,,,
18396,18:36:00,,,,,,,,,,,,,,,,,,,,,,,,,
18397,18:37:00,,,,,,,,,,,,,,,,,,,,,,,,,
18398,18:38:00,,,,,,,,,,,,,,,,,,,,,,,,,
18399,18:39:00,,,,,,,,,,,,,,,,,,,,,,,,,
18400,18:40:00,,,,,,,,,,,,,,,,,,,,,,,,,
18401,18:41:00,,,,,,,,,,,,,,,,,,,,,,,,,
18402,18:42:00,,,,,,,,,,,,,,,,,,,,,,,,,
18403,18:43:00,,,,,,,,,,,,,,,,,,,,,,,,,
18404,18:44:00,,,,,,,,,,,,,,,,,,,,,,,,,
18405,18:45:00,,,,,,,,,,,,,,,,,,,,,,,,,
18406,18:46:00,,,,,,,,,,,,,,,,,,,,,,,,,
18407,18:47:00,,,,,,,,,,,,,,,,,,,,,,,,,
18408,18:48:00,,,,,,,,,,,,,,,,,,,,,,,,,
18409,18:49:00,,,,,,,,,,,,,,,,,,,,,,,,,
18410,18:50:00,,,,,,,,,,,,,,,,,,,,,,,,,
18411,18:51:00,,,,,,,,,,,,,,,,,,,,,,,,,
18412,18:52:00,,,,,,,,,,,,,,,,,,,,,,,,,
18413,18:53:00,,,,,,,,,,,,,,,,,,,,,,,,,
18414,18:54:00,,,,,,,,,,,,,,,,,,,,,,,,,
18415,18:55:00,,,,,,,,,,,,,,,,,,,,,,,,,
18416,18:56:00,,,,,,,,,,,,,,,,,,,,,,,,,
18417,18:57:00,,,,,,,,,,,,,,,,,,,,,,,,,
18418,18:58:00,,,,,,,,,,,,,,,,,,,,,,,,,
18419,18:59:00,,,,,,,,,,,,,,,,,,,,,,,,,
18420,19:00:00,,,,,,,,,,,,,,,,,,,,,,,,,
18421,19:01:00,,,,,,,,,,,,,,,,,,,,,,,,,
18422,19:02:00,,,,,,,,,,,,,,,,,,,,,,,,,
18423,19:03:00,,,,,,,,,,,,,,,,,,,,,,,,,
18424,19:04:00,,,,,,,,,,,,,,,,,,,,,,,,,
18425,19:05:00,,,,,,,,,,,,,,,,,,,,,,,,,
18426,19:06:00,,,,,,,,,,,,,,,,,,,,,,,,,
18427,19:07:00,,,,,,,,,,,,,,,,,,,,,,,,,
18428,19:08:00,,,,,,,,,,,,,,,,,,,,,,,,,
18429,19:09:00,,,,,,,,,,,,,,,,,,,,,,,,,
18430,19:10:00,,,,,,,,,,,,,,,,,,,,,,,,,
18431,19:11:00,,,,,,,,,,,,,,,,,,,,,,,,,
18432,19:12:00,,,,,,,,,,,,,,,,,,,,,,,,,
18433,19:13:00,,,,,,,,,,,,,,,,,,,,,,,,,
18434,19:14:00,,,,,,,,,,,,,,,,,,,,,,,,,
18435,19:15:00,,,,,,,,,,,,,,,,,,,,,,,,,
18436,19:16:00,,,,,,,,,,,,,,,,,,,,,,,,,
18437,19:17:00,,,,,,,,,,,,,,,,,,,,,,,,,
18438,19:18:00,,,,,,,,,,,,,,,,,,,,,,,,,
18439,19:19:00,,,,,,,,,,,,,,,,,,,,,,,,,
18440,19:20:00,,,,,,,,,,,,,,,,,,,,,,,,,
18441,19:21:00,,,,,,,,,,,,,,,,,,,,,,,,,
18442,19:22:00,,,,,,,,,,,,,,,,,,,,,,,,,
18443,19:23:00,,,,,,,,,,,,,,,,,,,,,,,,,
18444,19:24:00,,,,,,,,,,,,,,,,,,,,,,,,,
18445,19:25:00,,,,,,,,,,,,,,,,,,,,,,,,,
18446,19:26:00,,,,,,,,,,,,,,,,,,,,,,,,,
18447,19:27:00,,,,,,,,,,,,,,,,,,,,,,,,,
18448,19:28:00,,,,,,,,,,,,,,,,,,,,,,,,,
18449,19:29:00,,,,,,,,,,,,,,,,,,,,,,,,,
18450,19:30:00,,,,,,,,,,,,,,,,,,,,,,,,,
18451,19:31:00,,,,,,,,,,,,,,,,,,,,,,,,,
18452,19:32:00,,,,,,,,,,,,,,,,,,,,,,,,,
18453,19:33:00,,,,,,,,,,,,,,,,,,,,,,,,,
18454,19:34:00,,,,,,,,,,,,,,,,,,,,,,,,,
18455,19:35:00,,,,,,,,,,,,,,,,,,,,,,,,,
18456,19:36:00,,,,,,,,,,,,,,,,,,,,,,,,,
18457,19:37:00,,,,,,,,,,,,,,,,,,,,,,,,,
18458,19:38:00,,,,,,,,,,,,,,,,,,,,,,,,,
18459,19:39:00,,,,,,,,,,,,,,,,,,,,,,,,,
18460,19:40:00,,,,,,,,,,,,,,,,,,,,,,,,,
18461,19:41:00,,,,,,,,,,,,,,,,,,,,,,,,,
18462,19:42:00,,,,,,,,,,,,,,,,,,,,,,,,,
18463,19:43:00,,,,,,,,,,,,,,,,,,,,,,,,,
18464,19:44:00,,,,,,,,,,,,,,,,,,,,,,,,,
18465,19:45:00,,,,,,,,,,,,,,,,,,,,,,,,,
18466,19:46:00,,,,,,,,,,,,,,,,,,,,,,,,,
18467,19:47:00,,,,,,,,,,,,,,,,,,,,,,,,,
18468,19:48:00,,,,,,,,,,,,,,,,,,,,,,,,,
18469,19:49:00,,,,,,,,,,,,,,,,,,,,,,,,,
18470,19:50:00,,,,,,,,,,,,,,,,,,,,,,,,,
18471,19:51:00,,,,,,,,,,,,,,,,,,,,,,,,,
18472,19:52:00,,,,,,,,,,,,,,,,,,,,,,,,,
18473,19:53:00,,,,,,,,,,,,,,,,,,,,,,,,,
18474,19:54:00,,,,,,,,,,,,,,,,,,,,,,,,,
18475,19:55:00,,,,,,,,,,,,,,,,,,,,,,,,,
18476,19:56:00,,,,,,,,,,,,,,,,,,,,,,,,,
18477,19:57:00,,,,,,,,,,,,,,,,,,,,,,,,,
18478,19:58:00,,,,,,,,,,,,,,,,,,,,,,,,,
18479,19:59:00,,,,,,,,,,,,,,,,,,,,,,,,,
18480,20:00:00,,,,,,,,,,,,,,,,,,,,,,,,,
18481,20:01:00,,,,,,,,,,,,,,,,,,,,,,,,,
18482,20:02:00,,,,,,,,,,,,,,,,,,,,,,,,,
18483,20:03:00,,,,,,,,,,,,,,,,,,,,,,,,,
18484,20:04:00,,,,,,,,,,,,,,,,,,,,,,,,,
18485,20:05:00,,,,,,,,,,,,,,,,,,,,,,,,,
18486,20:06:00,,,,,,,,,,,,,,,,,,,,,,,,,
18487,20:07:00,,,,,,,,,,,,,,,,,,,,,,,,,
18488,20:08:00,,,,,,,,,,,,,,,,,,,,,,,,,
18489,20:09:00,,,,,,,,,,,,,,,,,,,,,,,,,
18490,20:10:00,,,,,,,,,,,,,,,,,,,,,,,,,
18491,20:11:00,,,,,,,,,,,,,,,,,,,,,,,,,
18492,20:12:00,,,,,,,,,,,,,,,,,,,,,,,,,
18493,20:13:00,,,,,,,,,,,,,,,,,,,,,,,,,
18494,20:14:00,,,,,,,,,,,,,,,,,,,,,,,,,
18495,20:15:00,,,,,,,,,,,,,,,,,,,,,,,,,
18496,20:16:00,,,,,,,,,,,,,,,,,,,,,,,,,
18497,20:17:00,,,,,,,,,,,,,,,,,,,,,,,,,
18498,20:18:00,,,,,,,,,,,,,,,,,,,,,,,,,
18499,20:19:00,,,,,,,,,,,,,,,,,,,,,,,,,
18500,20:20:00,,,,,,,,,,,,,,,,,,,,,,,,,
18501,20:21:00,,,,,,,,,,,,,,,,,,,,,,,,,
18502,20:22:00,,,,,,,,,,,,,,,,,,,,,,,,,
18503,20:23:00,,,,,,,,,,,,,,,,,,,,,,,,,
18504,20:24:00,,,,,,,,,,,,,,,,,,,,,,,,,
18505,20:25:00,,,,,,,,,,,,,,,,,,,,,,,,,
18506,20:26:00,,,,,,,,,,,,,,,,,,,,,,,,,
18507,20:27:00,,,,,,,,,,,,,,,,,,,,,,,,,
18508,20:28:00,,,,,,,,,,,,,,,,,,,,,,,,,
18509,20:29:00,,,,,,,,,,,,,,,,,,,,,,,,,
18510,20:30:00,,,,,,,,,,,,,,,,,,,,,,,,,
18511,20:31:00,,,,,,,,,,,,,,,,,,,,,,,,,
18512,20:32:00,,,,,,,,,,,,,,,,,,,,,,,,,
18513,20:33:00,,,,,,,,,,,,,,,,,,,,,,,,,
18514,20:34:00,,,,,,,,,,,,,,,,,,,,,,,,,
18515,20:35:00,,,,,,,,,,,,,,,,,,,,,,,,,
18516,20:36:00,,,,,,,,,,,,,,,,,,,,,,,,,
18517,20:37:00,,,,,,,,,,,,,,,,,,,,,,,,,
18518,20:38:00,,,,,,,,,,,,,,,,,,,,,,,,,
18519,20:39:00,,,,,,,,,,,,,,,,,,,,,,,,,
18520,20:40:00,,,,,,,,,,,,,,,,,,,,,,,,,
18521,20:41:00,,,,,,,,,,,,,,,,,,,,,,,,,
18522,20:42:00,,,,,,,,,,,,,,,,,,,,,,,,,
18523,20:43:00,,,,,,,,,,,,,,,,,,,,,,,,,
18524,20:44:00,,,,,,,,,,,,,,,,,,,,,,,,,
18525,20:45:00,,,,,,,,,,,,,,,,,,,,,,,,,
18526,20:46:00,,,,,,,,,,,,,,,,,,,,,,,,,
18527,20:47:00,,,,,,,,,,,,,,,,,,,,,,,,,
18528,20:48:00,,,,,,,,,,,,,,,,,,,,,,,,,
18529,20:49:00,,,,,,,,,,,,,,,,,,,,,,,,,
18530,20:50:00,,,,,,,,,,,,,,,,,,,,,,,,,
18531,20:51:00,,,,,,,,,,,,,,,,,,,,,,,,,
18532,20:52:00,,,,,,,,,,,,,,,,,,,,,,,,,
18533,20:53:00,,,,,,,,,,,,,,,,,,,,,,,,,
18534,20:54:00,,,,,,,,,,,,,,,,,,,,,,,,,
18535,20:55:00,,,,,,,,,,,,,,,,,,,,,,,,,
18536,20:56:00,,,,,,,,,,,,,,,,,,,,,,,,,
18537,20:57:00,,,,,,,,,,,,,,,,,,,,,,,,,
18538,20:58:00,,,,,,,,,,,,,,,,,,,,,,,,,
18539,20:59:00,,,,,,,,,,,,,,,,,,,,,,,,,
18540,21:00:00,,,,,,,,,,,,,,,,,,,,,,,,,
18541,21:01:00,,,,,,,,,,,,,,,,,,,,,,,,,
18542,21:02:00,,,,,,,,,,,,,,,,,,,,,,,,,
18543,21:03:00,,,,,,,,,,,,,,,,,,,,,,,,,
18544,21:04:00,,,,,,,,,,,,,,,,,,,,,,,,,
18545,21:05:00,,,,,,,,,,,,,,,,,,,,,,,,,
18546,21:06:00,,,,,,,,,,,,,,,,,,,,,,,,,
18547,21:07:00,,,,,,,,,,,,,,,,,,,,,,,,,
18548,21:08:00,,,,,,,,,,,,,,,,,,,,,,,,,
18549,21:09:00,,,,,,,,,,,,,,,,,,,,,,,,,
18550,21:10:00,,,,,,,,,,,,,,,,,,,,,,,,,
18551,21:11:00,,,,,,,,,,,,,,,,,,,,,,,,,
18552,21:12:00,,,,,,,,,,,,,,,,,,,,,,,,,
18553,21:13:00,,,,,,,,,,,,,,,,,,,,,,,,,
18554,21:14:00,,,,,,,,,,,,,,,,,,,,,,,,,
18555,21:15:00,,,,,,,,,,,,,,,,,,,,,,,,,
18556,21:16:00,,,,,,,,,,,,,,,,,,,,,,,,,
18557,21:17:00,,,,,,,,,,,,,,,,,,,,,,,,,
18558,21:18:00,,,,,,,,,,,,,,,,,,,,,,,,,
18559,21:19:00,,,,,,,,,,,,,,,,,,,,,,,,,
18560,21:20:00,,,,,,,,,,,,,,,,,,,,,,,,,
18561,21:21:00,,,,,,,,,,,,,,,,,,,,,,,,,
18562,21:22:00,,,,,,,,,,,,,,,,,,,,,,,,,
18563,21:23:00,,,,,,,,,,,,,,,,,,,,,,,,,
18564,21:24:00,,,,,,,,,,,,,,,,,,,,,,,,,
18565,21:25:00,,,,,,,,,,,,,,,,,,,,,,,,,
18566,21:26:00,,,,,,,,,,,,,,,,,,,,,,,,,
18567,21:27:00,,,,,,,,,,,,,,,,,,,,,,,,,
18568,21:28:00,,,,,,,,,,,,,,,,,,,,,,,,,
18569,21:29:00,,,,,,,,,,,,,,,,,,,,,,,,,
18570,21:30:00,,,,,,,,,,,,,,,,,,,,,,,,,
18571,21:31:00,,,,,,,,,,,,,,,,,,,,,,,,,
18572,21:32:00,,,,,,,,,,,,,,,,,,,,,,,,,
18573,21:33:00,,,,,,,,,,,,,,,,,,,,,,,,,
18574,21:34:00,,,,,,,,,,,,,,,,,,,,,,,,,
18575,21:35:00,,,,,,,,,,,,,,,,,,,,,,,,,
18576,21:36:00,,,,,,,,,,,,,,,,,,,,,,,,,
18577,21:37:00,,,,,,,,,,,,,,,,,,,,,,,,,
18578,21:38:00,,,,,,,,,,,,,,,,,,,,,,,,,
18579,21:39:00,,,,,,,,,,,,,,,,,,,,,,,,,
18580,21:40:00,,,,,,,,,,,,,,,,,,,,,,,,,
18581,21:41:00,,,,,,,,,,,,,,,,,,,,,,,,,
18582,21:42:00,,,,,,,,,,,,,,,,,,,,,,,,,
18583,21:43:00,,,,,,,,,,,,,,,,,,,,,,,,,
18584,21:44:00,,,,,,,,,,,,,,,,,,,,,,,,,
18585,21:45:00,,,,,,,,,,,,,,,,,,,,,,,,,
18586,21:46:00,,,,,,,,,,,,,,,,,,,,,,,,,
18587,21:47:00,,,,,,,,,,,,,,,,,,,,,,,,,
18588,21:48:00,,,,,,,,,,,,,,,,,,,,,,,,,
18589,21:49:00,,,,,,,,,,,,,,,,,,,,,,,,,
18590,21:50:00,,,,,,,,,,,,,,,,,,,,,,,,,
18591,21:51:00,,,,,,,,,,,,,,,,,,,,,,,,,
18592,21:52:00,,,,,,,,,,,,,,,,,,,,,,,,,
18593,21:53:00,,,,,,,,,,,,,,,,,,,,,,,,,
18594,21:54:00,,,,,,,,,,,,,,,,,,,,,,,,,
18595,21:55:00,,,,,,,,,,,,,,,,,,,,,,,,,
18596,21:56:00,,,,,,,,,,,,,,,,,,,,,,,,,
18597,21:57:00,,,,,,,,,,,,,,,,,,,,,,,,,
18598,21:58:00,,,,,,,,,,,,,,,,,,,,,,,,,
18599,21:59:00,,,,,,,,,,,,,,,,,,,,,,,,,
18600,22:00:00,,,,,,,,,,,,,,,,,,,,,,,,,
18601,22:01:00,,,,,,,,,,,,,,,,,,,,,,,,,
18602,22:02:00,,,,,,,,,,,,,,,,,,,,,,,,,
18603,22:03:00,,,,,,,,,,,,,,,,,,,,,,,,,
18604,22:04:00,,,,,,,,,,,,,,,,,,,,,,,,,
18605,22:05:00,,,,,,,,,,,,,,,,,,,,,,,,,
18606,22:06:00,,,,,,,,,,,,,,,,,,,,,,,,,
18607,22:07:00,,,,,,,,,,,,,,,,,,,,,,,,,
18608,22:08:00,,,,,,,,,,,,,,,,,,,,,,,,,
18609,22:09:00,,,,,,,,,,,,,,,,,,,,,,,,,
18610,22:10:00,,,,,,,,,,,,,,,,,,,,,,,,,
18611,22:11:00,,,,,,,,,,,,,,,,,,,,,,,,,
18612,22:12:00,,,,,,,,,,,,,,,,,,,,,,,,,
18613,22:13:00,,,,,,,,,,,,,,,,,,,,,,,,,
18614,22:14:00,,,,,,,,,,,,,,,,,,,,,,,,,
18615,22:15:00,,,,,,,,,,,,,,,,,,,,,,,,,
18616,22:16:00,,,,,,,,,,,,,,,,,,,,,,,,,
18617,22:17:00,,,,,,,,,,,,,,,,,,,,,,,,,
18618,22:18:00,,,,,,,,,,,,,,,,,,,,,,,,,
18619,22:19:00,,,,,,,,,,,,,,,,,,,,,,,,,
18620,22:20:00,,,,,,,,,,,,,,,,,,,,,,,,,
18621,22:21:00,,,,,,,,,,,,,,,,,,,,,,,,,
18622,22:22:00,,,,,,,,,,,,,,,,,,,,,,,,,
18623,22:23:00,,,,,,,,,,,,,,,,,,,,,,,,,
18624,22:24:00,,,,,,,,,,,,,,,,,,,,,,,,,
18625,22:25:00,,,,,,,,,,,,,,,,,,,,,,,,,
18626,22:26:00,,,,,,,,,,,,,,,,,,,,,,,,,
18627,22:27:00,,,,,,,,,,,,,,,,,,,,,,,,,
18628,22:28:00,,,,,,,,,,,,,,,,,,,,,,,,,
18629,22:29:00,,,,,,,,,,,,,,,,,,,,,,,,,
18630,22:30:00,,,,,,,,,,,,,,,,,,,,,,,,,
18631,22:31:00,,,,,,,,,,,,,,,,,,,,,,,,,
18632,22:32:00,,,,,,,,,,,,,,,,,,,,,,,,,
18633,22:33:00,,,,,,,,,,,,,,,,,,,,,,,,,
18634,22:34:00,,,,,,,,,,,,,,,,,,,,,,,,,
18635,22:35:00,,,,,,,,,,,,,,,,,,,,,,,,,
18636,22:36:00,,,,,,,,,,,,,,,,,,,,,,,,,
18637,22:37:00,,,,,,,,,,,,,,,,,,,,,,,,,
18638,22:38:00,,,,,,,,,,,,,,,,,,,,,,,,,
18639,22:39:00,,,,,,,,,,,,,,,,,,,,,,,,,
18640,22:40:00,,,,,,,,,,,,,,,,,,,,,,,,,
18641,22:41:00,,,,,,,,,,,,,,,,,,,,,,,,,
18642,22:42:00,,,,,,,,,,,,,,,,,,,,,,,,,
18643,22:43:00,,,,,,,,,,,,,,,,,,,,,,,,,
18644,22:44:00,,,,,,,,,,,,,,,,,,,,,,,,,
18645,22:45:00,,,,,,,,,,,,,,,,,,,,,,,,,
18646,22:46:00,,,,,,,,,,,,,,,,,,,,,,,,,
18647,22:47:00,,,,,,,,,,,,,,,,,,,,,,,,,
18648,22:48:00,,,,,,,,,,,,,,,,,,,,,,,,,
18649,22:49:00,,,,,,,,,,,,,,,,,,,,,,,,,
18650,22:50:00,,,,,,,,,,,,,,,,,,,,,,,,,
18651,22:51:00,,,,,,,,,,,,,,,,,,,,,,,,,
18652,22:52:00,,,,,,,,,,,,,,,,,,,,,,,,,
18653,22:53:00,,,,,,,,,,,,,,,,,,,,,,,,,
18654,22:54:00,,,,,,,,,,,,,,,,,,,,,,,,,
18655,22:55:00,,,,,,,,,,,,,,,,,,,,,,,,,
18656,22:56:00,,,,,,,,,,,,,,,,,,,,,,,,,
18657,22:57:00,,,,,,,,,,,,,,,,,,,,,,,,,
18658,22:58:00,,,,,,,,,,,,,,,,,,,,,,,,,
18659,22:59:00,,,,,,,,,,,,,,,,,,,,,,,,,
18660,23:00:00,,,,,,,,,,,,,,,,,,,,,,,,,
18661,23:01:00,,,,,,,,,,,,,,,,,,,,,,,,,
18662,23:02:00,,,,,,,,,,,,,,,,,,,,,,,,,
18663,23:03:00,,,,,,,,,,,,,,,,,,,,,,,,,
18664,23:04:00,,,,,,,,,,,,,,,,,,,,,,,,,
18665,23:05:00,,,,,,,,,,,,,,,,,,,,,,,,,
18666,23:06:00,,,,,,,,,,,,,,,,,,,,,,,,,
18667,23:07:00,,,,,,,,,,,,,,,,,,,,,,,,,
18668,23:08:00,,,,,,,,,,,,,,,,,,,,,,,,,
18669,23:09:00,,,,,,,,,,,,,,,,,,,,,,,,,
18670,23:10:00,,,,,,,,,,,,,,,,,,,,,,,,,
18671,23:11:00,,,,,,,,,,,,,,,,,,,,,,,,,
18672,23:12:00,,,,,,,,,,,,,,,,,,,,,,,,,
18673,23:13:00,,,,,,,,,,,,,,,,,,,,,,,,,
18674,23:14:00,,,,,,,,,,,,,,,,,,,,,,,,,
18675,23:15:00,,,,,,,,,,,,,,,,,,,,,,,,,
18676,23:16:00,,,,,,,,,,,,,,,,,,,,,,,,,
18677,23:17:00,,,,,,,,,,,,,,,,,,,,,,,,,
18678,23:18:00,,,,,,,,,,,,,,,,,,,,,,,,,
18679,23:19:00,,,,,,,,,,,,,,,,,,,,,,,,,
18680,23:20:00,,,,,,,,,,,,,,,,,,,,,,,,,
18681,23:21:00,,,,,,,,,,,,,,,,,,,,,,,,,
18682,23:22:00,,,,,,,,,,,,,,,,,,,,,,,,,
18683,23:23:00,,,,,,,,,,,,,,,,,,,,,,,,,
18684,23:24:00,,,,,,,,,,,,,,,,,,,,,,,,,
18685,23:25:00,,,,,,,,,,,,,,,,,,,,,,,,,
18686,23:26:00,,,,,,,,,,,,,,,,,,,,,,,,,
18687,23:27:00,,,,,,,,,,,,,,,,,,,,,,,,,
18688,23:28:00,,,,,,,,,,,,,,,,,,,,,,,,,
18689,23:29:00,,,,,,,,,,,,,,,,,,,,,,,,,
18690,23:30:00,,,,,,,,,,,,,,,,,,,,,,,,,
18691,23:31:00,,,,,,,,,,,,,,,,,,,,,,,,,
18692,23:32:00,,,,,,,,,,,,,,,,,,,,,,,,,
18693,23:33:00,,,,,,,,,,,,,,,,,,,,,,,,,
18694,23:34:00,,,,,,,,,,,,,,,,,,,,,,,,,
18695,23:35:00,,,,,,,,,,,,,,,,,,,,,,,,,
18696,23:36:00,,,,,,,,,,,,,,,,,,,,,,,,,
18697,23:37:00,,,,,,,,,,,,,,,,,,,,,,,,,
18698,23:38:00,,,,,,,,,,,,,,,,,,,,,,,,,
18699,23:39:00,,,,,,,,,,,,,,,,,,,,,,,,,
18700,23:40:00,,,,,,,,,,,,,,,,,,,,,,,,,
18701,23:41:00,,,,,,,,,,,,,,,,,,,,,,,,,
18702,23:42:00,,,,,,,,,,,,,,,,,,,,,,,,,
18703,23:43:00,,,,,,,,,,,,,,,,,,,,,,,,,
18704,23:44:00,,,,,,,,,,,,,,,,,,,,,,,,,
18705,23:45:00,,,,,,,,,,,,,,,,,,,,,,,,,
18706,23:46:00,,,,,,,,,,,,,,,,,,,,,,,,,
18707,23:47:00,,,,,,,,,,,,,,,,,,,,,,,,,
18708,23:48:00,,,,,,,,,,,,,,,,,,,,,,,,,
18709,23:49:00,,,,,,,,,,,,,,,,,,,,,,,,,
18710,23:50:00,,,,,,,,,,,,,,,,,,,,,,,,,
18711,23:51:00,,,,,,,,,,,,,,,,,,,,,,,,,
18712,23:52:00,,,,,,,,,,,,,,,,,,,,,,,,,
18713,23:53:00,,,,,,,,,,,,,,,,,,,,,,,,,
18714,23:54:00,,,,,,,,,,,,,,,,,,,,,,,,,
18715,23:55:00,,,,,,,,,,,,,,,,,,,,,,,,,
18716,23:56:00,,,,,,,,,,,,,,,,,,,,,,,,,
18717,23:57:00,,,,,,,,,,,,,,,,,,,,,,,,,
18718,23:58:00,,,,,,,,,,,,,,,,,,,,,,,,,
18719,23:59:00,,,,,,,,,,,,,,,,,,,,,,,,,
18720,00:00:00,,,,,,,,,,,,,,,,,,,,,,,,,
18721,00:01:00,,,,,,,,,,,,,,,,,,,,,,,,,
18722,00:02:00,,,,,,,,,,,,,,,,,,,,,,,,,
18723,00:03:00,,,,,,,,,,,,,,,,,,,,,,,,,
18724,00:04:00,,,,,,,,,,,,,,,,,,,,,,,,,
18725,00:05:00,,,,,,,,,,,,,,,,,,,,,,,,,
18726,00:06:00,,,,,,,,,,,,,,,,,,,,,,,,,
18727,00:07:00,,,,,,,,,,,,,,,,,,,,,,,,,
18728,00:08:00,,,,,,,,,,,,,,,,,,,,,,,,,
18729,00:09:00,,,,,,,,,,,,,,,,,,,,,,,,,
18730,00:10:00,,,,,,,,,,,,,,,,,,,,,,,,,
18731,00:11:00,,,,,,,,,,,,,,,,,,,,,,,,,
18732,00:12:00,,,,,,,,,,,,,,,,,,,,,,,,,
18733,00:13:00,,,,,,,,,,,,,,,,,,,,,,,,,
18734,00:14:00,,,,,,,,,,,,,,,,,,,,,,,,,
18735,00:15:00,,,,,,,,,,,,,,,,,,,,,,,,,
18736,00:16:00,,,,,,,,,,,,,,,,,,,,,,,,,
18737,00:17:00,,,,,,,,,,,,,,,,,,,,,,,,,
18738,00:18:00,,,,,,,,,,,,,,,,,,,,,,,,,
18739,00:19:00,,,,,,,,,,,,,,,,,,,,,,,,,
18740,00:20:00,,,,,,,,,,,,,,,,,,,,,,,,,
18741,00:21:00,,,,,,,,,,,,,,,,,,,,,,,,,
18742,00:22:00,,,,,,,,,,,,,,,,,,,,,,,,,
18743,00:23:00,,,,,,,,,,,,,,,,,,,,,,,,,
18744,00:24:00,,,,,,,,,,,,,,,,,,,,,,,,,
18745,00:25:00,,,,,,,,,,,,,,,,,,,,,,,,,
18746,00:26:00,,,,,,,,,,,,,,,,,,,,,,,,,
18747,00:27:00,,,,,,,,,,,,,,,,,,,,,,,,,
18748,00:28:00,,,,,,,,,,,,,,,,,,,,,,,,,
18749,00:29:00,,,,,,,,,,,,,,,,,,,,,,,,,
18750,00:30:00,,,,,,,,,,,,,,,,,,,,,,,,,
18751,00:31:00,,,,,,,,,,,,,,,,,,,,,,,,,
18752,00:32:00,,,,,,,,,,,,,,,,,,,,,,,,,
18753,00:33:00,,,,,,,,,,,,,,,,,,,,,,,,,
18754,00:34:00,,,,,,,,,,,,,,,,,,,,,,,,,
18755,00:35:00,,,,,,,,,,,,,,,,,,,,,,,,,
18756,00:36:00,,,,,,,,,,,,,,,,,,,,,,,,,
18757,00:37:00,,,,,,,,,,,,,,,,,,,,,,,,,
18758,00:38:00,,,,,,,,,,,,,,,,,,,,,,,,,
18759,00:39:00,,,,,,,,,,,,,,,,,,,,,,,,,
18760,00:40:00,,,,,,,,,,,,,,,,,,,,,,,,,
18761,00:41:00,,,,,,,,,,,,,,,,,,,,,,,,,
18762,00:42:00,,,,,,,,,,,,,,,,,,,,,,,,,
18763,00:43:00,,,,,,,,,,,,,,,,,,,,,,,,,
18764,00:44:00,,,,,,,,,,,,,,,,,,,,,,,,,
18765,00:45:00,,,,,,,,,,,,,,,,,,,,,,,,,
18766,00:46:00,,,,,,,,,,,,,,,,,,,,,,,,,
18767,00:47:00,,,,,,,,,,,,,,,,,,,,,,,,,
18768,00:48:00,,,,,,,,,,,,,,,,,,,,,,,,,
18769,00:49:00,,,,,,,,,,,,,,,,,,,,,,,,,
18770,00:50:00,,,,,,,,,,,,,,,,,,,,,,,,,
18771,00:51:00,,,,,,,,,,,,,,,,,,,,,,,,,
18772,00:52:00,,,,,,,,,,,,,,,,,,,,,,,,,
18773,00:53:00,,,,,,,,,,,,,,,,,,,,,,,,,
18774,00:54:00,,,,,,,,,,,,,,,,,,,,,,,,,
18775,00:55:00,,,,,,,,,,,,,,,,,,,,,,,,,
18776,00:56:00,,,,,,,,,,,,,,,,,,,,,,,,,
18777,00:57:00,,,,,,,,,,,,,,,,,,,,,,,,,
18778,00:58:00,,,,,,,,,,,,,,,,,,,,,,,,,
18779,00:59:00,,,,,,,,,,,,,,,,,,,,,,,,,
18780,01:00:00,,,,,,,,,,,,,,,,,,,,,,,,,
18781,01:01:00,,,,,,,,,,,,,,,,,,,,,,,,,
18782,01:02:00,,,,,,,,,,,,,,,,,,,,,,,,,
18783,01:03:00,,,,,,,,,,,,,,,,,,,,,,,,,
18784,01:04:00,,,,,,,,,,,,,,,,,,,,,,,,,
18785,01:05:00,,,,,,,,,,,,,,,,,,,,,,,,,
18786,01:06:00,,,,,,,,,,,,,,,,,,,,,,,,,
18787,01:07:00,,,,,,,,,,,,,,,,,,,,,,,,,
18788,01:08:00,,,,,,,,,,,,,,,,,,,,,,,,,
18789,01:09:00,,,,,,,,,,,,,,,,,,,,,,,,,
18790,01:10:00,,,,,,,,,,,,,,,,,,,,,,,,,
18791,01:11:00,,,,,,,,,,,,,,,,,,,,,,,,,
18792,01:12:00,,,,,,,,,,,,,,,,,,,,,,,,,
18793,01:13:00,,,,,,,,,,,,,,,,,,,,,,,,,
18794,01:14:00,,,,,,,,,,,,,,,,,,,,,,,,,
18795,01:15:00,,,,,,,,,,,,,,,,,,,,,,,,,
18796,01:16:00,,,,,,,,,,,,,,,,,,,,,,,,,
18797,01:17:00,,,,,,,,,,,,,,,,,,,,,,,,,
18798,01:18:00,,,,,,,,,,,,,,,,,,,,,,,,,
18799,01:19:00,,,,,,,,,,,,,,,,,,,,,,,,,
18800,01:20:00,,,,,,,,,,,,,,,,,,,,,,,,,
18801,01:21:00,,,,,,,,,,,,,,,,,,,,,,,,,
18802,01:22:00,,,,,,,,,,,,,,,,,,,,,,,,,
18803,01:23:00,,,,,,,,,,,,,,,,,,,,,,,,,
18804,01:24:00,,,,,,,,,,,,,,,,,,,,,,,,,
18805,01:25:00,,,,,,,,,,,,,,,,,,,,,,,,,
18806,01:26:00,,,,,,,,,,,,,,,,,,,,,,,,,
18807,01:27:00,,,,,,,,,,,,,,,,,,,,,,,,,
18808,01:28:00,,,,,,,,,,,,,,,,,,,,,,,,,
18809,01:29:00,,,,,,,,,,,,,,,,,,,,,,,,,
18810,01:30:00,,,,,,,,,,,,,,,,,,,,,,,,,
18811,01:31:00,,,,,,,,,,,,,,,,,,,,,,,,,
18812,01:32:00,,,,,,,,,,,,,,,,,,,,,,,,,
18813,01:33:00,,,,,,,,,,,,,,,,,,,,,,,,,
18814,01:34:00,,,,,,,,,,,,,,,,,,,,,,,,,
18815,01:35:00,,,,,,,,,,,,,,,,,,,,,,,,,
18816,01:36:00,,,,,,,,,,,,,,,,,,,,,,,,,
18817,01:37:00,,,,,,,,,,,,,,,,,,,,,,,,,
18818,01:38:00,,,,,,,,,,,,,,,,,,,,,,,,,
18819,01:39:00,,,,,,,,,,,,,,,,,,,,,,,,,
18820,01:40:00,,,,,,,,,,,,,,,,,,,,,,,,,
18821,01:41:00,,,,,,,,,,,,,,,,,,,,,,,,,
18822,01:42:00,,,,,,,,,,,,,,,,,,,,,,,,,
18823,01:43:00,,,,,,,,,,,,,,,,,,,,,,,,,
18824,01:44:00,,,,,,,,,,,,,,,,,,,,,,,,,
18825,01:45:00,,,,,,,,,,,,,,,,,,,,,,,,,
18826,01:46:00,,,,,,,,,,,,,,,,,,,,,,,,,
18827,01:47:00,,,,,,,,,,,,,,,,,,,,,,,,,
18828,01:48:00,,,,,,,,,,,,,,,,,,,,,,,,,
18829,01:49:00,,,,,,,,,,,,,,,,,,,,,,,,,
18830,01:50:00,,,,,,,,,,,,,,,,,,,,,,,,,
18831,01:51:00,,,,,,,,,,,,,,,,,,,,,,,,,
18832,01:52:00,,,,,,,,,,,,,,,,,,,,,,,,,
18833,01:53:00,,,,,,,,,,,,,,,,,,,,,,,,,
18834,01:54:00,,,,,,,,,,,,,,,,,,,,,,,,,
18835,01:55:00,,,,,,,,,,,,,,,,,,,,,,,,,
18836,01:56:00,,,,,,,,,,,,,,,,,,,,,,,,,
18837,01:57:00,,,,,,,,,,,,,,,,,,,,,,,,,
18838,01:58:00,,,,,,,,,,,,,,,,,,,,,,,,,
18839,01:59:00,,,,,,,,,,,,,,,,,,,,,,,,,
18840,02:00:00,,,,,,,,,,,,,,,,,,,,,,,,,
18841,02:01:00,,,,,,,,,,,,,,,,,,,,,,,,,
18842,02:02:00,,,,,,,,,,,,,,,,,,,,,,,,,
18843,02:03:00,,,,,,,,,,,,,,,,,,,,,,,,,
18844,02:04:00,,,,,,,,,,,,,,,,,,,,,,,,,
18845,02:05:00,,,,,,,,,,,,,,,,,,,,,,,,,
18846,02:06:00,,,,,,,,,,,,,,,,,,,,,,,,,
18847,02:07:00,,,,,,,,,,,,,,,,,,,,,,,,,
18848,02:08:00,,,,,,,,,,,,,,,,,,,,,,,,,
18849,02:09:00,,,,,,,,,,,,,,,,,,,,,,,,,
18850,02:10:00,,,,,,,,,,,,,,,,,,,,,,,,,
18851,02:11:00,,,,,,,,,,,,,,,,,,,,,,,,,
18852,02:12:00,,,,,,,,,,,,,,,,,,,,,,,,,
18853,02:13:00,,,,,,,,,,,,,,,,,,,,,,,,,
18854,02:14:00,,,,,,,,,,,,,,,,,,,,,,,,,
18855,02:15:00,,,,,,,,,,,,,,,,,,,,,,,,,
18856,02:16:00,,,,,,,,,,,,,,,,,,,,,,,,,
18857,02:17:00,,,,,,,,,,,,,,,,,,,,,,,,,
18858,02:18:00,,,,,,,,,,,,,,,,,,,,,,,,,
18859,02:19:00,,,,,,,,,,,,,,,,,,,,,,,,,
18860,02:20:00,,,,,,,,,,,,,,,,,,,,,,,,,
18861,02:21:00,,,,,,,,,,,,,,,,,,,,,,,,,
18862,02:22:00,,,,,,,,,,,,,,,,,,,,,,,,,
18863,02:23:00,,,,,,,,,,,,,,,,,,,,,,,,,
18864,02:24:00,,,,,,,,,,,,,,,,,,,,,,,,,
18865,02:25:00,,,,,,,,,,,,,,,,,,,,,,,,,
18866,02:26:00,,,,,,,,,,,,,,,,,,,,,,,,,
18867,02:27:00,,,,,,,,,,,,,,,,,,,,,,,,,
18868,02:28:00,,,,,,,,,,,,,,,,,,,,,,,,,
18869,02:29:00,,,,,,,,,,,,,,,,,,,,,,,,,
18870,02:30:00,,,,,,,,,,,,,,,,,,,,,,,,,
18871,02:31:00,,,,,,,,,,,,,,,,,,,,,,,,,
18872,02:32:00,,,,,,,,,,,,,,,,,,,,,,,,,
18873,02:33:00,,,,,,,,,,,,,,,,,,,,,,,,,
18874,02:34:00,,,,,,,,,,,,,,,,,,,,,,,,,
18875,02:35:00,,,,,,,,,,,,,,,,,,,,,,,,,
18876,02:36:00,,,,,,,,,,,,,,,,,,,,,,,,,
18877,02:37:00,,,,,,,,,,,,,,,,,,,,,,,,,
18878,02:38:00,,,,,,,,,,,,,,,,,,,,,,,,,
18879,02:39:00,,,,,,,,,,,,,,,,,,,,,,,,,
18880,02:40:00,,,,,,,,,,,,,,,,,,,,,,,,,
18881,02:41:00,,,,,,,,,,,,,,,,,,,,,,,,,
18882,02:42:00,,,,,,,,,,,,,,,,,,,,,,,,,
18883,02:43:00,,,,,,,,,,,,,,,,,,,,,,,,,
18884,02:44:00,,,,,,,,,,,,,,,,,,,,,,,,,
18885,02:45:00,,,,,,,,,,,,,,,,,,,,,,,,,
18886,02:46:00,,,,,,,,,,,,,,,,,,,,,,,,,
18887,02:47:00,,,,,,,,,,,,,,,,,,,,,,,,,
18888,02:48:00,,,,,,,,,,,,,,,,,,,,,,,,,
18889,02:49:00,,,,,,,,,,,,,,,,,,,,,,,,,
18890,02:50:00,,,,,,,,,,,,,,,,,,,,,,,,,
18891,02:51:00,,,,,,,,,,,,,,,,,,,,,,,,,
18892,02:52:00,,,,,,,,,,,,,,,,,,,,,,,,,
18893,02:53:00,,,,,,,,,,,,,,,,,,,,,,,,,
18894,02:54:00,,,,,,,,,,,,,,,,,,,,,,,,,
18895,02:55:00,,,,,,,,,,,,,,,,,,,,,,,,,
18896,02:56:00,,,,,,,,,,,,,,,,,,,,,,,,,
18897,02:57:00,,,,,,,,,,,,,,,,,,,,,,,,,
18898,02:58:00,,,,,,,,,,,,,,,,,,,,,,,,,
18899,02:59:00,,,,,,,,,,,,,,,,,,,,,,,,,
18900,03:00:00,,,,,,,,,,,,,,,,,,,,,,,,,
18901,03:01:00,,,,,,,,,,,,,,,,,,,,,,,,,
18902,03:02:00,,,,,,,,,,,,,,,,,,,,,,,,,
18903,03:03:00,,,,,,,,,,,,,,,,,,,,,,,,,
18904,03:04:00,,,,,,,,,,,,,,,,,,,,,,,,,
18905,03:05:00,,,,,,,,,,,,,,,,,,,,,,,,,
18906,03:06:00,,,,,,,,,,,,,,,,,,,,,,,,,
18907,03:07:00,,,,,,,,,,,,,,,,,,,,,,,,,
18908,03:08:00,,,,,,,,,,,,,,,,,,,,,,,,,
18909,03:09:00,,,,,,,,,,,,,,,,,,,,,,,,,
18910,03:10:00,,,,,,,,,,,,,,,,,,,,,,,,,
18911,03:11:00,,,,,,,,,,,,,,,,,,,,,,,,,
18912,03:12:00,,,,,,,,,,,,,,,,,,,,,,,,,
18913,03:13:00,,,,,,,,,,,,,,,,,,,,,,,,,
18914,03:14:00,,,,,,,,,,,,,,,,,,,,,,,,,
18915,03:15:00,,,,,,,,,,,,,,,,,,,,,,,,,
18916,03:16:00,,,,,,,,,,,,,,,,,,,,,,,,,
18917,03:17:00,,,,,,,,,,,,,,,,,,,,,,,,,
18918,03:18:00,,,,,,,,,,,,,,,,,,,,,,,,,
18919,03:19:00,,,,,,,,,,,,,,,,,,,,,,,,,
18920,03:20:00,,,,,,,,,,,,,,,,,,,,,,,,,
18921,03:21:00,,,,,,,,,,,,,,,,,,,,,,,,,
18922,03:22:00,,,,,,,,,,,,,,,,,,,,,,,,,
18923,03:23:00,,,,,,,,,,,,,,,,,,,,,,,,,
18924,03:24:00,,,,,,,,,,,,,,,,,,,,,,,,,
18925,03:25:00,,,,,,,,,,,,,,,,,,,,,,,,,
18926,03:26:00,,,,,,,,,,,,,,,,,,,,,,,,,
18927,03:27:00,,,,,,,,,,,,,,,,,,,,,,,,,
18928,03:28:00,,,,,,,,,,,,,,,,,,,,,,,,,
18929,03:29:00,,,,,,,,,,,,,,,,,,,,,,,,,
18930,03:30:00,,,,,,,,,,,,,,,,,,,,,,,,,
18931,03:31:00,,,,,,,,,,,,,,,,,,,,,,,,,
18932,03:32:00,,,,,,,,,,,,,,,,,,,,,,,,,
18933,03:33:00,,,,,,,,,,,,,,,,,,,,,,,,,
18934,03:34:00,,,,,,,,,,,,,,,,,,,,,,,,,
18935,03:35:00,,,,,,,,,,,,,,,,,,,,,,,,,
18936,03:36:00,,,,,,,,,,,,,,,,,,,,,,,,,
18937,03:37:00,,,,,,,,,,,,,,,,,,,,,,,,,
18938,03:38:00,,,,,,,,,,,,,,,,,,,,,,,,,
18939,03:39:00,,,,,,,,,,,,,,,,,,,,,,,,,
18940,03:40:00,,,,,,,,,,,,,,,,,,,,,,,,,
18941,03:41:00,,,,,,,,,,,,,,,,,,,,,,,,,
18942,03:42:00,,,,,,,,,,,,,,,,,,,,,,,,,
18943,03:43:00,,,,,,,,,,,,,,,,,,,,,,,,,
18944,03:44:00,,,,,,,,,,,,,,,,,,,,,,,,,
18945,03:45:00,,,,,,,,,,,,,,,,,,,,,,,,,
18946,03:46:00,,,,,,,,,,,,,,,,,,,,,,,,,
18947,03:47:00,,,,,,,,,,,,,,,,,,,,,,,,,
18948,03:48:00,,,,,,,,,,,,,,,,,,,,,,,,,
18949,03:49:00,,,,,,,,,,,,,,,,,,,,,,,,,
18950,03:50:00,,,,,,,,,,,,,,,,,,,,,,,,,
18951,03:51:00,,,,,,,,,,,,,,,,,,,,,,,,,
18952,03:52:00,,,,,,,,,,,,,,,,,,,,,,,,,
18953,03:53:00,,,,,,,,,,,,,,,,,,,,,,,,,
18954,03:54:00,,,,,,,,,,,,,,,,,,,,,,,,,
18955,03:55:00,,,,,,,,,,,,,,,,,,,,,,,,,
18956,03:56:00,,,,,,,,,,,,,,,,,,,,,,,,,
18957,03:57:00,,,,,,,,,,,,,,,,,,,,,,,,,
18958,03:58:00,,,,,,,,,,,,,,,,,,,,,,,,,
18959,03:59:00,,,,,,,,,,,,,,,,,,,,,,,,,
18960,04:00:00,,,,,,,,,,,,,,,,,,,,,,,,,
18961,04:01:00,,,,,,,,,,,,,,,,,,,,,,,,,
18962,04:02:00,,,,,,,,,,,,,,,,,,,,,,,,,
18963,04:03:00,,,,,,,,,,,,,,,,,,,,,,,,,
18964,04:04:00,,,,,,,,,,,,,,,,,,,,,,,,,
18965,04:05:00,,,,,,,,,,,,,,,,,,,,,,,,,
18966,04:06:00,,,,,,,,,,,,,,,,,,,,,,,,,
18967,04:07:00,,,,,,,,,,,,,,,,,,,,,,,,,
18968,04:08:00,,,,,,,,,,,,,,,,,,,,,,,,,
18969,04:09:00,,,,,,,,,,,,,,,,,,,,,,,,,
18970,04:10:00,,,,,,,,,,,,,,,,,,,,,,,,,
18971,04:11:00,,,,,,,,,,,,,,,,,,,,,,,,,
18972,04:12:00,,,,,,,,,,,,,,,,,,,,,,,,,
18973,04:13:00,,,,,,,,,,,,,,,,,,,,,,,,,
18974,04:14:00,,,,,,,,,,,,,,,,,,,,,,,,,
18975,04:15:00,,,,,,,,,,,,,,,,,,,,,,,,,
18976,04:16:00,,,,,,,,,,,,,,,,,,,,,,,,,
18977,04:17:00,,,,,,,,,,,,,,,,,,,,,,,,,
18978,04:18:00,,,,,,,,,,,,,,,,,,,,,,,,,
18979,04:19:00,,,,,,,,,,,,,,,,,,,,,,,,,
18980,04:20:00,,,,,,,,,,,,,,,,,,,,,,,,,
18981,04:21:00,,,,,,,,,,,,,,,,,,,,,,,,,
18982,04:22:00,,,,,,,,,,,,,,,,,,,,,,,,,
18983,04:23:00,,,,,,,,,,,,,,,,,,,,,,,,,
18984,04:24:00,,,,,,,,,,,,,,,,,,,,,,,,,
18985,04:25:00,,,,,,,,,,,,,,,,,,,,,,,,,
18986,04:26:00,,,,,,,,,,,,,,,,,,,,,,,,,
18987,04:27:00,,,,,,,,,,,,,,,,,,,,,,,,,
18988,04:28:00,,,,,,,,,,,,,,,,,,,,,,,,,
18989,04:29:00,,,,,,,,,,,,,,,,,,,,,,,,,
18990,04:30:00,,,,,,,,,,,,,,,,,,,,,,,,,
18991,04:31:00,,,,,,,,,,,,,,,,,,,,,,,,,
18992,04:32:00,,,,,,,,,,,,,,,,,,,,,,,,,
18993,04:33:00,,,,,,,,,,,,,,,,,,,,,,,,,
18994,04:34:00,,,,,,,,,,,,,,,,,,,,,,,,,
18995,04:35:00,,,,,,,,,,,,,,,,,,,,,,,,,
18996,04:36:00,,,,,,,,,,,,,,,,,,,,,,,,,
18997,04:37:00,,,,,,,,,,,,,,,,,,,,,,,,,
18998,04:38:00,,,,,,,,,,,,,,,,,,,,,,,,,
18999,04:39:00,,,,,,,,,,,,,,,,,,,,,,,,,
19000,04:40:00,,,,,,,,,,,,,,,,,,,,,,,,,
19001,04:41:00,,,,,,,,,,,,,,,,,,,,,,,,,
19002,04:42:00,,,,,,,,,,,,,,,,,,,,,,,,,
19003,04:43:00,,,,,,,,,,,,,,,,,,,,,,,,,
19004,04:44:00,,,,,,,,,,,,,,,,,,,,,,,,,
19005,04:45:00,,,,,,,,,,,,,,,,,,,,,,,,,
19006,04:46:00,,,,,,,,,,,,,,,,,,,,,,,,,
19007,04:47:00,,,,,,,,,,,,,,,,,,,,,,,,,
19008,04:48:00,,,,,,,,,,,,,,,,,,,,,,,,,
19009,04:49:00,,,,,,,,,,,,,,,,,,,,,,,,,
19010,04:50:00,,,,,,,,,,,,,,,,,,,,,,,,,
19011,04:51:00,,,,,,,,,,,,,,,,,,,,,,,,,
19012,04:52:00,,,,,,,,,,,,,,,,,,,,,,,,,
19013,04:53:00,,,,,,,,,,,,,,,,,,,,,,,,,
19014,04:54:00,,,,,,,,,,,,,,,,,,,,,,,,,
19015,04:55:00,,,,,,,,,,,,,,,,,,,,,,,,,
19016,04:56:00,,,,,,,,,,,,,,,,,,,,,,,,,
19017,04:57:00,,,,,,,,,,,,,,,,,,,,,,,,,
19018,04:58:00,,,,,,,,,,,,,,,,,,,,,,,,,
19019,04:59:00,,,,,,,,,,,,,,,,,,,,,,,,,
19020,05:00:00,,,,,,,,,,,,,,,,,,,,,,,,,
19021,05:01:00,,,,,,,,,,,,,,,,,,,,,,,,,
19022,05:02:00,,,,,,,,,,,,,,,,,,,,,,,,,
19023,05:03:00,,,,,,,,,,,,,,,,,,,,,,,,,
19024,05:04:00,,,,,,,,,,,,,,,,,,,,,,,,,
19025,05:05:00,,,,,,,,,,,,,,,,,,,,,,,,,
19026,05:06:00,,,,,,,,,,,,,,,,,,,,,,,,,
19027,05:07:00,,,,,,,,,,,,,,,,,,,,,,,,,
19028,05:08:00,,,,,,,,,,,,,,,,,,,,,,,,,
19029,05:09:00,,,,,,,,,,,,,,,,,,,,,,,,,
19030,05:10:00,,,,,,,,,,,,,,,,,,,,,,,,,
19031,05:11:00,,,,,,,,,,,,,,,,,,,,,,,,,
19032,05:12:00,,,,,,,,,,,,,,,,,,,,,,,,,
19033,05:13:00,,,,,,,,,,,,,,,,,,,,,,,,,
19034,05:14:00,,,,,,,,,,,,,,,,,,,,,,,,,
19035,05:15:00,,,,,,,,,,,,,,,,,,,,,,,,,
19036,05:16:00,,,,,,,,,,,,,,,,,,,,,,,,,
19037,05:17:00,,,,,,,,,,,,,,,,,,,,,,,,,
19038,05:18:00,,,,,,,,,,,,,,,,,,,,,,,,,
19039,05:19:00,,,,,,,,,,,,,,,,,,,,,,,,,
19040,05:20:00,,,,,,,,,,,,,,,,,,,,,,,,,
19041,05:21:00,,,,,,,,,,,,,,,,,,,,,,,,,
19042,05:22:00,,,,,,,,,,,,,,,,,,,,,,,,,
19043,05:23:00,,,,,,,,,,,,,,,,,,,,,,,,,
19044,05:24:00,,,,,,,,,,,,,,,,,,,,,,,,,
19045,05:25:00,,,,,,,,,,,,,,,,,,,,,,,,,
19046,05:26:00,,,,,,,,,,,,,,,,,,,,,,,,,
19047,05:27:00,,,,,,,,,,,,,,,,,,,,,,,,,
19048,05:28:00,,,,,,,,,,,,,,,,,,,,,,,,,
19049,05:29:00,,,,,,,,,,,,,,,,,,,,,,,,,
19050,05:30:00,,,,,,,,,,,,,,,,,,,,,,,,,
19051,05:31:00,,,,,,,,,,,,,,,,,,,,,,,,,
19052,05:32:00,,,,,,,,,,,,,,,,,,,,,,,,,
19053,05:33:00,,,,,,,,,,,,,,,,,,,,,,,,,
19054,05:34:00,,,,,,,,,,,,,,,,,,,,,,,,,
19055,05:35:00,,,,,,,,,,,,,,,,,,,,,,,,,
19056,05:36:00,,,,,,,,,,,,,,,,,,,,,,,,,
19057,05:37:00,,,,,,,,,,,,,,,,,,,,,,,,,
19058,05:38:00,,,,,,,,,,,,,,,,,,,,,,,,,
19059,05:39:00,,,,,,,,,,,,,,,,,,,,,,,,,
19060,05:40:00,,,,,,,,,,,,,,,,,,,,,,,,,
19061,05:41:00,,,,,,,,,,,,,,,,,,,,,,,,,
19062,05:42:00,,,,,,,,,,,,,,,,,,,,,,,,,
19063,05:43:00,,,,,,,,,,,,,,,,,,,,,,,,,
19064,05:44:00,,,,,,,,,,,,,,,,,,,,,,,,,
19065,05:45:00,,,,,,,,,,,,,,,,,,,,,,,,,
19066,05:46:00,,,,,,,,,,,,,,,,,,,,,,,,,
19067,05:47:00,,,,,,,,,,,,,,,,,,,,,,,,,
19068,05:48:00,,,,,,,,,,,,,,,,,,,,,,,,,
19069,05:49:00,,,,,,,,,,,,,,,,,,,,,,,,,
19070,05:50:00,,,,,,,,,,,,,,,,,,,,,,,,,
19071,05:51:00,,,,,,,,,,,,,,,,,,,,,,,,,
19072,05:52:00,,,,,,,,,,,,,,,,,,,,,,,,,
19073,05:53:00,,,,,,,,,,,,,,,,,,,,,,,,,
19074,05:54:00,,,,,,,,,,,,,,,,,,,,,,,,,
19075,05:55:00,,,,,,,,,,,,,,,,,,,,,,,,,
19076,05:56:00,,,,,,,,,,,,,,,,,,,,,,,,,
19077,05:57:00,,,,,,,,,,,,,,,,,,,,,,,,,
19078,05:58:00,,,,,,,,,,,,,,,,,,,,,,,,,
19079,05:59:00,,,,,,,,,,,,,,,,,,,,,,,,,
19080,06:00:00,,,,,,,,,,,,,,,,,,,,,,,,,
19081,06:01:00,,,,,,,,,,,,,,,,,,,,,,,,,
19082,06:02:00,,,,,,,,,,,,,,,,,,,,,,,,,
19083,06:03:00,,,,,,,,,,,,,,,,,,,,,,,,,
19084,06:04:00,,,,,,,,,,,,,,,,,,,,,,,,,
19085,06:05:00,,,,,,,,,,,,,,,,,,,,,,,,,
19086,06:06:00,,,,,,,,,,,,,,,,,,,,,,,,,
19087,06:07:00,,,,,,,,,,,,,,,,,,,,,,,,,
19088,06:08:00,,,,,,,,,,,,,,,,,,,,,,,,,
19089,06:09:00,,,,,,,,,,,,,,,,,,,,,,,,,
19090,06:10:00,,,,,,,,,,,,,,,,,,,,,,,,,
19091,06:11:00,,,,,,,,,,,,,,,,,,,,,,,,,
19092,06:12:00,,,,,,,,,,,,,,,,,,,,,,,,,
19093,06:13:00,,,,,,,,,,,,,,,,,,,,,,,,,
19094,06:14:00,,,,,,,,,,,,,,,,,,,,,,,,,
19095,06:15:00,,,,,,,,,,,,,,,,,,,,,,,,,
19096,06:16:00,,,,,,,,,,,,,,,,,,,,,,,,,
19097,06:17:00,,,,,,,,,,,,,,,,,,,,,,,,,
19098,06:18:00,,,,,,,,,,,,,,,,,,,,,,,,,
19099,06:19:00,,,,,,,,,,,,,,,,,,,,,,,,,
19100,06:20:00,,,,,,,,,,,,,,,,,,,,,,,,,
19101,06:21:00,,,,,,,,,,,,,,,,,,,,,,,,,
19102,06:22:00,,,,,,,,,,,,,,,,,,,,,,,,,
19103,06:23:00,,,,,,,,,,,,,,,,,,,,,,,,,
19104,06:24:00,,,,,,,,,,,,,,,,,,,,,,,,,
19105,06:25:00,,,,,,,,,,,,,,,,,,,,,,,,,
19106,06:26:00,,,,,,,,,,,,,,,,,,,,,,,,,
19107,06:27:00,,,,,,,,,,,,,,,,,,,,,,,,,
19108,06:28:00,,,,,,,,,,,,,,,,,,,,,,,,,
19109,06:29:00,,,,,,,,,,,,,,,,,,,,,,,,,
19110,06:30:00,,,,,,,,,,,,,,,,,,,,,,,,,
19111,06:31:00,,,,,,,,,,,,,,,,,,,,,,,,,
19112,06:32:00,,,,,,,,,,,,,,,,,,,,,,,,,
19113,06:33:00,,,,,,,,,,,,,,,,,,,,,,,,,
19114,06:34:00,,,,,,,,,,,,,,,,,,,,,,,,,
19115,06:35:00,,,,,,,,,,,,,,,,,,,,,,,,,
19116,06:36:00,,,,,,,,,,,,,,,,,,,,,,,,,
19117,06:37:00,,,,,,,,,,,,,,,,,,,,,,,,,
19118,06:38:00,,,,,,,,,,,,,,,,,,,,,,,,,
19119,06:39:00,,,,,,,,,,,,,,,,,,,,,,,,,
19120,06:40:00,,,,,,,,,,,,,,,,,,,,,,,,,
19121,06:41:00,,,,,,,,,,,,,,,,,,,,,,,,,
19122,06:42:00,,,,,,,,,,,,,,,,,,,,,,,,,
19123,06:43:00,,,,,,,,,,,,,,,,,,,,,,,,,
19124,06:44:00,,,,,,,,,,,,,,,,,,,,,,,,,
19125,06:45:00,,,,,,,,,,,,,,,,,,,,,,,,,
19126,06:46:00,,,,,,,,,,,,,,,,,,,,,,,,,
19127,06:47:00,,,,,,,,,,,,,,,,,,,,,,,,,
19128,06:48:00,,,,,,,,,,,,,,,,,,,,,,,,,
19129,06:49:00,,,,,,,,,,,,,,,,,,,,,,,,,
19130,06:50:00,,,,,,,,,,,,,,,,,,,,,,,,,
19131,06:51:00,,,,,,,,,,,,,,,,,,,,,,,,,
19132,06:52:00,,,,,,,,,,,,,,,,,,,,,,,,,
19133,06:53:00,,,,,,,,,,,,,,,,,,,,,,,,,
19134,06:54:00,,,,,,,,,,,,,,,,,,,,,,,,,
19135,06:55:00,,,,,,,,,,,,,,,,,,,,,,,,,
19136,06:56:00,,,,,,,,,,,,,,,,,,,,,,,,,
19137,06:57:00,,,,,,,,,,,,,,,,,,,,,,,,,
19138,06:58:00,,,,,,,,,,,,,,,,,,,,,,,,,
19139,06:59:00,,,,,,,,,,,,,,,,,,,,,,,,,
19140,07:00:00,,,,,,,,,,,,,,,,,,,,,,,,,
19141,07:01:00,,,,,,,,,,,,,,,,,,,,,,,,,
19142,07:02:00,,,,,,,,,,,,,,,,,,,,,,,,,
19143,07:03:00,,,,,,,,,,,,,,,,,,,,,,,,,
19144,07:04:00,,,,,,,,,,,,,,,,,,,,,,,,,
19145,07:05:00,,,,,,,,,,,,,,,,,,,,,,,,,
19146,07:06:00,,,,,,,,,,,,,,,,,,,,,,,,,
19147,07:07:00,,,,,,,,,,,,,,,,,,,,,,,,,
19148,07:08:00,,,,,,,,,,,,,,,,,,,,,,,,,
19149,07:09:00,,,,,,,,,,,,,,,,,,,,,,,,,
19150,07:10:00,,,,,,,,,,,,,,,,,,,,,,,,,
19151,07:11:00,,,,,,,,,,,,,,,,,,,,,,,,,
19152,07:12:00,,,,,,,,,,,,,,,,,,,,,,,,,
19153,07:13:00,,,,,,,,,,,,,,,,,,,,,,,,,
19154,07:14:00,,,,,,,,,,,,,,,,,,,,,,,,,
19155,07:15:00,,,,,,,,,,,,,,,,,,,,,,,,,
19156,07:16:00,,,,,,,,,,,,,,,,,,,,,,,,,
19157,07:17:00,,,,,,,,,,,,,,,,,,,,,,,,,
19158,07:18:00,,,,,,,,,,,,,,,,,,,,,,,,,
19159,07:19:00,,,,,,,,,,,,,,,,,,,,,,,,,
19160,07:20:00,,,,,,,,,,,,,,,,,,,,,,,,,
19161,07:21:00,,,,,,,,,,,,,,,,,,,,,,,,,
19162,07:22:00,,,,,,,,,,,,,,,,,,,,,,,,,
19163,07:23:00,,,,,,,,,,,,,,,,,,,,,,,,,
19164,07:24:00,,,,,,,,,,,,,,,,,,,,,,,,,
19165,07:25:00,,,,,,,,,,,,,,,,,,,,,,,,,
19166,07:26:00,,,,,,,,,,,,,,,,,,,,,,,,,
19167,07:27:00,,,,,,,,,,,,,,,,,,,,,,,,,
19168,07:28:00,,,,,,,,,,,,,,,,,,,,,,,,,
19169,07:29:00,,,,,,,,,,,,,,,,,,,,,,,,,
19170,07:30:00,,,,,,,,,,,,,,,,,,,,,,,,,
19171,07:31:00,,,,,,,,,,,,,,,,,,,,,,,,,
19172,07:32:00,,,,,,,,,,,,,,,,,,,,,,,,,
19173,07:33:00,,,,,,,,,,,,,,,,,,,,,,,,,
19174,07:34:00,,,,,,,,,,,,,,,,,,,,,,,,,
19175,07:35:00,,,,,,,,,,,,,,,,,,,,,,,,,
19176,07:36:00,,,,,,,,,,,,,,,,,,,,,,,,,
19177,07:37:00,,,,,,,,,,,,,,,,,,,,,,,,,
19178,07:38:00,,,,,,,,,,,,,,,,,,,,,,,,,
19179,07:39:00,,,,,,,,,,,,,,,,,,,,,,,,,
19180,07:40:00,,,,,,,,,,,,,,,,,,,,,,,,,
19181,07:41:00,,,,,,,,,,,,,,,,,,,,,,,,,
19182,07:42:00,,,,,,,,,,,,,,,,,,,,,,,,,
19183,07:43:00,,,,,,,,,,,,,,,,,,,,,,,,,
19184,07:44:00,,,,,,,,,,,,,,,,,,,,,,,,,
19185,07:45:00,,,,,,,,,,,,,,,,,,,,,,,,,
19186,07:46:00,,,,,,,,,,,,,,,,,,,,,,,,,
19187,07:47:00,,,,,,,,,,,,,,,,,,,,,,,,,
19188,07:48:00,,,,,,,,,,,,,,,,,,,,,,,,,
19189,07:49:00,,,,,,,,,,,,,,,,,,,,,,,,,
19190,07:50:00,,,,,,,,,,,,,,,,,,,,,,,,,
19191,07:51:00,,,,,,,,,,,,,,,,,,,,,,,,,
19192,07:52:00,,,,,,,,,,,,,,,,,,,,,,,,,
19193,07:53:00,,,,,,,,,,,,,,,,,,,,,,,,,
19194,07:54:00,,,,,,,,,,,,,,,,,,,,,,,,,
19195,07:55:00,,,,,,,,,,,,,,,,,,,,,,,,,
19196,07:56:00,,,,,,,,,,,,,,,,,,,,,,,,,
19197,07:57:00,,,,,,,,,,,,,,,,,,,,,,,,,
19198,07:58:00,,,,,,,,,,,,,,,,,,,,,,,,,
19199,07:59:00,,,,,,,,,,,,,,,,,,,,,,,,,
19200,08:00:00,,,,,,,,,,,,,,,,,,,,,,,,,
19201,08:01:00,,,,,,,,,,,,,,,,,,,,,,,,,
19202,08:02:00,,,,,,,,,,,,,,,,,,,,,,,,,
19203,08:03:00,,,,,,,,,,,,,,,,,,,,,,,,,
19204,08:04:00,,,,,,,,,,,,,,,,,,,,,,,,,
19205,08:05:00,,,,,,,,,,,,,,,,,,,,,,,,,
19206,08:06:00,,,,,,,,,,,,,,,,,,,,,,,,,
19207,08:07:00,,,,,,,,,,,,,,,,,,,,,,,,,
19208,08:08:00,,,,,,,,,,,,,,,,,,,,,,,,,
19209,08:09:00,,,,,,,,,,,,,,,,,,,,,,,,,
19210,08:10:00,,,,,,,,,,,,,,,,,,,,,,,,,
19211,08:11:00,,,,,,,,,,,,,,,,,,,,,,,,,
19212,08:12:00,,,,,,,,,,,,,,,,,,,,,,,,,
19213,08:13:00,,,,,,,,,,,,,,,,,,,,,,,,,
19214,08:14:00,,,,,,,,,,,,,,,,,,,,,,,,,
19215,08:15:00,,,,,,,,,,,,,,,,,,,,,,,,,
19216,08:16:00,,,,,,,,,,,,,,,,,,,,,,,,,
19217,08:17:00,,,,,,,,,,,,,,,,,,,,,,,,,
19218,08:18:00,,,,,,,,,,,,,,,,,,,,,,,,,
19219,08:19:00,,,,,,,,,,,,,,,,,,,,,,,,,
19220,08:20:00,,,,,,,,,,,,,,,,,,,,,,,,,
19221,08:21:00,,,,,,,,,,,,,,,,,,,,,,,,,
19222,08:22:00,,,,,,,,,,,,,,,,,,,,,,,,,
19223,08:23:00,,,,,,,,,,,,,,,,,,,,,,,,,
19224,08:24:00,,,,,,,,,,,,,,,,,,,,,,,,,
19225,08:25:00,,,,,,,,,,,,,,,,,,,,,,,,,
19226,08:26:00,,,,,,,,,,,,,,,,,,,,,,,,,
19227,08:27:00,,,,,,,,,,,,,,,,,,,,,,,,,
19228,08:28:00,,,,,,,,,,,,,,,,,,,,,,,,,
19229,08:29:00,,,,,,,,,,,,,,,,,,,,,,,,,
19230,08:30:00,,,,,,,,,,,,,,,,,,,,,,,,,
19231,08:31:00,,,,,,,,,,,,,,,,,,,,,,,,,
19232,08:32:00,,,,,,,,,,,,,,,,,,,,,,,,,
19233,08:33:00,,,,,,,,,,,,,,,,,,,,,,,,,
19234,08:34:00,,,,,,,,,,,,,,,,,,,,,,,,,
19235,08:35:00,,,,,,,,,,,,,,,,,,,,,,,,,
19236,08:36:00,,,,,,,,,,,,,,,,,,,,,,,,,
19237,08:37:00,,,,,,,,,,,,,,,,,,,,,,,,,
19238,08:38:00,,,,,,,,,,,,,,,,,,,,,,,,,
19239,08:39:00,,,,,,,,,,,,,,,,,,,,,,,,,
19240,08:40:00,,,,,,,,,,,,,,,,,,,,,,,,,
19241,08:41:00,,,,,,,,,,,,,,,,,,,,,,,,,
19242,08:42:00,,,,,,,,,,,,,,,,,,,,,,,,,
19243,08:43:00,,,,,,,,,,,,,,,,,,,,,,,,,
19244,08:44:00,,,,,,,,,,,,,,,,,,,,,,,,,
19245,08:45:00,,,,,,,,,,,,,,,,,,,,,,,,,
19246,08:46:00,,,,,,,,,,,,,,,,,,,,,,,,,
19247,08:47:00,,,,,,,,,,,,,,,,,,,,,,,,,
19248,08:48:00,,,,,,,,,,,,,,,,,,,,,,,,,
19249,08:49:00,,,,,,,,,,,,,,,,,,,,,,,,,
19250,08:50:00,,,,,,,,,,,,,,,,,,,,,,,,,
19251,08:51:00,,,,,,,,,,,,,,,,,,,,,,,,,
19252,08:52:00,,,,,,,,,,,,,,,,,,,,,,,,,
19253,08:53:00,,,,,,,,,,,,,,,,,,,,,,,,,
19254,08:54:00,,,,,,,,,,,,,,,,,,,,,,,,,
19255,08:55:00,,,,,,,,,,,,,,,,,,,,,,,,,
19256,08:56:00,,,,,,,,,,,,,,,,,,,,,,,,,
19257,08:57:00,,,,,,,,,,,,,,,,,,,,,,,,,
19258,08:58:00,,,,,,,,,,,,,,,,,,,,,,,,,
19259,08:59:00,,,,,,,,,,,,,,,,,,,,,,,,,
19260,09:00:00,,,,,,,,,,,,,,,,,,,,,,,,,
19261,09:01:00,,,,,,,,,,,,,,,,,,,,,,,,,
19262,09:02:00,,,,,,,,,,,,,,,,,,,,,,,,,
19263,09:03:00,,,,,,,,,,,,,,,,,,,,,,,,,
19264,09:04:00,,,,,,,,,,,,,,,,,,,,,,,,,
19265,09:05:00,,,,,,,,,,,,,,,,,,,,,,,,,
19266,09:06:00,,,,,,,,,,,,,,,,,,,,,,,,,
19267,09:07:00,,,,,,,,,,,,,,,,,,,,,,,,,
19268,09:08:00,,,,,,,,,,,,,,,,,,,,,,,,,
19269,09:09:00,,,,,,,,,,,,,,,,,,,,,,,,,
19270,09:10:00,,,,,,,,,,,,,,,,,,,,,,,,,
19271,09:11:00,,,,,,,,,,,,,,,,,,,,,,,,,
19272,09:12:00,,,,,,,,,,,,,,,,,,,,,,,,,
19273,09:13:00,,,,,,,,,,,,,,,,,,,,,,,,,
19274,09:14:00,,,,,,,,,,,,,,,,,,,,,,,,,
19275,09:15:00,,,,,,,,,,,,,,,,,,,,,,,,,
19276,09:16:00,,,,,,,,,,,,,,,,,,,,,,,,,
19277,09:17:00,,,,,,,,,,,,,,,,,,,,,,,,,
19278,09:18:00,,,,,,,,,,,,,,,,,,,,,,,,,
19279,09:19:00,,,,,,,,,,,,,,,,,,,,,,,,,
19280,09:20:00,,,,,,,,,,,,,,,,,,,,,,,,,
19281,09:21:00,,,,,,,,,,,,,,,,,,,,,,,,,
19282,09:22:00,,,,,,,,,,,,,,,,,,,,,,,,,
19283,09:23:00,,,,,,,,,,,,,,,,,,,,,,,,,
19284,09:24:00,,,,,,,,,,,,,,,,,,,,,,,,,
19285,09:25:00,,,,,,,,,,,,,,,,,,,,,,,,,
19286,09:26:00,,,,,,,,,,,,,,,,,,,,,,,,,
19287,09:27:00,,,,,,,,,,,,,,,,,,,,,,,,,
19288,09:28:00,,,,,,,,,,,,,,,,,,,,,,,,,
19289,09:29:00,,,,,,,,,,,,,,,,,,,,,,,,,
19290,09:30:00,,,,,,,,,,,,,,,,,,,,,,,,,
19291,09:31:00,,,,,,,,,,,,,,,,,,,,,,,,,
19292,09:32:00,,,,,,,,,,,,,,,,,,,,,,,,,
19293,09:33:00,,,,,,,,,,,,,,,,,,,,,,,,,
19294,09:34:00,,,,,,,,,,,,,,,,,,,,,,,,,
19295,09:35:00,,,,,,,,,,,,,,,,,,,,,,,,,
19296,09:36:00,,,,,,,,,,,,,,,,,,,,,,,,,
19297,09:37:00,,,,,,,,,,,,,,,,,,,,,,,,,
19298,09:38:00,,,,,,,,,,,,,,,,,,,,,,,,,
19299,09:39:00,,,,,,,,,,,,,,,,,,,,,,,,,
19300,09:40:00,,,,,,,,,,,,,,,,,,,,,,,,,
19301,09:41:00,,,,,,,,,,,,,,,,,,,,,,,,,
19302,09:42:00,,,,,,,,,,,,,,,,,,,,,,,,,
19303,09:43:00,,,,,,,,,,,,,,,,,,,,,,,,,
19304,09:44:00,,,,,,,,,,,,,,,,,,,,,,,,,
19305,09:45:00,,,,,,,,,,,,,,,,,,,,,,,,,
19306,09:46:00,,,,,,,,,,,,,,,,,,,,,,,,,
19307,09:47:00,,,,,,,,,,,,,,,,,,,,,,,,,
19308,09:48:00,,,,,,,,,,,,,,,,,,,,,,,,,
19309,09:49:00,,,,,,,,,,,,,,,,,,,,,,,,,
19310,09:50:00,,,,,,,,,,,,,,,,,,,,,,,,,
19311,09:51:00,,,,,,,,,,,,,,,,,,,,,,,,,
19312,09:52:00,,,,,,,,,,,,,,,,,,,,,,,,,
19313,09:53:00,,,,,,,,,,,,,,,,,,,,,,,,,
19314,09:54:00,,,,,,,,,,,,,,,,,,,,,,,,,
19315,09:55:00,,,,,,,,,,,,,,,,,,,,,,,,,
19316,09:56:00,,,,,,,,,,,,,,,,,,,,,,,,,
19317,09:57:00,,,,,,,,,,,,,,,,,,,,,,,,,
19318,09:58:00,,,,,,,,,,,,,,,,,,,,,,,,,
19319,09:59:00,,,,,,,,,,,,,,,,,,,,,,,,,
19320,10:00:00,,,,,,,,,,,,,,,,,,,,,,,,,
19321,10:01:00,,,,,,,,,,,,,,,,,,,,,,,,,
19322,10:02:00,,,,,,,,,,,,,,,,,,,,,,,,,
19323,10:03:00,,,,,,,,,,,,,,,,,,,,,,,,,
19324,10:04:00,,,,,,,,,,,,,,,,,,,,,,,,,
19325,10:05:00,,,,,,,,,,,,,,,,,,,,,,,,,
19326,10:06:00,,,,,,,,,,,,,,,,,,,,,,,,,
19327,10:07:00,,,,,,,,,,,,,,,,,,,,,,,,,
19328,10:08:00,,,,,,,,,,,,,,,,,,,,,,,,,
19329,10:09:00,,,,,,,,,,,,,,,,,,,,,,,,,
19330,10:10:00,,,,,,,,,,,,,,,,,,,,,,,,,
19331,10:11:00,,,,,,,,,,,,,,,,,,,,,,,,,
19332,10:12:00,,,,,,,,,,,,,,,,,,,,,,,,,
19333,10:13:00,,,,,,,,,,,,,,,,,,,,,,,,,
19334,10:14:00,,,,,,,,,,,,,,,,,,,,,,,,,
19335,10:15:00,,,,,,,,,,,,,,,,,,,,,,,,,
19336,10:16:00,,,,,,,,,,,,,,,,,,,,,,,,,
19337,10:17:00,,,,,,,,,,,,,,,,,,,,,,,,,
19338,10:18:00,,,,,,,,,,,,,,,,,,,,,,,,,
19339,10:19:00,,,,,,,,,,,,,,,,,,,,,,,,,
19340,10:20:00,,,,,,,,,,,,,,,,,,,,,,,,,
19341,10:21:00,,,,,,,,,,,,,,,,,,,,,,,,,
19342,10:22:00,,,,,,,,,,,,,,,,,,,,,,,,,
19343,10:23:00,,,,,,,,,,,,,,,,,,,,,,,,,
19344,10:24:00,,,,,,,,,,,,,,,,,,,,,,,,,
19345,10:25:00,,,,,,,,,,,,,,,,,,,,,,,,,
19346,10:26:00,,,,,,,,,,,,,,,,,,,,,,,,,
19347,10:27:00,,,,,,,,,,,,,,,,,,,,,,,,,
19348,10:28:00,,,,,,,,,,,,,,,,,,,,,,,,,
19349,10:29:00,,,,,,,,,,,,,,,,,,,,,,,,,
19350,10:30:00,,,,,,,,,,,,,,,,,,,,,,,,,
19351,10:31:00,,,,,,,,,,,,,,,,,,,,,,,,,
19352,10:32:00,,,,,,,,,,,,,,,,,,,,,,,,,
19353,10:33:00,,,,,,,,,,,,,,,,,,,,,,,,,
19354,10:34:00,,,,,,,,,,,,,,,,,,,,,,,,,
19355,10:35:00,,,,,,,,,,,,,,,,,,,,,,,,,
19356,10:36:00,,,,,,,,,,,,,,,,,,,,,,,,,
19357,10:37:00,,,,,,,,,,,,,,,,,,,,,,,,,
19358,10:38:00,,,,,,,,,,,,,,,,,,,,,,,,,
19359,10:39:00,,,,,,,,,,,,,,,,,,,,,,,,,
19360,10:40:00,,,,,,,,,,,,,,,,,,,,,,,,,
19361,10:41:00,,,,,,,,,,,,,,,,,,,,,,,,,
19362,10:42:00,,,,,,,,,,,,,,,,,,,,,,,,,
19363,10:43:00,,,,,,,,,,,,,,,,,,,,,,,,,
19364,10:44:00,,,,,,,,,,,,,,,,,,,,,,,,,
19365,10:45:00,,,,,,,,,,,,,,,,,,,,,,,,,
19366,10:46:00,,,,,,,,,,,,,,,,,,,,,,,,,
19367,10:47:00,,,,,,,,,,,,,,,,,,,,,,,,,
19368,10:48:00,,,,,,,,,,,,,,,,,,,,,,,,,
19369,10:49:00,,,,,,,,,,,,,,,,,,,,,,,,,
19370,10:50:00,,,,,,,,,,,,,,,,,,,,,,,,,
19371,10:51:00,,,,,,,,,,,,,,,,,,,,,,,,,
19372,10:52:00,,,,,,,,,,,,,,,,,,,,,,,,,
19373,10:53:00,,,,,,,,,,,,,,,,,,,,,,,,,
19374,10:54:00,,,,,,,,,,,,,,,,,,,,,,,,,
19375,10:55:00,,,,,,,,,,,,,,,,,,,,,,,,,
19376,10:56:00,,,,,,,,,,,,,,,,,,,,,,,,,
19377,10:57:00,,,,,,,,,,,,,,,,,,,,,,,,,
19378,10:58:00,,,,,,,,,,,,,,,,,,,,,,,,,
19379,10:59:00,,,,,,,,,,,,,,,,,,,,,,,,,
19380,11:00:00,,,,,,,,,,,,,,,,,,,,,,,,,
19381,11:01:00,,,,,,,,,,,,,,,,,,,,,,,,,
19382,11:02:00,,,,,,,,,,,,,,,,,,,,,,,,,
19383,11:03:00,,,,,,,,,,,,,,,,,,,,,,,,,
19384,11:04:00,,,,,,,,,,,,,,,,,,,,,,,,,
19385,11:05:00,,,,,,,,,,,,,,,,,,,,,,,,,
19386,11:06:00,,,,,,,,,,,,,,,,,,,,,,,,,
19387,11:07:00,,,,,,,,,,,,,,,,,,,,,,,,,
19388,11:08:00,,,,,,,,,,,,,,,,,,,,,,,,,
19389,11:09:00,,,,,,,,,,,,,,,,,,,,,,,,,
19390,11:10:00,,,,,,,,,,,,,,,,,,,,,,,,,
19391,11:11:00,,,,,,,,,,,,,,,,,,,,,,,,,
19392,11:12:00,,,,,,,,,,,,,,,,,,,,,,,,,
19393,11:13:00,,,,,,,,,,,,,,,,,,,,,,,,,
19394,11:14:00,,,,,,,,,,,,,,,,,,,,,,,,,
19395,11:15:00,,,,,,,,,,,,,,,,,,,,,,,,,
19396,11:16:00,,,,,,,,,,,,,,,,,,,,,,,,,
19397,11:17:00,,,,,,,,,,,,,,,,,,,,,,,,,
19398,11:18:00,,,,,,,,,,,,,,,,,,,,,,,,,
19399,11:19:00,,,,,,,,,,,,,,,,,,,,,,,,,
19400,11:20:00,,,,,,,,,,,,,,,,,,,,,,,,,
19401,11:21:00,,,,,,,,,,,,,,,,,,,,,,,,,
19402,11:22:00,,,,,,,,,,,,,,,,,,,,,,,,,
19403,11:23:00,,,,,,,,,,,,,,,,,,,,,,,,,
19404,11:24:00,,,,,,,,,,,,,,,,,,,,,,,,,
19405,11:25:00,,,,,,,,,,,,,,,,,,,,,,,,,
19406,11:26:00,,,,,,,,,,,,,,,,,,,,,,,,,
19407,11:27:00,,,,,,,,,,,,,,,,,,,,,,,,,
19408,11:28:00,,,,,,,,,,,,,,,,,,,,,,,,,
19409,11:29:00,,,,,,,,,,,,,,,,,,,,,,,,,
19410,11:30:00,,,,,,,,,,,,,,,,,,,,,,,,,
19411,11:31:00,,,,,,,,,,,,,,,,,,,,,,,,,
19412,11:32:00,,,,,,,,,,,,,,,,,,,,,,,,,
19413,11:33:00,,,,,,,,,,,,,,,,,,,,,,,,,
19414,11:34:00,,,,,,,,,,,,,,,,,,,,,,,,,
19415,11:35:00,,,,,,,,,,,,,,,,,,,,,,,,,
19416,11:36:00,,,,,,,,,,,,,,,,,,,,,,,,,
19417,11:37:00,,,,,,,,,,,,,,,,,,,,,,,,,
19418,11:38:00,,,,,,,,,,,,,,,,,,,,,,,,,
19419,11:39:00,,,,,,,,,,,,,,,,,,,,,,,,,
19420,11:40:00,,,,,,,,,,,,,,,,,,,,,,,,,
19421,11:41:00,,,,,,,,,,,,,,,,,,,,,,,,,
19422,11:42:00,,,,,,,,,,,,,,,,,,,,,,,,,
19423,11:43:00,,,,,,,,,,,,,,,,,,,,,,,,,
19424,11:44:00,,,,,,,,,,,,,,,,,,,,,,,,,
19425,11:45:00,,,,,,,,,,,,,,,,,,,,,,,,,
19426,11:46:00,,,,,,,,,,,,,,,,,,,,,,,,,
19427,11:47:00,,,,,,,,,,,,,,,,,,,,,,,,,
19428,11:48:00,,,,,,,,,,,,,,,,,,,,,,,,,
19429,11:49:00,,,,,,,,,,,,,,,,,,,,,,,,,
19430,11:50:00,,,,,,,,,,,,,,,,,,,,,,,,,
19431,11:51:00,,,,,,,,,,,,,,,,,,,,,,,,,
19432,11:52:00,,,,,,,,,,,,,,,,,,,,,,,,,
19433,11:53:00,,,,,,,,,,,,,,,,,,,,,,,,,
19434,11:54:00,,,,,,,,,,,,,,,,,,,,,,,,,
19435,11:55:00,,,,,,,,,,,,,,,,,,,,,,,,,
19436,11:56:00,,,,,,,,,,,,,,,,,,,,,,,,,
19437,11:57:00,,,,,,,,,,,,,,,,,,,,,,,,,
19438,11:58:00,,,,,,,,,,,,,,,,,,,,,,,,,
19439,11:59:00,,,,,,,,,,,,,,,,,,,,,,,,,
19440,12:00:00,,,,,,,,,,,,,,,,,,,,,,,,,
19441,12:01:00,,,,,,,,,,,,,,,,,,,,,,,,,
19442,12:02:00,,,,,,,,,,,,,,,,,,,,,,,,,
19443,12:03:00,,,,,,,,,,,,,,,,,,,,,,,,,
19444,12:04:00,,,,,,,,,,,,,,,,,,,,,,,,,
19445,12:05:00,,,,,,,,,,,,,,,,,,,,,,,,,
19446,12:06:00,,,,,,,,,,,,,,,,,,,,,,,,,
19447,12:07:00,,,,,,,,,,,,,,,,,,,,,,,,,
19448,12:08:00,,,,,,,,,,,,,,,,,,,,,,,,,
19449,12:09:00,,,,,,,,,,,,,,,,,,,,,,,,,
19450,12:10:00,,,,,,,,,,,,,,,,,,,,,,,,,
19451,12:11:00,,,,,,,,,,,,,,,,,,,,,,,,,
19452,12:12:00,,,,,,,,,,,,,,,,,,,,,,,,,
19453,12:13:00,,,,,,,,,,,,,,,,,,,,,,,,,
19454,12:14:00,,,,,,,,,,,,,,,,,,,,,,,,,
19455,12:15:00,,,,,,,,,,,,,,,,,,,,,,,,,
19456,12:16:00,,,,,,,,,,,,,,,,,,,,,,,,,
19457,12:17:00,,,,,,,,,,,,,,,,,,,,,,,,,
19458,12:18:00,,,,,,,,,,,,,,,,,,,,,,,,,
19459,12:19:00,,,,,,,,,,,,,,,,,,,,,,,,,
19460,12:20:00,,,,,,,,,,,,,,,,,,,,,,,,,
19461,12:21:00,,,,,,,,,,,,,,,,,,,,,,,,,
19462,12:22:00,,,,,,,,,,,,,,,,,,,,,,,,,
19463,12:23:00,,,,,,,,,,,,,,,,,,,,,,,,,
19464,12:24:00,,,,,,,,,,,,,,,,,,,,,,,,,
19465,12:25:00,,,,,,,,,,,,,,,,,,,,,,,,,
19466,12:26:00,,,,,,,,,,,,,,,,,,,,,,,,,
19467,12:27:00,,,,,,,,,,,,,,,,,,,,,,,,,
19468,12:28:00,,,,,,,,,,,,,,,,,,,,,,,,,
19469,12:29:00,,,,,,,,,,,,,,,,,,,,,,,,,
19470,12:30:00,,,,,,,,,,,,,,,,,,,,,,,,,
19471,12:31:00,,,,,,,,,,,,,,,,,,,,,,,,,
19472,12:32:00,,,,,,,,,,,,,,,,,,,,,,,,,
19473,12:33:00,,,,,,,,,,,,,,,,,,,,,,,,,
19474,12:34:00,,,,,,,,,,,,,,,,,,,,,,,,,
19475,12:35:00,,,,,,,,,,,,,,,,,,,,,,,,,
19476,12:36:00,,,,,,,,,,,,,,,,,,,,,,,,,
19477,12:37:00,,,,,,,,,,,,,,,,,,,,,,,,,
19478,12:38:00,,,,,,,,,,,,,,,,,,,,,,,,,
19479,12:39:00,,,,,,,,,,,,,,,,,,,,,,,,,
19480,12:40:00,,,,,,,,,,,,,,,,,,,,,,,,,
19481,12:41:00,,,,,,,,,,,,,,,,,,,,,,,,,
19482,12:42:00,,,,,,,,,,,,,,,,,,,,,,,,,
19483,12:43:00,,,,,,,,,,,,,,,,,,,,,,,,,
19484,12:44:00,,,,,,,,,,,,,,,,,,,,,,,,,
19485,12:45:00,,,,,,,,,,,,,,,,,,,,,,,,,
19486,12:46:00,,,,,,,,,,,,,,,,,,,,,,,,,
19487,12:47:00,,,,,,,,,,,,,,,,,,,,,,,,,
19488,12:48:00,,,,,,,,,,,,,,,,,,,,,,,,,
19489,12:49:00,,,,,,,,,,,,,,,,,,,,,,,,,
19490,12:50:00,,,,,,,,,,,,,,,,,,,,,,,,,
19491,12:51:00,,,,,,,,,,,,,,,,,,,,,,,,,
19492,12:52:00,,,,,,,,,,,,,,,,,,,,,,,,,
19493,12:53:00,,,,,,,,,,,,,,,,,,,,,,,,,
19494,12:54:00,,,,,,,,,,,,,,,,,,,,,,,,,
19495,12:55:00,,,,,,,,,,,,,,,,,,,,,,,,,
19496,12:56:00,,,,,,,,,,,,,,,,,,,,,,,,,
19497,12:57:00,,,,,,,,,,,,,,,,,,,,,,,,,
19498,12:58:00,,,,,,,,,,,,,,,,,,,,,,,,,
19499,12:59:00,,,,,,,,,,,,,,,,,,,,,,,,,
19500,13:00:00,,,,,,,,,,,,,,,,,,,,,,,,,
19501,13:01:00,,,,,,,,,,,,,,,,,,,,,,,,,
19502,13:02:00,,,,,,,,,,,,,,,,,,,,,,,,,
19503,13:03:00,,,,,,,,,,,,,,,,,,,,,,,,,
19504,13:04:00,,,,,,,,,,,,,,,,,,,,,,,,,
19505,13:05:00,,,,,,,,,,,,,,,,,,,,,,,,,
19506,13:06:00,,,,,,,,,,,,,,,,,,,,,,,,,
19507,13:07:00,,,,,,,,,,,,,,,,,,,,,,,,,
19508,13:08:00,,,,,,,,,,,,,,,,,,,,,,,,,
19509,13:09:00,,,,,,,,,,,,,,,,,,,,,,,,,
19510,13:10:00,,,,,,,,,,,,,,,,,,,,,,,,,
19511,13:11:00,,,,,,,,,,,,,,,,,,,,,,,,,
19512,13:12:00,,,,,,,,,,,,,,,,,,,,,,,,,
19513,13:13:00,,,,,,,,,,,,,,,,,,,,,,,,,
19514,13:14:00,,,,,,,,,,,,,,,,,,,,,,,,,
19515,13:15:00,,,,,,,,,,,,,,,,,,,,,,,,,
19516,13:16:00,,,,,,,,,,,,,,,,,,,,,,,,,
19517,13:17:00,,,,,,,,,,,,,,,,,,,,,,,,,
19518,13:18:00,,,,,,,,,,,,,,,,,,,,,,,,,
19519,13:19:00,,,,,,,,,,,,,,,,,,,,,,,,,
19520,13:20:00,,,,,,,,,,,,,,,,,,,,,,,,,
19521,13:21:00,,,,,,,,,,,,,,,,,,,,,,,,,
19522,13:22:00,,,,,,,,,,,,,,,,,,,,,,,,,
19523,13:23:00,,,,,,,,,,,,,,,,,,,,,,,,,
19524,13:24:00,,,,,,,,,,,,,,,,,,,,,,,,,
19525,13:25:00,,,,,,,,,,,,,,,,,,,,,,,,,
19526,13:26:00,,,,,,,,,,,,,,,,,,,,,,,,,
19527,13:27:00,,,,,,,,,,,,,,,,,,,,,,,,,
19528,13:28:00,,,,,,,,,,,,,,,,,,,,,,,,,
19529,13:29:00,,,,,,,,,,,,,,,,,,,,,,,,,
19530,13:30:00,,,,,,,,,,,,,,,,,,,,,,,,,
19531,13:31:00,,,,,,,,,,,,,,,,,,,,,,,,,
19532,13:32:00,,,,,,,,,,,,,,,,,,,,,,,,,
19533,13:33:00,,,,,,,,,,,,,,,,,,,,,,,,,
19534,13:34:00,,,,,,,,,,,,,,,,,,,,,,,,,
19535,13:35:00,,,,,,,,,,,,,,,,,,,,,,,,,
19536,13:36:00,,,,,,,,,,,,,,,,,,,,,,,,,
19537,13:37:00,,,,,,,,,,,,,,,,,,,,,,,,,
19538,13:38:00,,,,,,,,,,,,,,,,,,,,,,,,,
19539,13:39:00,,,,,,,,,,,,,,,,,,,,,,,,,
19540,13:40:00,,,,,,,,,,,,,,,,,,,,,,,,,
19541,13:41:00,,,,,,,,,,,,,,,,,,,,,,,,,
19542,13:42:00,,,,,,,,,,,,,,,,,,,,,,,,,
19543,13:43:00,,,,,,,,,,,,,,,,,,,,,,,,,
19544,13:44:00,,,,,,,,,,,,,,,,,,,,,,,,,
19545,13:45:00,,,,,,,,,,,,,,,,,,,,,,,,,
19546,13:46:00,,,,,,,,,,,,,,,,,,,,,,,,,
19547,13:47:00,,,,,,,,,,,,,,,,,,,,,,,,,
19548,13:48:00,,,,,,,,,,,,,,,,,,,,,,,,,
19549,13:49:00,,,,,,,,,,,,,,,,,,,,,,,,,
19550,13:50:00,,,,,,,,,,,,,,,,,,,,,,,,,
19551,13:51:00,,,,,,,,,,,,,,,,,,,,,,,,,
19552,13:52:00,,,,,,,,,,,,,,,,,,,,,,,,,
19553,13:53:00,,,,,,,,,,,,,,,,,,,,,,,,,
19554,13:54:00,,,,,,,,,,,,,,,,,,,,,,,,,
19555,13:55:00,,,,,,,,,,,,,,,,,,,,,,,,,
19556,13:56:00,,,,,,,,,,,,,,,,,,,,,,,,,
19557,13:57:00,,,,,,,,,,,,,,,,,,,,,,,,,
19558,13:58:00,,,,,,,,,,,,,,,,,,,,,,,,,
19559,13:59:00,,,,,,,,,,,,,,,,,,,,,,,,,
19560,14:00:00,,,,,,,,,,,,,,,,,,,,,,,,,
19561,14:01:00,,,,,,,,,,,,,,,,,,,,,,,,,
19562,14:02:00,,,,,,,,,,,,,,,,,,,,,,,,,
19563,14:03:00,,,,,,,,,,,,,,,,,,,,,,,,,
19564,14:04:00,,,,,,,,,,,,,,,,,,,,,,,,,
19565,14:05:00,,,,,,,,,,,,,,,,,,,,,,,,,
19566,14:06:00,,,,,,,,,,,,,,,,,,,,,,,,,
19567,14:07:00,,,,,,,,,,,,,,,,,,,,,,,,,
19568,14:08:00,,,,,,,,,,,,,,,,,,,,,,,,,
19569,14:09:00,,,,,,,,,,,,,,,,,,,,,,,,,
19570,14:10:00,,,,,,,,,,,,,,,,,,,,,,,,,
19571,14:11:00,,,,,,,,,,,,,,,,,,,,,,,,,
19572,14:12:00,,,,,,,,,,,,,,,,,,,,,,,,,
19573,14:13:00,,,,,,,,,,,,,,,,,,,,,,,,,
19574,14:14:00,,,,,,,,,,,,,,,,,,,,,,,,,
19575,14:15:00,,,,,,,,,,,,,,,,,,,,,,,,,
19576,14:16:00,,,,,,,,,,,,,,,,,,,,,,,,,
19577,14:17:00,,,,,,,,,,,,,,,,,,,,,,,,,
19578,14:18:00,,,,,,,,,,,,,,,,,,,,,,,,,
19579,14:19:00,,,,,,,,,,,,,,,,,,,,,,,,,
19580,14:20:00,,,,,,,,,,,,,,,,,,,,,,,,,
19581,14:21:00,,,,,,,,,,,,,,,,,,,,,,,,,
19582,14:22:00,,,,,,,,,,,,,,,,,,,,,,,,,
19583,14:23:00,,,,,,,,,,,,,,,,,,,,,,,,,
19584,14:24:00,,,,,,,,,,,,,,,,,,,,,,,,,
19585,14:25:00,,,,,,,,,,,,,,,,,,,,,,,,,
19586,14:26:00,,,,,,,,,,,,,,,,,,,,,,,,,
19587,14:27:00,,,,,,,,,,,,,,,,,,,,,,,,,
19588,14:28:00,,,,,,,,,,,,,,,,,,,,,,,,,
19589,14:29:00,,,,,,,,,,,,,,,,,,,,,,,,,
19590,14:30:00,,,,,,,,,,,,,,,,,,,,,,,,,
19591,14:31:00,,,,,,,,,,,,,,,,,,,,,,,,,
19592,14:32:00,,,,,,,,,,,,,,,,,,,,,,,,,
19593,14:33:00,,,,,,,,,,,,,,,,,,,,,,,,,
19594,14:34:00,,,,,,,,,,,,,,,,,,,,,,,,,
19595,14:35:00,,,,,,,,,,,,,,,,,,,,,,,,,
19596,14:36:00,,,,,,,,,,,,,,,,,,,,,,,,,
19597,14:37:00,,,,,,,,,,,,,,,,,,,,,,,,,
19598,14:38:00,,,,,,,,,,,,,,,,,,,,,,,,,
19599,14:39:00,,,,,,,,,,,,,,,,,,,,,,,,,
19600,14:40:00,,,,,,,,,,,,,,,,,,,,,,,,,
19601,14:41:00,,,,,,,,,,,,,,,,,,,,,,,,,
19602,14:42:00,,,,,,,,,,,,,,,,,,,,,,,,,
19603,14:43:00,,,,,,,,,,,,,,,,,,,,,,,,,
19604,14:44:00,,,,,,,,,,,,,,,,,,,,,,,,,
19605,14:45:00,,,,,,,,,,,,,,,,,,,,,,,,,
19606,14:46:00,,,,,,,,,,,,,,,,,,,,,,,,,
19607,14:47:00,,,,,,,,,,,,,,,,,,,,,,,,,
19608,14:48:00,,,,,,,,,,,,,,,,,,,,,,,,,
19609,14:49:00,,,,,,,,,,,,,,,,,,,,,,,,,
19610,14:50:00,,,,,,,,,,,,,,,,,,,,,,,,,
19611,14:51:00,,,,,,,,,,,,,,,,,,,,,,,,,
19612,14:52:00,,,,,,,,,,,,,,,,,,,,,,,,,
19613,14:53:00,,,,,,,,,,,,,,,,,,,,,,,,,
19614,14:54:00,,,,,,,,,,,,,,,,,,,,,,,,,
19615,14:55:00,,,,,,,,,,,,,,,,,,,,,,,,,
19616,14:56:00,,,,,,,,,,,,,,,,,,,,,,,,,
19617,14:57:00,,,,,,,,,,,,,,,,,,,,,,,,,
19618,14:58:00,,,,,,,,,,,,,,,,,,,,,,,,,
19619,14:59:00,,,,,,,,,,,,,,,,,,,,,,,,,
19620,15:00:00,,,,,,,,,,,,,,,,,,,,,,,,,
19621,15:01:00,,,,,,,,,,,,,,,,,,,,,,,,,
19622,15:02:00,,,,,,,,,,,,,,,,,,,,,,,,,
19623,15:03:00,,,,,,,,,,,,,,,,,,,,,,,,,
19624,15:04:00,,,,,,,,,,,,,,,,,,,,,,,,,
19625,15:05:00,,,,,,,,,,,,,,,,,,,,,,,,,
19626,15:06:00,,,,,,,,,,,,,,,,,,,,,,,,,
19627,15:07:00,,,,,,,,,,,,,,,,,,,,,,,,,
19628,15:08:00,,,,,,,,,,,,,,,,,,,,,,,,,
19629,15:09:00,,,,,,,,,,,,,,,,,,,,,,,,,
19630,15:10:00,,,,,,,,,,,,,,,,,,,,,,,,,
19631,15:11:00,,,,,,,,,,,,,,,,,,,,,,,,,
19632,15:12:00,,,,,,,,,,,,,,,,,,,,,,,,,
19633,15:13:00,,,,,,,,,,,,,,,,,,,,,,,,,
19634,15:14:00,,,,,,,,,,,,,,,,,,,,,,,,,
19635,15:15:00,,,,,,,,,,,,,,,,,,,,,,,,,
19636,15:16:00,,,,,,,,,,,,,,,,,,,,,,,,,
19637,15:17:00,,,,,,,,,,,,,,,,,,,,,,,,,
19638,15:18:00,,,,,,,,,,,,,,,,,,,,,,,,,
19639,15:19:00,,,,,,,,,,,,,,,,,,,,,,,,,
19640,15:20:00,,,,,,,,,,,,,,,,,,,,,,,,,
19641,15:21:00,,,,,,,,,,,,,,,,,,,,,,,,,
19642,15:22:00,,,,,,,,,,,,,,,,,,,,,,,,,
19643,15:23:00,,,,,,,,,,,,,,,,,,,,,,,,,
19644,15:24:00,,,,,,,,,,,,,,,,,,,,,,,,,
19645,15:25:00,,,,,,,,,,,,,,,,,,,,,,,,,
19646,15:26:00,,,,,,,,,,,,,,,,,,,,,,,,,
19647,15:27:00,,,,,,,,,,,,,,,,,,,,,,,,,
19648,15:28:00,,,,,,,,,,,,,,,,,,,,,,,,,
19649,15:29:00,,,,,,,,,,,,,,,,,,,,,,,,,
19650,15:30:00,,,,,,,,,,,,,,,,,,,,,,,,,
19651,15:31:00,,,,,,,,,,,,,,,,,,,,,,,,,
19652,15:32:00,,,,,,,,,,,,,,,,,,,,,,,,,
19653,15:33:00,,,,,,,,,,,,,,,,,,,,,,,,,
19654,15:34:00,,,,,,,,,,,,,,,,,,,,,,,,,
19655,15:35:00,,,,,,,,,,,,,,,,,,,,,,,,,
19656,15:36:00,,,,,,,,,,,,,,,,,,,,,,,,,
19657,15:37:00,,,,,,,,,,,,,,,,,,,,,,,,,
19658,15:38:00,,,,,,,,,,,,,,,,,,,,,,,,,
19659,15:39:00,,,,,,,,,,,,,,,,,,,,,,,,,
19660,15:40:00,,,,,,,,,,,,,,,,,,,,,,,,,
19661,15:41:00,,,,,,,,,,,,,,,,,,,,,,,,,
19662,15:42:00,,,,,,,,,,,,,,,,,,,,,,,,,
19663,15:43:00,,,,,,,,,,,,,,,,,,,,,,,,,
19664,15:44:00,,,,,,,,,,,,,,,,,,,,,,,,,
19665,15:45:00,,,,,,,,,,,,,,,,,,,,,,,,,
19666,15:46:00,,,,,,,,,,,,,,,,,,,,,,,,,
19667,15:47:00,,,,,,,,,,,,,,,,,,,,,,,,,
19668,15:48:00,,,,,,,,,,,,,,,,,,,,,,,,,
19669,15:49:00,,,,,,,,,,,,,,,,,,,,,,,,,
19670,15:50:00,,,,,,,,,,,,,,,,,,,,,,,,,
19671,15:51:00,,,,,,,,,,,,,,,,,,,,,,,,,
19672,15:52:00,,,,,,,,,,,,,,,,,,,,,,,,,
19673,15:53:00,,,,,,,,,,,,,,,,,,,,,,,,,
19674,15:54:00,,,,,,,,,,,,,,,,,,,,,,,,,
19675,15:55:00,,,,,,,,,,,,,,,,,,,,,,,,,
19676,15:56:00,,,,,,,,,,,,,,,,,,,,,,,,,
19677,15:57:00,,,,,,,,,,,,,,,,,,,,,,,,,
19678,15:58:00,,,,,,,,,,,,,,,,,,,,,,,,,
19679,15:59:00,,,,,,,,,,,,,,,,,,,,,,,,,
19680,16:00:00,,,,,,,,,,,,,,,,,,,,,,,,,
19681,16:01:00,,,,,,,,,,,,,,,,,,,,,,,,,
19682,16:02:00,,,,,,,,,,,,,,,,,,,,,,,,,
19683,16:03:00,,,,,,,,,,,,,,,,,,,,,,,,,
19684,16:04:00,,,,,,,,,,,,,,,,,,,,,,,,,
19685,16:05:00,,,,,,,,,,,,,,,,,,,,,,,,,
19686,16:06:00,,,,,,,,,,,,,,,,,,,,,,,,,
19687,16:07:00,,,,,,,,,,,,,,,,,,,,,,,,,
19688,16:08:00,,,,,,,,,,,,,,,,,,,,,,,,,
19689,16:09:00,,,,,,,,,,,,,,,,,,,,,,,,,
19690,16:10:00,,,,,,,,,,,,,,,,,,,,,,,,,
19691,16:11:00,,,,,,,,,,,,,,,,,,,,,,,,,
19692,16:12:00,,,,,,,,,,,,,,,,,,,,,,,,,
19693,16:13:00,,,,,,,,,,,,,,,,,,,,,,,,,
19694,16:14:00,,,,,,,,,,,,,,,,,,,,,,,,,
19695,16:15:00,,,,,,,,,,,,,,,,,,,,,,,,,
19696,16:16:00,,,,,,,,,,,,,,,,,,,,,,,,,
19697,16:17:00,,,,,,,,,,,,,,,,,,,,,,,,,
19698,16:18:00,,,,,,,,,,,,,,,,,,,,,,,,,
19699,16:19:00,,,,,,,,,,,,,,,,,,,,,,,,,
19700,16:20:00,,,,,,,,,,,,,,,,,,,,,,,,,
19701,16:21:00,,,,,,,,,,,,,,,,,,,,,,,,,
19702,16:22:00,,,,,,,,,,,,,,,,,,,,,,,,,
19703,16:23:00,,,,,,,,,,,,,,,,,,,,,,,,,
19704,16:24:00,,,,,,,,,,,,,,,,,,,,,,,,,
19705,16:25:00,,,,,,,,,,,,,,,,,,,,,,,,,
19706,16:26:00,,,,,,,,,,,,,,,,,,,,,,,,,
19707,16:27:00,,,,,,,,,,,,,,,,,,,,,,,,,
19708,16:28:00,,,,,,,,,,,,,,,,,,,,,,,,,
19709,16:29:00,,,,,,,,,,,,,,,,,,,,,,,,,
19710,16:30:00,,,,,,,,,,,,,,,,,,,,,,,,,
19711,16:31:00,,,,,,,,,,,,,,,,,,,,,,,,,
19712,16:32:00,,,,,,,,,,,,,,,,,,,,,,,,,
19713,16:33:00,,,,,,,,,,,,,,,,,,,,,,,,,
19714,16:34:00,,,,,,,,,,,,,,,,,,,,,,,,,
19715,16:35:00,,,,,,,,,,,,,,,,,,,,,,,,,
19716,16:36:00,,,,,,,,,,,,,,,,,,,,,,,,,
19717,16:37:00,,,,,,,,,,,,,,,,,,,,,,,,,
19718,16:38:00,,,,,,,,,,,,,,,,,,,,,,,,,
19719,16:39:00,,,,,,,,,,,,,,,,,,,,,,,,,
19720,16:40:00,,,,,,,,,,,,,,,,,,,,,,,,,
19721,16:41:00,,,,,,,,,,,,,,,,,,,,,,,,,
19722,16:42:00,,,,,,,,,,,,,,,,,,,,,,,,,
19723,16:43:00,,,,,,,,,,,,,,,,,,,,,,,,,
19724,16:44:00,,,,,,,,,,,,,,,,,,,,,,,,,
19725,16:45:00,,,,,,,,,,,,,,,,,,,,,,,,,
19726,16:46:00,,,,,,,,,,,,,,,,,,,,,,,,,
19727,16:47:00,,,,,,,,,,,,,,,,,,,,,,,,,
19728,16:48:00,,,,,,,,,,,,,,,,,,,,,,,,,
19729,16:49:00,,,,,,,,,,,,,,,,,,,,,,,,,
19730,16:50:00,,,,,,,,,,,,,,,,,,,,,,,,,
19731,16:51:00,,,,,,,,,,,,,,,,,,,,,,,,,
19732,16:52:00,,,,,,,,,,,,,,,,,,,,,,,,,
19733,16:53:00,,,,,,,,,,,,,,,,,,,,,,,,,
19734,16:54:00,,,,,,,,,,,,,,,,,,,,,,,,,
19735,16:55:00,,,,,,,,,,,,,,,,,,,,,,,,,
19736,16:56:00,,,,,,,,,,,,,,,,,,,,,,,,,
19737,16:57:00,,,,,,,,,,,,,,,,,,,,,,,,,
19738,16:58:00,,,,,,,,,,,,,,,,,,,,,,,,,
19739,16:59:00,,,,,,,,,,,,,,,,,,,,,,,,,
19740,17:00:00,,,,,,,,,,,,,,,,,,,,,,,,,
19741,17:01:00,,,,,,,,,,,,,,,,,,,,,,,,,
19742,17:02:00,,,,,,,,,,,,,,,,,,,,,,,,,
19743,17:03:00,,,,,,,,,,,,,,,,,,,,,,,,,
19744,17:04:00,,,,,,,,,,,,,,,,,,,,,,,,,
19745,17:05:00,,,,,,,,,,,,,,,,,,,,,,,,,
19746,17:06:00,,,,,,,,,,,,,,,,,,,,,,,,,
19747,17:07:00,,,,,,,,,,,,,,,,,,,,,,,,,
19748,17:08:00,,,,,,,,,,,,,,,,,,,,,,,,,
19749,17:09:00,,,,,,,,,,,,,,,,,,,,,,,,,
19750,17:10:00,,,,,,,,,,,,,,,,,,,,,,,,,
19751,17:11:00,,,,,,,,,,,,,,,,,,,,,,,,,
19752,17:12:00,,,,,,,,,,,,,,,,,,,,,,,,,
19753,17:13:00,,,,,,,,,,,,,,,,,,,,,,,,,
19754,17:14:00,,,,,,,,,,,,,,,,,,,,,,,,,
19755,17:15:00,,,,,,,,,,,,,,,,,,,,,,,,,
19756,17:16:00,,,,,,,,,,,,,,,,,,,,,,,,,
19757,17:17:00,,,,,,,,,,,,,,,,,,,,,,,,,
19758,17:18:00,,,,,,,,,,,,,,,,,,,,,,,,,
19759,17:19:00,,,,,,,,,,,,,,,,,,,,,,,,,
19760,17:20:00,,,,,,,,,,,,,,,,,,,,,,,,,
19761,17:21:00,,,,,,,,,,,,,,,,,,,,,,,,,
19762,17:22:00,,,,,,,,,,,,,,,,,,,,,,,,,
19763,17:23:00,,,,,,,,,,,,,,,,,,,,,,,,,
19764,17:24:00,,,,,,,,,,,,,,,,,,,,,,,,,
19765,17:25:00,,,,,,,,,,,,,,,,,,,,,,,,,
19766,17:26:00,,,,,,,,,,,,,,,,,,,,,,,,,
19767,17:27:00,,,,,,,,,,,,,,,,,,,,,,,,,
19768,17:28:00,,,,,,,,,,,,,,,,,,,,,,,,,
19769,17:29:00,,,,,,,,,,,,,,,,,,,,,,,,,
19770,17:30:00,,,,,,,,,,,,,,,,,,,,,,,,,
19771,17:31:00,,,,,,,,,,,,,,,,,,,,,,,,,
19772,17:32:00,,,,,,,,,,,,,,,,,,,,,,,,,
19773,17:33:00,,,,,,,,,,,,,,,,,,,,,,,,,
19774,17:34:00,,,,,,,,,,,,,,,,,,,,,,,,,
19775,17:35:00,,,,,,,,,,,,,,,,,,,,,,,,,
19776,17:36:00,,,,,,,,,,,,,,,,,,,,,,,,,
19777,17:37:00,,,,,,,,,,,,,,,,,,,,,,,,,
19778,17:38:00,,,,,,,,,,,,,,,,,,,,,,,,,
19779,17:39:00,,,,,,,,,,,,,,,,,,,,,,,,,
19780,17:40:00,,,,,,,,,,,,,,,,,,,,,,,,,
19781,17:41:00,,,,,,,,,,,,,,,,,,,,,,,,,
19782,17:42:00,,,,,,,,,,,,,,,,,,,,,,,,,
19783,17:43:00,,,,,,,,,,,,,,,,,,,,,,,,,
19784,17:44:00,,,,,,,,,,,,,,,,,,,,,,,,,
19785,17:45:00,,,,,,,,,,,,,,,,,,,,,,,,,
19786,17:46:00,,,,,,,,,,,,,,,,,,,,,,,,,
19787,17:47:00,,,,,,,,,,,,,,,,,,,,,,,,,
19788,17:48:00,,,,,,,,,,,,,,,,,,,,,,,,,
19789,17:49:00,,,,,,,,,,,,,,,,,,,,,,,,,
19790,17:50:00,,,,,,,,,,,,,,,,,,,,,,,,,
19791,17:51:00,,,,,,,,,,,,,,,,,,,,,,,,,
19792,17:52:00,,,,,,,,,,,,,,,,,,,,,,,,,
19793,17:53:00,,,,,,,,,,,,,,,,,,,,,,,,,
19794,17:54:00,,,,,,,,,,,,,,,,,,,,,,,,,
19795,17:55:00,,,,,,,,,,,,,,,,,,,,,,,,,
19796,17:56:00,,,,,,,,,,,,,,,,,,,,,,,,,
19797,17:57:00,,,,,,,,,,,,,,,,,,,,,,,,,
19798,17:58:00,,,,,,,,,,,,,,,,,,,,,,,,,
19799,17:59:00,,,,,,,,,,,,,,,,,,,,,,,,,
19800,18:00:00,,,,,,,,,,,,,,,,,,,,,,,,,
19801,18:01:00,,,,,,,,,,,,,,,,,,,,,,,,,
19802,18:02:00,,,,,,,,,,,,,,,,,,,,,,,,,
19803,18:03:00,,,,,,,,,,,,,,,,,,,,,,,,,
19804,18:04:00,,,,,,,,,,,,,,,,,,,,,,,,,
19805,18:05:00,,,,,,,,,,,,,,,,,,,,,,,,,
19806,18:06:00,,,,,,,,,,,,,,,,,,,,,,,,,
19807,18:07:00,,,,,,,,,,,,,,,,,,,,,,,,,
19808,18:08:00,,,,,,,,,,,,,,,,,,,,,,,,,
19809,18:09:00,,,,,,,,,,,,,,,,,,,,,,,,,
19810,18:10:00,,,,,,,,,,,,,,,,,,,,,,,,,
19811,18:11:00,,,,,,,,,,,,,,,,,,,,,,,,,
19812,18:12:00,,,,,,,,,,,,,,,,,,,,,,,,,
19813,18:13:00,,,,,,,,,,,,,,,,,,,,,,,,,
19814,18:14:00,,,,,,,,,,,,,,,,,,,,,,,,,
19815,18:15:00,,,,,,,,,,,,,,,,,,,,,,,,,
19816,18:16:00,,,,,,,,,,,,,,,,,,,,,,,,,
19817,18:17:00,,,,,,,,,,,,,,,,,,,,,,,,,
19818,18:18:00,,,,,,,,,,,,,,,,,,,,,,,,,
19819,18:19:00,,,,,,,,,,,,,,,,,,,,,,,,,
19820,18:20:00,,,,,,,,,,,,,,,,,,,,,,,,,
19821,18:21:00,,,,,,,,,,,,,,,,,,,,,,,,,
19822,18:22:00,,,,,,,,,,,,,,,,,,,,,,,,,
19823,18:23:00,,,,,,,,,,,,,,,,,,,,,,,,,
19824,18:24:00,,,,,,,,,,,,,,,,,,,,,,,,,
19825,18:25:00,,,,,,,,,,,,,,,,,,,,,,,,,
19826,18:26:00,,,,,,,,,,,,,,,,,,,,,,,,,
19827,18:27:00,,,,,,,,,,,,,,,,,,,,,,,,,
19828,18:28:00,,,,,,,,,,,,,,,,,,,,,,,,,
19829,18:29:00,,,,,,,,,,,,,,,,,,,,,,,,,
19830,18:30:00,,,,,,,,,,,,,,,,,,,,,,,,,
19831,18:31:00,,,,,,,,,,,,,,,,,,,,,,,,,
19832,18:32:00,,,,,,,,,,,,,,,,,,,,,,,,,
19833,18:33:00,,,,,,,,,,,,,,,,,,,,,,,,,
19834,18:34:00,,,,,,,,,,,,,,,,,,,,,,,,,
19835,18:35:00,,,,,,,,,,,,,,,,,,,,,,,,,
19836,18:36:00,,,,,,,,,,,,,,,,,,,,,,,,,
19837,18:37:00,,,,,,,,,,,,,,,,,,,,,,,,,
19838,18:38:00,,,,,,,,,,,,,,,,,,,,,,,,,
19839,18:39:00,,,,,,,,,,,,,,,,,,,,,,,,,
19840,18:40:00,,,,,,,,,,,,,,,,,,,,,,,,,
19841,18:41:00,,,,,,,,,,,,,,,,,,,,,,,,,
19842,18:42:00,,,,,,,,,,,,,,,,,,,,,,,,,
19843,18:43:00,,,,,,,,,,,,,,,,,,,,,,,,,
19844,18:44:00,,,,,,,,,,,,,,,,,,,,,,,,,
19845,18:45:00,,,,,,,,,,,,,,,,,,,,,,,,,
19846,18:46:00,,,,,,,,,,,,,,,,,,,,,,,,,
19847,18:47:00,,,,,,,,,,,,,,,,,,,,,,,,,
19848,18:48:00,,,,,,,,,,,,,,,,,,,,,,,,,
19849,18:49:00,,,,,,,,,,,,,,,,,,,,,,,,,
19850,18:50:00,,,,,,,,,,,,,,,,,,,,,,,,,
19851,18:51:00,,,,,,,,,,,,,,,,,,,,,,,,,
19852,18:52:00,,,,,,,,,,,,,,,,,,,,,,,,,
19853,18:53:00,,,,,,,,,,,,,,,,,,,,,,,,,
19854,18:54:00,,,,,,,,,,,,,,,,,,,,,,,,,
19855,18:55:00,,,,,,,,,,,,,,,,,,,,,,,,,
19856,18:56:00,,,,,,,,,,,,,,,,,,,,,,,,,
19857,18:57:00,,,,,,,,,,,,,,,,,,,,,,,,,
19858,18:58:00,,,,,,,,,,,,,,,,,,,,,,,,,
19859,18:59:00,,,,,,,,,,,,,,,,,,,,,,,,,
19860,19:00:00,,,,,,,,,,,,,,,,,,,,,,,,,
19861,19:01:00,,,,,,,,,,,,,,,,,,,,,,,,,
19862,19:02:00,,,,,,,,,,,,,,,,,,,,,,,,,
19863,19:03:00,,,,,,,,,,,,,,,,,,,,,,,,,
19864,19:04:00,,,,,,,,,,,,,,,,,,,,,,,,,
19865,19:05:00,,,,,,,,,,,,,,,,,,,,,,,,,
19866,19:06:00,,,,,,,,,,,,,,,,,,,,,,,,,
19867,19:07:00,,,,,,,,,,,,,,,,,,,,,,,,,
19868,19:08:00,,,,,,,,,,,,,,,,,,,,,,,,,
19869,19:09:00,,,,,,,,,,,,,,,,,,,,,,,,,
19870,19:10:00,,,,,,,,,,,,,,,,,,,,,,,,,
19871,19:11:00,,,,,,,,,,,,,,,,,,,,,,,,,
19872,19:12:00,,,,,,,,,,,,,,,,,,,,,,,,,
19873,19:13:00,,,,,,,,,,,,,,,,,,,,,,,,,
19874,19:14:00,,,,,,,,,,,,,,,,,,,,,,,,,
19875,19:15:00,,,,,,,,,,,,,,,,,,,,,,,,,
19876,19:16:00,,,,,,,,,,,,,,,,,,,,,,,,,
19877,19:17:00,,,,,,,,,,,,,,,,,,,,,,,,,
19878,19:18:00,,,,,,,,,,,,,,,,,,,,,,,,,
19879,19:19:00,,,,,,,,,,,,,,,,,,,,,,,,,
19880,19:20:00,,,,,,,,,,,,,,,,,,,,,,,,,
19881,19:21:00,,,,,,,,,,,,,,,,,,,,,,,,,
19882,19:22:00,,,,,,,,,,,,,,,,,,,,,,,,,
19883,19:23:00,,,,,,,,,,,,,,,,,,,,,,,,,
19884,19:24:00,,,,,,,,,,,,,,,,,,,,,,,,,
19885,19:25:00,,,,,,,,,,,,,,,,,,,,,,,,,
19886,19:26:00,,,,,,,,,,,,,,,,,,,,,,,,,
19887,19:27:00,,,,,,,,,,,,,,,,,,,,,,,,,
19888,19:28:00,,,,,,,,,,,,,,,,,,,,,,,,,
19889,19:29:00,,,,,,,,,,,,,,,,,,,,,,,,,
19890,19:30:00,,,,,,,,,,,,,,,,,,,,,,,,,
19891,19:31:00,,,,,,,,,,,,,,,,,,,,,,,,,
19892,19:32:00,,,,,,,,,,,,,,,,,,,,,,,,,
19893,19:33:00,,,,,,,,,,,,,,,,,,,,,,,,,
19894,19:34:00,,,,,,,,,,,,,,,,,,,,,,,,,
19895,19:35:00,,,,,,,,,,,,,,,,,,,,,,,,,
19896,19:36:00,,,,,,,,,,,,,,,,,,,,,,,,,
19897,19:37:00,,,,,,,,,,,,,,,,,,,,,,,,,
19898,19:38:00,,,,,,,,,,,,,,,,,,,,,,,,,
19899,19:39:00,,,,,,,,,,,,,,,,,,,,,,,,,
19900,19:40:00,,,,,,,,,,,,,,,,,,,,,,,,,
19901,19:41:00,,,,,,,,,,,,,,,,,,,,,,,,,
19902,19:42:00,,,,,,,,,,,,,,,,,,,,,,,,,
19903,19:43:00,,,,,,,,,,,,,,,,,,,,,,,,,
19904,19:44:00,,,,,,,,,,,,,,,,,,,,,,,,,
19905,19:45:00,,,,,,,,,,,,,,,,,,,,,,,,,
19906,19:46:00,,,,,,,,,,,,,,,,,,,,,,,,,
19907,19:47:00,,,,,,,,,,,,,,,,,,,,,,,,,
19908,19:48:00,,,,,,,,,,,,,,,,,,,,,,,,,
19909,19:49:00,,,,,,,,,,,,,,,,,,,,,,,,,
19910,19:50:00,,,,,,,,,,,,,,,,,,,,,,,,,
19911,19:51:00,,,,,,,,,,,,,,,,,,,,,,,,,
19912,19:52:00,,,,,,,,,,,,,,,,,,,,,,,,,
19913,19:53:00,,,,,,,,,,,,,,,,,,,,,,,,,
19914,19:54:00,,,,,,,,,,,,,,,,,,,,,,,,,
19915,19:55:00,,,,,,,,,,,,,,,,,,,,,,,,,
19916,19:56:00,,,,,,,,,,,,,,,,,,,,,,,,,
19917,19:57:00,,,,,,,,,,,,,,,,,,,,,,,,,
19918,19:58:00,,,,,,,,,,,,,,,,,,,,,,,,,
19919,19:59:00,,,,,,,,,,,,,,,,,,,,,,,,,
19920,20:00:00,,,,,,,,,,,,,,,,,,,,,,,,,
19921,20:01:00,,,,,,,,,,,,,,,,,,,,,,,,,
19922,20:02:00,,,,,,,,,,,,,,,,,,,,,,,,,
19923,20:03:00,,,,,,,,,,,,,,,,,,,,,,,,,
19924,20:04:00,,,,,,,,,,,,,,,,,,,,,,,,,
19925,20:05:00,,,,,,,,,,,,,,,,,,,,,,,,,
19926,20:06:00,,,,,,,,,,,,,,,,,,,,,,,,,
19927,20:07:00,,,,,,,,,,,,,,,,,,,,,,,,,
19928,20:08:00,,,,,,,,,,,,,,,,,,,,,,,,,
19929,20:09:00,,,,,,,,,,,,,,,,,,,,,,,,,
19930,20:10:00,,,,,,,,,,,,,,,,,,,,,,,,,
19931,20:11:00,,,,,,,,,,,,,,,,,,,,,,,,,
19932,20:12:00,,,,,,,,,,,,,,,,,,,,,,,,,
19933,20:13:00,,,,,,,,,,,,,,,,,,,,,,,,,
19934,20:14:00,,,,,,,,,,,,,,,,,,,,,,,,,
19935,20:15:00,,,,,,,,,,,,,,,,,,,,,,,,,
19936,20:16:00,,,,,,,,,,,,,,,,,,,,,,,,,
19937,20:17:00,,,,,,,,,,,,,,,,,,,,,,,,,
19938,20:18:00,,,,,,,,,,,,,,,,,,,,,,,,,
19939,20:19:00,,,,,,,,,,,,,,,,,,,,,,,,,
19940,20:20:00,,,,,,,,,,,,,,,,,,,,,,,,,
19941,20:21:00,,,,,,,,,,,,,,,,,,,,,,,,,
19942,20:22:00,,,,,,,,,,,,,,,,,,,,,,,,,
19943,20:23:00,,,,,,,,,,,,,,,,,,,,,,,,,
19944,20:24:00,,,,,,,,,,,,,,,,,,,,,,,,,
19945,20:25:00,,,,,,,,,,,,,,,,,,,,,,,,,
19946,20:26:00,,,,,,,,,,,,,,,,,,,,,,,,,
19947,20:27:00,,,,,,,,,,,,,,,,,,,,,,,,,
19948,20:28:00,,,,,,,,,,,,,,,,,,,,,,,,,
19949,20:29:00,,,,,,,,,,,,,,,,,,,,,,,,,
19950,20:30:00,,,,,,,,,,,,,,,,,,,,,,,,,
19951,20:31:00,,,,,,,,,,,,,,,,,,,,,,,,,
19952,20:32:00,,,,,,,,,,,,,,,,,,,,,,,,,
19953,20:33:00,,,,,,,,,,,,,,,,,,,,,,,,,
19954,20:34:00,,,,,,,,,,,,,,,,,,,,,,,,,
19955,20:35:00,,,,,,,,,,,,,,,,,,,,,,,,,
19956,20:36:00,,,,,,,,,,,,,,,,,,,,,,,,,
19957,20:37:00,,,,,,,,,,,,,,,,,,,,,,,,,
19958,20:38:00,,,,,,,,,,,,,,,,,,,,,,,,,
19959,20:39:00,,,,,,,,,,,,,,,,,,,,,,,,,
19960,20:40:00,,,,,,,,,,,,,,,,,,,,,,,,,
19961,20:41:00,,,,,,,,,,,,,,,,,,,,,,,,,
19962,20:42:00,,,,,,,,,,,,,,,,,,,,,,,,,
19963,20:43:00,,,,,,,,,,,,,,,,,,,,,,,,,
19964,20:44:00,,,,,,,,,,,,,,,,,,,,,,,,,
19965,20:45:00,,,,,,,,,,,,,,,,,,,,,,,,,
19966,20:46:00,,,,,,,,,,,,,,,,,,,,,,,,,
19967,20:47:00,,,,,,,,,,,,,,,,,,,,,,,,,
19968,20:48:00,,,,,,,,,,,,,,,,,,,,,,,,,
19969,20:49:00,,,,,,,,,,,,,,,,,,,,,,,,,
19970,20:50:00,,,,,,,,,,,,,,,,,,,,,,,,,
19971,20:51:00,,,,,,,,,,,,,,,,,,,,,,,,,
19972,20:52:00,,,,,,,,,,,,,,,,,,,,,,,,,
19973,20:53:00,,,,,,,,,,,,,,,,,,,,,,,,,
19974,20:54:00,,,,,,,,,,,,,,,,,,,,,,,,,
19975,20:55:00,,,,,,,,,,,,,,,,,,,,,,,,,
19976,20:56:00,,,,,,,,,,,,,,,,,,,,,,,,,
19977,20:57:00,,,,,,,,,,,,,,,,,,,,,,,,,
19978,20:58:00,,,,,,,,,,,,,,,,,,,,,,,,,
19979,20:59:00,,,,,,,,,,,,,,,,,,,,,,,,,
19980,21:00:00,,,,,,,,,,,,,,,,,,,,,,,,,
19981,21:01:00,,,,,,,,,,,,,,,,,,,,,,,,,
19982,21:02:00,,,,,,,,,,,,,,,,,,,,,,,,,
19983,21:03:00,,,,,,,,,,,,,,,,,,,,,,,,,
19984,21:04:00,,,,,,,,,,,,,,,,,,,,,,,,,
19985,21:05:00,,,,,,,,,,,,,,,,,,,,,,,,,
19986,21:06:00,,,,,,,,,,,,,,,,,,,,,,,,,
19987,21:07:00,,,,,,,,,,,,,,,,,,,,,,,,,
19988,21:08:00,,,,,,,,,,,,,,,,,,,,,,,,,
19989,21:09:00,,,,,,,,,,,,,,,,,,,,,,,,,
19990,21:10:00,,,,,,,,,,,,,,,,,,,,,,,,,
19991,21:11:00,,,,,,,,,,,,,,,,,,,,,,,,,
19992,21:12:00,,,,,,,,,,,,,,,,,,,,,,,,,
19993,21:13:00,,,,,,,,,,,,,,,,,,,,,,,,,
19994,21:14:00,,,,,,,,,,,,,,,,,,,,,,,,,
19995,21:15:00,,,,,,,,,,,,,,,,,,,,,,,,,
19996,21:16:00,,,,,,,,,,,,,,,,,,,,,,,,,
19997,21:17:00,,,,,,,,,,,,,,,,,,,,,,,,,
19998,21:18:00,,,,,,,,,,,,,,,,,,,,,,,,,
19999,21:19:00,,,,,,,,,,,,,,,,,,,,,,,,,
20000,21:20:00,,,,,,,,,,,,,,,,,,,,,,,,,
20001,21:21:00,,,,,,,,,,,,,,,,,,,,,,,,,
20002,21:22:00,,,,,,,,,,,,,,,,,,,,,,,,,
20003,21:23:00,,,,,,,,,,,,,,,,,,,,,,,,,
20004,21:24:00,,,,,,,,,,,,,,,,,,,,,,,,,
20005,21:25:00,,,,,,,,,,,,,,,,,,,,,,,,,
20006,21:26:00,,,,,,,,,,,,,,,,,,,,,,,,,
20007,21:27:00,,,,,,,,,,,,,,,,,,,,,,,,,
20008,21:28:00,,,,,,,,,,,,,,,,,,,,,,,,,
20009,21:29:00,,,,,,,,,,,,,,,,,,,,,,,,,
20010,21:30:00,,,,,,,,,,,,,,,,,,,,,,,,,
20011,21:31:00,,,,,,,,,,,,,,,,,,,,,,,,,
20012,21:32:00,,,,,,,,,,,,,,,,,,,,,,,,,
20013,21:33:00,,,,,,,,,,,,,,,,,,,,,,,,,
20014,21:34:00,,,,,,,,,,,,,,,,,,,,,,,,,
20015,21:35:00,,,,,,,,,,,,,,,,,,,,,,,,,
20016,21:36:00,,,,,,,,,,,,,,,,,,,,,,,,,
20017,21:37:00,,,,,,,,,,,,,,,,,,,,,,,,,
20018,21:38:00,,,,,,,,,,,,,,,,,,,,,,,,,
20019,21:39:00,,,,,,,,,,,,,,,,,,,,,,,,,
20020,21:40:00,,,,,,,,,,,,,,,,,,,,,,,,,
20021,21:41:00,,,,,,,,,,,,,,,,,,,,,,,,,
20022,21:42:00,,,,,,,,,,,,,,,,,,,,,,,,,
20023,21:43:00,,,,,,,,,,,,,,,,,,,,,,,,,
20024,21:44:00,,,,,,,,,,,,,,,,,,,,,,,,,
20025,21:45:00,,,,,,,,,,,,,,,,,,,,,,,,,
20026,21:46:00,,,,,,,,,,,,,,,,,,,,,,,,,
20027,21:47:00,,,,,,,,,,,,,,,,,,,,,,,,,
20028,21:48:00,,,,,,,,,,,,,,,,,,,,,,,,,
20029,21:49:00,,,,,,,,,,,,,,,,,,,,,,,,,
20030,21:50:00,,,,,,,,,,,,,,,,,,,,,,,,,
20031,21:51:00,,,,,,,,,,,,,,,,,,,,,,,,,
20032,21:52:00,,,,,,,,,,,,,,,,,,,,,,,,,
20033,21:53:00,,,,,,,,,,,,,,,,,,,,,,,,,
20034,21:54:00,,,,,,,,,,,,,,,,,,,,,,,,,
20035,21:55:00,,,,,,,,,,,,,,,,,,,,,,,,,
20036,21:56:00,,,,,,,,,,,,,,,,,,,,,,,,,
20037,21:57:00,,,,,,,,,,,,,,,,,,,,,,,,,
20038,21:58:00,,,,,,,,,,,,,,,,,,,,,,,,,
20039,21:59:00,,,,,,,,,,,,,,,,,,,,,,,,,
20040,22:00:00,,,,,,,,,,,,,,,,,,,,,,,,,
20041,22:01:00,,,,,,,,,,,,,,,,,,,,,,,,,
20042,22:02:00,,,,,,,,,,,,,,,,,,,,,,,,,
20043,22:03:00,,,,,,,,,,,,,,,,,,,,,,,,,
20044,22:04:00,,,,,,,,,,,,,,,,,,,,,,,,,
20045,22:05:00,,,,,,,,,,,,,,,,,,,,,,,,,
20046,22:06:00,,,,,,,,,,,,,,,,,,,,,,,,,
20047,22:07:00,,,,,,,,,,,,,,,,,,,,,,,,,
20048,22:08:00,,,,,,,,,,,,,,,,,,,,,,,,,
20049,22:09:00,,,,,,,,,,,,,,,,,,,,,,,,,
20050,22:10:00,,,,,,,,,,,,,,,,,,,,,,,,,
20051,22:11:00,,,,,,,,,,,,,,,,,,,,,,,,,
20052,22:12:00,,,,,,,,,,,,,,,,,,,,,,,,,
20053,22:13:00,,,,,,,,,,,,,,,,,,,,,,,,,
20054,22:14:00,,,,,,,,,,,,,,,,,,,,,,,,,
20055,22:15:00,,,,,,,,,,,,,,,,,,,,,,,,,
20056,22:16:00,,,,,,,,,,,,,,,,,,,,,,,,,
20057,22:17:00,,,,,,,,,,,,,,,,,,,,,,,,,
20058,22:18:00,,,,,,,,,,,,,,,,,,,,,,,,,
20059,22:19:00,,,,,,,,,,,,,,,,,,,,,,,,,
20060,22:20:00,,,,,,,,,,,,,,,,,,,,,,,,,
20061,22:21:00,,,,,,,,,,,,,,,,,,,,,,,,,
20062,22:22:00,,,,,,,,,,,,,,,,,,,,,,,,,
20063,22:23:00,,,,,,,,,,,,,,,,,,,,,,,,,
20064,22:24:00,,,,,,,,,,,,,,,,,,,,,,,,,
20065,22:25:00,,,,,,,,,,,,,,,,,,,,,,,,,
20066,22:26:00,,,,,,,,,,,,,,,,,,,,,,,,,
20067,22:27:00,,,,,,,,,,,,,,,,,,,,,,,,,
20068,22:28:00,,,,,,,,,,,,,,,,,,,,,,,,,
20069,22:29:00,,,,,,,,,,,,,,,,,,,,,,,,,
20070,22:30:00,,,,,,,,,,,,,,,,,,,,,,,,,
20071,22:31:00,,,,,,,,,,,,,,,,,,,,,,,,,
20072,22:32:00,,,,,,,,,,,,,,,,,,,,,,,,,
20073,22:33:00,,,,,,,,,,,,,,,,,,,,,,,,,
20074,22:34:00,,,,,,,,,,,,,,,,,,,,,,,,,
20075,22:35:00,,,,,,,,,,,,,,,,,,,,,,,,,
20076,22:36:00,,,,,,,,,,,,,,,,,,,,,,,,,
20077,22:37:00,,,,,,,,,,,,,,,,,,,,,,,,,
20078,22:38:00,,,,,,,,,,,,,,,,,,,,,,,,,
20079,22:39:00,,,,,,,,,,,,,,,,,,,,,,,,,
20080,22:40:00,,,,,,,,,,,,,,,,,,,,,,,,,
20081,22:41:00,,,,,,,,,,,,,,,,,,,,,,,,,
20082,22:42:00,,,,,,,,,,,,,,,,,,,,,,,,,
20083,22:43:00,,,,,,,,,,,,,,,,,,,,,,,,,
20084,22:44:00,,,,,,,,,,,,,,,,,,,,,,,,,
20085,22:45:00,,,,,,,,,,,,,,,,,,,,,,,,,
20086,22:46:00,,,,,,,,,,,,,,,,,,,,,,,,,
20087,22:47:00,,,,,,,,,,,,,,,,,,,,,,,,,
20088,22:48:00,,,,,,,,,,,,,,,,,,,,,,,,,
20089,22:49:00,,,,,,,,,,,,,,,,,,,,,,,,,
20090,22:50:00,,,,,,,,,,,,,,,,,,,,,,,,,
20091,22:51:00,,,,,,,,,,,,,,,,,,,,,,,,,
20092,22:52:00,,,,,,,,,,,,,,,,,,,,,,,,,
20093,22:53:00,,,,,,,,,,,,,,,,,,,,,,,,,
20094,22:54:00,,,,,,,,,,,,,,,,,,,,,,,,,
20095,22:55:00,,,,,,,,,,,,,,,,,,,,,,,,,
20096,22:56:00,,,,,,,,,,,,,,,,,,,,,,,,,
20097,22:57:00,,,,,,,,,,,,,,,,,,,,,,,,,
20098,22:58:00,,,,,,,,,,,,,,,,,,,,,,,,,
20099,22:59:00,,,,,,,,,,,,,,,,,,,,,,,,,
20100,23:00:00,,,,,,,,,,,,,,,,,,,,,,,,,
20101,23:01:00,,,,,,,,,,,,,,,,,,,,,,,,,
20102,23:02:00,,,,,,,,,,,,,,,,,,,,,,,,,
20103,23:03:00,,,,,,,,,,,,,,,,,,,,,,,,,
20104,23:04:00,,,,,,,,,,,,,,,,,,,,,,,,,
20105,23:05:00,,,,,,,,,,,,,,,,,,,,,,,,,
20106,23:06:00,,,,,,,,,,,,,,,,,,,,,,,,,
20107,23:07:00,,,,,,,,,,,,,,,,,,,,,,,,,
20108,23:08:00,,,,,,,,,,,,,,,,,,,,,,,,,
20109,23:09:00,,,,,,,,,,,,,,,,,,,,,,,,,
20110,23:10:00,,,,,,,,,,,,,,,,,,,,,,,,,
20111,23:11:00,,,,,,,,,,,,,,,,,,,,,,,,,
20112,23:12:00,,,,,,,,,,,,,,,,,,,,,,,,,
20113,23:13:00,,,,,,,,,,,,,,,,,,,,,,,,,
20114,23:14:00,,,,,,,,,,,,,,,,,,,,,,,,,
20115,23:15:00,,,,,,,,,,,,,,,,,,,,,,,,,
20116,23:16:00,,,,,,,,,,,,,,,,,,,,,,,,,
20117,23:17:00,,,,,,,,,,,,,,,,,,,,,,,,,
20118,23:18:00,,,,,,,,,,,,,,,,,,,,,,,,,
20119,23:19:00,,,,,,,,,,,,,,,,,,,,,,,,,
20120,23:20:00,,,,,,,,,,,,,,,,,,,,,,,,,
20121,23:21:00,,,,,,,,,,,,,,,,,,,,,,,,,
20122,23:22:00,,,,,,,,,,,,,,,,,,,,,,,,,
20123,23:23:00,,,,,,,,,,,,,,,,,,,,,,,,,
20124,23:24:00,,,,,,,,,,,,,,,,,,,,,,,,,
20125,23:25:00,,,,,,,,,,,,,,,,,,,,,,,,,
20126,23:26:00,,,,,,,,,,,,,,,,,,,,,,,,,
20127,23:27:00,,,,,,,,,,,,,,,,,,,,,,,,,
20128,23:28:00,,,,,,,,,,,,,,,,,,,,,,,,,
20129,23:29:00,,,,,,,,,,,,,,,,,,,,,,,,,
20130,23:30:00,,,,,,,,,,,,,,,,,,,,,,,,,
20131,23:31:00,,,,,,,,,,,,,,,,,,,,,,,,,
20132,23:32:00,,,,,,,,,,,,,,,,,,,,,,,,,
20133,23:33:00,,,,,,,,,,,,,,,,,,,,,,,,,
20134,23:34:00,,,,,,,,,,,,,,,,,,,,,,,,,
20135,23:35:00,,,,,,,,,,,,,,,,,,,,,,,,,
20136,23:36:00,,,,,,,,,,,,,,,,,,,,,,,,,
20137,23:37:00,,,,,,,,,,,,,,,,,,,,,,,,,
20138,23:38:00,,,,,,,,,,,,,,,,,,,,,,,,,
20139,23:39:00,,,,,,,,,,,,,,,,,,,,,,,,,
20140,23:40:00,,,,,,,,,,,,,,,,,,,,,,,,,
20141,23:41:00,,,,,,,,,,,,,,,,,,,,,,,,,
20142,23:42:00,,,,,,,,,,,,,,,,,,,,,,,,,
20143,23:43:00,,,,,,,,,,,,,,,,,,,,,,,,,
20144,23:44:00,,,,,,,,,,,,,,,,,,,,,,,,,
20145,23:45:00,,,,,,,,,,,,,,,,,,,,,,,,,
20146,23:46:00,,,,,,,,,,,,,,,,,,,,,,,,,
20147,23:47:00,,,,,,,,,,,,,,,,,,,,,,,,,
20148,23:48:00,,,,,,,,,,,,,,,,,,,,,,,,,
20149,23:49:00,,,,,,,,,,,,,,,,,,,,,,,,,
20150,23:50:00,,,,,,,,,,,,,,,,,,,,,,,,,
20151,23:51:00,,,,,,,,,,,,,,,,,,,,,,,,,
20152,23:52:00,,,,,,,,,,,,,,,,,,,,,,,,,
20153,23:53:00,,,,,,,,,,,,,,,,,,,,,,,,,
20154,23:54:00,,,,,,,,,,,,,,,,,,,,,,,,,
20155,23:55:00,,,,,,,,,,,,,,,,,,,,,,,,,
20156,23:56:00,,,,,,,,,,,,,,,,,,,,,,,,,
20157,23:57:00,,,,,,,,,,,,,,,,,,,,,,,,,
20158,23:58:00,,,,,,,,,,,,,,,,,,,,,,,,,
20159,23:59:00,,,,,,,,,,,,,,,,,,,,,,,,,
20160,00:00:00,,,,,,,,,,,,,,,,,,,,,,,,,
20161,00:01:00,,,,,,,,,,,,,,,,,,,,,,,,,
20162,00:02:00,,,,,,,,,,,,,,,,,,,,,,,,,
20163,00:03:00,,,,,,,,,,,,,,,,,,,,,,,,,
20164,00:04:00,,,,,,,,,,,,,,,,,,,,,,,,,
20165,00:05:00,,,,,,,,,,,,,,,,,,,,,,,,,
20166,00:06:00,,,,,,,,,,,,,,,,,,,,,,,,,
20167,00:07:00,,,,,,,,,,,,,,,,,,,,,,,,,
20168,00:08:00,,,,,,,,,,,,,,,,,,,,,,,,,
20169,00:09:00,,,,,,,,,,,,,,,,,,,,,,,,,
20170,00:10:00,,,,,,,,,,,,,,,,,,,,,,,,,
20171,00:11:00,,,,,,,,,,,,,,,,,,,,,,,,,
20172,00:12:00,,,,,,,,,,,,,,,,,,,,,,,,,
20173,00:13:00,,,,,,,,,,,,,,,,,,,,,,,,,
20174,00:14:00,,,,,,,,,,,,,,,,,,,,,,,,,
20175,00:15:00,,,,,,,,,,,,,,,,,,,,,,,,,
20176,00:16:00,,,,,,,,,,,,,,,,,,,,,,,,,
20177,00:17:00,,,,,,,,,,,,,,,,,,,,,,,,,
20178,00:18:00,,,,,,,,,,,,,,,,,,,,,,,,,
20179,00:19:00,,,,,,,,,,,,,,,,,,,,,,,,,
20180,00:20:00,,,,,,,,,,,,,,,,,,,,,,,,,
20181,00:21:00,,,,,,,,,,,,,,,,,,,,,,,,,
20182,00:22:00,,,,,,,,,,,,,,,,,,,,,,,,,
20183,00:23:00,,,,,,,,,,,,,,,,,,,,,,,,,
20184,00:24:00,,,,,,,,,,,,,,,,,,,,,,,,,
20185,00:25:00,,,,,,,,,,,,,,,,,,,,,,,,,
20186,00:26:00,,,,,,,,,,,,,,,,,,,,,,,,,
20187,00:27:00,,,,,,,,,,,,,,,,,,,,,,,,,
20188,00:28:00,,,,,,,,,,,,,,,,,,,,,,,,,
20189,00:29:00,,,,,,,,,,,,,,,,,,,,,,,,,
20190,00:30:00,,,,,,,,,,,,,,,,,,,,,,,,,
20191,00:31:00,,,,,,,,,,,,,,,,,,,,,,,,,
20192,00:32:00,,,,,,,,,,,,,,,,,,,,,,,,,
20193,00:33:00,,,,,,,,,,,,,,,,,,,,,,,,,
20194,00:34:00,,,,,,,,,,,,,,,,,,,,,,,,,
20195,00:35:00,,,,,,,,,,,,,,,,,,,,,,,,,
20196,00:36:00,,,,,,,,,,,,,,,,,,,,,,,,,
20197,00:37:00,,,,,,,,,,,,,,,,,,,,,,,,,
20198,00:38:00,,,,,,,,,,,,,,,,,,,,,,,,,
20199,00:39:00,,,,,,,,,,,,,,,,,,,,,,,,,
20200,00:40:00,,,,,,,,,,,,,,,,,,,,,,,,,
20201,00:41:00,,,,,,,,,,,,,,,,,,,,,,,,,
20202,00:42:00,,,,,,,,,,,,,,,,,,,,,,,,,
20203,00:43:00,,,,,,,,,,,,,,,,,,,,,,,,,
20204,00:44:00,,,,,,,,,,,,,,,,,,,,,,,,,
20205,00:45:00,,,,,,,,,,,,,,,,,,,,,,,,,
20206,00:46:00,,,,,,,,,,,,,,,,,,,,,,,,,
20207,00:47:00,,,,,,,,,,,,,,,,,,,,,,,,,
20208,00:48:00,,,,,,,,,,,,,,,,,,,,,,,,,
20209,00:49:00,,,,,,,,,,,,,,,,,,,,,,,,,
20210,00:50:00,,,,,,,,,,,,,,,,,,,,,,,,,
20211,00:51:00,,,,,,,,,,,,,,,,,,,,,,,,,
20212,00:52:00,,,,,,,,,,,,,,,,,,,,,,,,,
20213,00:53:00,,,,,,,,,,,,,,,,,,,,,,,,,
20214,00:54:00,,,,,,,,,,,,,,,,,,,,,,,,,
20215,00:55:00,,,,,,,,,,,,,,,,,,,,,,,,,
20216,00:56:00,,,,,,,,,,,,,,,,,,,,,,,,,
20217,00:57:00,,,,,,,,,,,,,,,,,,,,,,,,,
20218,00:58:00,,,,,,,,,,,,,,,,,,,,,,,,,
20219,00:59:00,,,,,,,,,,,,,,,,,,,,,,,,,
20220,01:00:00,,,,,,,,,,,,,,,,,,,,,,,,,
20221,01:01:00,,,,,,,,,,,,,,,,,,,,,,,,,
20222,01:02:00,,,,,,,,,,,,,,,,,,,,,,,,,
20223,01:03:00,,,,,,,,,,,,,,,,,,,,,,,,,
20224,01:04:00,,,,,,,,,,,,,,,,,,,,,,,,,
20225,01:05:00,,,,,,,,,,,,,,,,,,,,,,,,,
20226,01:06:00,,,,,,,,,,,,,,,,,,,,,,,,,
20227,01:07:00,,,,,,,,,,,,,,,,,,,,,,,,,
20228,01:08:00,,,,,,,,,,,,,,,,,,,,,,,,,
20229,01:09:00,,,,,,,,,,,,,,,,,,,,,,,,,
20230,01:10:00,,,,,,,,,,,,,,,,,,,,,,,,,
20231,01:11:00,,,,,,,,,,,,,,,,,,,,,,,,,
20232,01:12:00,,,,,,,,,,,,,,,,,,,,,,,,,
20233,01:13:00,,,,,,,,,,,,,,,,,,,,,,,,,
20234,01:14:00,,,,,,,,,,,,,,,,,,,,,,,,,
20235,01:15:00,,,,,,,,,,,,,,,,,,,,,,,,,
20236,01:16:00,,,,,,,,,,,,,,,,,,,,,,,,,
20237,01:17:00,,,,,,,,,,,,,,,,,,,,,,,,,
20238,01:18:00,,,,,,,,,,,,,,,,,,,,,,,,,
20239,01:19:00,,,,,,,,,,,,,,,,,,,,,,,,,
20240,01:20:00,,,,,,,,,,,,,,,,,,,,,,,,,
20241,01:21:00,,,,,,,,,,,,,,,,,,,,,,,,,
20242,01:22:00,,,,,,,,,,,,,,,,,,,,,,,,,
20243,01:23:00,,,,,,,,,,,,,,,,,,,,,,,,,
20244,01:24:00,,,,,,,,,,,,,,,,,,,,,,,,,
20245,01:25:00,,,,,,,,,,,,,,,,,,,,,,,,,
20246,01:26:00,,,,,,,,,,,,,,,,,,,,,,,,,
20247,01:27:00,,,,,,,,,,,,,,,,,,,,,,,,,
20248,01:28:00,,,,,,,,,,,,,,,,,,,,,,,,,
20249,01:29:00,,,,,,,,,,,,,,,,,,,,,,,,,
20250,01:30:00,,,,,,,,,,,,,,,,,,,,,,,,,
20251,01:31:00,,,,,,,,,,,,,,,,,,,,,,,,,
20252,01:32:00,,,,,,,,,,,,,,,,,,,,,,,,,
20253,01:33:00,,,,,,,,,,,,,,,,,,,,,,,,,
20254,01:34:00,,,,,,,,,,,,,,,,,,,,,,,,,
20255,01:35:00,,,,,,,,,,,,,,,,,,,,,,,,,
20256,01:36:00,,,,,,,,,,,,,,,,,,,,,,,,,
20257,01:37:00,,,,,,,,,,,,,,,,,,,,,,,,,
20258,01:38:00,,,,,,,,,,,,,,,,,,,,,,,,,
20259,01:39:00,,,,,,,,,,,,,,,,,,,,,,,,,
20260,01:40:00,,,,,,,,,,,,,,,,,,,,,,,,,
20261,01:41:00,,,,,,,,,,,,,,,,,,,,,,,,,
20262,01:42:00,,,,,,,,,,,,,,,,,,,,,,,,,
20263,01:43:00,,,,,,,,,,,,,,,,,,,,,,,,,
20264,01:44:00,,,,,,,,,,,,,,,,,,,,,,,,,
20265,01:45:00,,,,,,,,,,,,,,,,,,,,,,,,,
20266,01:46:00,,,,,,,,,,,,,,,,,,,,,,,,,
20267,01:47:00,,,,,,,,,,,,,,,,,,,,,,,,,
20268,01:48:00,,,,,,,,,,,,,,,,,,,,,,,,,
20269,01:49:00,,,,,,,,,,,,,,,,,,,,,,,,,
20270,01:50:00,,,,,,,,,,,,,,,,,,,,,,,,,
20271,01:51:00,,,,,,,,,,,,,,,,,,,,,,,,,
20272,01:52:00,,,,,,,,,,,,,,,,,,,,,,,,,
20273,01:53:00,,,,,,,,,,,,,,,,,,,,,,,,,
20274,01:54:00,,,,,,,,,,,,,,,,,,,,,,,,,
20275,01:55:00,,,,,,,,,,,,,,,,,,,,,,,,,
20276,01:56:00,,,,,,,,,,,,,,,,,,,,,,,,,
20277,01:57:00,,,,,,,,,,,,,,,,,,,,,,,,,
20278,01:58:00,,,,,,,,,,,,,,,,,,,,,,,,,
20279,01:59:00,,,,,,,,,,,,,,,,,,,,,,,,,
20280,02:00:00,,,,,,,,,,,,,,,,,,,,,,,,,
20281,02:01:00,,,,,,,,,,,,,,,,,,,,,,,,,
20282,02:02:00,,,,,,,,,,,,,,,,,,,,,,,,,
20283,02:03:00,,,,,,,,,,,,,,,,,,,,,,,,,
20284,02:04:00,,,,,,,,,,,,,,,,,,,,,,,,,
20285,02:05:00,,,,,,,,,,,,,,,,,,,,,,,,,
20286,02:06:00,,,,,,,,,,,,,,,,,,,,,,,,,
20287,02:07:00,,,,,,,,,,,,,,,,,,,,,,,,,
20288,02:08:00,,,,,,,,,,,,,,,,,,,,,,,,,
20289,02:09:00,,,,,,,,,,,,,,,,,,,,,,,,,
20290,02:10:00,,,,,,,,,,,,,,,,,,,,,,,,,
20291,02:11:00,,,,,,,,,,,,,,,,,,,,,,,,,
20292,02:12:00,,,,,,,,,,,,,,,,,,,,,,,,,
20293,02:13:00,,,,,,,,,,,,,,,,,,,,,,,,,
20294,02:14:00,,,,,,,,,,,,,,,,,,,,,,,,,
20295,02:15:00,,,,,,,,,,,,,,,,,,,,,,,,,
20296,02:16:00,,,,,,,,,,,,,,,,,,,,,,,,,
20297,02:17:00,,,,,,,,,,,,,,,,,,,,,,,,,
20298,02:18:00,,,,,,,,,,,,,,,,,,,,,,,,,
20299,02:19:00,,,,,,,,,,,,,,,,,,,,,,,,,
20300,02:20:00,,,,,,,,,,,,,,,,,,,,,,,,,
20301,02:21:00,,,,,,,,,,,,,,,,,,,,,,,,,
20302,02:22:00,,,,,,,,,,,,,,,,,,,,,,,,,
20303,02:23:00,,,,,,,,,,,,,,,,,,,,,,,,,
20304,02:24:00,,,,,,,,,,,,,,,,,,,,,,,,,
20305,02:25:00,,,,,,,,,,,,,,,,,,,,,,,,,
20306,02:26:00,,,,,,,,,,,,,,,,,,,,,,,,,
20307,02:27:00,,,,,,,,,,,,,,,,,,,,,,,,,
20308,02:28:00,,,,,,,,,,,,,,,,,,,,,,,,,
20309,02:29:00,,,,,,,,,,,,,,,,,,,,,,,,,
20310,02:30:00,,,,,,,,,,,,,,,,,,,,,,,,,
20311,02:31:00,,,,,,,,,,,,,,,,,,,,,,,,,
20312,02:32:00,,,,,,,,,,,,,,,,,,,,,,,,,
20313,02:33:00,,,,,,,,,,,,,,,,,,,,,,,,,
20314,02:34:00,,,,,,,,,,,,,,,,,,,,,,,,,
20315,02:35:00,,,,,,,,,,,,,,,,,,,,,,,,,
20316,02:36:00,,,,,,,,,,,,,,,,,,,,,,,,,
20317,02:37:00,,,,,,,,,,,,,,,,,,,,,,,,,
20318,02:38:00,,,,,,,,,,,,,,,,,,,,,,,,,
20319,02:39:00,,,,,,,,,,,,,,,,,,,,,,,,,
20320,02:40:00,,,,,,,,,,,,,,,,,,,,,,,,,
20321,02:41:00,,,,,,,,,,,,,,,,,,,,,,,,,
20322,02:42:00,,,,,,,,,,,,,,,,,,,,,,,,,
20323,02:43:00,,,,,,,,,,,,,,,,,,,,,,,,,
20324,02:44:00,,,,,,,,,,,,,,,,,,,,,,,,,
20325,02:45:00,,,,,,,,,,,,,,,,,,,,,,,,,
20326,02:46:00,,,,,,,,,,,,,,,,,,,,,,,,,
20327,02:47:00,,,,,,,,,,,,,,,,,,,,,,,,,
20328,02:48:00,,,,,,,,,,,,,,,,,,,,,,,,,
20329,02:49:00,,,,,,,,,,,,,,,,,,,,,,,,,
20330,02:50:00,,,,,,,,,,,,,,,,,,,,,,,,,
20331,02:51:00,,,,,,,,,,,,,,,,,,,,,,,,,
20332,02:52:00,,,,,,,,,,,,,,,,,,,,,,,,,
20333,02:53:00,,,,,,,,,,,,,,,,,,,,,,,,,
20334,02:54:00,,,,,,,,,,,,,,,,,,,,,,,,,
20335,02:55:00,,,,,,,,,,,,,,,,,,,,,,,,,
20336,02:56:00,,,,,,,,,,,,,,,,,,,,,,,,,
20337,02:57:00,,,,,,,,,,,,,,,,,,,,,,,,,
20338,02:58:00,,,,,,,,,,,,,,,,,,,,,,,,,
20339,02:59:00,,,,,,,,,,,,,,,,,,,,,,,,,
20340,03:00:00,,,,,,,,,,,,,,,,,,,,,,,,,
20341,03:01:00,,,,,,,,,,,,,,,,,,,,,,,,,
20342,03:02:00,,,,,,,,,,,,,,,,,,,,,,,,,
20343,03:03:00,,,,,,,,,,,,,,,,,,,,,,,,,
20344,03:04:00,,,,,,,,,,,,,,,,,,,,,,,,,
20345,03:05:00,,,,,,,,,,,,,,,,,,,,,,,,,
20346,03:06:00,,,,,,,,,,,,,,,,,,,,,,,,,
20347,03:07:00,,,,,,,,,,,,,,,,,,,,,,,,,
20348,03:08:00,,,,,,,,,,,,,,,,,,,,,,,,,
20349,03:09:00,,,,,,,,,,,,,,,,,,,,,,,,,
20350,03:10:00,,,,,,,,,,,,,,,,,,,,,,,,,
20351,03:11:00,,,,,,,,,,,,,,,,,,,,,,,,,
20352,03:12:00,,,,,,,,,,,,,,,,,,,,,,,,,
20353,03:13:00,,,,,,,,,,,,,,,,,,,,,,,,,
20354,03:14:00,,,,,,,,,,,,,,,,,,,,,,,,,
20355,03:15:00,,,,,,,,,,,,,,,,,,,,,,,,,
20356,03:16:00,,,,,,,,,,,,,,,,,,,,,,,,,
20357,03:17:00,,,,,,,,,,,,,,,,,,,,,,,,,
20358,03:18:00,,,,,,,,,,,,,,,,,,,,,,,,,
20359,03:19:00,,,,,,,,,,,,,,,,,,,,,,,,,
20360,03:20:00,,,,,,,,,,,,,,,,,,,,,,,,,
20361,03:21:00,,,,,,,,,,,,,,,,,,,,,,,,,
20362,03:22:00,,,,,,,,,,,,,,,,,,,,,,,,,
20363,03:23:00,,,,,,,,,,,,,,,,,,,,,,,,,
20364,03:24:00,,,,,,,,,,,,,,,,,,,,,,,,,
20365,03:25:00,,,,,,,,,,,,,,,,,,,,,,,,,
20366,03:26:00,,,,,,,,,,,,,,,,,,,,,,,,,
20367,03:27:00,,,,,,,,,,,,,,,,,,,,,,,,,
20368,03:28:00,,,,,,,,,,,,,,,,,,,,,,,,,
20369,03:29:00,,,,,,,,,,,,,,,,,,,,,,,,,
20370,03:30:00,,,,,,,,,,,,,,,,,,,,,,,,,
20371,03:31:00,,,,,,,,,,,,,,,,,,,,,,,,,
20372,03:32:00,,,,,,,,,,,,,,,,,,,,,,,,,
20373,03:33:00,,,,,,,,,,,,,,,,,,,,,,,,,
20374,03:34:00,,,,,,,,,,,,,,,,,,,,,,,,,
20375,03:35:00,,,,,,,,,,,,,,,,,,,,,,,,,
20376,03:36:00,,,,,,,,,,,,,,,,,,,,,,,,,
20377,03:37:00,,,,,,,,,,,,,,,,,,,,,,,,,
20378,03:38:00,,,,,,,,,,,,,,,,,,,,,,,,,
20379,03:39:00,,,,,,,,,,,,,,,,,,,,,,,,,
20380,03:40:00,,,,,,,,,,,,,,,,,,,,,,,,,
20381,03:41:00,,,,,,,,,,,,,,,,,,,,,,,,,
20382,03:42:00,,,,,,,,,,,,,,,,,,,,,,,,,
20383,03:43:00,,,,,,,,,,,,,,,,,,,,,,,,,
20384,03:44:00,,,,,,,,,,,,,,,,,,,,,,,,,
20385,03:45:00,,,,,,,,,,,,,,,,,,,,,,,,,
20386,03:46:00,,,,,,,,,,,,,,,,,,,,,,,,,
20387,03:47:00,,,,,,,,,,,,,,,,,,,,,,,,,
20388,03:48:00,,,,,,,,,,,,,,,,,,,,,,,,,
20389,03:49:00,,,,,,,,,,,,,,,,,,,,,,,,,
20390,03:50:00,,,,,,,,,,,,,,,,,,,,,,,,,
20391,03:51:00,,,,,,,,,,,,,,,,,,,,,,,,,
20392,03:52:00,,,,,,,,,,,,,,,,,,,,,,,,,
20393,03:53:00,,,,,,,,,,,,,,,,,,,,,,,,,
20394,03:54:00,,,,,,,,,,,,,,,,,,,,,,,,,
20395,03:55:00,,,,,,,,,,,,,,,,,,,,,,,,,
20396,03:56:00,,,,,,,,,,,,,,,,,,,,,,,,,
20397,03:57:00,,,,,,,,,,,,,,,,,,,,,,,,,
20398,03:58:00,,,,,,,,,,,,,,,,,,,,,,,,,
20399,03:59:00,,,,,,,,,,,,,,,,,,,,,,,,,
20400,04:00:00,,,,,,,,,,,,,,,,,,,,,,,,,
20401,04:01:00,,,,,,,,,,,,,,,,,,,,,,,,,
20402,04:02:00,,,,,,,,,,,,,,,,,,,,,,,,,
20403,04:03:00,,,,,,,,,,,,,,,,,,,,,,,,,
20404,04:04:00,,,,,,,,,,,,,,,,,,,,,,,,,
20405,04:05:00,,,,,,,,,,,,,,,,,,,,,,,,,
20406,04:06:00,,,,,,,,,,,,,,,,,,,,,,,,,
20407,04:07:00,,,,,,,,,,,,,,,,,,,,,,,,,
20408,04:08:00,,,,,,,,,,,,,,,,,,,,,,,,,
20409,04:09:00,,,,,,,,,,,,,,,,,,,,,,,,,
20410,04:10:00,,,,,,,,,,,,,,,,,,,,,,,,,
20411,04:11:00,,,,,,,,,,,,,,,,,,,,,,,,,
20412,04:12:00,,,,,,,,,,,,,,,,,,,,,,,,,
20413,04:13:00,,,,,,,,,,,,,,,,,,,,,,,,,
20414,04:14:00,,,,,,,,,,,,,,,,,,,,,,,,,
20415,04:15:00,,,,,,,,,,,,,,,,,,,,,,,,,
20416,04:16:00,,,,,,,,,,,,,,,,,,,,,,,,,
20417,04:17:00,,,,,,,,,,,,,,,,,,,,,,,,,
20418,04:18:00,,,,,,,,,,,,,,,,,,,,,,,,,
20419,04:19:00,,,,,,,,,,,,,,,,,,,,,,,,,
20420,04:20:00,,,,,,,,,,,,,,,,,,,,,,,,,
20421,04:21:00,,,,,,,,,,,,,,,,,,,,,,,,,
20422,04:22:00,,,,,,,,,,,,,,,,,,,,,,,,,
20423,04:23:00,,,,,,,,,,,,,,,,,,,,,,,,,
20424,04:24:00,,,,,,,,,,,,,,,,,,,,,,,,,
20425,04:25:00,,,,,,,,,,,,,,,,,,,,,,,,,
20426,04:26:00,,,,,,,,,,,,,,,,,,,,,,,,,
20427,04:27:00,,,,,,,,,,,,,,,,,,,,,,,,,
20428,04:28:00,,,,,,,,,,,,,,,,,,,,,,,,,
20429,04:29:00,,,,,,,,,,,,,,,,,,,,,,,,,
20430,04:30:00,,,,,,,,,,,,,,,,,,,,,,,,,
20431,04:31:00,,,,,,,,,,,,,,,,,,,,,,,,,
20432,04:32:00,,,,,,,,,,,,,,,,,,,,,,,,,
20433,04:33:00,,,,,,,,,,,,,,,,,,,,,,,,,
20434,04:34:00,,,,,,,,,,,,,,,,,,,,,,,,,
20435,04:35:00,,,,,,,,,,,,,,,,,,,,,,,,,
20436,04:36:00,,,,,,,,,,,,,,,,,,,,,,,,,
20437,04:37:00,,,,,,,,,,,,,,,,,,,,,,,,,
20438,04:38:00,,,,,,,,,,,,,,,,,,,,,,,,,
20439,04:39:00,,,,,,,,,,,,,,,,,,,,,,,,,
20440,04:40:00,,,,,,,,,,,,,,,,,,,,,,,,,
20441,04:41:00,,,,,,,,,,,,,,,,,,,,,,,,,
20442,04:42:00,,,,,,,,,,,,,,,,,,,,,,,,,
20443,04:43:00,,,,,,,,,,,,,,,,,,,,,,,,,
20444,04:44:00,,,,,,,,,,,,,,,,,,,,,,,,,
20445,04:45:00,,,,,,,,,,,,,,,,,,,,,,,,,
20446,04:46:00,,,,,,,,,,,,,,,,,,,,,,,,,
20447,04:47:00,,,,,,,,,,,,,,,,,,,,,,,,,
20448,04:48:00,,,,,,,,,,,,,,,,,,,,,,,,,
20449,04:49:00,,,,,,,,,,,,,,,,,,,,,,,,,
20450,04:50:00,,,,,,,,,,,,,,,,,,,,,,,,,
20451,04:51:00,,,,,,,,,,,,,,,,,,,,,,,,,
20452,04:52:00,,,,,,,,,,,,,,,,,,,,,,,,,
20453,04:53:00,,,,,,,,,,,,,,,,,,,,,,,,,
20454,04:54:00,,,,,,,,,,,,,,,,,,,,,,,,,
20455,04:55:00,,,,,,,,,,,,,,,,,,,,,,,,,
20456,04:56:00,,,,,,,,,,,,,,,,,,,,,,,,,
20457,04:57:00,,,,,,,,,,,,,,,,,,,,,,,,,
20458,04:58:00,,,,,,,,,,,,,,,,,,,,,,,,,
20459,04:59:00,,,,,,,,,,,,,,,,,,,,,,,,,
20460,05:00:00,,,,,,,,,,,,,,,,,,,,,,,,,
20461,05:01:00,,,,,,,,,,,,,,,,,,,,,,,,,
20462,05:02:00,,,,,,,,,,,,,,,,,,,,,,,,,
20463,05:03:00,,,,,,,,,,,,,,,,,,,,,,,,,
20464,05:04:00,,,,,,,,,,,,,,,,,,,,,,,,,
20465,05:05:00,,,,,,,,,,,,,,,,,,,,,,,,,
20466,05:06:00,,,,,,,,,,,,,,,,,,,,,,,,,
20467,05:07:00,,,,,,,,,,,,,,,,,,,,,,,,,
20468,05:08:00,,,,,,,,,,,,,,,,,,,,,,,,,
20469,05:09:00,,,,,,,,,,,,,,,,,,,,,,,,,
20470,05:10:00,,,,,,,,,,,,,,,,,,,,,,,,,
20471,05:11:00,,,,,,,,,,,,,,,,,,,,,,,,,
20472,05:12:00,,,,,,,,,,,,,,,,,,,,,,,,,
20473,05:13:00,,,,,,,,,,,,,,,,,,,,,,,,,
20474,05:14:00,,,,,,,,,,,,,,,,,,,,,,,,,
20475,05:15:00,,,,,,,,,,,,,,,,,,,,,,,,,
20476,05:16:00,,,,,,,,,,,,,,,,,,,,,,,,,
20477,05:17:00,,,,,,,,,,,,,,,,,,,,,,,,,
20478,05:18:00,,,,,,,,,,,,,,,,,,,,,,,,,
20479,05:19:00,,,,,,,,,,,,,,,,,,,,,,,,,
20480,05:20:00,,,,,,,,,,,,,,,,,,,,,,,,,
20481,05:21:00,,,,,,,,,,,,,,,,,,,,,,,,,
20482,05:22:00,,,,,,,,,,,,,,,,,,,,,,,,,
20483,05:23:00,,,,,,,,,,,,,,,,,,,,,,,,,
20484,05:24:00,,,,,,,,,,,,,,,,,,,,,,,,,
20485,05:25:00,,,,,,,,,,,,,,,,,,,,,,,,,
20486,05:26:00,,,,,,,,,,,,,,,,,,,,,,,,,
20487,05:27:00,,,,,,,,,,,,,,,,,,,,,,,,,
20488,05:28:00,,,,,,,,,,,,,,,,,,,,,,,,,
20489,05:29:00,,,,,,,,,,,,,,,,,,,,,,,,,
20490,05:30:00,,,,,,,,,,,,,,,,,,,,,,,,,
20491,05:31:00,,,,,,,,,,,,,,,,,,,,,,,,,
20492,05:32:00,,,,,,,,,,,,,,,,,,,,,,,,,
20493,05:33:00,,,,,,,,,,,,,,,,,,,,,,,,,
20494,05:34:00,,,,,,,,,,,,,,,,,,,,,,,,,
20495,05:35:00,,,,,,,,,,,,,,,,,,,,,,,,,
20496,05:36:00,,,,,,,,,,,,,,,,,,,,,,,,,
20497,05:37:00,,,,,,,,,,,,,,,,,,,,,,,,,
20498,05:38:00,,,,,,,,,,,,,,,,,,,,,,,,,
20499,05:39:00,,,,,,,,,,,,,,,,,,,,,,,,,
20500,05:40:00,,,,,,,,,,,,,,,,,,,,,,,,,
20501,05:41:00,,,,,,,,,,,,,,,,,,,,,,,,,
20502,05:42:00,,,,,,,,,,,,,,,,,,,,,,,,,
20503,05:43:00,,,,,,,,,,,,,,,,,,,,,,,,,
20504,05:44:00,,,,,,,,,,,,,,,,,,,,,,,,,
20505,05:45:00,,,,,,,,,,,,,,,,,,,,,,,,,
20506,05:46:00,,,,,,,,,,,,,,,,,,,,,,,,,
20507,05:47:00,,,,,,,,,,,,,,,,,,,,,,,,,
20508,05:48:00,,,,,,,,,,,,,,,,,,,,,,,,,
20509,05:49:00,,,,,,,,,,,,,,,,,,,,,,,,,
20510,05:50:00,,,,,,,,,,,,,,,,,,,,,,,,,
20511,05:51:00,,,,,,,,,,,,,,,,,,,,,,,,,
20512,05:52:00,,,,,,,,,,,,,,,,,,,,,,,,,
20513,05:53:00,,,,,,,,,,,,,,,,,,,,,,,,,
20514,05:54:00,,,,,,,,,,,,,,,,,,,,,,,,,
20515,05:55:00,,,,,,,,,,,,,,,,,,,,,,,,,
20516,05:56:00,,,,,,,,,,,,,,,,,,,,,,,,,
20517,05:57:00,,,,,,,,,,,,,,,,,,,,,,,,,
20518,05:58:00,,,,,,,,,,,,,,,,,,,,,,,,,
20519,05:59:00,,,,,,,,,,,,,,,,,,,,,,,,,
20520,06:00:00,,,,,,,,,,,,,,,,,,,,,,,,,
20521,06:01:00,,,,,,,,,,,,,,,,,,,,,,,,,
20522,06:02:00,,,,,,,,,,,,,,,,,,,,,,,,,
20523,06:03:00,,,,,,,,,,,,,,,,,,,,,,,,,
20524,06:04:00,,,,,,,,,,,,,,,,,,,,,,,,,
20525,06:05:00,,,,,,,,,,,,,,,,,,,,,,,,,
20526,06:06:00,,,,,,,,,,,,,,,,,,,,,,,,,
20527,06:07:00,,,,,,,,,,,,,,,,,,,,,,,,,
20528,06:08:00,,,,,,,,,,,,,,,,,,,,,,,,,
20529,06:09:00,,,,,,,,,,,,,,,,,,,,,,,,,
20530,06:10:00,,,,,,,,,,,,,,,,,,,,,,,,,
20531,06:11:00,,,,,,,,,,,,,,,,,,,,,,,,,
20532,06:12:00,,,,,,,,,,,,,,,,,,,,,,,,,
20533,06:13:00,,,,,,,,,,,,,,,,,,,,,,,,,
20534,06:14:00,,,,,,,,,,,,,,,,,,,,,,,,,
20535,06:15:00,,,,,,,,,,,,,,,,,,,,,,,,,
20536,06:16:00,,,,,,,,,,,,,,,,,,,,,,,,,
20537,06:17:00,,,,,,,,,,,,,,,,,,,,,,,,,
20538,06:18:00,,,,,,,,,,,,,,,,,,,,,,,,,
20539,06:19:00,,,,,,,,,,,,,,,,,,,,,,,,,
20540,06:20:00,,,,,,,,,,,,,,,,,,,,,,,,,
20541,06:21:00,,,,,,,,,,,,,,,,,,,,,,,,,
20542,06:22:00,,,,,,,,,,,,,,,,,,,,,,,,,
20543,06:23:00,,,,,,,,,,,,,,,,,,,,,,,,,
20544,06:24:00,,,,,,,,,,,,,,,,,,,,,,,,,
20545,06:25:00,,,,,,,,,,,,,,,,,,,,,,,,,
20546,06:26:00,,,,,,,,,,,,,,,,,,,,,,,,,
20547,06:27:00,,,,,,,,,,,,,,,,,,,,,,,,,
20548,06:28:00,,,,,,,,,,,,,,,,,,,,,,,,,
20549,06:29:00,,,,,,,,,,,,,,,,,,,,,,,,,
20550,06:30:00,,,,,,,,,,,,,,,,,,,,,,,,,
20551,06:31:00,,,,,,,,,,,,,,,,,,,,,,,,,
20552,06:32:00,,,,,,,,,,,,,,,,,,,,,,,,,
20553,06:33:00,,,,,,,,,,,,,,,,,,,,,,,,,
20554,06:34:00,,,,,,,,,,,,,,,,,,,,,,,,,
20555,06:35:00,,,,,,,,,,,,,,,,,,,,,,,,,
20556,06:36:00,,,,,,,,,,,,,,,,,,,,,,,,,
20557,06:37:00,,,,,,,,,,,,,,,,,,,,,,,,,
20558,06:38:00,,,,,,,,,,,,,,,,,,,,,,,,,
20559,06:39:00,,,,,,,,,,,,,,,,,,,,,,,,,
20560,06:40:00,,,,,,,,,,,,,,,,,,,,,,,,,
20561,06:41:00,,,,,,,,,,,,,,,,,,,,,,,,,
20562,06:42:00,,,,,,,,,,,,,,,,,,,,,,,,,
20563,06:43:00,,,,,,,,,,,,,,,,,,,,,,,,,
20564,06:44:00,,,,,,,,,,,,,,,,,,,,,,,,,
20565,06:45:00,,,,,,,,,,,,,,,,,,,,,,,,,
20566,06:46:00,,,,,,,,,,,,,,,,,,,,,,,,,
20567,06:47:00,,,,,,,,,,,,,,,,,,,,,,,,,
20568,06:48:00,,,,,,,,,,,,,,,,,,,,,,,,,
20569,06:49:00,,,,,,,,,,,,,,,,,,,,,,,,,
20570,06:50:00,,,,,,,,,,,,,,,,,,,,,,,,,
20571,06:51:00,,,,,,,,,,,,,,,,,,,,,,,,,
20572,06:52:00,,,,,,,,,,,,,,,,,,,,,,,,,
20573,06:53:00,,,,,,,,,,,,,,,,,,,,,,,,,
20574,06:54:00,,,,,,,,,,,,,,,,,,,,,,,,,
20575,06:55:00,,,,,,,,,,,,,,,,,,,,,,,,,
20576,06:56:00,,,,,,,,,,,,,,,,,,,,,,,,,
20577,06:57:00,,,,,,,,,,,,,,,,,,,,,,,,,
20578,06:58:00,,,,,,,,,,,,,,,,,,,,,,,,,
20579,06:59:00,,,,,,,,,,,,,,,,,,,,,,,,,
20580,07:00:00,,,,,,,,,,,,,,,,,,,,,,,,,
20581,07:01:00,,,,,,,,,,,,,,,,,,,,,,,,,
20582,07:02:00,,,,,,,,,,,,,,,,,,,,,,,,,
20583,07:03:00,,,,,,,,,,,,,,,,,,,,,,,,,
20584,07:04:00,,,,,,,,,,,,,,,,,,,,,,,,,
20585,07:05:00,,,,,,,,,,,,,,,,,,,,,,,,,
20586,07:06:00,,,,,,,,,,,,,,,,,,,,,,,,,
20587,07:07:00,,,,,,,,,,,,,,,,,,,,,,,,,
20588,07:08:00,,,,,,,,,,,,,,,,,,,,,,,,,
20589,07:09:00,,,,,,,,,,,,,,,,,,,,,,,,,
20590,07:10:00,,,,,,,,,,,,,,,,,,,,,,,,,
20591,07:11:00,,,,,,,,,,,,,,,,,,,,,,,,,
20592,07:12:00,,,,,,,,,,,,,,,,,,,,,,,,,
20593,07:13:00,,,,,,,,,,,,,,,,,,,,,,,,,
20594,07:14:00,,,,,,,,,,,,,,,,,,,,,,,,,
20595,07:15:00,,,,,,,,,,,,,,,,,,,,,,,,,
20596,07:16:00,,,,,,,,,,,,,,,,,,,,,,,,,
20597,07:17:00,,,,,,,,,,,,,,,,,,,,,,,,,
20598,07:18:00,,,,,,,,,,,,,,,,,,,,,,,,,
20599,07:19:00,,,,,,,,,,,,,,,,,,,,,,,,,
20600,07:20:00,,,,,,,,,,,,,,,,,,,,,,,,,
20601,07:21:00,,,,,,,,,,,,,,,,,,,,,,,,,
20602,07:22:00,,,,,,,,,,,,,,,,,,,,,,,,,
20603,07:23:00,,,,,,,,,,,,,,,,,,,,,,,,,
20604,07:24:00,,,,,,,,,,,,,,,,,,,,,,,,,
20605,07:25:00,,,,,,,,,,,,,,,,,,,,,,,,,
20606,07:26:00,,,,,,,,,,,,,,,,,,,,,,,,,
20607,07:27:00,,,,,,,,,,,,,,,,,,,,,,,,,
20608,07:28:00,,,,,,,,,,,,,,,,,,,,,,,,,
20609,07:29:00,,,,,,,,,,,,,,,,,,,,,,,,,
20610,07:30:00,,,,,,,,,,,,,,,,,,,,,,,,,
20611,07:31:00,,,,,,,,,,,,,,,,,,,,,,,,,
20612,07:32:00,,,,,,,,,,,,,,,,,,,,,,,,,
20613,07:33:00,,,,,,,,,,,,,,,,,,,,,,,,,
20614,07:34:00,,,,,,,,,,,,,,,,,,,,,,,,,
20615,07:35:00,,,,,,,,,,,,,,,,,,,,,,,,,
20616,07:36:00,,,,,,,,,,,,,,,,,,,,,,,,,
20617,07:37:00,,,,,,,,,,,,,,,,,,,,,,,,,
20618,07:38:00,,,,,,,,,,,,,,,,,,,,,,,,,
20619,07:39:00,,,,,,,,,,,,,,,,,,,,,,,,,
20620,07:40:00,,,,,,,,,,,,,,,,,,,,,,,,,
20621,07:41:00,,,,,,,,,,,,,,,,,,,,,,,,,
20622,07:42:00,,,,,,,,,,,,,,,,,,,,,,,,,
20623,07:43:00,,,,,,,,,,,,,,,,,,,,,,,,,
20624,07:44:00,,,,,,,,,,,,,,,,,,,,,,,,,
20625,07:45:00,,,,,,,,,,,,,,,,,,,,,,,,,
20626,07:46:00,,,,,,,,,,,,,,,,,,,,,,,,,
20627,07:47:00,,,,,,,,,,,,,,,,,,,,,,,,,
20628,07:48:00,,,,,,,,,,,,,,,,,,,,,,,,,
20629,07:49:00,,,,,,,,,,,,,,,,,,,,,,,,,
20630,07:50:00,,,,,,,,,,,,,,,,,,,,,,,,,
20631,07:51:00,,,,,,,,,,,,,,,,,,,,,,,,,
20632,07:52:00,,,,,,,,,,,,,,,,,,,,,,,,,
20633,07:53:00,,,,,,,,,,,,,,,,,,,,,,,,,
20634,07:54:00,,,,,,,,,,,,,,,,,,,,,,,,,
20635,07:55:00,,,,,,,,,,,,,,,,,,,,,,,,,
20636,07:56:00,,,,,,,,,,,,,,,,,,,,,,,,,
20637,07:57:00,,,,,,,,,,,,,,,,,,,,,,,,,
20638,07:58:00,,,,,,,,,,,,,,,,,,,,,,,,,
20639,07:59:00,,,,,,,,,,,,,,,,,,,,,,,,,
20640,08:00:00,,,,,,,,,,,,,,,,,,,,,,,,,
20641,08:01:00,,,,,,,,,,,,,,,,,,,,,,,,,
20642,08:02:00,,,,,,,,,,,,,,,,,,,,,,,,,
20643,08:03:00,,,,,,,,,,,,,,,,,,,,,,,,,
20644,08:04:00,,,,,,,,,,,,,,,,,,,,,,,,,
20645,08:05:00,,,,,,,,,,,,,,,,,,,,,,,,,
20646,08:06:00,,,,,,,,,,,,,,,,,,,,,,,,,
20647,08:07:00,,,,,,,,,,,,,,,,,,,,,,,,,
20648,08:08:00,,,,,,,,,,,,,,,,,,,,,,,,,
20649,08:09:00,,,,,,,,,,,,,,,,,,,,,,,,,
20650,08:10:00,,,,,,,,,,,,,,,,,,,,,,,,,
20651,08:11:00,,,,,,,,,,,,,,,,,,,,,,,,,
20652,08:12:00,,,,,,,,,,,,,,,,,,,,,,,,,
20653,08:13:00,,,,,,,,,,,,,,,,,,,,,,,,,
20654,08:14:00,,,,,,,,,,,,,,,,,,,,,,,,,
20655,08:15:00,,,,,,,,,,,,,,,,,,,,,,,,,
20656,08:16:00,,,,,,,,,,,,,,,,,,,,,,,,,
20657,08:17:00,,,,,,,,,,,,,,,,,,,,,,,,,
20658,08:18:00,,,,,,,,,,,,,,,,,,,,,,,,,
20659,08:19:00,,,,,,,,,,,,,,,,,,,,,,,,,
20660,08:20:00,,,,,,,,,,,,,,,,,,,,,,,,,
20661,08:21:00,,,,,,,,,,,,,,,,,,,,,,,,,
20662,08:22:00,,,,,,,,,,,,,,,,,,,,,,,,,
20663,08:23:00,,,,,,,,,,,,,,,,,,,,,,,,,
20664,08:24:00,,,,,,,,,,,,,,,,,,,,,,,,,
20665,08:25:00,,,,,,,,,,,,,,,,,,,,,,,,,
20666,08:26:00,,,,,,,,,,,,,,,,,,,,,,,,,
20667,08:27:00,,,,,,,,,,,,,,,,,,,,,,,,,
20668,08:28:00,,,,,,,,,,,,,,,,,,,,,,,,,
20669,08:29:00,,,,,,,,,,,,,,,,,,,,,,,,,
20670,08:30:00,,,,,,,,,,,,,,,,,,,,,,,,,
20671,08:31:00,,,,,,,,,,,,,,,,,,,,,,,,,
20672,08:32:00,,,,,,,,,,,,,,,,,,,,,,,,,
20673,08:33:00,,,,,,,,,,,,,,,,,,,,,,,,,
20674,08:34:00,,,,,,,,,,,,,,,,,,,,,,,,,
20675,08:35:00,,,,,,,,,,,,,,,,,,,,,,,,,
20676,08:36:00,,,,,,,,,,,,,,,,,,,,,,,,,
20677,08:37:00,,,,,,,,,,,,,,,,,,,,,,,,,
20678,08:38:00,,,,,,,,,,,,,,,,,,,,,,,,,
20679,08:39:00,,,,,,,,,,,,,,,,,,,,,,,,,
20680,08:40:00,,,,,,,,,,,,,,,,,,,,,,,,,
20681,08:41:00,,,,,,,,,,,,,,,,,,,,,,,,,
20682,08:42:00,,,,,,,,,,,,,,,,,,,,,,,,,
20683,08:43:00,,,,,,,,,,,,,,,,,,,,,,,,,
20684,08:44:00,,,,,,,,,,,,,,,,,,,,,,,,,
20685,08:45:00,,,,,,,,,,,,,,,,,,,,,,,,,
20686,08:46:00,,,,,,,,,,,,,,,,,,,,,,,,,
20687,08:47:00,,,,,,,,,,,,,,,,,,,,,,,,,
20688,08:48:00,,,,,,,,,,,,,,,,,,,,,,,,,
20689,08:49:00,,,,,,,,,,,,,,,,,,,,,,,,,
20690,08:50:00,,,,,,,,,,,,,,,,,,,,,,,,,
20691,08:51:00,,,,,,,,,,,,,,,,,,,,,,,,,
20692,08:52:00,,,,,,,,,,,,,,,,,,,,,,,,,
20693,08:53:00,,,,,,,,,,,,,,,,,,,,,,,,,
20694,08:54:00,,,,,,,,,,,,,,,,,,,,,,,,,
20695,08:55:00,,,,,,,,,,,,,,,,,,,,,,,,,
20696,08:56:00,,,,,,,,,,,,,,,,,,,,,,,,,
20697,08:57:00,,,,,,,,,,,,,,,,,,,,,,,,,
20698,08:58:00,,,,,,,,,,,,,,,,,,,,,,,,,
20699,08:59:00,,,,,,,,,,,,,,,,,,,,,,,,,
20700,09:00:00,,,,,,,,,,,,,,,,,,,,,,,,,
20701,09:01:00,,,,,,,,,,,,,,,,,,,,,,,,,
20702,09:02:00,,,,,,,,,,,,,,,,,,,,,,,,,
20703,09:03:00,,,,,,,,,,,,,,,,,,,,,,,,,
20704,09:04:00,,,,,,,,,,,,,,,,,,,,,,,,,
20705,09:05:00,,,,,,,,,,,,,,,,,,,,,,,,,
20706,09:06:00,,,,,,,,,,,,,,,,,,,,,,,,,
20707,09:07:00,,,,,,,,,,,,,,,,,,,,,,,,,
20708,09:08:00,,,,,,,,,,,,,,,,,,,,,,,,,
20709,09:09:00,,,,,,,,,,,,,,,,,,,,,,,,,
20710,09:10:00,,,,,,,,,,,,,,,,,,,,,,,,,
20711,09:11:00,,,,,,,,,,,,,,,,,,,,,,,,,
20712,09:12:00,,,,,,,,,,,,,,,,,,,,,,,,,
20713,09:13:00,,,,,,,,,,,,,,,,,,,,,,,,,
20714,09:14:00,,,,,,,,,,,,,,,,,,,,,,,,,
20715,09:15:00,,,,,,,,,,,,,,,,,,,,,,,,,
20716,09:16:00,,,,,,,,,,,,,,,,,,,,,,,,,
20717,09:17:00,,,,,,,,,,,,,,,,,,,,,,,,,
20718,09:18:00,,,,,,,,,,,,,,,,,,,,,,,,,
20719,09:19:00,,,,,,,,,,,,,,,,,,,,,,,,,
20720,09:20:00,,,,,,,,,,,,,,,,,,,,,,,,,
20721,09:21:00,,,,,,,,,,,,,,,,,,,,,,,,,
20722,09:22:00,,,,,,,,,,,,,,,,,,,,,,,,,
20723,09:23:00,,,,,,,,,,,,,,,,,,,,,,,,,
20724,09:24:00,,,,,,,,,,,,,,,,,,,,,,,,,
20725,09:25:00,,,,,,,,,,,,,,,,,,,,,,,,,
20726,09:26:00,,,,,,,,,,,,,,,,,,,,,,,,,
20727,09:27:00,,,,,,,,,,,,,,,,,,,,,,,,,
20728,09:28:00,,,,,,,,,,,,,,,,,,,,,,,,,
20729,09:29:00,,,,,,,,,,,,,,,,,,,,,,,,,
20730,09:30:00,,,,,,,,,,,,,,,,,,,,,,,,,
20731,09:31:00,,,,,,,,,,,,,,,,,,,,,,,,,
20732,09:32:00,,,,,,,,,,,,,,,,,,,,,,,,,
20733,09:33:00,,,,,,,,,,,,,,,,,,,,,,,,,
20734,09:34:00,,,,,,,,,,,,,,,,,,,,,,,,,
20735,09:35:00,,,,,,,,,,,,,,,,,,,,,,,,,
20736,09:36:00,,,,,,,,,,,,,,,,,,,,,,,,,
20737,09:37:00,,,,,,,,,,,,,,,,,,,,,,,,,
20738,09:38:00,,,,,,,,,,,,,,,,,,,,,,,,,
20739,09:39:00,,,,,,,,,,,,,,,,,,,,,,,,,
20740,09:40:00,,,,,,,,,,,,,,,,,,,,,,,,,
20741,09:41:00,,,,,,,,,,,,,,,,,,,,,,,,,
20742,09:42:00,,,,,,,,,,,,,,,,,,,,,,,,,
20743,09:43:00,,,,,,,,,,,,,,,,,,,,,,,,,
20744,09:44:00,,,,,,,,,,,,,,,,,,,,,,,,,
20745,09:45:00,,,,,,,,,,,,,,,,,,,,,,,,,
20746,09:46:00,,,,,,,,,,,,,,,,,,,,,,,,,
20747,09:47:00,,,,,,,,,,,,,,,,,,,,,,,,,
20748,09:48:00,,,,,,,,,,,,,,,,,,,,,,,,,
20749,09:49:00,,,,,,,,,,,,,,,,,,,,,,,,,
20750,09:50:00,,,,,,,,,,,,,,,,,,,,,,,,,
20751,09:51:00,,,,,,,,,,,,,,,,,,,,,,,,,
20752,09:52:00,,,,,,,,,,,,,,,,,,,,,,,,,
20753,09:53:00,,,,,,,,,,,,,,,,,,,,,,,,,
20754,09:54:00,,,,,,,,,,,,,,,,,,,,,,,,,
20755,09:55:00,,,,,,,,,,,,,,,,,,,,,,,,,
20756,09:56:00,,,,,,,,,,,,,,,,,,,,,,,,,
20757,09:57:00,,,,,,,,,,,,,,,,,,,,,,,,,
20758,09:58:00,,,,,,,,,,,,,,,,,,,,,,,,,
20759,09:59:00,,,,,,,,,,,,,,,,,,,,,,,,,
20760,10:00:00,,,,,,,,,,,,,,,,,,,,,,,,,
20761,10:01:00,,,,,,,,,,,,,,,,,,,,,,,,,
20762,10:02:00,,,,,,,,,,,,,,,,,,,,,,,,,
20763,10:03:00,,,,,,,,,,,,,,,,,,,,,,,,,
20764,10:04:00,,,,,,,,,,,,,,,,,,,,,,,,,
20765,10:05:00,,,,,,,,,,,,,,,,,,,,,,,,,
20766,10:06:00,,,,,,,,,,,,,,,,,,,,,,,,,
20767,10:07:00,,,,,,,,,,,,,,,,,,,,,,,,,
20768,10:08:00,,,,,,,,,,,,,,,,,,,,,,,,,
20769,10:09:00,,,,,,,,,,,,,,,,,,,,,,,,,
20770,10:10:00,,,,,,,,,,,,,,,,,,,,,,,,,
20771,10:11:00,,,,,,,,,,,,,,,,,,,,,,,,,
20772,10:12:00,,,,,,,,,,,,,,,,,,,,,,,,,
20773,10:13:00,,,,,,,,,,,,,,,,,,,,,,,,,
20774,10:14:00,,,,,,,,,,,,,,,,,,,,,,,,,
20775,10:15:00,,,,,,,,,,,,,,,,,,,,,,,,,
20776,10:16:00,,,,,,,,,,,,,,,,,,,,,,,,,
20777,10:17:00,,,,,,,,,,,,,,,,,,,,,,,,,
20778,10:18:00,,,,,,,,,,,,,,,,,,,,,,,,,
20779,10:19:00,,,,,,,,,,,,,,,,,,,,,,,,,
20780,10:20:00,,,,,,,,,,,,,,,,,,,,,,,,,
20781,10:21:00,,,,,,,,,,,,,,,,,,,,,,,,,
20782,10:22:00,,,,,,,,,,,,,,,,,,,,,,,,,
20783,10:23:00,,,,,,,,,,,,,,,,,,,,,,,,,
20784,10:24:00,,,,,,,,,,,,,,,,,,,,,,,,,
20785,10:25:00,,,,,,,,,,,,,,,,,,,,,,,,,
20786,10:26:00,,,,,,,,,,,,,,,,,,,,,,,,,
20787,10:27:00,,,,,,,,,,,,,,,,,,,,,,,,,
20788,10:28:00,,,,,,,,,,,,,,,,,,,,,,,,,
20789,10:29:00,,,,,,,,,,,,,,,,,,,,,,,,,
20790,10:30:00,,,,,,,,,,,,,,,,,,,,,,,,,
20791,10:31:00,,,,,,,,,,,,,,,,,,,,,,,,,
20792,10:32:00,,,,,,,,,,,,,,,,,,,,,,,,,
20793,10:33:00,,,,,,,,,,,,,,,,,,,,,,,,,
20794,10:34:00,,,,,,,,,,,,,,,,,,,,,,,,,
20795,10:35:00,,,,,,,,,,,,,,,,,,,,,,,,,
20796,10:36:00,,,,,,,,,,,,,,,,,,,,,,,,,
20797,10:37:00,,,,,,,,,,,,,,,,,,,,,,,,,
20798,10:38:00,,,,,,,,,,,,,,,,,,,,,,,,,
20799,10:39:00,,,,,,,,,,,,,,,,,,,,,,,,,
20800,10:40:00,,,,,,,,,,,,,,,,,,,,,,,,,
20801,10:41:00,,,,,,,,,,,,,,,,,,,,,,,,,
20802,10:42:00,,,,,,,,,,,,,,,,,,,,,,,,,
20803,10:43:00,,,,,,,,,,,,,,,,,,,,,,,,,
20804,10:44:00,,,,,,,,,,,,,,,,,,,,,,,,,
20805,10:45:00,,,,,,,,,,,,,,,,,,,,,,,,,
20806,10:46:00,,,,,,,,,,,,,,,,,,,,,,,,,
20807,10:47:00,,,,,,,,,,,,,,,,,,,,,,,,,
20808,10:48:00,,,,,,,,,,,,,,,,,,,,,,,,,
20809,10:49:00,,,,,,,,,,,,,,,,,,,,,,,,,
20810,10:50:00,,,,,,,,,,,,,,,,,,,,,,,,,
20811,10:51:00,,,,,,,,,,,,,,,,,,,,,,,,,
20812,10:52:00,,,,,,,,,,,,,,,,,,,,,,,,,
20813,10:53:00,,,,,,,,,,,,,,,,,,,,,,,,,
20814,10:54:00,,,,,,,,,,,,,,,,,,,,,,,,,
20815,10:55:00,,,,,,,,,,,,,,,,,,,,,,,,,
20816,10:56:00,,,,,,,,,,,,,,,,,,,,,,,,,
20817,10:57:00,,,,,,,,,,,,,,,,,,,,,,,,,
20818,10:58:00,,,,,,,,,,,,,,,,,,,,,,,,,
20819,10:59:00,,,,,,,,,,,,,,,,,,,,,,,,,
20820,11:00:00,,,,,,,,,,,,,,,,,,,,,,,,,
20821,11:01:00,,,,,,,,,,,,,,,,,,,,,,,,,
20822,11:02:00,,,,,,,,,,,,,,,,,,,,,,,,,
20823,11:03:00,,,,,,,,,,,,,,,,,,,,,,,,,
20824,11:04:00,,,,,,,,,,,,,,,,,,,,,,,,,
20825,11:05:00,,,,,,,,,,,,,,,,,,,,,,,,,
20826,11:06:00,,,,,,,,,,,,,,,,,,,,,,,,,
20827,11:07:00,,,,,,,,,,,,,,,,,,,,,,,,,
20828,11:08:00,,,,,,,,,,,,,,,,,,,,,,,,,
20829,11:09:00,,,,,,,,,,,,,,,,,,,,,,,,,
20830,11:10:00,,,,,,,,,,,,,,,,,,,,,,,,,
20831,11:11:00,,,,,,,,,,,,,,,,,,,,,,,,,
20832,11:12:00,,,,,,,,,,,,,,,,,,,,,,,,,
20833,11:13:00,,,,,,,,,,,,,,,,,,,,,,,,,
20834,11:14:00,,,,,,,,,,,,,,,,,,,,,,,,,
20835,11:15:00,,,,,,,,,,,,,,,,,,,,,,,,,
20836,11:16:00,,,,,,,,,,,,,,,,,,,,,,,,,
20837,11:17:00,,,,,,,,,,,,,,,,,,,,,,,,,
20838,11:18:00,,,,,,,,,,,,,,,,,,,,,,,,,
20839,11:19:00,,,,,,,,,,,,,,,,,,,,,,,,,
20840,11:20:00,,,,,,,,,,,,,,,,,,,,,,,,,
20841,11:21:00,,,,,,,,,,,,,,,,,,,,,,,,,
20842,11:22:00,,,,,,,,,,,,,,,,,,,,,,,,,
20843,11:23:00,,,,,,,,,,,,,,,,,,,,,,,,,
20844,11:24:00,,,,,,,,,,,,,,,,,,,,,,,,,
20845,11:25:00,,,,,,,,,,,,,,,,,,,,,,,,,
20846,11:26:00,,,,,,,,,,,,,,,,,,,,,,,,,
20847,11:27:00,,,,,,,,,,,,,,,,,,,,,,,,,
20848,11:28:00,,,,,,,,,,,,,,,,,,,,,,,,,
20849,11:29:00,,,,,,,,,,,,,,,,,,,,,,,,,
20850,11:30:00,,,,,,,,,,,,,,,,,,,,,,,,,
20851,11:31:00,,,,,,,,,,,,,,,,,,,,,,,,,
20852,11:32:00,,,,,,,,,,,,,,,,,,,,,,,,,
20853,11:33:00,,,,,,,,,,,,,,,,,,,,,,,,,
20854,11:34:00,,,,,,,,,,,,,,,,,,,,,,,,,
20855,11:35:00,,,,,,,,,,,,,,,,,,,,,,,,,
20856,11:36:00,,,,,,,,,,,,,,,,,,,,,,,,,
20857,11:37:00,,,,,,,,,,,,,,,,,,,,,,,,,
20858,11:38:00,,,,,,,,,,,,,,,,,,,,,,,,,
20859,11:39:00,,,,,,,,,,,,,,,,,,,,,,,,,
20860,11:40:00,,,,,,,,,,,,,,,,,,,,,,,,,
20861,11:41:00,,,,,,,,,,,,,,,,,,,,,,,,,
20862,11:42:00,,,,,,,,,,,,,,,,,,,,,,,,,
20863,11:43:00,,,,,,,,,,,,,,,,,,,,,,,,,
20864,11:44:00,,,,,,,,,,,,,,,,,,,,,,,,,
20865,11:45:00,,,,,,,,,,,,,,,,,,,,,,,,,
20866,11:46:00,,,,,,,,,,,,,,,,,,,,,,,,,
20867,11:47:00,,,,,,,,,,,,,,,,,,,,,,,,,
20868,11:48:00,,,,,,,,,,,,,,,,,,,,,,,,,
20869,11:49:00,,,,,,,,,,,,,,,,,,,,,,,,,
20870,11:50:00,,,,,,,,,,,,,,,,,,,,,,,,,
20871,11:51:00,,,,,,,,,,,,,,,,,,,,,,,,,
20872,11:52:00,,,,,,,,,,,,,,,,,,,,,,,,,
20873,11:53:00,,,,,,,,,,,,,,,,,,,,,,,,,
20874,11:54:00,,,,,,,,,,,,,,,,,,,,,,,,,
20875,11:55:00,,,,,,,,,,,,,,,,,,,,,,,,,
20876,11:56:00,,,,,,,,,,,,,,,,,,,,,,,,,
20877,11:57:00,,,,,,,,,,,,,,,,,,,,,,,,,
20878,11:58:00,,,,,,,,,,,,,,,,,,,,,,,,,
20879,11:59:00,,,,,,,,,,,,,,,,,,,,,,,,,
20880,12:00:00,,,,,,,,,,,,,,,,,,,,,,,,,
20881,12:01:00,,,,,,,,,,,,,,,,,,,,,,,,,
20882,12:02:00,,,,,,,,,,,,,,,,,,,,,,,,,
20883,12:03:00,,,,,,,,,,,,,,,,,,,,,,,,,
20884,12:04:00,,,,,,,,,,,,,,,,,,,,,,,,,
20885,12:05:00,,,,,,,,,,,,,,,,,,,,,,,,,
20886,12:06:00,,,,,,,,,,,,,,,,,,,,,,,,,
20887,12:07:00,,,,,,,,,,,,,,,,,,,,,,,,,
20888,12:08:00,,,,,,,,,,,,,,,,,,,,,,,,,
20889,12:09:00,,,,,,,,,,,,,,,,,,,,,,,,,
20890,12:10:00,,,,,,,,,,,,,,,,,,,,,,,,,
20891,12:11:00,,,,,,,,,,,,,,,,,,,,,,,,,
20892,12:12:00,,,,,,,,,,,,,,,,,,,,,,,,,
20893,12:13:00,,,,,,,,,,,,,,,,,,,,,,,,,
20894,12:14:00,,,,,,,,,,,,,,,,,,,,,,,,,
20895,12:15:00,,,,,,,,,,,,,,,,,,,,,,,,,
20896,12:16:00,,,,,,,,,,,,,,,,,,,,,,,,,
20897,12:17:00,,,,,,,,,,,,,,,,,,,,,,,,,
20898,12:18:00,,,,,,,,,,,,,,,,,,,,,,,,,
20899,12:19:00,,,,,,,,,,,,,,,,,,,,,,,,,
20900,12:20:00,,,,,,,,,,,,,,,,,,,,,,,,,
20901,12:21:00,,,,,,,,,,,,,,,,,,,,,,,,,
20902,12:22:00,,,,,,,,,,,,,,,,,,,,,,,,,
20903,12:23:00,,,,,,,,,,,,,,,,,,,,,,,,,
20904,12:24:00,,,,,,,,,,,,,,,,,,,,,,,,,
20905,12:25:00,,,,,,,,,,,,,,,,,,,,,,,,,
20906,12:26:00,,,,,,,,,,,,,,,,,,,,,,,,,
20907,12:27:00,,,,,,,,,,,,,,,,,,,,,,,,,
20908,12:28:00,,,,,,,,,,,,,,,,,,,,,,,,,
20909,12:29:00,,,,,,,,,,,,,,,,,,,,,,,,,
20910,12:30:00,,,,,,,,,,,,,,,,,,,,,,,,,
20911,12:31:00,,,,,,,,,,,,,,,,,,,,,,,,,
20912,12:32:00,,,,,,,,,,,,,,,,,,,,,,,,,
20913,12:33:00,,,,,,,,,,,,,,,,,,,,,,,,,
20914,12:34:00,,,,,,,,,,,,,,,,,,,,,,,,,
20915,12:35:00,,,,,,,,,,,,,,,,,,,,,,,,,
20916,12:36:00,,,,,,,,,,,,,,,,,,,,,,,,,
20917,12:37:00,,,,,,,,,,,,,,,,,,,,,,,,,
20918,12:38:00,,,,,,,,,,,,,,,,,,,,,,,,,
20919,12:39:00,,,,,,,,,,,,,,,,,,,,,,,,,
20920,12:40:00,,,,,,,,,,,,,,,,,,,,,,,,,
20921,12:41:00,,,,,,,,,,,,,,,,,,,,,,,,,
20922,12:42:00,,,,,,,,,,,,,,,,,,,,,,,,,
20923,12:43:00,,,,,,,,,,,,,,,,,,,,,,,,,
20924,12:44:00,,,,,,,,,,,,,,,,,,,,,,,,,
20925,12:45:00,,,,,,,,,,,,,,,,,,,,,,,,,
20926,12:46:00,,,,,,,,,,,,,,,,,,,,,,,,,
20927,12:47:00,,,,,,,,,,,,,,,,,,,,,,,,,
20928,12:48:00,,,,,,,,,,,,,,,,,,,,,,,,,
20929,12:49:00,,,,,,,,,,,,,,,,,,,,,,,,,
20930,12:50:00,,,,,,,,,,,,,,,,,,,,,,,,,
20931,12:51:00,,,,,,,,,,,,,,,,,,,,,,,,,
20932,12:52:00,,,,,,,,,,,,,,,,,,,,,,,,,
20933,12:53:00,,,,,,,,,,,,,,,,,,,,,,,,,
20934,12:54:00,,,,,,,,,,,,,,,,,,,,,,,,,
20935,12:55:00,,,,,,,,,,,,,,,,,,,,,,,,,
20936,12:56:00,,,,,,,,,,,,,,,,,,,,,,,,,
20937,12:57:00,,,,,,,,,,,,,,,,,,,,,,,,,
20938,12:58:00,,,,,,,,,,,,,,,,,,,,,,,,,
20939,12:59:00,,,,,,,,,,,,,,,,,,,,,,,,,
20940,13:00:00,,,,,,,,,,,,,,,,,,,,,,,,,
20941,13:01:00,,,,,,,,,,,,,,,,,,,,,,,,,
20942,13:02:00,,,,,,,,,,,,,,,,,,,,,,,,,
20943,13:03:00,,,,,,,,,,,,,,,,,,,,,,,,,
20944,13:04:00,,,,,,,,,,,,,,,,,,,,,,,,,
20945,13:05:00,,,,,,,,,,,,,,,,,,,,,,,,,
20946,13:06:00,,,,,,,,,,,,,,,,,,,,,,,,,
20947,13:07:00,,,,,,,,,,,,,,,,,,,,,,,,,
20948,13:08:00,,,,,,,,,,,,,,,,,,,,,,,,,
20949,13:09:00,,,,,,,,,,,,,,,,,,,,,,,,,
20950,13:10:00,,,,,,,,,,,,,,,,,,,,,,,,,
20951,13:11:00,,,,,,,,,,,,,,,,,,,,,,,,,
20952,13:12:00,,,,,,,,,,,,,,,,,,,,,,,,,
20953,13:13:00,,,,,,,,,,,,,,,,,,,,,,,,,
20954,13:14:00,,,,,,,,,,,,,,,,,,,,,,,,,
20955,13:15:00,,,,,,,,,,,,,,,,,,,,,,,,,
20956,13:16:00,,,,,,,,,,,,,,,,,,,,,,,,,
20957,13:17:00,,,,,,,,,,,,,,,,,,,,,,,,,
20958,13:18:00,,,,,,,,,,,,,,,,,,,,,,,,,
20959,13:19:00,,,,,,,,,,,,,,,,,,,,,,,,,
20960,13:20:00,,,,,,,,,,,,,,,,,,,,,,,,,
20961,13:21:00,,,,,,,,,,,,,,,,,,,,,,,,,
20962,13:22:00,,,,,,,,,,,,,,,,,,,,,,,,,
20963,13:23:00,,,,,,,,,,,,,,,,,,,,,,,,,
20964,13:24:00,,,,,,,,,,,,,,,,,,,,,,,,,
20965,13:25:00,,,,,,,,,,,,,,,,,,,,,,,,,
20966,13:26:00,,,,,,,,,,,,,,,,,,,,,,,,,
20967,13:27:00,,,,,,,,,,,,,,,,,,,,,,,,,
20968,13:28:00,,,,,,,,,,,,,,,,,,,,,,,,,
20969,13:29:00,,,,,,,,,,,,,,,,,,,,,,,,,
20970,13:30:00,,,,,,,,,,,,,,,,,,,,,,,,,
20971,13:31:00,,,,,,,,,,,,,,,,,,,,,,,,,
20972,13:32:00,,,,,,,,,,,,,,,,,,,,,,,,,
20973,13:33:00,,,,,,,,,,,,,,,,,,,,,,,,,
20974,13:34:00,,,,,,,,,,,,,,,,,,,,,,,,,
20975,13:35:00,,,,,,,,,,,,,,,,,,,,,,,,,
20976,13:36:00,,,,,,,,,,,,,,,,,,,,,,,,,
20977,13:37:00,,,,,,,,,,,,,,,,,,,,,,,,,
20978,13:38:00,,,,,,,,,,,,,,,,,,,,,,,,,
20979,13:39:00,,,,,,,,,,,,,,,,,,,,,,,,,
20980,13:40:00,,,,,,,,,,,,,,,,,,,,,,,,,
20981,13:41:00,,,,,,,,,,,,,,,,,,,,,,,,,
20982,13:42:00,,,,,,,,,,,,,,,,,,,,,,,,,
20983,13:43:00,,,,,,,,,,,,,,,,,,,,,,,,,
20984,13:44:00,,,,,,,,,,,,,,,,,,,,,,,,,
20985,13:45:00,,,,,,,,,,,,,,,,,,,,,,,,,
20986,13:46:00,,,,,,,,,,,,,,,,,,,,,,,,,
20987,13:47:00,,,,,,,,,,,,,,,,,,,,,,,,,
20988,13:48:00,,,,,,,,,,,,,,,,,,,,,,,,,
20989,13:49:00,,,,,,,,,,,,,,,,,,,,,,,,,
20990,13:50:00,,,,,,,,,,,,,,,,,,,,,,,,,
20991,13:51:00,,,,,,,,,,,,,,,,,,,,,,,,,
20992,13:52:00,,,,,,,,,,,,,,,,,,,,,,,,,
20993,13:53:00,,,,,,,,,,,,,,,,,,,,,,,,,
20994,13:54:00,,,,,,,,,,,,,,,,,,,,,,,,,
20995,13:55:00,,,,,,,,,,,,,,,,,,,,,,,,,
20996,13:56:00,,,,,,,,,,,,,,,,,,,,,,,,,
20997,13:57:00,,,,,,,,,,,,,,,,,,,,,,,,,
20998,13:58:00,,,,,,,,,,,,,,,,,,,,,,,,,
20999,13:59:00,,,,,,,,,,,,,,,,,,,,,,,,,
21000,14:00:00,,,,,,,,,,,,,,,,,,,,,,,,,
21001,14:01:00,,,,,,,,,,,,,,,,,,,,,,,,,
21002,14:02:00,,,,,,,,,,,,,,,,,,,,,,,,,
21003,14:03:00,,,,,,,,,,,,,,,,,,,,,,,,,
21004,14:04:00,,,,,,,,,,,,,,,,,,,,,,,,,
21005,14:05:00,,,,,,,,,,,,,,,,,,,,,,,,,
21006,14:06:00,,,,,,,,,,,,,,,,,,,,,,,,,
21007,14:07:00,,,,,,,,,,,,,,,,,,,,,,,,,
21008,14:08:00,,,,,,,,,,,,,,,,,,,,,,,,,
21009,14:09:00,,,,,,,,,,,,,,,,,,,,,,,,,
21010,14:10:00,,,,,,,,,,,,,,,,,,,,,,,,,
21011,14:11:00,,,,,,,,,,,,,,,,,,,,,,,,,
21012,14:12:00,,,,,,,,,,,,,,,,,,,,,,,,,
21013,14:13:00,,,,,,,,,,,,,,,,,,,,,,,,,
21014,14:14:00,,,,,,,,,,,,,,,,,,,,,,,,,
21015,14:15:00,,,,,,,,,,,,,,,,,,,,,,,,,
21016,14:16:00,,,,,,,,,,,,,,,,,,,,,,,,,
21017,14:17:00,,,,,,,,,,,,,,,,,,,,,,,,,
21018,14:18:00,,,,,,,,,,,,,,,,,,,,,,,,,
21019,14:19:00,,,,,,,,,,,,,,,,,,,,,,,,,
21020,14:20:00,,,,,,,,,,,,,,,,,,,,,,,,,
21021,14:21:00,,,,,,,,,,,,,,,,,,,,,,,,,
21022,14:22:00,,,,,,,,,,,,,,,,,,,,,,,,,
21023,14:23:00,,,,,,,,,,,,,,,,,,,,,,,,,
21024,14:24:00,,,,,,,,,,,,,,,,,,,,,,,,,
21025,14:25:00,,,,,,,,,,,,,,,,,,,,,,,,,
21026,14:26:00,,,,,,,,,,,,,,,,,,,,,,,,,
21027,14:27:00,,,,,,,,,,,,,,,,,,,,,,,,,
21028,14:28:00,,,,,,,,,,,,,,,,,,,,,,,,,
21029,14:29:00,,,,,,,,,,,,,,,,,,,,,,,,,
21030,14:30:00,,,,,,,,,,,,,,,,,,,,,,,,,
21031,14:31:00,,,,,,,,,,,,,,,,,,,,,,,,,
21032,14:32:00,,,,,,,,,,,,,,,,,,,,,,,,,
21033,14:33:00,,,,,,,,,,,,,,,,,,,,,,,,,
21034,14:34:00,,,,,,,,,,,,,,,,,,,,,,,,,
21035,14:35:00,,,,,,,,,,,,,,,,,,,,,,,,,
21036,14:36:00,,,,,,,,,,,,,,,,,,,,,,,,,
21037,14:37:00,,,,,,,,,,,,,,,,,,,,,,,,,
21038,14:38:00,,,,,,,,,,,,,,,,,,,,,,,,,
21039,14:39:00,,,,,,,,,,,,,,,,,,,,,,,,,
21040,14:40:00,,,,,,,,,,,,,,,,,,,,,,,,,
21041,14:41:00,,,,,,,,,,,,,,,,,,,,,,,,,
21042,14:42:00,,,,,,,,,,,,,,,,,,,,,,,,,
21043,14:43:00,,,,,,,,,,,,,,,,,,,,,,,,,
21044,14:44:00,,,,,,,,,,,,,,,,,,,,,,,,,
21045,14:45:00,,,,,,,,,,,,,,,,,,,,,,,,,
21046,14:46:00,,,,,,,,,,,,,,,,,,,,,,,,,
21047,14:47:00,,,,,,,,,,,,,,,,,,,,,,,,,
21048,14:48:00,,,,,,,,,,,,,,,,,,,,,,,,,
21049,14:49:00,,,,,,,,,,,,,,,,,,,,,,,,,
21050,14:50:00,,,,,,,,,,,,,,,,,,,,,,,,,
21051,14:51:00,,,,,,,,,,,,,,,,,,,,,,,,,
21052,14:52:00,,,,,,,,,,,,,,,,,,,,,,,,,
21053,14:53:00,,,,,,,,,,,,,,,,,,,,,,,,,
21054,14:54:00,,,,,,,,,,,,,,,,,,,,,,,,,
21055,14:55:00,,,,,,,,,,,,,,,,,,,,,,,,,
21056,14:56:00,,,,,,,,,,,,,,,,,,,,,,,,,
21057,14:57:00,,,,,,,,,,,,,,,,,,,,,,,,,
21058,14:58:00,,,,,,,,,,,,,,,,,,,,,,,,,
21059,14:59:00,,,,,,,,,,,,,,,,,,,,,,,,,
21060,15:00:00,,,,,,,,,,,,,,,,,,,,,,,,,
21061,15:01:00,,,,,,,,,,,,,,,,,,,,,,,,,
21062,15:02:00,,,,,,,,,,,,,,,,,,,,,,,,,
21063,15:03:00,,,,,,,,,,,,,,,,,,,,,,,,,
21064,15:04:00,,,,,,,,,,,,,,,,,,,,,,,,,
21065,15:05:00,,,,,,,,,,,,,,,,,,,,,,,,,
21066,15:06:00,,,,,,,,,,,,,,,,,,,,,,,,,
21067,15:07:00,,,,,,,,,,,,,,,,,,,,,,,,,
21068,15:08:00,,,,,,,,,,,,,,,,,,,,,,,,,
21069,15:09:00,,,,,,,,,,,,,,,,,,,,,,,,,
21070,15:10:00,,,,,,,,,,,,,,,,,,,,,,,,,
21071,15:11:00,,,,,,,,,,,,,,,,,,,,,,,,,
21072,15:12:00,,,,,,,,,,,,,,,,,,,,,,,,,
21073,15:13:00,,,,,,,,,,,,,,,,,,,,,,,,,
21074,15:14:00,,,,,,,,,,,,,,,,,,,,,,,,,
21075,15:15:00,,,,,,,,,,,,,,,,,,,,,,,,,
21076,15:16:00,,,,,,,,,,,,,,,,,,,,,,,,,
21077,15:17:00,,,,,,,,,,,,,,,,,,,,,,,,,
21078,15:18:00,,,,,,,,,,,,,,,,,,,,,,,,,
21079,15:19:00,,,,,,,,,,,,,,,,,,,,,,,,,
21080,15:20:00,,,,,,,,,,,,,,,,,,,,,,,,,
21081,15:21:00,,,,,,,,,,,,,,,,,,,,,,,,,
21082,15:22:00,,,,,,,,,,,,,,,,,,,,,,,,,
21083,15:23:00,,,,,,,,,,,,,,,,,,,,,,,,,
21084,15:24:00,,,,,,,,,,,,,,,,,,,,,,,,,
21085,15:25:00,,,,,,,,,,,,,,,,,,,,,,,,,
21086,15:26:00,,,,,,,,,,,,,,,,,,,,,,,,,
21087,15:27:00,,,,,,,,,,,,,,,,,,,,,,,,,
21088,15:28:00,,,,,,,,,,,,,,,,,,,,,,,,,
21089,15:29:00,,,,,,,,,,,,,,,,,,,,,,,,,
21090,15:30:00,,,,,,,,,,,,,,,,,,,,,,,,,
21091,15:31:00,,,,,,,,,,,,,,,,,,,,,,,,,
21092,15:32:00,,,,,,,,,,,,,,,,,,,,,,,,,
21093,15:33:00,,,,,,,,,,,,,,,,,,,,,,,,,
21094,15:34:00,,,,,,,,,,,,,,,,,,,,,,,,,
21095,15:35:00,,,,,,,,,,,,,,,,,,,,,,,,,
21096,15:36:00,,,,,,,,,,,,,,,,,,,,,,,,,
21097,15:37:00,,,,,,,,,,,,,,,,,,,,,,,,,
21098,15:38:00,,,,,,,,,,,,,,,,,,,,,,,,,
21099,15:39:00,,,,,,,,,,,,,,,,,,,,,,,,,
21100,15:40:00,,,,,,,,,,,,,,,,,,,,,,,,,
21101,15:41:00,,,,,,,,,,,,,,,,,,,,,,,,,
21102,15:42:00,,,,,,,,,,,,,,,,,,,,,,,,,
21103,15:43:00,,,,,,,,,,,,,,,,,,,,,,,,,
21104,15:44:00,,,,,,,,,,,,,,,,,,,,,,,,,
21105,15:45:00,,,,,,,,,,,,,,,,,,,,,,,,,
21106,15:46:00,,,,,,,,,,,,,,,,,,,,,,,,,
21107,15:47:00,,,,,,,,,,,,,,,,,,,,,,,,,
21108,15:48:00,,,,,,,,,,,,,,,,,,,,,,,,,
21109,15:49:00,,,,,,,,,,,,,,,,,,,,,,,,,
21110,15:50:00,,,,,,,,,,,,,,,,,,,,,,,,,
21111,15:51:00,,,,,,,,,,,,,,,,,,,,,,,,,
21112,15:52:00,,,,,,,,,,,,,,,,,,,,,,,,,
21113,15:53:00,,,,,,,,,,,,,,,,,,,,,,,,,
21114,15:54:00,,,,,,,,,,,,,,,,,,,,,,,,,
21115,15:55:00,,,,,,,,,,,,,,,,,,,,,,,,,
21116,15:56:00,,,,,,,,,,,,,,,,,,,,,,,,,
21117,15:57:00,,,,,,,,,,,,,,,,,,,,,,,,,
21118,15:58:00,,,,,,,,,,,,,,,,,,,,,,,,,
21119,15:59:00,,,,,,,,,,,,,,,,,,,,,,,,,
21120,16:00:00,,,,,,,,,,,,,,,,,,,,,,,,,
21121,16:01:00,,,,,,,,,,,,,,,,,,,,,,,,,
21122,16:02:00,,,,,,,,,,,,,,,,,,,,,,,,,
21123,16:03:00,,,,,,,,,,,,,,,,,,,,,,,,,
21124,16:04:00,,,,,,,,,,,,,,,,,,,,,,,,,
21125,16:05:00,,,,,,,,,,,,,,,,,,,,,,,,,
21126,16:06:00,,,,,,,,,,,,,,,,,,,,,,,,,
21127,16:07:00,,,,,,,,,,,,,,,,,,,,,,,,,
21128,16:08:00,,,,,,,,,,,,,,,,,,,,,,,,,
21129,16:09:00,,,,,,,,,,,,,,,,,,,,,,,,,
21130,16:10:00,,,,,,,,,,,,,,,,,,,,,,,,,
21131,16:11:00,,,,,,,,,,,,,,,,,,,,,,,,,
21132,16:12:00,,,,,,,,,,,,,,,,,,,,,,,,,
21133,16:13:00,,,,,,,,,,,,,,,,,,,,,,,,,
21134,16:14:00,,,,,,,,,,,,,,,,,,,,,,,,,
21135,16:15:00,,,,,,,,,,,,,,,,,,,,,,,,,
21136,16:16:00,,,,,,,,,,,,,,,,,,,,,,,,,
21137,16:17:00,,,,,,,,,,,,,,,,,,,,,,,,,
21138,16:18:00,,,,,,,,,,,,,,,,,,,,,,,,,
21139,16:19:00,,,,,,,,,,,,,,,,,,,,,,,,,
21140,16:20:00,,,,,,,,,,,,,,,,,,,,,,,,,
21141,16:21:00,,,,,,,,,,,,,,,,,,,,,,,,,
21142,16:22:00,,,,,,,,,,,,,,,,,,,,,,,,,
21143,16:23:00,,,,,,,,,,,,,,,,,,,,,,,,,
21144,16:24:00,,,,,,,,,,,,,,,,,,,,,,,,,
21145,16:25:00,,,,,,,,,,,,,,,,,,,,,,,,,
21146,16:26:00,,,,,,,,,,,,,,,,,,,,,,,,,
21147,16:27:00,,,,,,,,,,,,,,,,,,,,,,,,,
21148,16:28:00,,,,,,,,,,,,,,,,,,,,,,,,,
21149,16:29:00,,,,,,,,,,,,,,,,,,,,,,,,,
21150,16:30:00,,,,,,,,,,,,,,,,,,,,,,,,,
21151,16:31:00,,,,,,,,,,,,,,,,,,,,,,,,,
21152,16:32:00,,,,,,,,,,,,,,,,,,,,,,,,,
21153,16:33:00,,,,,,,,,,,,,,,,,,,,,,,,,
21154,16:34:00,,,,,,,,,,,,,,,,,,,,,,,,,
21155,16:35:00,,,,,,,,,,,,,,,,,,,,,,,,,
21156,16:36:00,,,,,,,,,,,,,,,,,,,,,,,,,
21157,16:37:00,,,,,,,,,,,,,,,,,,,,,,,,,
21158,16:38:00,,,,,,,,,,,,,,,,,,,,,,,,,
21159,16:39:00,,,,,,,,,,,,,,,,,,,,,,,,,
21160,16:40:00,,,,,,,,,,,,,,,,,,,,,,,,,
21161,16:41:00,,,,,,,,,,,,,,,,,,,,,,,,,
21162,16:42:00,,,,,,,,,,,,,,,,,,,,,,,,,
21163,16:43:00,,,,,,,,,,,,,,,,,,,,,,,,,
21164,16:44:00,,,,,,,,,,,,,,,,,,,,,,,,,
21165,16:45:00,,,,,,,,,,,,,,,,,,,,,,,,,
21166,16:46:00,,,,,,,,,,,,,,,,,,,,,,,,,
21167,16:47:00,,,,,,,,,,,,,,,,,,,,,,,,,
21168,16:48:00,,,,,,,,,,,,,,,,,,,,,,,,,
21169,16:49:00,,,,,,,,,,,,,,,,,,,,,,,,,
21170,16:50:00,,,,,,,,,,,,,,,,,,,,,,,,,
21171,16:51:00,,,,,,,,,,,,,,,,,,,,,,,,,
21172,16:52:00,,,,,,,,,,,,,,,,,,,,,,,,,
21173,16:53:00,,,,,,,,,,,,,,,,,,,,,,,,,
21174,16:54:00,,,,,,,,,,,,,,,,,,,,,,,,,
21175,16:55:00,,,,,,,,,,,,,,,,,,,,,,,,,
21176,16:56:00,,,,,,,,,,,,,,,,,,,,,,,,,
21177,16:57:00,,,,,,,,,,,,,,,,,,,,,,,,,
21178,16:58:00,,,,,,,,,,,,,,,,,,,,,,,,,
21179,16:59:00,,,,,,,,,,,,,,,,,,,,,,,,,
21180,17:00:00,,,,,,,,,,,,,,,,,,,,,,,,,
21181,17:01:00,,,,,,,,,,,,,,,,,,,,,,,,,
21182,17:02:00,,,,,,,,,,,,,,,,,,,,,,,,,
21183,17:03:00,,,,,,,,,,,,,,,,,,,,,,,,,
21184,17:04:00,,,,,,,,,,,,,,,,,,,,,,,,,
21185,17:05:00,,,,,,,,,,,,,,,,,,,,,,,,,
21186,17:06:00,,,,,,,,,,,,,,,,,,,,,,,,,
21187,17:07:00,,,,,,,,,,,,,,,,,,,,,,,,,
21188,17:08:00,,,,,,,,,,,,,,,,,,,,,,,,,
21189,17:09:00,,,,,,,,,,,,,,,,,,,,,,,,,
21190,17:10:00,,,,,,,,,,,,,,,,,,,,,,,,,
21191,17:11:00,,,,,,,,,,,,,,,,,,,,,,,,,
21192,17:12:00,,,,,,,,,,,,,,,,,,,,,,,,,
21193,17:13:00,,,,,,,,,,,,,,,,,,,,,,,,,
21194,17:14:00,,,,,,,,,,,,,,,,,,,,,,,,,
21195,17:15:00,,,,,,,,,,,,,,,,,,,,,,,,,
21196,17:16:00,,,,,,,,,,,,,,,,,,,,,,,,,
21197,17:17:00,,,,,,,,,,,,,,,,,,,,,,,,,
21198,17:18:00,,,,,,,,,,,,,,,,,,,,,,,,,
21199,17:19:00,,,,,,,,,,,,,,,,,,,,,,,,,
21200,17:20:00,,,,,,,,,,,,,,,,,,,,,,,,,
21201,17:21:00,,,,,,,,,,,,,,,,,,,,,,,,,
21202,17:22:00,,,,,,,,,,,,,,,,,,,,,,,,,
21203,17:23:00,,,,,,,,,,,,,,,,,,,,,,,,,
21204,17:24:00,,,,,,,,,,,,,,,,,,,,,,,,,
21205,17:25:00,,,,,,,,,,,,,,,,,,,,,,,,,
21206,17:26:00,,,,,,,,,,,,,,,,,,,,,,,,,
21207,17:27:00,,,,,,,,,,,,,,,,,,,,,,,,,
21208,17:28:00,,,,,,,,,,,,,,,,,,,,,,,,,
21209,17:29:00,,,,,,,,,,,,,,,,,,,,,,,,,
21210,17:30:00,,,,,,,,,,,,,,,,,,,,,,,,,
21211,17:31:00,,,,,,,,,,,,,,,,,,,,,,,,,
21212,17:32:00,,,,,,,,,,,,,,,,,,,,,,,,,
21213,17:33:00,,,,,,,,,,,,,,,,,,,,,,,,,
21214,17:34:00,,,,,,,,,,,,,,,,,,,,,,,,,
21215,17:35:00,,,,,,,,,,,,,,,,,,,,,,,,,
21216,17:36:00,,,,,,,,,,,,,,,,,,,,,,,,,
21217,17:37:00,,,,,,,,,,,,,,,,,,,,,,,,,
21218,17:38:00,,,,,,,,,,,,,,,,,,,,,,,,,
21219,17:39:00,,,,,,,,,,,,,,,,,,,,,,,,,
21220,17:40:00,,,,,,,,,,,,,,,,,,,,,,,,,
21221,17:41:00,,,,,,,,,,,,,,,,,,,,,,,,,
21222,17:42:00,,,,,,,,,,,,,,,,,,,,,,,,,
21223,17:43:00,,,,,,,,,,,,,,,,,,,,,,,,,
21224,17:44:00,,,,,,,,,,,,,,,,,,,,,,,,,
21225,17:45:00,,,,,,,,,,,,,,,,,,,,,,,,,
21226,17:46:00,,,,,,,,,,,,,,,,,,,,,,,,,
21227,17:47:00,,,,,,,,,,,,,,,,,,,,,,,,,
21228,17:48:00,,,,,,,,,,,,,,,,,,,,,,,,,
21229,17:49:00,,,,,,,,,,,,,,,,,,,,,,,,,
21230,17:50:00,,,,,,,,,,,,,,,,,,,,,,,,,
21231,17:51:00,,,,,,,,,,,,,,,,,,,,,,,,,
21232,17:52:00,,,,,,,,,,,,,,,,,,,,,,,,,
21233,17:53:00,,,,,,,,,,,,,,,,,,,,,,,,,
21234,17:54:00,,,,,,,,,,,,,,,,,,,,,,,,,
21235,17:55:00,,,,,,,,,,,,,,,,,,,,,,,,,
21236,17:56:00,,,,,,,,,,,,,,,,,,,,,,,,,
21237,17:57:00,,,,,,,,,,,,,,,,,,,,,,,,,
21238,17:58:00,,,,,,,,,,,,,,,,,,,,,,,,,
21239,17:59:00,,,,,,,,,,,,,,,,,,,,,,,,,
21240,18:00:00,,,,,,,,,,,,,,,,,,,,,,,,,
21241,18:01:00,,,,,,,,,,,,,,,,,,,,,,,,,
21242,18:02:00,,,,,,,,,,,,,,,,,,,,,,,,,
21243,18:03:00,,,,,,,,,,,,,,,,,,,,,,,,,
21244,18:04:00,,,,,,,,,,,,,,,,,,,,,,,,,
21245,18:05:00,,,,,,,,,,,,,,,,,,,,,,,,,
21246,18:06:00,,,,,,,,,,,,,,,,,,,,,,,,,
21247,18:07:00,,,,,,,,,,,,,,,,,,,,,,,,,
21248,18:08:00,,,,,,,,,,,,,,,,,,,,,,,,,
21249,18:09:00,,,,,,,,,,,,,,,,,,,,,,,,,
21250,18:10:00,,,,,,,,,,,,,,,,,,,,,,,,,
21251,18:11:00,,,,,,,,,,,,,,,,,,,,,,,,,
21252,18:12:00,,,,,,,,,,,,,,,,,,,,,,,,,
21253,18:13:00,,,,,,,,,,,,,,,,,,,,,,,,,
21254,18:14:00,,,,,,,,,,,,,,,,,,,,,,,,,
21255,18:15:00,,,,,,,,,,,,,,,,,,,,,,,,,
21256,18:16:00,,,,,,,,,,,,,,,,,,,,,,,,,
21257,18:17:00,,,,,,,,,,,,,,,,,,,,,,,,,
21258,18:18:00,,,,,,,,,,,,,,,,,,,,,,,,,
21259,18:19:00,,,,,,,,,,,,,,,,,,,,,,,,,
21260,18:20:00,,,,,,,,,,,,,,,,,,,,,,,,,
21261,18:21:00,,,,,,,,,,,,,,,,,,,,,,,,,
21262,18:22:00,,,,,,,,,,,,,,,,,,,,,,,,,
21263,18:23:00,,,,,,,,,,,,,,,,,,,,,,,,,
21264,18:24:00,,,,,,,,,,,,,,,,,,,,,,,,,
21265,18:25:00,,,,,,,,,,,,,,,,,,,,,,,,,
21266,18:26:00,,,,,,,,,,,,,,,,,,,,,,,,,
21267,18:27:00,,,,,,,,,,,,,,,,,,,,,,,,,
21268,18:28:00,,,,,,,,,,,,,,,,,,,,,,,,,
21269,18:29:00,,,,,,,,,,,,,,,,,,,,,,,,,
21270,18:30:00,,,,,,,,,,,,,,,,,,,,,,,,,
21271,18:31:00,,,,,,,,,,,,,,,,,,,,,,,,,
21272,18:32:00,,,,,,,,,,,,,,,,,,,,,,,,,
21273,18:33:00,,,,,,,,,,,,,,,,,,,,,,,,,
21274,18:34:00,,,,,,,,,,,,,,,,,,,,,,,,,
21275,18:35:00,,,,,,,,,,,,,,,,,,,,,,,,,
21276,18:36:00,,,,,,,,,,,,,,,,,,,,,,,,,
21277,18:37:00,,,,,,,,,,,,,,,,,,,,,,,,,
21278,18:38:00,,,,,,,,,,,,,,,,,,,,,,,,,
21279,18:39:00,,,,,,,,,,,,,,,,,,,,,,,,,
21280,18:40:00,,,,,,,,,,,,,,,,,,,,,,,,,
21281,18:41:00,,,,,,,,,,,,,,,,,,,,,,,,,
21282,18:42:00,,,,,,,,,,,,,,,,,,,,,,,,,
21283,18:43:00,,,,,,,,,,,,,,,,,,,,,,,,,
21284,18:44:00,,,,,,,,,,,,,,,,,,,,,,,,,
21285,18:45:00,,,,,,,,,,,,,,,,,,,,,,,,,
21286,18:46:00,,,,,,,,,,,,,,,,,,,,,,,,,
21287,18:47:00,,,,,,,,,,,,,,,,,,,,,,,,,
21288,18:48:00,,,,,,,,,,,,,,,,,,,,,,,,,
21289,18:49:00,,,,,,,,,,,,,,,,,,,,,,,,,
21290,18:50:00,,,,,,,,,,,,,,,,,,,,,,,,,
21291,18:51:00,,,,,,,,,,,,,,,,,,,,,,,,,
21292,18:52:00,,,,,,,,,,,,,,,,,,,,,,,,,
21293,18:53:00,,,,,,,,,,,,,,,,,,,,,,,,,
21294,18:54:00,,,,,,,,,,,,,,,,,,,,,,,,,
21295,18:55:00,,,,,,,,,,,,,,,,,,,,,,,,,
21296,18:56:00,,,,,,,,,,,,,,,,,,,,,,,,,
21297,18:57:00,,,,,,,,,,,,,,,,,,,,,,,,,
21298,18:58:00,,,,,,,,,,,,,,,,,,,,,,,,,
21299,18:59:00,,,,,,,,,,,,,,,,,,,,,,,,,
21300,19:00:00,,,,,,,,,,,,,,,,,,,,,,,,,
21301,19:01:00,,,,,,,,,,,,,,,,,,,,,,,,,
21302,19:02:00,,,,,,,,,,,,,,,,,,,,,,,,,
21303,19:03:00,,,,,,,,,,,,,,,,,,,,,,,,,
21304,19:04:00,,,,,,,,,,,,,,,,,,,,,,,,,
21305,19:05:00,,,,,,,,,,,,,,,,,,,,,,,,,
21306,19:06:00,,,,,,,,,,,,,,,,,,,,,,,,,
21307,19:07:00,,,,,,,,,,,,,,,,,,,,,,,,,
21308,19:08:00,,,,,,,,,,,,,,,,,,,,,,,,,
21309,19:09:00,,,,,,,,,,,,,,,,,,,,,,,,,
21310,19:10:00,,,,,,,,,,,,,,,,,,,,,,,,,
21311,19:11:00,,,,,,,,,,,,,,,,,,,,,,,,,
21312,19:12:00,,,,,,,,,,,,,,,,,,,,,,,,,
21313,19:13:00,,,,,,,,,,,,,,,,,,,,,,,,,
21314,19:14:00,,,,,,,,,,,,,,,,,,,,,,,,,
21315,19:15:00,,,,,,,,,,,,,,,,,,,,,,,,,
21316,19:16:00,,,,,,,,,,,,,,,,,,,,,,,,,
21317,19:17:00,,,,,,,,,,,,,,,,,,,,,,,,,
21318,19:18:00,,,,,,,,,,,,,,,,,,,,,,,,,
21319,19:19:00,,,,,,,,,,,,,,,,,,,,,,,,,
21320,19:20:00,,,,,,,,,,,,,,,,,,,,,,,,,
21321,19:21:00,,,,,,,,,,,,,,,,,,,,,,,,,
21322,19:22:00,,,,,,,,,,,,,,,,,,,,,,,,,
21323,19:23:00,,,,,,,,,,,,,,,,,,,,,,,,,
21324,19:24:00,,,,,,,,,,,,,,,,,,,,,,,,,
21325,19:25:00,,,,,,,,,,,,,,,,,,,,,,,,,
21326,19:26:00,,,,,,,,,,,,,,,,,,,,,,,,,
21327,19:27:00,,,,,,,,,,,,,,,,,,,,,,,,,
21328,19:28:00,,,,,,,,,,,,,,,,,,,,,,,,,
21329,19:29:00,,,,,,,,,,,,,,,,,,,,,,,,,
21330,19:30:00,,,,,,,,,,,,,,,,,,,,,,,,,
21331,19:31:00,,,,,,,,,,,,,,,,,,,,,,,,,
21332,19:32:00,,,,,,,,,,,,,,,,,,,,,,,,,
21333,19:33:00,,,,,,,,,,,,,,,,,,,,,,,,,
21334,19:34:00,,,,,,,,,,,,,,,,,,,,,,,,,
21335,19:35:00,,,,,,,,,,,,,,,,,,,,,,,,,
21336,19:36:00,,,,,,,,,,,,,,,,,,,,,,,,,
21337,19:37:00,,,,,,,,,,,,,,,,,,,,,,,,,
21338,19:38:00,,,,,,,,,,,,,,,,,,,,,,,,,
21339,19:39:00,,,,,,,,,,,,,,,,,,,,,,,,,
21340,19:40:00,,,,,,,,,,,,,,,,,,,,,,,,,
21341,19:41:00,,,,,,,,,,,,,,,,,,,,,,,,,
21342,19:42:00,,,,,,,,,,,,,,,,,,,,,,,,,
21343,19:43:00,,,,,,,,,,,,,,,,,,,,,,,,,
21344,19:44:00,,,,,,,,,,,,,,,,,,,,,,,,,
21345,19:45:00,,,,,,,,,,,,,,,,,,,,,,,,,
21346,19:46:00,,,,,,,,,,,,,,,,,,,,,,,,,
21347,19:47:00,,,,,,,,,,,,,,,,,,,,,,,,,
21348,19:48:00,,,,,,,,,,,,,,,,,,,,,,,,,
21349,19:49:00,,,,,,,,,,,,,,,,,,,,,,,,,
21350,19:50:00,,,,,,,,,,,,,,,,,,,,,,,,,
21351,19:51:00,,,,,,,,,,,,,,,,,,,,,,,,,
21352,19:52:00,,,,,,,,,,,,,,,,,,,,,,,,,
21353,19:53:00,,,,,,,,,,,,,,,,,,,,,,,,,
21354,19:54:00,,,,,,,,,,,,,,,,,,,,,,,,,
21355,19:55:00,,,,,,,,,,,,,,,,,,,,,,,,,
21356,19:56:00,,,,,,,,,,,,,,,,,,,,,,,,,
21357,19:57:00,,,,,,,,,,,,,,,,,,,,,,,,,
21358,19:58:00,,,,,,,,,,,,,,,,,,,,,,,,,
21359,19:59:00,,,,,,,,,,,,,,,,,,,,,,,,,
21360,20:00:00,,,,,,,,,,,,,,,,,,,,,,,,,
21361,20:01:00,,,,,,,,,,,,,,,,,,,,,,,,,
21362,20:02:00,,,,,,,,,,,,,,,,,,,,,,,,,
21363,20:03:00,,,,,,,,,,,,,,,,,,,,,,,,,
21364,20:04:00,,,,,,,,,,,,,,,,,,,,,,,,,
21365,20:05:00,,,,,,,,,,,,,,,,,,,,,,,,,
21366,20:06:00,,,,,,,,,,,,,,,,,,,,,,,,,
21367,20:07:00,,,,,,,,,,,,,,,,,,,,,,,,,
21368,20:08:00,,,,,,,,,,,,,,,,,,,,,,,,,
21369,20:09:00,,,,,,,,,,,,,,,,,,,,,,,,,
21370,20:10:00,,,,,,,,,,,,,,,,,,,,,,,,,
21371,20:11:00,,,,,,,,,,,,,,,,,,,,,,,,,
21372,20:12:00,,,,,,,,,,,,,,,,,,,,,,,,,
21373,20:13:00,,,,,,,,,,,,,,,,,,,,,,,,,
21374,20:14:00,,,,,,,,,,,,,,,,,,,,,,,,,
21375,20:15:00,,,,,,,,,,,,,,,,,,,,,,,,,
21376,20:16:00,,,,,,,,,,,,,,,,,,,,,,,,,
21377,20:17:00,,,,,,,,,,,,,,,,,,,,,,,,,
21378,20:18:00,,,,,,,,,,,,,,,,,,,,,,,,,
21379,20:19:00,,,,,,,,,,,,,,,,,,,,,,,,,
21380,20:20:00,,,,,,,,,,,,,,,,,,,,,,,,,
21381,20:21:00,,,,,,,,,,,,,,,,,,,,,,,,,
21382,20:22:00,,,,,,,,,,,,,,,,,,,,,,,,,
21383,20:23:00,,,,,,,,,,,,,,,,,,,,,,,,,
21384,20:24:00,,,,,,,,,,,,,,,,,,,,,,,,,
21385,20:25:00,,,,,,,,,,,,,,,,,,,,,,,,,
21386,20:26:00,,,,,,,,,,,,,,,,,,,,,,,,,
21387,20:27:00,,,,,,,,,,,,,,,,,,,,,,,,,
21388,20:28:00,,,,,,,,,,,,,,,,,,,,,,,,,
21389,20:29:00,,,,,,,,,,,,,,,,,,,,,,,,,
21390,20:30:00,,,,,,,,,,,,,,,,,,,,,,,,,
21391,20:31:00,,,,,,,,,,,,,,,,,,,,,,,,,
21392,20:32:00,,,,,,,,,,,,,,,,,,,,,,,,,
21393,20:33:00,,,,,,,,,,,,,,,,,,,,,,,,,
21394,20:34:00,,,,,,,,,,,,,,,,,,,,,,,,,
21395,20:35:00,,,,,,,,,,,,,,,,,,,,,,,,,
21396,20:36:00,,,,,,,,,,,,,,,,,,,,,,,,,
21397,20:37:00,,,,,,,,,,,,,,,,,,,,,,,,,
21398,20:38:00,,,,,,,,,,,,,,,,,,,,,,,,,
21399,20:39:00,,,,,,,,,,,,,,,,,,,,,,,,,
21400,20:40:00,,,,,,,,,,,,,,,,,,,,,,,,,
21401,20:41:00,,,,,,,,,,,,,,,,,,,,,,,,,
21402,20:42:00,,,,,,,,,,,,,,,,,,,,,,,,,
21403,20:43:00,,,,,,,,,,,,,,,,,,,,,,,,,
21404,20:44:00,,,,,,,,,,,,,,,,,,,,,,,,,
21405,20:45:00,,,,,,,,,,,,,,,,,,,,,,,,,
21406,20:46:00,,,,,,,,,,,,,,,,,,,,,,,,,
21407,20:47:00,,,,,,,,,,,,,,,,,,,,,,,,,
21408,20:48:00,,,,,,,,,,,,,,,,,,,,,,,,,
21409,20:49:00,,,,,,,,,,,,,,,,,,,,,,,,,
21410,20:50:00,,,,,,,,,,,,,,,,,,,,,,,,,
21411,20:51:00,,,,,,,,,,,,,,,,,,,,,,,,,
21412,20:52:00,,,,,,,,,,,,,,,,,,,,,,,,,
21413,20:53:00,,,,,,,,,,,,,,,,,,,,,,,,,
21414,20:54:00,,,,,,,,,,,,,,,,,,,,,,,,,
21415,20:55:00,,,,,,,,,,,,,,,,,,,,,,,,,
21416,20:56:00,,,,,,,,,,,,,,,,,,,,,,,,,
21417,20:57:00,,,,,,,,,,,,,,,,,,,,,,,,,
21418,20:58:00,,,,,,,,,,,,,,,,,,,,,,,,,
21419,20:59:00,,,,,,,,,,,,,,,,,,,,,,,,,
21420,21:00:00,,,,,,,,,,,,,,,,,,,,,,,,,
21421,21:01:00,,,,,,,,,,,,,,,,,,,,,,,,,
21422,21:02:00,,,,,,,,,,,,,,,,,,,,,,,,,
21423,21:03:00,,,,,,,,,,,,,,,,,,,,,,,,,
21424,21:04:00,,,,,,,,,,,,,,,,,,,,,,,,,
21425,21:05:00,,,,,,,,,,,,,,,,,,,,,,,,,
21426,21:06:00,,,,,,,,,,,,,,,,,,,,,,,,,
21427,21:07:00,,,,,,,,,,,,,,,,,,,,,,,,,
21428,21:08:00,,,,,,,,,,,,,,,,,,,,,,,,,
21429,21:09:00,,,,,,,,,,,,,,,,,,,,,,,,,
21430,21:10:00,,,,,,,,,,,,,,,,,,,,,,,,,
21431,21:11:00,,,,,,,,,,,,,,,,,,,,,,,,,
21432,21:12:00,,,,,,,,,,,,,,,,,,,,,,,,,
21433,21:13:00,,,,,,,,,,,,,,,,,,,,,,,,,
21434,21:14:00,,,,,,,,,,,,,,,,,,,,,,,,,
21435,21:15:00,,,,,,,,,,,,,,,,,,,,,,,,,
21436,21:16:00,,,,,,,,,,,,,,,,,,,,,,,,,
21437,21:17:00,,,,,,,,,,,,,,,,,,,,,,,,,
21438,21:18:00,,,,,,,,,,,,,,,,,,,,,,,,,
21439,21:19:00,,,,,,,,,,,,,,,,,,,,,,,,,
21440,21:20:00,,,,,,,,,,,,,,,,,,,,,,,,,
21441,21:21:00,,,,,,,,,,,,,,,,,,,,,,,,,
21442,21:22:00,,,,,,,,,,,,,,,,,,,,,,,,,
21443,21:23:00,,,,,,,,,,,,,,,,,,,,,,,,,
21444,21:24:00,,,,,,,,,,,,,,,,,,,,,,,,,
21445,21:25:00,,,,,,,,,,,,,,,,,,,,,,,,,
21446,21:26:00,,,,,,,,,,,,,,,,,,,,,,,,,
21447,21:27:00,,,,,,,,,,,,,,,,,,,,,,,,,
21448,21:28:00,,,,,,,,,,,,,,,,,,,,,,,,,
21449,21:29:00,,,,,,,,,,,,,,,,,,,,,,,,,
21450,21:30:00,,,,,,,,,,,,,,,,,,,,,,,,,
21451,21:31:00,,,,,,,,,,,,,,,,,,,,,,,,,
21452,21:32:00,,,,,,,,,,,,,,,,,,,,,,,,,
21453,21:33:00,,,,,,,,,,,,,,,,,,,,,,,,,
21454,21:34:00,,,,,,,,,,,,,,,,,,,,,,,,,
21455,21:35:00,,,,,,,,,,,,,,,,,,,,,,,,,
21456,21:36:00,,,,,,,,,,,,,,,,,,,,,,,,,
21457,21:37:00,,,,,,,,,,,,,,,,,,,,,,,,,
21458,21:38:00,,,,,,,,,,,,,,,,,,,,,,,,,
21459,21:39:00,,,,,,,,,,,,,,,,,,,,,,,,,
21460,21:40:00,,,,,,,,,,,,,,,,,,,,,,,,,
21461,21:41:00,,,,,,,,,,,,,,,,,,,,,,,,,
21462,21:42:00,,,,,,,,,,,,,,,,,,,,,,,,,
21463,21:43:00,,,,,,,,,,,,,,,,,,,,,,,,,
21464,21:44:00,,,,,,,,,,,,,,,,,,,,,,,,,
21465,21:45:00,,,,,,,,,,,,,,,,,,,,,,,,,
21466,21:46:00,,,,,,,,,,,,,,,,,,,,,,,,,
21467,21:47:00,,,,,,,,,,,,,,,,,,,,,,,,,
21468,21:48:00,,,,,,,,,,,,,,,,,,,,,,,,,
21469,21:49:00,,,,,,,,,,,,,,,,,,,,,,,,,
21470,21:50:00,,,,,,,,,,,,,,,,,,,,,,,,,
21471,21:51:00,,,,,,,,,,,,,,,,,,,,,,,,,
21472,21:52:00,,,,,,,,,,,,,,,,,,,,,,,,,
21473,21:53:00,,,,,,,,,,,,,,,,,,,,,,,,,
21474,21:54:00,,,,,,,,,,,,,,,,,,,,,,,,,
21475,21:55:00,,,,,,,,,,,,,,,,,,,,,,,,,
21476,21:56:00,,,,,,,,,,,,,,,,,,,,,,,,,
21477,21:57:00,,,,,,,,,,,,,,,,,,,,,,,,,
21478,21:58:00,,,,,,,,,,,,,,,,,,,,,,,,,
21479,21:59:00,,,,,,,,,,,,,,,,,,,,,,,,,
21480,22:00:00,,,,,,,,,,,,,,,,,,,,,,,,,
21481,22:01:00,,,,,,,,,,,,,,,,,,,,,,,,,
21482,22:02:00,,,,,,,,,,,,,,,,,,,,,,,,,
21483,22:03:00,,,,,,,,,,,,,,,,,,,,,,,,,
21484,22:04:00,,,,,,,,,,,,,,,,,,,,,,,,,
21485,22:05:00,,,,,,,,,,,,,,,,,,,,,,,,,
21486,22:06:00,,,,,,,,,,,,,,,,,,,,,,,,,
21487,22:07:00,,,,,,,,,,,,,,,,,,,,,,,,,
21488,22:08:00,,,,,,,,,,,,,,,,,,,,,,,,,
21489,22:09:00,,,,,,,,,,,,,,,,,,,,,,,,,
21490,22:10:00,,,,,,,,,,,,,,,,,,,,,,,,,
21491,22:11:00,,,,,,,,,,,,,,,,,,,,,,,,,
21492,22:12:00,,,,,,,,,,,,,,,,,,,,,,,,,
21493,22:13:00,,,,,,,,,,,,,,,,,,,,,,,,,
21494,22:14:00,,,,,,,,,,,,,,,,,,,,,,,,,
21495,22:15:00,,,,,,,,,,,,,,,,,,,,,,,,,
21496,22:16:00,,,,,,,,,,,,,,,,,,,,,,,,,
21497,22:17:00,,,,,,,,,,,,,,,,,,,,,,,,,
21498,22:18:00,,,,,,,,,,,,,,,,,,,,,,,,,
21499,22:19:00,,,,,,,,,,,,,,,,,,,,,,,,,
21500,22:20:00,,,,,,,,,,,,,,,,,,,,,,,,,
21501,22:21:00,,,,,,,,,,,,,,,,,,,,,,,,,
21502,22:22:00,,,,,,,,,,,,,,,,,,,,,,,,,
21503,22:23:00,,,,,,,,,,,,,,,,,,,,,,,,,
21504,22:24:00,,,,,,,,,,,,,,,,,,,,,,,,,
21505,22:25:00,,,,,,,,,,,,,,,,,,,,,,,,,
21506,22:26:00,,,,,,,,,,,,,,,,,,,,,,,,,
21507,22:27:00,,,,,,,,,,,,,,,,,,,,,,,,,
21508,22:28:00,,,,,,,,,,,,,,,,,,,,,,,,,
21509,22:29:00,,,,,,,,,,,,,,,,,,,,,,,,,
21510,22:30:00,,,,,,,,,,,,,,,,,,,,,,,,,
21511,22:31:00,,,,,,,,,,,,,,,,,,,,,,,,,
21512,22:32:00,,,,,,,,,,,,,,,,,,,,,,,,,
21513,22:33:00,,,,,,,,,,,,,,,,,,,,,,,,,
21514,22:34:00,,,,,,,,,,,,,,,,,,,,,,,,,
21515,22:35:00,,,,,,,,,,,,,,,,,,,,,,,,,
21516,22:36:00,,,,,,,,,,,,,,,,,,,,,,,,,
21517,22:37:00,,,,,,,,,,,,,,,,,,,,,,,,,
21518,22:38:00,,,,,,,,,,,,,,,,,,,,,,,,,
21519,22:39:00,,,,,,,,,,,,,,,,,,,,,,,,,
21520,22:40:00,,,,,,,,,,,,,,,,,,,,,,,,,
21521,22:41:00,,,,,,,,,,,,,,,,,,,,,,,,,
21522,22:42:00,,,,,,,,,,,,,,,,,,,,,,,,,
21523,22:43:00,,,,,,,,,,,,,,,,,,,,,,,,,
21524,22:44:00,,,,,,,,,,,,,,,,,,,,,,,,,
21525,22:45:00,,,,,,,,,,,,,,,,,,,,,,,,,
21526,22:46:00,,,,,,,,,,,,,,,,,,,,,,,,,
21527,22:47:00,,,,,,,,,,,,,,,,,,,,,,,,,
21528,22:48:00,,,,,,,,,,,,,,,,,,,,,,,,,
21529,22:49:00,,,,,,,,,,,,,,,,,,,,,,,,,
21530,22:50:00,,,,,,,,,,,,,,,,,,,,,,,,,
21531,22:51:00,,,,,,,,,,,,,,,,,,,,,,,,,
21532,22:52:00,,,,,,,,,,,,,,,,,,,,,,,,,
21533,22:53:00,,,,,,,,,,,,,,,,,,,,,,,,,
21534,22:54:00,,,,,,,,,,,,,,,,,,,,,,,,,
21535,22:55:00,,,,,,,,,,,,,,,,,,,,,,,,,
21536,22:56:00,,,,,,,,,,,,,,,,,,,,,,,,,
21537,22:57:00,,,,,,,,,,,,,,,,,,,,,,,,,
21538,22:58:00,,,,,,,,,,,,,,,,,,,,,,,,,
21539,22:59:00,,,,,,,,,,,,,,,,,,,,,,,,,
21540,23:00:00,,,,,,,,,,,,,,,,,,,,,,,,,
21541,23:01:00,,,,,,,,,,,,,,,,,,,,,,,,,
21542,23:02:00,,,,,,,,,,,,,,,,,,,,,,,,,
21543,23:03:00,,,,,,,,,,,,,,,,,,,,,,,,,
21544,23:04:00,,,,,,,,,,,,,,,,,,,,,,,,,
21545,23:05:00,,,,,,,,,,,,,,,,,,,,,,,,,
21546,23:06:00,,,,,,,,,,,,,,,,,,,,,,,,,
21547,23:07:00,,,,,,,,,,,,,,,,,,,,,,,,,
21548,23:08:00,,,,,,,,,,,,,,,,,,,,,,,,,
21549,23:09:00,,,,,,,,,,,,,,,,,,,,,,,,,
21550,23:10:00,,,,,,,,,,,,,,,,,,,,,,,,,
21551,23:11:00,,,,,,,,,,,,,,,,,,,,,,,,,
21552,23:12:00,,,,,,,,,,,,,,,,,,,,,,,,,
21553,23:13:00,,,,,,,,,,,,,,,,,,,,,,,,,
21554,23:14:00,,,,,,,,,,,,,,,,,,,,,,,,,
21555,23:15:00,,,,,,,,,,,,,,,,,,,,,,,,,
21556,23:16:00,,,,,,,,,,,,,,,,,,,,,,,,,
21557,23:17:00,,,,,,,,,,,,,,,,,,,,,,,,,
21558,23:18:00,,,,,,,,,,,,,,,,,,,,,,,,,
21559,23:19:00,,,,,,,,,,,,,,,,,,,,,,,,,
21560,23:20:00,,,,,,,,,,,,,,,,,,,,,,,,,
21561,23:21:00,,,,,,,,,,,,,,,,,,,,,,,,,
21562,23:22:00,,,,,,,,,,,,,,,,,,,,,,,,,
21563,23:23:00,,,,,,,,,,,,,,,,,,,,,,,,,
21564,23:24:00,,,,,,,,,,,,,,,,,,,,,,,,,
21565,23:25:00,,,,,,,,,,,,,,,,,,,,,,,,,
21566,23:26:00,,,,,,,,,,,,,,,,,,,,,,,,,
21567,23:27:00,,,,,,,,,,,,,,,,,,,,,,,,,
21568,23:28:00,,,,,,,,,,,,,,,,,,,,,,,,,
21569,23:29:00,,,,,,,,,,,,,,,,,,,,,,,,,
21570,23:30:00,,,,,,,,,,,,,,,,,,,,,,,,,
21571,23:31:00,,,,,,,,,,,,,,,,,,,,,,,,,
21572,23:32:00,,,,,,,,,,,,,,,,,,,,,,,,,
21573,23:33:00,,,,,,,,,,,,,,,,,,,,,,,,,
21574,23:34:00,,,,,,,,,,,,,,,,,,,,,,,,,
21575,23:35:00,,,,,,,,,,,,,,,,,,,,,,,,,
21576,23:36:00,,,,,,,,,,,,,,,,,,,,,,,,,
21577,23:37:00,,,,,,,,,,,,,,,,,,,,,,,,,
21578,23:38:00,,,,,,,,,,,,,,,,,,,,,,,,,
21579,23:39:00,,,,,,,,,,,,,,,,,,,,,,,,,
21580,23:40:00,,,,,,,,,,,,,,,,,,,,,,,,,
21581,23:41:00,,,,,,,,,,,,,,,,,,,,,,,,,
21582,23:42:00,,,,,,,,,,,,,,,,,,,,,,,,,
21583,23:43:00,,,,,,,,,,,,,,,,,,,,,,,,,
21584,23:44:00,,,,,,,,,,,,,,,,,,,,,,,,,
21585,23:45:00,,,,,,,,,,,,,,,,,,,,,,,,,
21586,23:46:00,,,,,,,,,,,,,,,,,,,,,,,,,
21587,23:47:00,,,,,,,,,,,,,,,,,,,,,,,,,
21588,23:48:00,,,,,,,,,,,,,,,,,,,,,,,,,
21589,23:49:00,,,,,,,,,,,,,,,,,,,,,,,,,
21590,23:50:00,,,,,,,,,,,,,,,,,,,,,,,,,
21591,23:51:00,,,,,,,,,,,,,,,,,,,,,,,,,
21592,23:52:00,,,,,,,,,,,,,,,,,,,,,,,,,
21593,23:53:00,,,,,,,,,,,,,,,,,,,,,,,,,
21594,23:54:00,,,,,,,,,,,,,,,,,,,,,,,,,
21595,23:55:00,,,,,,,,,,,,,,,,,,,,,,,,,
21596,23:56:00,,,,,,,,,,,,,,,,,,,,,,,,,
21597,23:57:00,,,,,,,,,,,,,,,,,,,,,,,,,
21598,23:58:00,,,,,,,,,,,,,,,,,,,,,,,,,
21599,23:59:00,,,,,,,,,,,,,,,,,,,,,,,,,
21600,00:00:00,,,,,,,,,,,,,,,,,,,,,,,,,
21601,00:01:00,,,,,,,,,,,,,,,,,,,,,,,,,
21602,00:02:00,,,,,,,,,,,,,,,,,,,,,,,,,
21603,00:03:00,,,,,,,,,,,,,,,,,,,,,,,,,
21604,00:04:00,,,,,,,,,,,,,,,,,,,,,,,,,
21605,00:05:00,,,,,,,,,,,,,,,,,,,,,,,,,
21606,00:06:00,,,,,,,,,,,,,,,,,,,,,,,,,
21607,00:07:00,,,,,,,,,,,,,,,,,,,,,,,,,
21608,00:08:00,,,,,,,,,,,,,,,,,,,,,,,,,
21609,00:09:00,,,,,,,,,,,,,,,,,,,,,,,,,
21610,00:10:00,,,,,,,,,,,,,,,,,,,,,,,,,
21611,00:11:00,,,,,,,,,,,,,,,,,,,,,,,,,
21612,00:12:00,,,,,,,,,,,,,,,,,,,,,,,,,
21613,00:13:00,,,,,,,,,,,,,,,,,,,,,,,,,
21614,00:14:00,,,,,,,,,,,,,,,,,,,,,,,,,
21615,00:15:00,,,,,,,,,,,,,,,,,,,,,,,,,
21616,00:16:00,,,,,,,,,,,,,,,,,,,,,,,,,
21617,00:17:00,,,,,,,,,,,,,,,,,,,,,,,,,
21618,00:18:00,,,,,,,,,,,,,,,,,,,,,,,,,
21619,00:19:00,,,,,,,,,,,,,,,,,,,,,,,,,
21620,00:20:00,,,,,,,,,,,,,,,,,,,,,,,,,
21621,00:21:00,,,,,,,,,,,,,,,,,,,,,,,,,
21622,00:22:00,,,,,,,,,,,,,,,,,,,,,,,,,
21623,00:23:00,,,,,,,,,,,,,,,,,,,,,,,,,
21624,00:24:00,,,,,,,,,,,,,,,,,,,,,,,,,
21625,00:25:00,,,,,,,,,,,,,,,,,,,,,,,,,
21626,00:26:00,,,,,,,,,,,,,,,,,,,,,,,,,
21627,00:27:00,,,,,,,,,,,,,,,,,,,,,,,,,
21628,00:28:00,,,,,,,,,,,,,,,,,,,,,,,,,
21629,00:29:00,,,,,,,,,,,,,,,,,,,,,,,,,
21630,00:30:00,,,,,,,,,,,,,,,,,,,,,,,,,
21631,00:31:00,,,,,,,,,,,,,,,,,,,,,,,,,
21632,00:32:00,,,,,,,,,,,,,,,,,,,,,,,,,
21633,00:33:00,,,,,,,,,,,,,,,,,,,,,,,,,
21634,00:34:00,,,,,,,,,,,,,,,,,,,,,,,,,
21635,00:35:00,,,,,,,,,,,,,,,,,,,,,,,,,
21636,00:36:00,,,,,,,,,,,,,,,,,,,,,,,,,
21637,00:37:00,,,,,,,,,,,,,,,,,,,,,,,,,
21638,00:38:00,,,,,,,,,,,,,,,,,,,,,,,,,
21639,00:39:00,,,,,,,,,,,,,,,,,,,,,,,,,
21640,00:40:00,,,,,,,,,,,,,,,,,,,,,,,,,
21641,00:41:00,,,,,,,,,,,,,,,,,,,,,,,,,
21642,00:42:00,,,,,,,,,,,,,,,,,,,,,,,,,
21643,00:43:00,,,,,,,,,,,,,,,,,,,,,,,,,
21644,00:44:00,,,,,,,,,,,,,,,,,,,,,,,,,
21645,00:45:00,,,,,,,,,,,,,,,,,,,,,,,,,
21646,00:46:00,,,,,,,,,,,,,,,,,,,,,,,,,
21647,00:47:00,,,,,,,,,,,,,,,,,,,,,,,,,
21648,00:48:00,,,,,,,,,,,,,,,,,,,,,,,,,
21649,00:49:00,,,,,,,,,,,,,,,,,,,,,,,,,
21650,00:50:00,,,,,,,,,,,,,,,,,,,,,,,,,
21651,00:51:00,,,,,,,,,,,,,,,,,,,,,,,,,
21652,00:52:00,,,,,,,,,,,,,,,,,,,,,,,,,
21653,00:53:00,,,,,,,,,,,,,,,,,,,,,,,,,
21654,00:54:00,,,,,,,,,,,,,,,,,,,,,,,,,
21655,00:55:00,,,,,,,,,,,,,,,,,,,,,,,,,
21656,00:56:00,,,,,,,,,,,,,,,,,,,,,,,,,
21657,00:57:00,,,,,,,,,,,,,,,,,,,,,,,,,
21658,00:58:00,,,,,,,,,,,,,,,,,,,,,,,,,
21659,00:59:00,,,,,,,,,,,,,,,,,,,,,,,,,
21660,01:00:00,,,,,,,,,,,,,,,,,,,,,,,,,
21661,01:01:00,,,,,,,,,,,,,,,,,,,,,,,,,
21662,01:02:00,,,,,,,,,,,,,,,,,,,,,,,,,
21663,01:03:00,,,,,,,,,,,,,,,,,,,,,,,,,
21664,01:04:00,,,,,,,,,,,,,,,,,,,,,,,,,
21665,01:05:00,,,,,,,,,,,,,,,,,,,,,,,,,
21666,01:06:00,,,,,,,,,,,,,,,,,,,,,,,,,
21667,01:07:00,,,,,,,,,,,,,,,,,,,,,,,,,
21668,01:08:00,,,,,,,,,,,,,,,,,,,,,,,,,
21669,01:09:00,,,,,,,,,,,,,,,,,,,,,,,,,
21670,01:10:00,,,,,,,,,,,,,,,,,,,,,,,,,
21671,01:11:00,,,,,,,,,,,,,,,,,,,,,,,,,
21672,01:12:00,,,,,,,,,,,,,,,,,,,,,,,,,
21673,01:13:00,,,,,,,,,,,,,,,,,,,,,,,,,
21674,01:14:00,,,,,,,,,,,,,,,,,,,,,,,,,
21675,01:15:00,,,,,,,,,,,,,,,,,,,,,,,,,
21676,01:16:00,,,,,,,,,,,,,,,,,,,,,,,,,
21677,01:17:00,,,,,,,,,,,,,,,,,,,,,,,,,
21678,01:18:00,,,,,,,,,,,,,,,,,,,,,,,,,
21679,01:19:00,,,,,,,,,,,,,,,,,,,,,,,,,
21680,01:20:00,,,,,,,,,,,,,,,,,,,,,,,,,
21681,01:21:00,,,,,,,,,,,,,,,,,,,,,,,,,
21682,01:22:00,,,,,,,,,,,,,,,,,,,,,,,,,
21683,01:23:00,,,,,,,,,,,,,,,,,,,,,,,,,
21684,01:24:00,,,,,,,,,,,,,,,,,,,,,,,,,
21685,01:25:00,,,,,,,,,,,,,,,,,,,,,,,,,
21686,01:26:00,,,,,,,,,,,,,,,,,,,,,,,,,
21687,01:27:00,,,,,,,,,,,,,,,,,,,,,,,,,
21688,01:28:00,,,,,,,,,,,,,,,,,,,,,,,,,
21689,01:29:00,,,,,,,,,,,,,,,,,,,,,,,,,
21690,01:30:00,,,,,,,,,,,,,,,,,,,,,,,,,
21691,01:31:00,,,,,,,,,,,,,,,,,,,,,,,,,
21692,01:32:00,,,,,,,,,,,,,,,,,,,,,,,,,
21693,01:33:00,,,,,,,,,,,,,,,,,,,,,,,,,
21694,01:34:00,,,,,,,,,,,,,,,,,,,,,,,,,
21695,01:35:00,,,,,,,,,,,,,,,,,,,,,,,,,
21696,01:36:00,,,,,,,,,,,,,,,,,,,,,,,,,
21697,01:37:00,,,,,,,,,,,,,,,,,,,,,,,,,
21698,01:38:00,,,,,,,,,,,,,,,,,,,,,,,,,
21699,01:39:00,,,,,,,,,,,,,,,,,,,,,,,,,
21700,01:40:00,,,,,,,,,,,,,,,,,,,,,,,,,
21701,01:41:00,,,,,,,,,,,,,,,,,,,,,,,,,
21702,01:42:00,,,,,,,,,,,,,,,,,,,,,,,,,
21703,01:43:00,,,,,,,,,,,,,,,,,,,,,,,,,
21704,01:44:00,,,,,,,,,,,,,,,,,,,,,,,,,
21705,01:45:00,,,,,,,,,,,,,,,,,,,,,,,,,
21706,01:46:00,,,,,,,,,,,,,,,,,,,,,,,,,
21707,01:47:00,,,,,,,,,,,,,,,,,,,,,,,,,
21708,01:48:00,,,,,,,,,,,,,,,,,,,,,,,,,
21709,01:49:00,,,,,,,,,,,,,,,,,,,,,,,,,
21710,01:50:00,,,,,,,,,,,,,,,,,,,,,,,,,
21711,01:51:00,,,,,,,,,,,,,,,,,,,,,,,,,
21712,01:52:00,,,,,,,,,,,,,,,,,,,,,,,,,
21713,01:53:00,,,,,,,,,,,,,,,,,,,,,,,,,
21714,01:54:00,,,,,,,,,,,,,,,,,,,,,,,,,
21715,01:55:00,,,,,,,,,,,,,,,,,,,,,,,,,
21716,01:56:00,,,,,,,,,,,,,,,,,,,,,,,,,
21717,01:57:00,,,,,,,,,,,,,,,,,,,,,,,,,
21718,01:58:00,,,,,,,,,,,,,,,,,,,,,,,,,
21719,01:59:00,,,,,,,,,,,,,,,,,,,,,,,,,
21720,02:00:00,,,,,,,,,,,,,,,,,,,,,,,,,
21721,02:01:00,,,,,,,,,,,,,,,,,,,,,,,,,
21722,02:02:00,,,,,,,,,,,,,,,,,,,,,,,,,
21723,02:03:00,,,,,,,,,,,,,,,,,,,,,,,,,
21724,02:04:00,,,,,,,,,,,,,,,,,,,,,,,,,
21725,02:05:00,,,,,,,,,,,,,,,,,,,,,,,,,
21726,02:06:00,,,,,,,,,,,,,,,,,,,,,,,,,
21727,02:07:00,,,,,,,,,,,,,,,,,,,,,,,,,
21728,02:08:00,,,,,,,,,,,,,,,,,,,,,,,,,
21729,02:09:00,,,,,,,,,,,,,,,,,,,,,,,,,
21730,02:10:00,,,,,,,,,,,,,,,,,,,,,,,,,
21731,02:11:00,,,,,,,,,,,,,,,,,,,,,,,,,
21732,02:12:00,,,,,,,,,,,,,,,,,,,,,,,,,
21733,02:13:00,,,,,,,,,,,,,,,,,,,,,,,,,
21734,02:14:00,,,,,,,,,,,,,,,,,,,,,,,,,
21735,02:15:00,,,,,,,,,,,,,,,,,,,,,,,,,
21736,02:16:00,,,,,,,,,,,,,,,,,,,,,,,,,
21737,02:17:00,,,,,,,,,,,,,,,,,,,,,,,,,
21738,02:18:00,,,,,,,,,,,,,,,,,,,,,,,,,
21739,02:19:00,,,,,,,,,,,,,,,,,,,,,,,,,
21740,02:20:00,,,,,,,,,,,,,,,,,,,,,,,,,
21741,02:21:00,,,,,,,,,,,,,,,,,,,,,,,,,
21742,02:22:00,,,,,,,,,,,,,,,,,,,,,,,,,
21743,02:23:00,,,,,,,,,,,,,,,,,,,,,,,,,
21744,02:24:00,,,,,,,,,,,,,,,,,,,,,,,,,
21745,02:25:00,,,,,,,,,,,,,,,,,,,,,,,,,
21746,02:26:00,,,,,,,,,,,,,,,,,,,,,,,,,
21747,02:27:00,,,,,,,,,,,,,,,,,,,,,,,,,
21748,02:28:00,,,,,,,,,,,,,,,,,,,,,,,,,
21749,02:29:00,,,,,,,,,,,,,,,,,,,,,,,,,
21750,02:30:00,,,,,,,,,,,,,,,,,,,,,,,,,
21751,02:31:00,,,,,,,,,,,,,,,,,,,,,,,,,
21752,02:32:00,,,,,,,,,,,,,,,,,,,,,,,,,
21753,02:33:00,,,,,,,,,,,,,,,,,,,,,,,,,
21754,02:34:00,,,,,,,,,,,,,,,,,,,,,,,,,
21755,02:35:00,,,,,,,,,,,,,,,,,,,,,,,,,
21756,02:36:00,,,,,,,,,,,,,,,,,,,,,,,,,
21757,02:37:00,,,,,,,,,,,,,,,,,,,,,,,,,
21758,02:38:00,,,,,,,,,,,,,,,,,,,,,,,,,
21759,02:39:00,,,,,,,,,,,,,,,,,,,,,,,,,
21760,02:40:00,,,,,,,,,,,,,,,,,,,,,,,,,
21761,02:41:00,,,,,,,,,,,,,,,,,,,,,,,,,
21762,02:42:00,,,,,,,,,,,,,,,,,,,,,,,,,
21763,02:43:00,,,,,,,,,,,,,,,,,,,,,,,,,
21764,02:44:00,,,,,,,,,,,,,,,,,,,,,,,,,
21765,02:45:00,,,,,,,,,,,,,,,,,,,,,,,,,
21766,02:46:00,,,,,,,,,,,,,,,,,,,,,,,,,
21767,02:47:00,,,,,,,,,,,,,,,,,,,,,,,,,
21768,02:48:00,,,,,,,,,,,,,,,,,,,,,,,,,
21769,02:49:00,,,,,,,,,,,,,,,,,,,,,,,,,
21770,02:50:00,,,,,,,,,,,,,,,,,,,,,,,,,
21771,02:51:00,,,,,,,,,,,,,,,,,,,,,,,,,
21772,02:52:00,,,,,,,,,,,,,,,,,,,,,,,,,
21773,02:53:00,,,,,,,,,,,,,,,,,,,,,,,,,
21774,02:54:00,,,,,,,,,,,,,,,,,,,,,,,,,
21775,02:55:00,,,,,,,,,,,,,,,,,,,,,,,,,
21776,02:56:00,,,,,,,,,,,,,,,,,,,,,,,,,
21777,02:57:00,,,,,,,,,,,,,,,,,,,,,,,,,
21778,02:58:00,,,,,,,,,,,,,,,,,,,,,,,,,
21779,02:59:00,,,,,,,,,,,,,,,,,,,,,,,,,
21780,03:00:00,,,,,,,,,,,,,,,,,,,,,,,,,
21781,03:01:00,,,,,,,,,,,,,,,,,,,,,,,,,
21782,03:02:00,,,,,,,,,,,,,,,,,,,,,,,,,
21783,03:03:00,,,,,,,,,,,,,,,,,,,,,,,,,
21784,03:04:00,,,,,,,,,,,,,,,,,,,,,,,,,
21785,03:05:00,,,,,,,,,,,,,,,,,,,,,,,,,
21786,03:06:00,,,,,,,,,,,,,,,,,,,,,,,,,
21787,03:07:00,,,,,,,,,,,,,,,,,,,,,,,,,
21788,03:08:00,,,,,,,,,,,,,,,,,,,,,,,,,
21789,03:09:00,,,,,,,,,,,,,,,,,,,,,,,,,
21790,03:10:00,,,,,,,,,,,,,,,,,,,,,,,,,
21791,03:11:00,,,,,,,,,,,,,,,,,,,,,,,,,
21792,03:12:00,,,,,,,,,,,,,,,,,,,,,,,,,
21793,03:13:00,,,,,,,,,,,,,,,,,,,,,,,,,
21794,03:14:00,,,,,,,,,,,,,,,,,,,,,,,,,
21795,03:15:00,,,,,,,,,,,,,,,,,,,,,,,,,
21796,03:16:00,,,,,,,,,,,,,,,,,,,,,,,,,
21797,03:17:00,,,,,,,,,,,,,,,,,,,,,,,,,
21798,03:18:00,,,,,,,,,,,,,,,,,,,,,,,,,
21799,03:19:00,,,,,,,,,,,,,,,,,,,,,,,,,
21800,03:20:00,,,,,,,,,,,,,,,,,,,,,,,,,
21801,03:21:00,,,,,,,,,,,,,,,,,,,,,,,,,
21802,03:22:00,,,,,,,,,,,,,,,,,,,,,,,,,
21803,03:23:00,,,,,,,,,,,,,,,,,,,,,,,,,
21804,03:24:00,,,,,,,,,,,,,,,,,,,,,,,,,
21805,03:25:00,,,,,,,,,,,,,,,,,,,,,,,,,
21806,03:26:00,,,,,,,,,,,,,,,,,,,,,,,,,
21807,03:27:00,,,,,,,,,,,,,,,,,,,,,,,,,
21808,03:28:00,,,,,,,,,,,,,,,,,,,,,,,,,
21809,03:29:00,,,,,,,,,,,,,,,,,,,,,,,,,
21810,03:30:00,,,,,,,,,,,,,,,,,,,,,,,,,
21811,03:31:00,,,,,,,,,,,,,,,,,,,,,,,,,
21812,03:32:00,,,,,,,,,,,,,,,,,,,,,,,,,
21813,03:33:00,,,,,,,,,,,,,,,,,,,,,,,,,
21814,03:34:00,,,,,,,,,,,,,,,,,,,,,,,,,
21815,03:35:00,,,,,,,,,,,,,,,,,,,,,,,,,
21816,03:36:00,,,,,,,,,,,,,,,,,,,,,,,,,
21817,03:37:00,,,,,,,,,,,,,,,,,,,,,,,,,
21818,03:38:00,,,,,,,,,,,,,,,,,,,,,,,,,
21819,03:39:00,,,,,,,,,,,,,,,,,,,,,,,,,
21820,03:40:00,,,,,,,,,,,,,,,,,,,,,,,,,
21821,03:41:00,,,,,,,,,,,,,,,,,,,,,,,,,
21822,03:42:00,,,,,,,,,,,,,,,,,,,,,,,,,
21823,03:43:00,,,,,,,,,,,,,,,,,,,,,,,,,
21824,03:44:00,,,,,,,,,,,,,,,,,,,,,,,,,
21825,03:45:00,,,,,,,,,,,,,,,,,,,,,,,,,
21826,03:46:00,,,,,,,,,,,,,,,,,,,,,,,,,
21827,03:47:00,,,,,,,,,,,,,,,,,,,,,,,,,
21828,03:48:00,,,,,,,,,,,,,,,,,,,,,,,,,
21829,03:49:00,,,,,,,,,,,,,,,,,,,,,,,,,
21830,03:50:00,,,,,,,,,,,,,,,,,,,,,,,,,
21831,03:51:00,,,,,,,,,,,,,,,,,,,,,,,,,
21832,03:52:00,,,,,,,,,,,,,,,,,,,,,,,,,
21833,03:53:00,,,,,,,,,,,,,,,,,,,,,,,,,
21834,03:54:00,,,,,,,,,,,,,,,,,,,,,,,,,
21835,03:55:00,,,,,,,,,,,,,,,,,,,,,,,,,
21836,03:56:00,,,,,,,,,,,,,,,,,,,,,,,,,
21837,03:57:00,,,,,,,,,,,,,,,,,,,,,,,,,
21838,03:58:00,,,,,,,,,,,,,,,,,,,,,,,,,
21839,03:59:00,,,,,,,,,,,,,,,,,,,,,,,,,
21840,04:00:00,,,,,,,,,,,,,,,,,,,,,,,,,
21841,04:01:00,,,,,,,,,,,,,,,,,,,,,,,,,
21842,04:02:00,,,,,,,,,,,,,,,,,,,,,,,,,
21843,04:03:00,,,,,,,,,,,,,,,,,,,,,,,,,
21844,04:04:00,,,,,,,,,,,,,,,,,,,,,,,,,
21845,04:05:00,,,,,,,,,,,,,,,,,,,,,,,,,
21846,04:06:00,,,,,,,,,,,,,,,,,,,,,,,,,
21847,04:07:00,,,,,,,,,,,,,,,,,,,,,,,,,
21848,04:08:00,,,,,,,,,,,,,,,,,,,,,,,,,
21849,04:09:00,,,,,,,,,,,,,,,,,,,,,,,,,
21850,04:10:00,,,,,,,,,,,,,,,,,,,,,,,,,
21851,04:11:00,,,,,,,,,,,,,,,,,,,,,,,,,
21852,04:12:00,,,,,,,,,,,,,,,,,,,,,,,,,
21853,04:13:00,,,,,,,,,,,,,,,,,,,,,,,,,
21854,04:14:00,,,,,,,,,,,,,,,,,,,,,,,,,
21855,04:15:00,,,,,,,,,,,,,,,,,,,,,,,,,
21856,04:16:00,,,,,,,,,,,,,,,,,,,,,,,,,
21857,04:17:00,,,,,,,,,,,,,,,,,,,,,,,,,
21858,04:18:00,,,,,,,,,,,,,,,,,,,,,,,,,
21859,04:19:00,,,,,,,,,,,,,,,,,,,,,,,,,
21860,04:20:00,,,,,,,,,,,,,,,,,,,,,,,,,
21861,04:21:00,,,,,,,,,,,,,,,,,,,,,,,,,
21862,04:22:00,,,,,,,,,,,,,,,,,,,,,,,,,
21863,04:23:00,,,,,,,,,,,,,,,,,,,,,,,,,
21864,04:24:00,,,,,,,,,,,,,,,,,,,,,,,,,
21865,04:25:00,,,,,,,,,,,,,,,,,,,,,,,,,
21866,04:26:00,,,,,,,,,,,,,,,,,,,,,,,,,
21867,04:27:00,,,,,,,,,,,,,,,,,,,,,,,,,
21868,04:28:00,,,,,,,,,,,,,,,,,,,,,,,,,
21869,04:29:00,,,,,,,,,,,,,,,,,,,,,,,,,
21870,04:30:00,,,,,,,,,,,,,,,,,,,,,,,,,
21871,04:31:00,,,,,,,,,,,,,,,,,,,,,,,,,
21872,04:32:00,,,,,,,,,,,,,,,,,,,,,,,,,
21873,04:33:00,,,,,,,,,,,,,,,,,,,,,,,,,
21874,04:34:00,,,,,,,,,,,,,,,,,,,,,,,,,
21875,04:35:00,,,,,,,,,,,,,,,,,,,,,,,,,
21876,04:36:00,,,,,,,,,,,,,,,,,,,,,,,,,
21877,04:37:00,,,,,,,,,,,,,,,,,,,,,,,,,
21878,04:38:00,,,,,,,,,,,,,,,,,,,,,,,,,
21879,04:39:00,,,,,,,,,,,,,,,,,,,,,,,,,
21880,04:40:00,,,,,,,,,,,,,,,,,,,,,,,,,
21881,04:41:00,,,,,,,,,,,,,,,,,,,,,,,,,
21882,04:42:00,,,,,,,,,,,,,,,,,,,,,,,,,
21883,04:43:00,,,,,,,,,,,,,,,,,,,,,,,,,
21884,04:44:00,,,,,,,,,,,,,,,,,,,,,,,,,
21885,04:45:00,,,,,,,,,,,,,,,,,,,,,,,,,
21886,04:46:00,,,,,,,,,,,,,,,,,,,,,,,,,
21887,04:47:00,,,,,,,,,,,,,,,,,,,,,,,,,
21888,04:48:00,,,,,,,,,,,,,,,,,,,,,,,,,
21889,04:49:00,,,,,,,,,,,,,,,,,,,,,,,,,
21890,04:50:00,,,,,,,,,,,,,,,,,,,,,,,,,
21891,04:51:00,,,,,,,,,,,,,,,,,,,,,,,,,
21892,04:52:00,,,,,,,,,,,,,,,,,,,,,,,,,
21893,04:53:00,,,,,,,,,,,,,,,,,,,,,,,,,
21894,04:54:00,,,,,,,,,,,,,,,,,,,,,,,,,
21895,04:55:00,,,,,,,,,,,,,,,,,,,,,,,,,
21896,04:56:00,,,,,,,,,,,,,,,,,,,,,,,,,
21897,04:57:00,,,,,,,,,,,,,,,,,,,,,,,,,
21898,04:58:00,,,,,,,,,,,,,,,,,,,,,,,,,
21899,04:59:00,,,,,,,,,,,,,,,,,,,,,,,,,
21900,05:00:00,,,,,,,,,,,,,,,,,,,,,,,,,
21901,05:01:00,,,,,,,,,,,,,,,,,,,,,,,,,
21902,05:02:00,,,,,,,,,,,,,,,,,,,,,,,,,
21903,05:03:00,,,,,,,,,,,,,,,,,,,,,,,,,
21904,05:04:00,,,,,,,,,,,,,,,,,,,,,,,,,
21905,05:05:00,,,,,,,,,,,,,,,,,,,,,,,,,
21906,05:06:00,,,,,,,,,,,,,,,,,,,,,,,,,
21907,05:07:00,,,,,,,,,,,,,,,,,,,,,,,,,
21908,05:08:00,,,,,,,,,,,,,,,,,,,,,,,,,
21909,05:09:00,,,,,,,,,,,,,,,,,,,,,,,,,
21910,05:10:00,,,,,,,,,,,,,,,,,,,,,,,,,
21911,05:11:00,,,,,,,,,,,,,,,,,,,,,,,,,
21912,05:12:00,,,,,,,,,,,,,,,,,,,,,,,,,
21913,05:13:00,,,,,,,,,,,,,,,,,,,,,,,,,
21914,05:14:00,,,,,,,,,,,,,,,,,,,,,,,,,
21915,05:15:00,,,,,,,,,,,,,,,,,,,,,,,,,
21916,05:16:00,,,,,,,,,,,,,,,,,,,,,,,,,
21917,05:17:00,,,,,,,,,,,,,,,,,,,,,,,,,
21918,05:18:00,,,,,,,,,,,,,,,,,,,,,,,,,
21919,05:19:00,,,,,,,,,,,,,,,,,,,,,,,,,
21920,05:20:00,,,,,,,,,,,,,,,,,,,,,,,,,
21921,05:21:00,,,,,,,,,,,,,,,,,,,,,,,,,
21922,05:22:00,,,,,,,,,,,,,,,,,,,,,,,,,
21923,05:23:00,,,,,,,,,,,,,,,,,,,,,,,,,
21924,05:24:00,,,,,,,,,,,,,,,,,,,,,,,,,
21925,05:25:00,,,,,,,,,,,,,,,,,,,,,,,,,
21926,05:26:00,,,,,,,,,,,,,,,,,,,,,,,,,
21927,05:27:00,,,,,,,,,,,,,,,,,,,,,,,,,
21928,05:28:00,,,,,,,,,,,,,,,,,,,,,,,,,
21929,05:29:00,,,,,,,,,,,,,,,,,,,,,,,,,
21930,05:30:00,,,,,,,,,,,,,,,,,,,,,,,,,
21931,05:31:00,,,,,,,,,,,,,,,,,,,,,,,,,
21932,05:32:00,,,,,,,,,,,,,,,,,,,,,,,,,
21933,05:33:00,,,,,,,,,,,,,,,,,,,,,,,,,
21934,05:34:00,,,,,,,,,,,,,,,,,,,,,,,,,
21935,05:35:00,,,,,,,,,,,,,,,,,,,,,,,,,
21936,05:36:00,,,,,,,,,,,,,,,,,,,,,,,,,
21937,05:37:00,,,,,,,,,,,,,,,,,,,,,,,,,
21938,05:38:00,,,,,,,,,,,,,,,,,,,,,,,,,
21939,05:39:00,,,,,,,,,,,,,,,,,,,,,,,,,
21940,05:40:00,,,,,,,,,,,,,,,,,,,,,,,,,
21941,05:41:00,,,,,,,,,,,,,,,,,,,,,,,,,
21942,05:42:00,,,,,,,,,,,,,,,,,,,,,,,,,
21943,05:43:00,,,,,,,,,,,,,,,,,,,,,,,,,
21944,05:44:00,,,,,,,,,,,,,,,,,,,,,,,,,
21945,05:45:00,,,,,,,,,,,,,,,,,,,,,,,,,
21946,05:46:00,,,,,,,,,,,,,,,,,,,,,,,,,
21947,05:47:00,,,,,,,,,,,,,,,,,,,,,,,,,
21948,05:48:00,,,,,,,,,,,,,,,,,,,,,,,,,
21949,05:49:00,,,,,,,,,,,,,,,,,,,,,,,,,
21950,05:50:00,,,,,,,,,,,,,,,,,,,,,,,,,
21951,05:51:00,,,,,,,,,,,,,,,,,,,,,,,,,
21952,05:52:00,,,,,,,,,,,,,,,,,,,,,,,,,
21953,05:53:00,,,,,,,,,,,,,,,,,,,,,,,,,
21954,05:54:00,,,,,,,,,,,,,,,,,,,,,,,,,
21955,05:55:00,,,,,,,,,,,,,,,,,,,,,,,,,
21956,05:56:00,,,,,,,,,,,,,,,,,,,,,,,,,
21957,05:57:00,,,,,,,,,,,,,,,,,,,,,,,,,
21958,05:58:00,,,,,,,,,,,,,,,,,,,,,,,,,
21959,05:59:00,,,,,,,,,,,,,,,,,,,,,,,,,
21960,06:00:00,,,,,,,,,,,,,,,,,,,,,,,,,
21961,06:01:00,,,,,,,,,,,,,,,,,,,,,,,,,
21962,06:02:00,,,,,,,,,,,,,,,,,,,,,,,,,
21963,06:03:00,,,,,,,,,,,,,,,,,,,,,,,,,
21964,06:04:00,,,,,,,,,,,,,,,,,,,,,,,,,
21965,06:05:00,,,,,,,,,,,,,,,,,,,,,,,,,
21966,06:06:00,,,,,,,,,,,,,,,,,,,,,,,,,
21967,06:07:00,,,,,,,,,,,,,,,,,,,,,,,,,
21968,06:08:00,,,,,,,,,,,,,,,,,,,,,,,,,
21969,06:09:00,,,,,,,,,,,,,,,,,,,,,,,,,
21970,06:10:00,,,,,,,,,,,,,,,,,,,,,,,,,
21971,06:11:00,,,,,,,,,,,,,,,,,,,,,,,,,
21972,06:12:00,,,,,,,,,,,,,,,,,,,,,,,,,
21973,06:13:00,,,,,,,,,,,,,,,,,,,,,,,,,
21974,06:14:00,,,,,,,,,,,,,,,,,,,,,,,,,
21975,06:15:00,,,,,,,,,,,,,,,,,,,,,,,,,
21976,06:16:00,,,,,,,,,,,,,,,,,,,,,,,,,
21977,06:17:00,,,,,,,,,,,,,,,,,,,,,,,,,
21978,06:18:00,,,,,,,,,,,,,,,,,,,,,,,,,
21979,06:19:00,,,,,,,,,,,,,,,,,,,,,,,,,
21980,06:20:00,,,,,,,,,,,,,,,,,,,,,,,,,
21981,06:21:00,,,,,,,,,,,,,,,,,,,,,,,,,
21982,06:22:00,,,,,,,,,,,,,,,,,,,,,,,,,
21983,06:23:00,,,,,,,,,,,,,,,,,,,,,,,,,
21984,06:24:00,,,,,,,,,,,,,,,,,,,,,,,,,
21985,06:25:00,,,,,,,,,,,,,,,,,,,,,,,,,
21986,06:26:00,,,,,,,,,,,,,,,,,,,,,,,,,
21987,06:27:00,,,,,,,,,,,,,,,,,,,,,,,,,
21988,06:28:00,,,,,,,,,,,,,,,,,,,,,,,,,
21989,06:29:00,,,,,,,,,,,,,,,,,,,,,,,,,
21990,06:30:00,,,,,,,,,,,,,,,,,,,,,,,,,
21991,06:31:00,,,,,,,,,,,,,,,,,,,,,,,,,
21992,06:32:00,,,,,,,,,,,,,,,,,,,,,,,,,
21993,06:33:00,,,,,,,,,,,,,,,,,,,,,,,,,
21994,06:34:00,,,,,,,,,,,,,,,,,,,,,,,,,
21995,06:35:00,,,,,,,,,,,,,,,,,,,,,,,,,
21996,06:36:00,,,,,,,,,,,,,,,,,,,,,,,,,
21997,06:37:00,,,,,,,,,,,,,,,,,,,,,,,,,
21998,06:38:00,,,,,,,,,,,,,,,,,,,,,,,,,
21999,06:39:00,,,,,,,,,,,,,,,,,,,,,,,,,
22000,06:40:00,,,,,,,,,,,,,,,,,,,,,,,,,
22001,06:41:00,,,,,,,,,,,,,,,,,,,,,,,,,
22002,06:42:00,,,,,,,,,,,,,,,,,,,,,,,,,
22003,06:43:00,,,,,,,,,,,,,,,,,,,,,,,,,
22004,06:44:00,,,,,,,,,,,,,,,,,,,,,,,,,
22005,06:45:00,,,,,,,,,,,,,,,,,,,,,,,,,
22006,06:46:00,,,,,,,,,,,,,,,,,,,,,,,,,
22007,06:47:00,,,,,,,,,,,,,,,,,,,,,,,,,
22008,06:48:00,,,,,,,,,,,,,,,,,,,,,,,,,
22009,06:49:00,,,,,,,,,,,,,,,,,,,,,,,,,
22010,06:50:00,,,,,,,,,,,,,,,,,,,,,,,,,
22011,06:51:00,,,,,,,,,,,,,,,,,,,,,,,,,
22012,06:52:00,,,,,,,,,,,,,,,,,,,,,,,,,
22013,06:53:00,,,,,,,,,,,,,,,,,,,,,,,,,
22014,06:54:00,,,,,,,,,,,,,,,,,,,,,,,,,
22015,06:55:00,,,,,,,,,,,,,,,,,,,,,,,,,
22016,06:56:00,,,,,,,,,,,,,,,,,,,,,,,,,
22017,06:57:00,,,,,,,,,,,,,,,,,,,,,,,,,
22018,06:58:00,,,,,,,,,,,,,,,,,,,,,,,,,
22019,06:59:00,,,,,,,,,,,,,,,,,,,,,,,,,
22020,07:00:00,,,,,,,,,,,,,,,,,,,,,,,,,
22021,07:01:00,,,,,,,,,,,,,,,,,,,,,,,,,
22022,07:02:00,,,,,,,,,,,,,,,,,,,,,,,,,
22023,07:03:00,,,,,,,,,,,,,,,,,,,,,,,,,
22024,07:04:00,,,,,,,,,,,,,,,,,,,,,,,,,
22025,07:05:00,,,,,,,,,,,,,,,,,,,,,,,,,
22026,07:06:00,,,,,,,,,,,,,,,,,,,,,,,,,
22027,07:07:00,,,,,,,,,,,,,,,,,,,,,,,,,
22028,07:08:00,,,,,,,,,,,,,,,,,,,,,,,,,
22029,07:09:00,,,,,,,,,,,,,,,,,,,,,,,,,
22030,07:10:00,,,,,,,,,,,,,,,,,,,,,,,,,
22031,07:11:00,,,,,,,,,,,,,,,,,,,,,,,,,
22032,07:12:00,,,,,,,,,,,,,,,,,,,,,,,,,
22033,07:13:00,,,,,,,,,,,,,,,,,,,,,,,,,
22034,07:14:00,,,,,,,,,,,,,,,,,,,,,,,,,
22035,07:15:00,,,,,,,,,,,,,,,,,,,,,,,,,
22036,07:16:00,,,,,,,,,,,,,,,,,,,,,,,,,
22037,07:17:00,,,,,,,,,,,,,,,,,,,,,,,,,
22038,07:18:00,,,,,,,,,,,,,,,,,,,,,,,,,
22039,07:19:00,,,,,,,,,,,,,,,,,,,,,,,,,
22040,07:20:00,,,,,,,,,,,,,,,,,,,,,,,,,
22041,07:21:00,,,,,,,,,,,,,,,,,,,,,,,,,
22042,07:22:00,,,,,,,,,,,,,,,,,,,,,,,,,
22043,07:23:00,,,,,,,,,,,,,,,,,,,,,,,,,
22044,07:24:00,,,,,,,,,,,,,,,,,,,,,,,,,
22045,07:25:00,,,,,,,,,,,,,,,,,,,,,,,,,
22046,07:26:00,,,,,,,,,,,,,,,,,,,,,,,,,
22047,07:27:00,,,,,,,,,,,,,,,,,,,,,,,,,
22048,07:28:00,,,,,,,,,,,,,,,,,,,,,,,,,
22049,07:29:00,,,,,,,,,,,,,,,,,,,,,,,,,
22050,07:30:00,,,,,,,,,,,,,,,,,,,,,,,,,
22051,07:31:00,,,,,,,,,,,,,,,,,,,,,,,,,
22052,07:32:00,,,,,,,,,,,,,,,,,,,,,,,,,
22053,07:33:00,,,,,,,,,,,,,,,,,,,,,,,,,
22054,07:34:00,,,,,,,,,,,,,,,,,,,,,,,,,
22055,07:35:00,,,,,,,,,,,,,,,,,,,,,,,,,
22056,07:36:00,,,,,,,,,,,,,,,,,,,,,,,,,
22057,07:37:00,,,,,,,,,,,,,,,,,,,,,,,,,
22058,07:38:00,,,,,,,,,,,,,,,,,,,,,,,,,
22059,07:39:00,,,,,,,,,,,,,,,,,,,,,,,,,
22060,07:40:00,,,,,,,,,,,,,,,,,,,,,,,,,
22061,07:41:00,,,,,,,,,,,,,,,,,,,,,,,,,
22062,07:42:00,,,,,,,,,,,,,,,,,,,,,,,,,
22063,07:43:00,,,,,,,,,,,,,,,,,,,,,,,,,
22064,07:44:00,,,,,,,,,,,,,,,,,,,,,,,,,
22065,07:45:00,,,,,,,,,,,,,,,,,,,,,,,,,
22066,07:46:00,,,,,,,,,,,,,,,,,,,,,,,,,
22067,07:47:00,,,,,,,,,,,,,,,,,,,,,,,,,
22068,07:48:00,,,,,,,,,,,,,,,,,,,,,,,,,
22069,07:49:00,,,,,,,,,,,,,,,,,,,,,,,,,
22070,07:50:00,,,,,,,,,,,,,,,,,,,,,,,,,
22071,07:51:00,,,,,,,,,,,,,,,,,,,,,,,,,
22072,07:52:00,,,,,,,,,,,,,,,,,,,,,,,,,
22073,07:53:00,,,,,,,,,,,,,,,,,,,,,,,,,
22074,07:54:00,,,,,,,,,,,,,,,,,,,,,,,,,
22075,07:55:00,,,,,,,,,,,,,,,,,,,,,,,,,
22076,07:56:00,,,,,,,,,,,,,,,,,,,,,,,,,
22077,07:57:00,,,,,,,,,,,,,,,,,,,,,,,,,
22078,07:58:00,,,,,,,,,,,,,,,,,,,,,,,,,
22079,07:59:00,,,,,,,,,,,,,,,,,,,,,,,,,
22080,08:00:00,,,,,,,,,,,,,,,,,,,,,,,,,
22081,08:01:00,,,,,,,,,,,,,,,,,,,,,,,,,
22082,08:02:00,,,,,,,,,,,,,,,,,,,,,,,,,
22083,08:03:00,,,,,,,,,,,,,,,,,,,,,,,,,
22084,08:04:00,,,,,,,,,,,,,,,,,,,,,,,,,
22085,08:05:00,,,,,,,,,,,,,,,,,,,,,,,,,
22086,08:06:00,,,,,,,,,,,,,,,,,,,,,,,,,
22087,08:07:00,,,,,,,,,,,,,,,,,,,,,,,,,
22088,08:08:00,,,,,,,,,,,,,,,,,,,,,,,,,
22089,08:09:00,,,,,,,,,,,,,,,,,,,,,,,,,
22090,08:10:00,,,,,,,,,,,,,,,,,,,,,,,,,
22091,08:11:00,,,,,,,,,,,,,,,,,,,,,,,,,
22092,08:12:00,,,,,,,,,,,,,,,,,,,,,,,,,
22093,08:13:00,,,,,,,,,,,,,,,,,,,,,,,,,
22094,08:14:00,,,,,,,,,,,,,,,,,,,,,,,,,
22095,08:15:00,,,,,,,,,,,,,,,,,,,,,,,,,
22096,08:16:00,,,,,,,,,,,,,,,,,,,,,,,,,
22097,08:17:00,,,,,,,,,,,,,,,,,,,,,,,,,
22098,08:18:00,,,,,,,,,,,,,,,,,,,,,,,,,
22099,08:19:00,,,,,,,,,,,,,,,,,,,,,,,,,
22100,08:20:00,,,,,,,,,,,,,,,,,,,,,,,,,
22101,08:21:00,,,,,,,,,,,,,,,,,,,,,,,,,
22102,08:22:00,,,,,,,,,,,,,,,,,,,,,,,,,
22103,08:23:00,,,,,,,,,,,,,,,,,,,,,,,,,
22104,08:24:00,,,,,,,,,,,,,,,,,,,,,,,,,
22105,08:25:00,,,,,,,,,,,,,,,,,,,,,,,,,
22106,08:26:00,,,,,,,,,,,,,,,,,,,,,,,,,
22107,08:27:00,,,,,,,,,,,,,,,,,,,,,,,,,
22108,08:28:00,,,,,,,,,,,,,,,,,,,,,,,,,
22109,08:29:00,,,,,,,,,,,,,,,,,,,,,,,,,
22110,08:30:00,,,,,,,,,,,,,,,,,,,,,,,,,
22111,08:31:00,,,,,,,,,,,,,,,,,,,,,,,,,
22112,08:32:00,,,,,,,,,,,,,,,,,,,,,,,,,
22113,08:33:00,,,,,,,,,,,,,,,,,,,,,,,,,
22114,08:34:00,,,,,,,,,,,,,,,,,,,,,,,,,
22115,08:35:00,,,,,,,,,,,,,,,,,,,,,,,,,
22116,08:36:00,,,,,,,,,,,,,,,,,,,,,,,,,
22117,08:37:00,,,,,,,,,,,,,,,,,,,,,,,,,
22118,08:38:00,,,,,,,,,,,,,,,,,,,,,,,,,
22119,08:39:00,,,,,,,,,,,,,,,,,,,,,,,,,
22120,08:40:00,,,,,,,,,,,,,,,,,,,,,,,,,
22121,08:41:00,,,,,,,,,,,,,,,,,,,,,,,,,
22122,08:42:00,,,,,,,,,,,,,,,,,,,,,,,,,
22123,08:43:00,,,,,,,,,,,,,,,,,,,,,,,,,
22124,08:44:00,,,,,,,,,,,,,,,,,,,,,,,,,
22125,08:45:00,,,,,,,,,,,,,,,,,,,,,,,,,
22126,08:46:00,,,,,,,,,,,,,,,,,,,,,,,,,
22127,08:47:00,,,,,,,,,,,,,,,,,,,,,,,,,
22128,08:48:00,,,,,,,,,,,,,,,,,,,,,,,,,
22129,08:49:00,,,,,,,,,,,,,,,,,,,,,,,,,
22130,08:50:00,,,,,,,,,,,,,,,,,,,,,,,,,
22131,08:51:00,,,,,,,,,,,,,,,,,,,,,,,,,
22132,08:52:00,,,,,,,,,,,,,,,,,,,,,,,,,
22133,08:53:00,,,,,,,,,,,,,,,,,,,,,,,,,
22134,08:54:00,,,,,,,,,,,,,,,,,,,,,,,,,
22135,08:55:00,,,,,,,,,,,,,,,,,,,,,,,,,
22136,08:56:00,,,,,,,,,,,,,,,,,,,,,,,,,
22137,08:57:00,,,,,,,,,,,,,,,,,,,,,,,,,
22138,08:58:00,,,,,,,,,,,,,,,,,,,,,,,,,
22139,08:59:00,,,,,,,,,,,,,,,,,,,,,,,,,
22140,09:00:00,,,,,,,,,,,,,,,,,,,,,,,,,
22141,09:01:00,,,,,,,,,,,,,,,,,,,,,,,,,
22142,09:02:00,,,,,,,,,,,,,,,,,,,,,,,,,
22143,09:03:00,,,,,,,,,,,,,,,,,,,,,,,,,
22144,09:04:00,,,,,,,,,,,,,,,,,,,,,,,,,
22145,09:05:00,,,,,,,,,,,,,,,,,,,,,,,,,
22146,09:06:00,,,,,,,,,,,,,,,,,,,,,,,,,
22147,09:07:00,,,,,,,,,,,,,,,,,,,,,,,,,
22148,09:08:00,,,,,,,,,,,,,,,,,,,,,,,,,
22149,09:09:00,,,,,,,,,,,,,,,,,,,,,,,,,
22150,09:10:00,,,,,,,,,,,,,,,,,,,,,,,,,
22151,09:11:00,,,,,,,,,,,,,,,,,,,,,,,,,
22152,09:12:00,,,,,,,,,,,,,,,,,,,,,,,,,
22153,09:13:00,,,,,,,,,,,,,,,,,,,,,,,,,
22154,09:14:00,,,,,,,,,,,,,,,,,,,,,,,,,
22155,09:15:00,,,,,,,,,,,,,,,,,,,,,,,,,
22156,09:16:00,,,,,,,,,,,,,,,,,,,,,,,,,
22157,09:17:00,,,,,,,,,,,,,,,,,,,,,,,,,
22158,09:18:00,,,,,,,,,,,,,,,,,,,,,,,,,
22159,09:19:00,,,,,,,,,,,,,,,,,,,,,,,,,
22160,09:20:00,,,,,,,,,,,,,,,,,,,,,,,,,
22161,09:21:00,,,,,,,,,,,,,,,,,,,,,,,,,
22162,09:22:00,,,,,,,,,,,,,,,,,,,,,,,,,
22163,09:23:00,,,,,,,,,,,,,,,,,,,,,,,,,
22164,09:24:00,,,,,,,,,,,,,,,,,,,,,,,,,
22165,09:25:00,,,,,,,,,,,,,,,,,,,,,,,,,
22166,09:26:00,,,,,,,,,,,,,,,,,,,,,,,,,
22167,09:27:00,,,,,,,,,,,,,,,,,,,,,,,,,
22168,09:28:00,,,,,,,,,,,,,,,,,,,,,,,,,
22169,09:29:00,,,,,,,,,,,,,,,,,,,,,,,,,
22170,09:30:00,,,,,,,,,,,,,,,,,,,,,,,,,
22171,09:31:00,,,,,,,,,,,,,,,,,,,,,,,,,
22172,09:32:00,,,,,,,,,,,,,,,,,,,,,,,,,
22173,09:33:00,,,,,,,,,,,,,,,,,,,,,,,,,
22174,09:34:00,,,,,,,,,,,,,,,,,,,,,,,,,
22175,09:35:00,,,,,,,,,,,,,,,,,,,,,,,,,
22176,09:36:00,,,,,,,,,,,,,,,,,,,,,,,,,
22177,09:37:00,,,,,,,,,,,,,,,,,,,,,,,,,
22178,09:38:00,,,,,,,,,,,,,,,,,,,,,,,,,
22179,09:39:00,,,,,,,,,,,,,,,,,,,,,,,,,
22180,09:40:00,,,,,,,,,,,,,,,,,,,,,,,,,
22181,09:41:00,,,,,,,,,,,,,,,,,,,,,,,,,
22182,09:42:00,,,,,,,,,,,,,,,,,,,,,,,,,
22183,09:43:00,,,,,,,,,,,,,,,,,,,,,,,,,
22184,09:44:00,,,,,,,,,,,,,,,,,,,,,,,,,
22185,09:45:00,,,,,,,,,,,,,,,,,,,,,,,,,
22186,09:46:00,,,,,,,,,,,,,,,,,,,,,,,,,
22187,09:47:00,,,,,,,,,,,,,,,,,,,,,,,,,
22188,09:48:00,,,,,,,,,,,,,,,,,,,,,,,,,
22189,09:49:00,,,,,,,,,,,,,,,,,,,,,,,,,
22190,09:50:00,,,,,,,,,,,,,,,,,,,,,,,,,
22191,09:51:00,,,,,,,,,,,,,,,,,,,,,,,,,
22192,09:52:00,,,,,,,,,,,,,,,,,,,,,,,,,
22193,09:53:00,,,,,,,,,,,,,,,,,,,,,,,,,
22194,09:54:00,,,,,,,,,,,,,,,,,,,,,,,,,
22195,09:55:00,,,,,,,,,,,,,,,,,,,,,,,,,
22196,09:56:00,,,,,,,,,,,,,,,,,,,,,,,,,
22197,09:57:00,,,,,,,,,,,,,,,,,,,,,,,,,
22198,09:58:00,,,,,,,,,,,,,,,,,,,,,,,,,
22199,09:59:00,,,,,,,,,,,,,,,,,,,,,,,,,
22200,10:00:00,,,,,,,,,,,,,,,,,,,,,,,,,
22201,10:01:00,,,,,,,,,,,,,,,,,,,,,,,,,
22202,10:02:00,,,,,,,,,,,,,,,,,,,,,,,,,
22203,10:03:00,,,,,,,,,,,,,,,,,,,,,,,,,
22204,10:04:00,,,,,,,,,,,,,,,,,,,,,,,,,
22205,10:05:00,,,,,,,,,,,,,,,,,,,,,,,,,
22206,10:06:00,,,,,,,,,,,,,,,,,,,,,,,,,
22207,10:07:00,,,,,,,,,,,,,,,,,,,,,,,,,
22208,10:08:00,,,,,,,,,,,,,,,,,,,,,,,,,
22209,10:09:00,,,,,,,,,,,,,,,,,,,,,,,,,
22210,10:10:00,,,,,,,,,,,,,,,,,,,,,,,,,
22211,10:11:00,,,,,,,,,,,,,,,,,,,,,,,,,
22212,10:12:00,,,,,,,,,,,,,,,,,,,,,,,,,
22213,10:13:00,,,,,,,,,,,,,,,,,,,,,,,,,
22214,10:14:00,,,,,,,,,,,,,,,,,,,,,,,,,
22215,10:15:00,,,,,,,,,,,,,,,,,,,,,,,,,
22216,10:16:00,,,,,,,,,,,,,,,,,,,,,,,,,
22217,10:17:00,,,,,,,,,,,,,,,,,,,,,,,,,
22218,10:18:00,,,,,,,,,,,,,,,,,,,,,,,,,
22219,10:19:00,,,,,,,,,,,,,,,,,,,,,,,,,
22220,10:20:00,,,,,,,,,,,,,,,,,,,,,,,,,
22221,10:21:00,,,,,,,,,,,,,,,,,,,,,,,,,
22222,10:22:00,,,,,,,,,,,,,,,,,,,,,,,,,
22223,10:23:00,,,,,,,,,,,,,,,,,,,,,,,,,
22224,10:24:00,,,,,,,,,,,,,,,,,,,,,,,,,
22225,10:25:00,,,,,,,,,,,,,,,,,,,,,,,,,
22226,10:26:00,,,,,,,,,,,,,,,,,,,,,,,,,
22227,10:27:00,,,,,,,,,,,,,,,,,,,,,,,,,
22228,10:28:00,,,,,,,,,,,,,,,,,,,,,,,,,
22229,10:29:00,,,,,,,,,,,,,,,,,,,,,,,,,
22230,10:30:00,,,,,,,,,,,,,,,,,,,,,,,,,
22231,10:31:00,,,,,,,,,,,,,,,,,,,,,,,,,
22232,10:32:00,,,,,,,,,,,,,,,,,,,,,,,,,
22233,10:33:00,,,,,,,,,,,,,,,,,,,,,,,,,
22234,10:34:00,,,,,,,,,,,,,,,,,,,,,,,,,
22235,10:35:00,,,,,,,,,,,,,,,,,,,,,,,,,
22236,10:36:00,,,,,,,,,,,,,,,,,,,,,,,,,
22237,10:37:00,,,,,,,,,,,,,,,,,,,,,,,,,
22238,10:38:00,,,,,,,,,,,,,,,,,,,,,,,,,
22239,10:39:00,,,,,,,,,,,,,,,,,,,,,,,,,
22240,10:40:00,,,,,,,,,,,,,,,,,,,,,,,,,
22241,10:41:00,,,,,,,,,,,,,,,,,,,,,,,,,
22242,10:42:00,,,,,,,,,,,,,,,,,,,,,,,,,
22243,10:43:00,,,,,,,,,,,,,,,,,,,,,,,,,
22244,10:44:00,,,,,,,,,,,,,,,,,,,,,,,,,
22245,10:45:00,,,,,,,,,,,,,,,,,,,,,,,,,
22246,10:46:00,,,,,,,,,,,,,,,,,,,,,,,,,
22247,10:47:00,,,,,,,,,,,,,,,,,,,,,,,,,
22248,10:48:00,,,,,,,,,,,,,,,,,,,,,,,,,
22249,10:49:00,,,,,,,,,,,,,,,,,,,,,,,,,
22250,10:50:00,,,,,,,,,,,,,,,,,,,,,,,,,
22251,10:51:00,,,,,,,,,,,,,,,,,,,,,,,,,
22252,10:52:00,,,,,,,,,,,,,,,,,,,,,,,,,
22253,10:53:00,,,,,,,,,,,,,,,,,,,,,,,,,
22254,10:54:00,,,,,,,,,,,,,,,,,,,,,,,,,
22255,10:55:00,,,,,,,,,,,,,,,,,,,,,,,,,
22256,10:56:00,,,,,,,,,,,,,,,,,,,,,,,,,
22257,10:57:00,,,,,,,,,,,,,,,,,,,,,,,,,
22258,10:58:00,,,,,,,,,,,,,,,,,,,,,,,,,
22259,10:59:00,,,,,,,,,,,,,,,,,,,,,,,,,
22260,11:00:00,,,,,,,,,,,,,,,,,,,,,,,,,
22261,11:01:00,,,,,,,,,,,,,,,,,,,,,,,,,
22262,11:02:00,,,,,,,,,,,,,,,,,,,,,,,,,
22263,11:03:00,,,,,,,,,,,,,,,,,,,,,,,,,
22264,11:04:00,,,,,,,,,,,,,,,,,,,,,,,,,
22265,11:05:00,,,,,,,,,,,,,,,,,,,,,,,,,
22266,11:06:00,,,,,,,,,,,,,,,,,,,,,,,,,
22267,11:07:00,,,,,,,,,,,,,,,,,,,,,,,,,
22268,11:08:00,,,,,,,,,,,,,,,,,,,,,,,,,
22269,11:09:00,,,,,,,,,,,,,,,,,,,,,,,,,
22270,11:10:00,,,,,,,,,,,,,,,,,,,,,,,,,
22271,11:11:00,,,,,,,,,,,,,,,,,,,,,,,,,
22272,11:12:00,,,,,,,,,,,,,,,,,,,,,,,,,
22273,11:13:00,,,,,,,,,,,,,,,,,,,,,,,,,
22274,11:14:00,,,,,,,,,,,,,,,,,,,,,,,,,
22275,11:15:00,,,,,,,,,,,,,,,,,,,,,,,,,
22276,11:16:00,,,,,,,,,,,,,,,,,,,,,,,,,
22277,11:17:00,,,,,,,,,,,,,,,,,,,,,,,,,
22278,11:18:00,,,,,,,,,,,,,,,,,,,,,,,,,
22279,11:19:00,,,,,,,,,,,,,,,,,,,,,,,,,
22280,11:20:00,,,,,,,,,,,,,,,,,,,,,,,,,
22281,11:21:00,,,,,,,,,,,,,,,,,,,,,,,,,
22282,11:22:00,,,,,,,,,,,,,,,,,,,,,,,,,
22283,11:23:00,,,,,,,,,,,,,,,,,,,,,,,,,
22284,11:24:00,,,,,,,,,,,,,,,,,,,,,,,,,
22285,11:25:00,,,,,,,,,,,,,,,,,,,,,,,,,
22286,11:26:00,,,,,,,,,,,,,,,,,,,,,,,,,
22287,11:27:00,,,,,,,,,,,,,,,,,,,,,,,,,
22288,11:28:00,,,,,,,,,,,,,,,,,,,,,,,,,
22289,11:29:00,,,,,,,,,,,,,,,,,,,,,,,,,
22290,11:30:00,,,,,,,,,,,,,,,,,,,,,,,,,
22291,11:31:00,,,,,,,,,,,,,,,,,,,,,,,,,
22292,11:32:00,,,,,,,,,,,,,,,,,,,,,,,,,
22293,11:33:00,,,,,,,,,,,,,,,,,,,,,,,,,
22294,11:34:00,,,,,,,,,,,,,,,,,,,,,,,,,
22295,11:35:00,,,,,,,,,,,,,,,,,,,,,,,,,
22296,11:36:00,,,,,,,,,,,,,,,,,,,,,,,,,
22297,11:37:00,,,,,,,,,,,,,,,,,,,,,,,,,
22298,11:38:00,,,,,,,,,,,,,,,,,,,,,,,,,
22299,11:39:00,,,,,,,,,,,,,,,,,,,,,,,,,
22300,11:40:00,,,,,,,,,,,,,,,,,,,,,,,,,
22301,11:41:00,,,,,,,,,,,,,,,,,,,,,,,,,
22302,11:42:00,,,,,,,,,,,,,,,,,,,,,,,,,
22303,11:43:00,,,,,,,,,,,,,,,,,,,,,,,,,
22304,11:44:00,,,,,,,,,,,,,,,,,,,,,,,,,
22305,11:45:00,,,,,,,,,,,,,,,,,,,,,,,,,
22306,11:46:00,,,,,,,,,,,,,,,,,,,,,,,,,
22307,11:47:00,,,,,,,,,,,,,,,,,,,,,,,,,
22308,11:48:00,,,,,,,,,,,,,,,,,,,,,,,,,
22309,11:49:00,,,,,,,,,,,,,,,,,,,,,,,,,
22310,11:50:00,,,,,,,,,,,,,,,,,,,,,,,,,
22311,11:51:00,,,,,,,,,,,,,,,,,,,,,,,,,
22312,11:52:00,,,,,,,,,,,,,,,,,,,,,,,,,
22313,11:53:00,,,,,,,,,,,,,,,,,,,,,,,,,
22314,11:54:00,,,,,,,,,,,,,,,,,,,,,,,,,
22315,11:55:00,,,,,,,,,,,,,,,,,,,,,,,,,
22316,11:56:00,,,,,,,,,,,,,,,,,,,,,,,,,
22317,11:57:00,,,,,,,,,,,,,,,,,,,,,,,,,
22318,11:58:00,,,,,,,,,,,,,,,,,,,,,,,,,
22319,11:59:00,,,,,,,,,,,,,,,,,,,,,,,,,
22320,12:00:00,,,,,,,,,,,,,,,,,,,,,,,,,
22321,12:01:00,,,,,,,,,,,,,,,,,,,,,,,,,
22322,12:02:00,,,,,,,,,,,,,,,,,,,,,,,,,
22323,12:03:00,,,,,,,,,,,,,,,,,,,,,,,,,
22324,12:04:00,,,,,,,,,,,,,,,,,,,,,,,,,
22325,12:05:00,,,,,,,,,,,,,,,,,,,,,,,,,
22326,12:06:00,,,,,,,,,,,,,,,,,,,,,,,,,
22327,12:07:00,,,,,,,,,,,,,,,,,,,,,,,,,
22328,12:08:00,,,,,,,,,,,,,,,,,,,,,,,,,
22329,12:09:00,,,,,,,,,,,,,,,,,,,,,,,,,
22330,12:10:00,,,,,,,,,,,,,,,,,,,,,,,,,
22331,12:11:00,,,,,,,,,,,,,,,,,,,,,,,,,
22332,12:12:00,,,,,,,,,,,,,,,,,,,,,,,,,
22333,12:13:00,,,,,,,,,,,,,,,,,,,,,,,,,
22334,12:14:00,,,,,,,,,,,,,,,,,,,,,,,,,
22335,12:15:00,,,,,,,,,,,,,,,,,,,,,,,,,
22336,12:16:00,,,,,,,,,,,,,,,,,,,,,,,,,
22337,12:17:00,,,,,,,,,,,,,,,,,,,,,,,,,
22338,12:18:00,,,,,,,,,,,,,,,,,,,,,,,,,
22339,12:19:00,,,,,,,,,,,,,,,,,,,,,,,,,
22340,12:20:00,,,,,,,,,,,,,,,,,,,,,,,,,
22341,12:21:00,,,,,,,,,,,,,,,,,,,,,,,,,
22342,12:22:00,,,,,,,,,,,,,,,,,,,,,,,,,
22343,12:23:00,,,,,,,,,,,,,,,,,,,,,,,,,
22344,12:24:00,,,,,,,,,,,,,,,,,,,,,,,,,
22345,12:25:00,,,,,,,,,,,,,,,,,,,,,,,,,
22346,12:26:00,,,,,,,,,,,,,,,,,,,,,,,,,
22347,12:27:00,,,,,,,,,,,,,,,,,,,,,,,,,
22348,12:28:00,,,,,,,,,,,,,,,,,,,,,,,,,
22349,12:29:00,,,,,,,,,,,,,,,,,,,,,,,,,
22350,12:30:00,,,,,,,,,,,,,,,,,,,,,,,,,
22351,12:31:00,,,,,,,,,,,,,,,,,,,,,,,,,
22352,12:32:00,,,,,,,,,,,,,,,,,,,,,,,,,
22353,12:33:00,,,,,,,,,,,,,,,,,,,,,,,,,
22354,12:34:00,,,,,,,,,,,,,,,,,,,,,,,,,
22355,12:35:00,,,,,,,,,,,,,,,,,,,,,,,,,
22356,12:36:00,,,,,,,,,,,,,,,,,,,,,,,,,
22357,12:37:00,,,,,,,,,,,,,,,,,,,,,,,,,
22358,12:38:00,,,,,,,,,,,,,,,,,,,,,,,,,
22359,12:39:00,,,,,,,,,,,,,,,,,,,,,,,,,
22360,12:40:00,,,,,,,,,,,,,,,,,,,,,,,,,
22361,12:41:00,,,,,,,,,,,,,,,,,,,,,,,,,
22362,12:42:00,,,,,,,,,,,,,,,,,,,,,,,,,
22363,12:43:00,,,,,,,,,,,,,,,,,,,,,,,,,
22364,12:44:00,,,,,,,,,,,,,,,,,,,,,,,,,
22365,12:45:00,,,,,,,,,,,,,,,,,,,,,,,,,
22366,12:46:00,,,,,,,,,,,,,,,,,,,,,,,,,
22367,12:47:00,,,,,,,,,,,,,,,,,,,,,,,,,
22368,12:48:00,,,,,,,,,,,,,,,,,,,,,,,,,
22369,12:49:00,,,,,,,,,,,,,,,,,,,,,,,,,
22370,12:50:00,,,,,,,,,,,,,,,,,,,,,,,,,
22371,12:51:00,,,,,,,,,,,,,,,,,,,,,,,,,
22372,12:52:00,,,,,,,,,,,,,,,,,,,,,,,,,
22373,12:53:00,,,,,,,,,,,,,,,,,,,,,,,,,
22374,12:54:00,,,,,,,,,,,,,,,,,,,,,,,,,
22375,12:55:00,,,,,,,,,,,,,,,,,,,,,,,,,
22376,12:56:00,,,,,,,,,,,,,,,,,,,,,,,,,
22377,12:57:00,,,,,,,,,,,,,,,,,,,,,,,,,
22378,12:58:00,,,,,,,,,,,,,,,,,,,,,,,,,
22379,12:59:00,,,,,,,,,,,,,,,,,,,,,,,,,
22380,13:00:00,,,,,,,,,,,,,,,,,,,,,,,,,
22381,13:01:00,,,,,,,,,,,,,,,,,,,,,,,,,
22382,13:02:00,,,,,,,,,,,,,,,,,,,,,,,,,
22383,13:03:00,,,,,,,,,,,,,,,,,,,,,,,,,
22384,13:04:00,,,,,,,,,,,,,,,,,,,,,,,,,
22385,13:05:00,,,,,,,,,,,,,,,,,,,,,,,,,
22386,13:06:00,,,,,,,,,,,,,,,,,,,,,,,,,
22387,13:07:00,,,,,,,,,,,,,,,,,,,,,,,,,
22388,13:08:00,,,,,,,,,,,,,,,,,,,,,,,,,
22389,13:09:00,,,,,,,,,,,,,,,,,,,,,,,,,
22390,13:10:00,,,,,,,,,,,,,,,,,,,,,,,,,
22391,13:11:00,,,,,,,,,,,,,,,,,,,,,,,,,
22392,13:12:00,,,,,,,,,,,,,,,,,,,,,,,,,
22393,13:13:00,,,,,,,,,,,,,,,,,,,,,,,,,
22394,13:14:00,,,,,,,,,,,,,,,,,,,,,,,,,
22395,13:15:00,,,,,,,,,,,,,,,,,,,,,,,,,
22396,13:16:00,,,,,,,,,,,,,,,,,,,,,,,,,
22397,13:17:00,,,,,,,,,,,,,,,,,,,,,,,,,
22398,13:18:00,,,,,,,,,,,,,,,,,,,,,,,,,
22399,13:19:00,,,,,,,,,,,,,,,,,,,,,,,,,
22400,13:20:00,,,,,,,,,,,,,,,,,,,,,,,,,
22401,13:21:00,,,,,,,,,,,,,,,,,,,,,,,,,
22402,13:22:00,,,,,,,,,,,,,,,,,,,,,,,,,
22403,13:23:00,,,,,,,,,,,,,,,,,,,,,,,,,
22404,13:24:00,,,,,,,,,,,,,,,,,,,,,,,,,
22405,13:25:00,,,,,,,,,,,,,,,,,,,,,,,,,
22406,13:26:00,,,,,,,,,,,,,,,,,,,,,,,,,
22407,13:27:00,,,,,,,,,,,,,,,,,,,,,,,,,
22408,13:28:00,,,,,,,,,,,,,,,,,,,,,,,,,
22409,13:29:00,,,,,,,,,,,,,,,,,,,,,,,,,
22410,13:30:00,,,,,,,,,,,,,,,,,,,,,,,,,
22411,13:31:00,,,,,,,,,,,,,,,,,,,,,,,,,
22412,13:32:00,,,,,,,,,,,,,,,,,,,,,,,,,
22413,13:33:00,,,,,,,,,,,,,,,,,,,,,,,,,
22414,13:34:00,,,,,,,,,,,,,,,,,,,,,,,,,
22415,13:35:00,,,,,,,,,,,,,,,,,,,,,,,,,
22416,13:36:00,,,,,,,,,,,,,,,,,,,,,,,,,
22417,13:37:00,,,,,,,,,,,,,,,,,,,,,,,,,
22418,13:38:00,,,,,,,,,,,,,,,,,,,,,,,,,
22419,13:39:00,,,,,,,,,,,,,,,,,,,,,,,,,
22420,13:40:00,,,,,,,,,,,,,,,,,,,,,,,,,
22421,13:41:00,,,,,,,,,,,,,,,,,,,,,,,,,
22422,13:42:00,,,,,,,,,,,,,,,,,,,,,,,,,
22423,13:43:00,,,,,,,,,,,,,,,,,,,,,,,,,
22424,13:44:00,,,,,,,,,,,,,,,,,,,,,,,,,
22425,13:45:00,,,,,,,,,,,,,,,,,,,,,,,,,
22426,13:46:00,,,,,,,,,,,,,,,,,,,,,,,,,
22427,13:47:00,,,,,,,,,,,,,,,,,,,,,,,,,
22428,13:48:00,,,,,,,,,,,,,,,,,,,,,,,,,
22429,13:49:00,,,,,,,,,,,,,,,,,,,,,,,,,
22430,13:50:00,,,,,,,,,,,,,,,,,,,,,,,,,
22431,13:51:00,,,,,,,,,,,,,,,,,,,,,,,,,
22432,13:52:00,,,,,,,,,,,,,,,,,,,,,,,,,
22433,13:53:00,,,,,,,,,,,,,,,,,,,,,,,,,
22434,13:54:00,,,,,,,,,,,,,,,,,,,,,,,,,
22435,13:55:00,,,,,,,,,,,,,,,,,,,,,,,,,
22436,13:56:00,,,,,,,,,,,,,,,,,,,,,,,,,
22437,13:57:00,,,,,,,,,,,,,,,,,,,,,,,,,
22438,13:58:00,,,,,,,,,,,,,,,,,,,,,,,,,
22439,13:59:00,,,,,,,,,,,,,,,,,,,,,,,,,
22440,14:00:00,,,,,,,,,,,,,,,,,,,,,,,,,
22441,14:01:00,,,,,,,,,,,,,,,,,,,,,,,,,
22442,14:02:00,,,,,,,,,,,,,,,,,,,,,,,,,
22443,14:03:00,,,,,,,,,,,,,,,,,,,,,,,,,
22444,14:04:00,,,,,,,,,,,,,,,,,,,,,,,,,
22445,14:05:00,,,,,,,,,,,,,,,,,,,,,,,,,
22446,14:06:00,,,,,,,,,,,,,,,,,,,,,,,,,
22447,14:07:00,,,,,,,,,,,,,,,,,,,,,,,,,
22448,14:08:00,,,,,,,,,,,,,,,,,,,,,,,,,
22449,14:09:00,,,,,,,,,,,,,,,,,,,,,,,,,
22450,14:10:00,,,,,,,,,,,,,,,,,,,,,,,,,
22451,14:11:00,,,,,,,,,,,,,,,,,,,,,,,,,
22452,14:12:00,,,,,,,,,,,,,,,,,,,,,,,,,
22453,14:13:00,,,,,,,,,,,,,,,,,,,,,,,,,
22454,14:14:00,,,,,,,,,,,,,,,,,,,,,,,,,
22455,14:15:00,,,,,,,,,,,,,,,,,,,,,,,,,
22456,14:16:00,,,,,,,,,,,,,,,,,,,,,,,,,
22457,14:17:00,,,,,,,,,,,,,,,,,,,,,,,,,
22458,14:18:00,,,,,,,,,,,,,,,,,,,,,,,,,
22459,14:19:00,,,,,,,,,,,,,,,,,,,,,,,,,
22460,14:20:00,,,,,,,,,,,,,,,,,,,,,,,,,
22461,14:21:00,,,,,,,,,,,,,,,,,,,,,,,,,
22462,14:22:00,,,,,,,,,,,,,,,,,,,,,,,,,
22463,14:23:00,,,,,,,,,,,,,,,,,,,,,,,,,
22464,14:24:00,,,,,,,,,,,,,,,,,,,,,,,,,
22465,14:25:00,,,,,,,,,,,,,,,,,,,,,,,,,
22466,14:26:00,,,,,,,,,,,,,,,,,,,,,,,,,
22467,14:27:00,,,,,,,,,,,,,,,,,,,,,,,,,
22468,14:28:00,,,,,,,,,,,,,,,,,,,,,,,,,
22469,14:29:00,,,,,,,,,,,,,,,,,,,,,,,,,
22470,14:30:00,,,,,,,,,,,,,,,,,,,,,,,,,
22471,14:31:00,,,,,,,,,,,,,,,,,,,,,,,,,
22472,14:32:00,,,,,,,,,,,,,,,,,,,,,,,,,
22473,14:33:00,,,,,,,,,,,,,,,,,,,,,,,,,
22474,14:34:00,,,,,,,,,,,,,,,,,,,,,,,,,
22475,14:35:00,,,,,,,,,,,,,,,,,,,,,,,,,
22476,14:36:00,,,,,,,,,,,,,,,,,,,,,,,,,
22477,14:37:00,,,,,,,,,,,,,,,,,,,,,,,,,
22478,14:38:00,,,,,,,,,,,,,,,,,,,,,,,,,
22479,14:39:00,,,,,,,,,,,,,,,,,,,,,,,,,
22480,14:40:00,,,,,,,,,,,,,,,,,,,,,,,,,
22481,14:41:00,,,,,,,,,,,,,,,,,,,,,,,,,
22482,14:42:00,,,,,,,,,,,,,,,,,,,,,,,,,
22483,14:43:00,,,,,,,,,,,,,,,,,,,,,,,,,
22484,14:44:00,,,,,,,,,,,,,,,,,,,,,,,,,
22485,14:45:00,,,,,,,,,,,,,,,,,,,,,,,,,
22486,14:46:00,,,,,,,,,,,,,,,,,,,,,,,,,
22487,14:47:00,,,,,,,,,,,,,,,,,,,,,,,,,
22488,14:48:00,,,,,,,,,,,,,,,,,,,,,,,,,
22489,14:49:00,,,,,,,,,,,,,,,,,,,,,,,,,
22490,14:50:00,,,,,,,,,,,,,,,,,,,,,,,,,
22491,14:51:00,,,,,,,,,,,,,,,,,,,,,,,,,
22492,14:52:00,,,,,,,,,,,,,,,,,,,,,,,,,
22493,14:53:00,,,,,,,,,,,,,,,,,,,,,,,,,
22494,14:54:00,,,,,,,,,,,,,,,,,,,,,,,,,
22495,14:55:00,,,,,,,,,,,,,,,,,,,,,,,,,
22496,14:56:00,,,,,,,,,,,,,,,,,,,,,,,,,
22497,14:57:00,,,,,,,,,,,,,,,,,,,,,,,,,
22498,14:58:00,,,,,,,,,,,,,,,,,,,,,,,,,
22499,14:59:00,,,,,,,,,,,,,,,,,,,,,,,,,
22500,15:00:00,,,,,,,,,,,,,,,,,,,,,,,,,
22501,15:01:00,,,,,,,,,,,,,,,,,,,,,,,,,
22502,15:02:00,,,,,,,,,,,,,,,,,,,,,,,,,
22503,15:03:00,,,,,,,,,,,,,,,,,,,,,,,,,
22504,15:04:00,,,,,,,,,,,,,,,,,,,,,,,,,
22505,15:05:00,,,,,,,,,,,,,,,,,,,,,,,,,
22506,15:06:00,,,,,,,,,,,,,,,,,,,,,,,,,
22507,15:07:00,,,,,,,,,,,,,,,,,,,,,,,,,
22508,15:08:00,,,,,,,,,,,,,,,,,,,,,,,,,
22509,15:09:00,,,,,,,,,,,,,,,,,,,,,,,,,
22510,15:10:00,,,,,,,,,,,,,,,,,,,,,,,,,
22511,15:11:00,,,,,,,,,,,,,,,,,,,,,,,,,
22512,15:12:00,,,,,,,,,,,,,,,,,,,,,,,,,
22513,15:13:00,,,,,,,,,,,,,,,,,,,,,,,,,
22514,15:14:00,,,,,,,,,,,,,,,,,,,,,,,,,
22515,15:15:00,,,,,,,,,,,,,,,,,,,,,,,,,
22516,15:16:00,,,,,,,,,,,,,,,,,,,,,,,,,
22517,15:17:00,,,,,,,,,,,,,,,,,,,,,,,,,
22518,15:18:00,,,,,,,,,,,,,,,,,,,,,,,,,
22519,15:19:00,,,,,,,,,,,,,,,,,,,,,,,,,
22520,15:20:00,,,,,,,,,,,,,,,,,,,,,,,,,
22521,15:21:00,,,,,,,,,,,,,,,,,,,,,,,,,
22522,15:22:00,,,,,,,,,,,,,,,,,,,,,,,,,
22523,15:23:00,,,,,,,,,,,,,,,,,,,,,,,,,
22524,15:24:00,,,,,,,,,,,,,,,,,,,,,,,,,
22525,15:25:00,,,,,,,,,,,,,,,,,,,,,,,,,
22526,15:26:00,,,,,,,,,,,,,,,,,,,,,,,,,
22527,15:27:00,,,,,,,,,,,,,,,,,,,,,,,,,
22528,15:28:00,,,,,,,,,,,,,,,,,,,,,,,,,
22529,15:29:00,,,,,,,,,,,,,,,,,,,,,,,,,
22530,15:30:00,,,,,,,,,,,,,,,,,,,,,,,,,
22531,15:31:00,,,,,,,,,,,,,,,,,,,,,,,,,
22532,15:32:00,,,,,,,,,,,,,,,,,,,,,,,,,
22533,15:33:00,,,,,,,,,,,,,,,,,,,,,,,,,
22534,15:34:00,,,,,,,,,,,,,,,,,,,,,,,,,
22535,15:35:00,,,,,,,,,,,,,,,,,,,,,,,,,
22536,15:36:00,,,,,,,,,,,,,,,,,,,,,,,,,
22537,15:37:00,,,,,,,,,,,,,,,,,,,,,,,,,
22538,15:38:00,,,,,,,,,,,,,,,,,,,,,,,,,
22539,15:39:00,,,,,,,,,,,,,,,,,,,,,,,,,
22540,15:40:00,,,,,,,,,,,,,,,,,,,,,,,,,
22541,15:41:00,,,,,,,,,,,,,,,,,,,,,,,,,
22542,15:42:00,,,,,,,,,,,,,,,,,,,,,,,,,
22543,15:43:00,,,,,,,,,,,,,,,,,,,,,,,,,
22544,15:44:00,,,,,,,,,,,,,,,,,,,,,,,,,
22545,15:45:00,,,,,,,,,,,,,,,,,,,,,,,,,
22546,15:46:00,,,,,,,,,,,,,,,,,,,,,,,,,
22547,15:47:00,,,,,,,,,,,,,,,,,,,,,,,,,
22548,15:48:00,,,,,,,,,,,,,,,,,,,,,,,,,
22549,15:49:00,,,,,,,,,,,,,,,,,,,,,,,,,
22550,15:50:00,,,,,,,,,,,,,,,,,,,,,,,,,
22551,15:51:00,,,,,,,,,,,,,,,,,,,,,,,,,
22552,15:52:00,,,,,,,,,,,,,,,,,,,,,,,,,
22553,15:53:00,,,,,,,,,,,,,,,,,,,,,,,,,
22554,15:54:00,,,,,,,,,,,,,,,,,,,,,,,,,
22555,15:55:00,,,,,,,,,,,,,,,,,,,,,,,,,
22556,15:56:00,,,,,,,,,,,,,,,,,,,,,,,,,
22557,15:57:00,,,,,,,,,,,,,,,,,,,,,,,,,
22558,15:58:00,,,,,,,,,,,,,,,,,,,,,,,,,
22559,15:59:00,,,,,,,,,,,,,,,,,,,,,,,,,
22560,16:00:00,,,,,,,,,,,,,,,,,,,,,,,,,
22561,16:01:00,,,,,,,,,,,,,,,,,,,,,,,,,
22562,16:02:00,,,,,,,,,,,,,,,,,,,,,,,,,
22563,16:03:00,,,,,,,,,,,,,,,,,,,,,,,,,
22564,16:04:00,,,,,,,,,,,,,,,,,,,,,,,,,
22565,16:05:00,,,,,,,,,,,,,,,,,,,,,,,,,
22566,16:06:00,,,,,,,,,,,,,,,,,,,,,,,,,
22567,16:07:00,,,,,,,,,,,,,,,,,,,,,,,,,
22568,16:08:00,,,,,,,,,,,,,,,,,,,,,,,,,
22569,16:09:00,,,,,,,,,,,,,,,,,,,,,,,,,
22570,16:10:00,,,,,,,,,,,,,,,,,,,,,,,,,
22571,16:11:00,,,,,,,,,,,,,,,,,,,,,,,,,
22572,16:12:00,,,,,,,,,,,,,,,,,,,,,,,,,
22573,16:13:00,,,,,,,,,,,,,,,,,,,,,,,,,
22574,16:14:00,,,,,,,,,,,,,,,,,,,,,,,,,
22575,16:15:00,,,,,,,,,,,,,,,,,,,,,,,,,
22576,16:16:00,,,,,,,,,,,,,,,,,,,,,,,,,
22577,16:17:00,,,,,,,,,,,,,,,,,,,,,,,,,
22578,16:18:00,,,,,,,,,,,,,,,,,,,,,,,,,
22579,16:19:00,,,,,,,,,,,,,,,,,,,,,,,,,
22580,16:20:00,,,,,,,,,,,,,,,,,,,,,,,,,
22581,16:21:00,,,,,,,,,,,,,,,,,,,,,,,,,
22582,16:22:00,,,,,,,,,,,,,,,,,,,,,,,,,
22583,16:23:00,,,,,,,,,,,,,,,,,,,,,,,,,
22584,16:24:00,,,,,,,,,,,,,,,,,,,,,,,,,
22585,16:25:00,,,,,,,,,,,,,,,,,,,,,,,,,
22586,16:26:00,,,,,,,,,,,,,,,,,,,,,,,,,
22587,16:27:00,,,,,,,,,,,,,,,,,,,,,,,,,
22588,16:28:00,,,,,,,,,,,,,,,,,,,,,,,,,
22589,16:29:00,,,,,,,,,,,,,,,,,,,,,,,,,
22590,16:30:00,,,,,,,,,,,,,,,,,,,,,,,,,
22591,16:31:00,,,,,,,,,,,,,,,,,,,,,,,,,
22592,16:32:00,,,,,,,,,,,,,,,,,,,,,,,,,
22593,16:33:00,,,,,,,,,,,,,,,,,,,,,,,,,
22594,16:34:00,,,,,,,,,,,,,,,,,,,,,,,,,
22595,16:35:00,,,,,,,,,,,,,,,,,,,,,,,,,
22596,16:36:00,,,,,,,,,,,,,,,,,,,,,,,,,
22597,16:37:00,,,,,,,,,,,,,,,,,,,,,,,,,
22598,16:38:00,,,,,,,,,,,,,,,,,,,,,,,,,
22599,16:39:00,,,,,,,,,,,,,,,,,,,,,,,,,
22600,16:40:00,,,,,,,,,,,,,,,,,,,,,,,,,
22601,16:41:00,,,,,,,,,,,,,,,,,,,,,,,,,
22602,16:42:00,,,,,,,,,,,,,,,,,,,,,,,,,
22603,16:43:00,,,,,,,,,,,,,,,,,,,,,,,,,
22604,16:44:00,,,,,,,,,,,,,,,,,,,,,,,,,
22605,16:45:00,,,,,,,,,,,,,,,,,,,,,,,,,
22606,16:46:00,,,,,,,,,,,,,,,,,,,,,,,,,
22607,16:47:00,,,,,,,,,,,,,,,,,,,,,,,,,
22608,16:48:00,,,,,,,,,,,,,,,,,,,,,,,,,
22609,16:49:00,,,,,,,,,,,,,,,,,,,,,,,,,
22610,16:50:00,,,,,,,,,,,,,,,,,,,,,,,,,
22611,16:51:00,,,,,,,,,,,,,,,,,,,,,,,,,
22612,16:52:00,,,,,,,,,,,,,,,,,,,,,,,,,
22613,16:53:00,,,,,,,,,,,,,,,,,,,,,,,,,
22614,16:54:00,,,,,,,,,,,,,,,,,,,,,,,,,
22615,16:55:00,,,,,,,,,,,,,,,,,,,,,,,,,
22616,16:56:00,,,,,,,,,,,,,,,,,,,,,,,,,
22617,16:57:00,,,,,,,,,,,,,,,,,,,,,,,,,
22618,16:58:00,,,,,,,,,,,,,,,,,,,,,,,,,
22619,16:59:00,,,,,,,,,,,,,,,,,,,,,,,,,
22620,17:00:00,,,,,,,,,,,,,,,,,,,,,,,,,
22621,17:01:00,,,,,,,,,,,,,,,,,,,,,,,,,
22622,17:02:00,,,,,,,,,,,,,,,,,,,,,,,,,
22623,17:03:00,,,,,,,,,,,,,,,,,,,,,,,,,
22624,17:04:00,,,,,,,,,,,,,,,,,,,,,,,,,
22625,17:05:00,,,,,,,,,,,,,,,,,,,,,,,,,
22626,17:06:00,,,,,,,,,,,,,,,,,,,,,,,,,
22627,17:07:00,,,,,,,,,,,,,,,,,,,,,,,,,
22628,17:08:00,,,,,,,,,,,,,,,,,,,,,,,,,
22629,17:09:00,,,,,,,,,,,,,,,,,,,,,,,,,
22630,17:10:00,,,,,,,,,,,,,,,,,,,,,,,,,
22631,17:11:00,,,,,,,,,,,,,,,,,,,,,,,,,
22632,17:12:00,,,,,,,,,,,,,,,,,,,,,,,,,
22633,17:13:00,,,,,,,,,,,,,,,,,,,,,,,,,
22634,17:14:00,,,,,,,,,,,,,,,,,,,,,,,,,
22635,17:15:00,,,,,,,,,,,,,,,,,,,,,,,,,
22636,17:16:00,,,,,,,,,,,,,,,,,,,,,,,,,
22637,17:17:00,,,,,,,,,,,,,,,,,,,,,,,,,
22638,17:18:00,,,,,,,,,,,,,,,,,,,,,,,,,
22639,17:19:00,,,,,,,,,,,,,,,,,,,,,,,,,
22640,17:20:00,,,,,,,,,,,,,,,,,,,,,,,,,
22641,17:21:00,,,,,,,,,,,,,,,,,,,,,,,,,
22642,17:22:00,,,,,,,,,,,,,,,,,,,,,,,,,
22643,17:23:00,,,,,,,,,,,,,,,,,,,,,,,,,
22644,17:24:00,,,,,,,,,,,,,,,,,,,,,,,,,
22645,17:25:00,,,,,,,,,,,,,,,,,,,,,,,,,
22646,17:26:00,,,,,,,,,,,,,,,,,,,,,,,,,
22647,17:27:00,,,,,,,,,,,,,,,,,,,,,,,,,
22648,17:28:00,,,,,,,,,,,,,,,,,,,,,,,,,
22649,17:29:00,,,,,,,,,,,,,,,,,,,,,,,,,
22650,17:30:00,,,,,,,,,,,,,,,,,,,,,,,,,
22651,17:31:00,,,,,,,,,,,,,,,,,,,,,,,,,
22652,17:32:00,,,,,,,,,,,,,,,,,,,,,,,,,
22653,17:33:00,,,,,,,,,,,,,,,,,,,,,,,,,
22654,17:34:00,,,,,,,,,,,,,,,,,,,,,,,,,
22655,17:35:00,,,,,,,,,,,,,,,,,,,,,,,,,
22656,17:36:00,,,,,,,,,,,,,,,,,,,,,,,,,
22657,17:37:00,,,,,,,,,,,,,,,,,,,,,,,,,
22658,17:38:00,,,,,,,,,,,,,,,,,,,,,,,,,
22659,17:39:00,,,,,,,,,,,,,,,,,,,,,,,,,
22660,17:40:00,,,,,,,,,,,,,,,,,,,,,,,,,
22661,17:41:00,,,,,,,,,,,,,,,,,,,,,,,,,
22662,17:42:00,,,,,,,,,,,,,,,,,,,,,,,,,
22663,17:43:00,,,,,,,,,,,,,,,,,,,,,,,,,
22664,17:44:00,,,,,,,,,,,,,,,,,,,,,,,,,
22665,17:45:00,,,,,,,,,,,,,,,,,,,,,,,,,
22666,17:46:00,,,,,,,,,,,,,,,,,,,,,,,,,
22667,17:47:00,,,,,,,,,,,,,,,,,,,,,,,,,
22668,17:48:00,,,,,,,,,,,,,,,,,,,,,,,,,
22669,17:49:00,,,,,,,,,,,,,,,,,,,,,,,,,
22670,17:50:00,,,,,,,,,,,,,,,,,,,,,,,,,
22671,17:51:00,,,,,,,,,,,,,,,,,,,,,,,,,
22672,17:52:00,,,,,,,,,,,,,,,,,,,,,,,,,
22673,17:53:00,,,,,,,,,,,,,,,,,,,,,,,,,
22674,17:54:00,,,,,,,,,,,,,,,,,,,,,,,,,
22675,17:55:00,,,,,,,,,,,,,,,,,,,,,,,,,
22676,17:56:00,,,,,,,,,,,,,,,,,,,,,,,,,
22677,17:57:00,,,,,,,,,,,,,,,,,,,,,,,,,
22678,17:58:00,,,,,,,,,,,,,,,,,,,,,,,,,
22679,17:59:00,,,,,,,,,,,,,,,,,,,,,,,,,
22680,18:00:00,,,,,,,,,,,,,,,,,,,,,,,,,
22681,18:01:00,,,,,,,,,,,,,,,,,,,,,,,,,
22682,18:02:00,,,,,,,,,,,,,,,,,,,,,,,,,
22683,18:03:00,,,,,,,,,,,,,,,,,,,,,,,,,
22684,18:04:00,,,,,,,,,,,,,,,,,,,,,,,,,
22685,18:05:00,,,,,,,,,,,,,,,,,,,,,,,,,
22686,18:06:00,,,,,,,,,,,,,,,,,,,,,,,,,
22687,18:07:00,,,,,,,,,,,,,,,,,,,,,,,,,
22688,18:08:00,,,,,,,,,,,,,,,,,,,,,,,,,
22689,18:09:00,,,,,,,,,,,,,,,,,,,,,,,,,
22690,18:10:00,,,,,,,,,,,,,,,,,,,,,,,,,
22691,18:11:00,,,,,,,,,,,,,,,,,,,,,,,,,
22692,18:12:00,,,,,,,,,,,,,,,,,,,,,,,,,
22693,18:13:00,,,,,,,,,,,,,,,,,,,,,,,,,
22694,18:14:00,,,,,,,,,,,,,,,,,,,,,,,,,
22695,18:15:00,,,,,,,,,,,,,,,,,,,,,,,,,
22696,18:16:00,,,,,,,,,,,,,,,,,,,,,,,,,
22697,18:17:00,,,,,,,,,,,,,,,,,,,,,,,,,
22698,18:18:00,,,,,,,,,,,,,,,,,,,,,,,,,
22699,18:19:00,,,,,,,,,,,,,,,,,,,,,,,,,
22700,18:20:00,,,,,,,,,,,,,,,,,,,,,,,,,
22701,18:21:00,,,,,,,,,,,,,,,,,,,,,,,,,
22702,18:22:00,,,,,,,,,,,,,,,,,,,,,,,,,
22703,18:23:00,,,,,,,,,,,,,,,,,,,,,,,,,
22704,18:24:00,,,,,,,,,,,,,,,,,,,,,,,,,
22705,18:25:00,,,,,,,,,,,,,,,,,,,,,,,,,
22706,18:26:00,,,,,,,,,,,,,,,,,,,,,,,,,
22707,18:27:00,,,,,,,,,,,,,,,,,,,,,,,,,
22708,18:28:00,,,,,,,,,,,,,,,,,,,,,,,,,
22709,18:29:00,,,,,,,,,,,,,,,,,,,,,,,,,
22710,18:30:00,,,,,,,,,,,,,,,,,,,,,,,,,
22711,18:31:00,,,,,,,,,,,,,,,,,,,,,,,,,
22712,18:32:00,,,,,,,,,,,,,,,,,,,,,,,,,
22713,18:33:00,,,,,,,,,,,,,,,,,,,,,,,,,
22714,18:34:00,,,,,,,,,,,,,,,,,,,,,,,,,
22715,18:35:00,,,,,,,,,,,,,,,,,,,,,,,,,
22716,18:36:00,,,,,,,,,,,,,,,,,,,,,,,,,
22717,18:37:00,,,,,,,,,,,,,,,,,,,,,,,,,
22718,18:38:00,,,,,,,,,,,,,,,,,,,,,,,,,
22719,18:39:00,,,,,,,,,,,,,,,,,,,,,,,,,
22720,18:40:00,,,,,,,,,,,,,,,,,,,,,,,,,
22721,18:41:00,,,,,,,,,,,,,,,,,,,,,,,,,
22722,18:42:00,,,,,,,,,,,,,,,,,,,,,,,,,
22723,18:43:00,,,,,,,,,,,,,,,,,,,,,,,,,
22724,18:44:00,,,,,,,,,,,,,,,,,,,,,,,,,
22725,18:45:00,,,,,,,,,,,,,,,,,,,,,,,,,
22726,18:46:00,,,,,,,,,,,,,,,,,,,,,,,,,
22727,18:47:00,,,,,,,,,,,,,,,,,,,,,,,,,
22728,18:48:00,,,,,,,,,,,,,,,,,,,,,,,,,
22729,18:49:00,,,,,,,,,,,,,,,,,,,,,,,,,
22730,18:50:00,,,,,,,,,,,,,,,,,,,,,,,,,
22731,18:51:00,,,,,,,,,,,,,,,,,,,,,,,,,
22732,18:52:00,,,,,,,,,,,,,,,,,,,,,,,,,
22733,18:53:00,,,,,,,,,,,,,,,,,,,,,,,,,
22734,18:54:00,,,,,,,,,,,,,,,,,,,,,,,,,
22735,18:55:00,,,,,,,,,,,,,,,,,,,,,,,,,
22736,18:56:00,,,,,,,,,,,,,,,,,,,,,,,,,
22737,18:57:00,,,,,,,,,,,,,,,,,,,,,,,,,
22738,18:58:00,,,,,,,,,,,,,,,,,,,,,,,,,
22739,18:59:00,,,,,,,,,,,,,,,,,,,,,,,,,
22740,19:00:00,,,,,,,,,,,,,,,,,,,,,,,,,
22741,19:01:00,,,,,,,,,,,,,,,,,,,,,,,,,
22742,19:02:00,,,,,,,,,,,,,,,,,,,,,,,,,
22743,19:03:00,,,,,,,,,,,,,,,,,,,,,,,,,
22744,19:04:00,,,,,,,,,,,,,,,,,,,,,,,,,
22745,19:05:00,,,,,,,,,,,,,,,,,,,,,,,,,
22746,19:06:00,,,,,,,,,,,,,,,,,,,,,,,,,
22747,19:07:00,,,,,,,,,,,,,,,,,,,,,,,,,
22748,19:08:00,,,,,,,,,,,,,,,,,,,,,,,,,
22749,19:09:00,,,,,,,,,,,,,,,,,,,,,,,,,
22750,19:10:00,,,,,,,,,,,,,,,,,,,,,,,,,
22751,19:11:00,,,,,,,,,,,,,,,,,,,,,,,,,
22752,19:12:00,,,,,,,,,,,,,,,,,,,,,,,,,
22753,19:13:00,,,,,,,,,,,,,,,,,,,,,,,,,
22754,19:14:00,,,,,,,,,,,,,,,,,,,,,,,,,
22755,19:15:00,,,,,,,,,,,,,,,,,,,,,,,,,
22756,19:16:00,,,,,,,,,,,,,,,,,,,,,,,,,
22757,19:17:00,,,,,,,,,,,,,,,,,,,,,,,,,
22758,19:18:00,,,,,,,,,,,,,,,,,,,,,,,,,
22759,19:19:00,,,,,,,,,,,,,,,,,,,,,,,,,
22760,19:20:00,,,,,,,,,,,,,,,,,,,,,,,,,
22761,19:21:00,,,,,,,,,,,,,,,,,,,,,,,,,
22762,19:22:00,,,,,,,,,,,,,,,,,,,,,,,,,
22763,19:23:00,,,,,,,,,,,,,,,,,,,,,,,,,
22764,19:24:00,,,,,,,,,,,,,,,,,,,,,,,,,
22765,19:25:00,,,,,,,,,,,,,,,,,,,,,,,,,
22766,19:26:00,,,,,,,,,,,,,,,,,,,,,,,,,
22767,19:27:00,,,,,,,,,,,,,,,,,,,,,,,,,
22768,19:28:00,,,,,,,,,,,,,,,,,,,,,,,,,
22769,19:29:00,,,,,,,,,,,,,,,,,,,,,,,,,
22770,19:30:00,,,,,,,,,,,,,,,,,,,,,,,,,
22771,19:31:00,,,,,,,,,,,,,,,,,,,,,,,,,
22772,19:32:00,,,,,,,,,,,,,,,,,,,,,,,,,
22773,19:33:00,,,,,,,,,,,,,,,,,,,,,,,,,
22774,19:34:00,,,,,,,,,,,,,,,,,,,,,,,,,
22775,19:35:00,,,,,,,,,,,,,,,,,,,,,,,,,
22776,19:36:00,,,,,,,,,,,,,,,,,,,,,,,,,
22777,19:37:00,,,,,,,,,,,,,,,,,,,,,,,,,
22778,19:38:00,,,,,,,,,,,,,,,,,,,,,,,,,
22779,19:39:00,,,,,,,,,,,,,,,,,,,,,,,,,
22780,19:40:00,,,,,,,,,,,,,,,,,,,,,,,,,
22781,19:41:00,,,,,,,,,,,,,,,,,,,,,,,,,
22782,19:42:00,,,,,,,,,,,,,,,,,,,,,,,,,
22783,19:43:00,,,,,,,,,,,,,,,,,,,,,,,,,
22784,19:44:00,,,,,,,,,,,,,,,,,,,,,,,,,
22785,19:45:00,,,,,,,,,,,,,,,,,,,,,,,,,
22786,19:46:00,,,,,,,,,,,,,,,,,,,,,,,,,
22787,19:47:00,,,,,,,,,,,,,,,,,,,,,,,,,
22788,19:48:00,,,,,,,,,,,,,,,,,,,,,,,,,
22789,19:49:00,,,,,,,,,,,,,,,,,,,,,,,,,
22790,19:50:00,,,,,,,,,,,,,,,,,,,,,,,,,
22791,19:51:00,,,,,,,,,,,,,,,,,,,,,,,,,
22792,19:52:00,,,,,,,,,,,,,,,,,,,,,,,,,
22793,19:53:00,,,,,,,,,,,,,,,,,,,,,,,,,
22794,19:54:00,,,,,,,,,,,,,,,,,,,,,,,,,
22795,19:55:00,,,,,,,,,,,,,,,,,,,,,,,,,
22796,19:56:00,,,,,,,,,,,,,,,,,,,,,,,,,
22797,19:57:00,,,,,,,,,,,,,,,,,,,,,,,,,
22798,19:58:00,,,,,,,,,,,,,,,,,,,,,,,,,
22799,19:59:00,,,,,,,,,,,,,,,,,,,,,,,,,
22800,20:00:00,,,,,,,,,,,,,,,,,,,,,,,,,
22801,20:01:00,,,,,,,,,,,,,,,,,,,,,,,,,
22802,20:02:00,,,,,,,,,,,,,,,,,,,,,,,,,
22803,20:03:00,,,,,,,,,,,,,,,,,,,,,,,,,
22804,20:04:00,,,,,,,,,,,,,,,,,,,,,,,,,
22805,20:05:00,,,,,,,,,,,,,,,,,,,,,,,,,
22806,20:06:00,,,,,,,,,,,,,,,,,,,,,,,,,
22807,20:07:00,,,,,,,,,,,,,,,,,,,,,,,,,
22808,20:08:00,,,,,,,,,,,,,,,,,,,,,,,,,
22809,20:09:00,,,,,,,,,,,,,,,,,,,,,,,,,
22810,20:10:00,,,,,,,,,,,,,,,,,,,,,,,,,
22811,20:11:00,,,,,,,,,,,,,,,,,,,,,,,,,
22812,20:12:00,,,,,,,,,,,,,,,,,,,,,,,,,
22813,20:13:00,,,,,,,,,,,,,,,,,,,,,,,,,
22814,20:14:00,,,,,,,,,,,,,,,,,,,,,,,,,
22815,20:15:00,,,,,,,,,,,,,,,,,,,,,,,,,
22816,20:16:00,,,,,,,,,,,,,,,,,,,,,,,,,
22817,20:17:00,,,,,,,,,,,,,,,,,,,,,,,,,
22818,20:18:00,,,,,,,,,,,,,,,,,,,,,,,,,
22819,20:19:00,,,,,,,,,,,,,,,,,,,,,,,,,
22820,20:20:00,,,,,,,,,,,,,,,,,,,,,,,,,
22821,20:21:00,,,,,,,,,,,,,,,,,,,,,,,,,
22822,20:22:00,,,,,,,,,,,,,,,,,,,,,,,,,
22823,20:23:00,,,,,,,,,,,,,,,,,,,,,,,,,
22824,20:24:00,,,,,,,,,,,,,,,,,,,,,,,,,
22825,20:25:00,,,,,,,,,,,,,,,,,,,,,,,,,
22826,20:26:00,,,,,,,,,,,,,,,,,,,,,,,,,
22827,20:27:00,,,,,,,,,,,,,,,,,,,,,,,,,
22828,20:28:00,,,,,,,,,,,,,,,,,,,,,,,,,
22829,20:29:00,,,,,,,,,,,,,,,,,,,,,,,,,
22830,20:30:00,,,,,,,,,,,,,,,,,,,,,,,,,
22831,20:31:00,,,,,,,,,,,,,,,,,,,,,,,,,
22832,20:32:00,,,,,,,,,,,,,,,,,,,,,,,,,
22833,20:33:00,,,,,,,,,,,,,,,,,,,,,,,,,
22834,20:34:00,,,,,,,,,,,,,,,,,,,,,,,,,
22835,20:35:00,,,,,,,,,,,,,,,,,,,,,,,,,
22836,20:36:00,,,,,,,,,,,,,,,,,,,,,,,,,
22837,20:37:00,,,,,,,,,,,,,,,,,,,,,,,,,
22838,20:38:00,,,,,,,,,,,,,,,,,,,,,,,,,
22839,20:39:00,,,,,,,,,,,,,,,,,,,,,,,,,
22840,20:40:00,,,,,,,,,,,,,,,,,,,,,,,,,
22841,20:41:00,,,,,,,,,,,,,,,,,,,,,,,,,
22842,20:42:00,,,,,,,,,,,,,,,,,,,,,,,,,
22843,20:43:00,,,,,,,,,,,,,,,,,,,,,,,,,
22844,20:44:00,,,,,,,,,,,,,,,,,,,,,,,,,
22845,20:45:00,,,,,,,,,,,,,,,,,,,,,,,,,
22846,20:46:00,,,,,,,,,,,,,,,,,,,,,,,,,
22847,20:47:00,,,,,,,,,,,,,,,,,,,,,,,,,
22848,20:48:00,,,,,,,,,,,,,,,,,,,,,,,,,
22849,20:49:00,,,,,,,,,,,,,,,,,,,,,,,,,
22850,20:50:00,,,,,,,,,,,,,,,,,,,,,,,,,
22851,20:51:00,,,,,,,,,,,,,,,,,,,,,,,,,
22852,20:52:00,,,,,,,,,,,,,,,,,,,,,,,,,
22853,20:53:00,,,,,,,,,,,,,,,,,,,,,,,,,
22854,20:54:00,,,,,,,,,,,,,,,,,,,,,,,,,
22855,20:55:00,,,,,,,,,,,,,,,,,,,,,,,,,
22856,20:56:00,,,,,,,,,,,,,,,,,,,,,,,,,
22857,20:57:00,,,,,,,,,,,,,,,,,,,,,,,,,
22858,20:58:00,,,,,,,,,,,,,,,,,,,,,,,,,
22859,20:59:00,,,,,,,,,,,,,,,,,,,,,,,,,
22860,21:00:00,,,,,,,,,,,,,,,,,,,,,,,,,
22861,21:01:00,,,,,,,,,,,,,,,,,,,,,,,,,
22862,21:02:00,,,,,,,,,,,,,,,,,,,,,,,,,
22863,21:03:00,,,,,,,,,,,,,,,,,,,,,,,,,
22864,21:04:00,,,,,,,,,,,,,,,,,,,,,,,,,
22865,21:05:00,,,,,,,,,,,,,,,,,,,,,,,,,
22866,21:06:00,,,,,,,,,,,,,,,,,,,,,,,,,
22867,21:07:00,,,,,,,,,,,,,,,,,,,,,,,,,
22868,21:08:00,,,,,,,,,,,,,,,,,,,,,,,,,
22869,21:09:00,,,,,,,,,,,,,,,,,,,,,,,,,
22870,21:10:00,,,,,,,,,,,,,,,,,,,,,,,,,
22871,21:11:00,,,,,,,,,,,,,,,,,,,,,,,,,
22872,21:12:00,,,,,,,,,,,,,,,,,,,,,,,,,
22873,21:13:00,,,,,,,,,,,,,,,,,,,,,,,,,
22874,21:14:00,,,,,,,,,,,,,,,,,,,,,,,,,
22875,21:15:00,,,,,,,,,,,,,,,,,,,,,,,,,
22876,21:16:00,,,,,,,,,,,,,,,,,,,,,,,,,
22877,21:17:00,,,,,,,,,,,,,,,,,,,,,,,,,
22878,21:18:00,,,,,,,,,,,,,,,,,,,,,,,,,
22879,21:19:00,,,,,,,,,,,,,,,,,,,,,,,,,
22880,21:20:00,,,,,,,,,,,,,,,,,,,,,,,,,
22881,21:21:00,,,,,,,,,,,,,,,,,,,,,,,,,
22882,21:22:00,,,,,,,,,,,,,,,,,,,,,,,,,
22883,21:23:00,,,,,,,,,,,,,,,,,,,,,,,,,
22884,21:24:00,,,,,,,,,,,,,,,,,,,,,,,,,
22885,21:25:00,,,,,,,,,,,,,,,,,,,,,,,,,
22886,21:26:00,,,,,,,,,,,,,,,,,,,,,,,,,
22887,21:27:00,,,,,,,,,,,,,,,,,,,,,,,,,
22888,21:28:00,,,,,,,,,,,,,,,,,,,,,,,,,
22889,21:29:00,,,,,,,,,,,,,,,,,,,,,,,,,
22890,21:30:00,,,,,,,,,,,,,,,,,,,,,,,,,
22891,21:31:00,,,,,,,,,,,,,,,,,,,,,,,,,
22892,21:32:00,,,,,,,,,,,,,,,,,,,,,,,,,
22893,21:33:00,,,,,,,,,,,,,,,,,,,,,,,,,
22894,21:34:00,,,,,,,,,,,,,,,,,,,,,,,,,
22895,21:35:00,,,,,,,,,,,,,,,,,,,,,,,,,
22896,21:36:00,,,,,,,,,,,,,,,,,,,,,,,,,
22897,21:37:00,,,,,,,,,,,,,,,,,,,,,,,,,
22898,21:38:00,,,,,,,,,,,,,,,,,,,,,,,,,
22899,21:39:00,,,,,,,,,,,,,,,,,,,,,,,,,
22900,21:40:00,,,,,,,,,,,,,,,,,,,,,,,,,
22901,21:41:00,,,,,,,,,,,,,,,,,,,,,,,,,
22902,21:42:00,,,,,,,,,,,,,,,,,,,,,,,,,
22903,21:43:00,,,,,,,,,,,,,,,,,,,,,,,,,
22904,21:44:00,,,,,,,,,,,,,,,,,,,,,,,,,
22905,21:45:00,,,,,,,,,,,,,,,,,,,,,,,,,
22906,21:46:00,,,,,,,,,,,,,,,,,,,,,,,,,
22907,21:47:00,,,,,,,,,,,,,,,,,,,,,,,,,
22908,21:48:00,,,,,,,,,,,,,,,,,,,,,,,,,
22909,21:49:00,,,,,,,,,,,,,,,,,,,,,,,,,
22910,21:50:00,,,,,,,,,,,,,,,,,,,,,,,,,
22911,21:51:00,,,,,,,,,,,,,,,,,,,,,,,,,
22912,21:52:00,,,,,,,,,,,,,,,,,,,,,,,,,
22913,21:53:00,,,,,,,,,,,,,,,,,,,,,,,,,
22914,21:54:00,,,,,,,,,,,,,,,,,,,,,,,,,
22915,21:55:00,,,,,,,,,,,,,,,,,,,,,,,,,
22916,21:56:00,,,,,,,,,,,,,,,,,,,,,,,,,
22917,21:57:00,,,,,,,,,,,,,,,,,,,,,,,,,
22918,21:58:00,,,,,,,,,,,,,,,,,,,,,,,,,
22919,21:59:00,,,,,,,,,,,,,,,,,,,,,,,,,
22920,22:00:00,,,,,,,,,,,,,,,,,,,,,,,,,
22921,22:01:00,,,,,,,,,,,,,,,,,,,,,,,,,
22922,22:02:00,,,,,,,,,,,,,,,,,,,,,,,,,
22923,22:03:00,,,,,,,,,,,,,,,,,,,,,,,,,
22924,22:04:00,,,,,,,,,,,,,,,,,,,,,,,,,
22925,22:05:00,,,,,,,,,,,,,,,,,,,,,,,,,
22926,22:06:00,,,,,,,,,,,,,,,,,,,,,,,,,
22927,22:07:00,,,,,,,,,,,,,,,,,,,,,,,,,
22928,22:08:00,,,,,,,,,,,,,,,,,,,,,,,,,
22929,22:09:00,,,,,,,,,,,,,,,,,,,,,,,,,
22930,22:10:00,,,,,,,,,,,,,,,,,,,,,,,,,
22931,22:11:00,,,,,,,,,,,,,,,,,,,,,,,,,
22932,22:12:00,,,,,,,,,,,,,,,,,,,,,,,,,
22933,22:13:00,,,,,,,,,,,,,,,,,,,,,,,,,
22934,22:14:00,,,,,,,,,,,,,,,,,,,,,,,,,
22935,22:15:00,,,,,,,,,,,,,,,,,,,,,,,,,
22936,22:16:00,,,,,,,,,,,,,,,,,,,,,,,,,
22937,22:17:00,,,,,,,,,,,,,,,,,,,,,,,,,
22938,22:18:00,,,,,,,,,,,,,,,,,,,,,,,,,
22939,22:19:00,,,,,,,,,,,,,,,,,,,,,,,,,
22940,22:20:00,,,,,,,,,,,,,,,,,,,,,,,,,
22941,22:21:00,,,,,,,,,,,,,,,,,,,,,,,,,
22942,22:22:00,,,,,,,,,,,,,,,,,,,,,,,,,
22943,22:23:00,,,,,,,,,,,,,,,,,,,,,,,,,
22944,22:24:00,,,,,,,,,,,,,,,,,,,,,,,,,
22945,22:25:00,,,,,,,,,,,,,,,,,,,,,,,,,
22946,22:26:00,,,,,,,,,,,,,,,,,,,,,,,,,
22947,22:27:00,,,,,,,,,,,,,,,,,,,,,,,,,
22948,22:28:00,,,,,,,,,,,,,,,,,,,,,,,,,
22949,22:29:00,,,,,,,,,,,,,,,,,,,,,,,,,
22950,22:30:00,,,,,,,,,,,,,,,,,,,,,,,,,
22951,22:31:00,,,,,,,,,,,,,,,,,,,,,,,,,
22952,22:32:00,,,,,,,,,,,,,,,,,,,,,,,,,
22953,22:33:00,,,,,,,,,,,,,,,,,,,,,,,,,
22954,22:34:00,,,,,,,,,,,,,,,,,,,,,,,,,
22955,22:35:00,,,,,,,,,,,,,,,,,,,,,,,,,
22956,22:36:00,,,,,,,,,,,,,,,,,,,,,,,,,
22957,22:37:00,,,,,,,,,,,,,,,,,,,,,,,,,
22958,22:38:00,,,,,,,,,,,,,,,,,,,,,,,,,
22959,22:39:00,,,,,,,,,,,,,,,,,,,,,,,,,
22960,22:40:00,,,,,,,,,,,,,,,,,,,,,,,,,
22961,22:41:00,,,,,,,,,,,,,,,,,,,,,,,,,
22962,22:42:00,,,,,,,,,,,,,,,,,,,,,,,,,
22963,22:43:00,,,,,,,,,,,,,,,,,,,,,,,,,
22964,22:44:00,,,,,,,,,,,,,,,,,,,,,,,,,
22965,22:45:00,,,,,,,,,,,,,,,,,,,,,,,,,
22966,22:46:00,,,,,,,,,,,,,,,,,,,,,,,,,
22967,22:47:00,,,,,,,,,,,,,,,,,,,,,,,,,
22968,22:48:00,,,,,,,,,,,,,,,,,,,,,,,,,
22969,22:49:00,,,,,,,,,,,,,,,,,,,,,,,,,
22970,22:50:00,,,,,,,,,,,,,,,,,,,,,,,,,
22971,22:51:00,,,,,,,,,,,,,,,,,,,,,,,,,
22972,22:52:00,,,,,,,,,,,,,,,,,,,,,,,,,
22973,22:53:00,,,,,,,,,,,,,,,,,,,,,,,,,
22974,22:54:00,,,,,,,,,,,,,,,,,,,,,,,,,
22975,22:55:00,,,,,,,,,,,,,,,,,,,,,,,,,
22976,22:56:00,,,,,,,,,,,,,,,,,,,,,,,,,
22977,22:57:00,,,,,,,,,,,,,,,,,,,,,,,,,
22978,22:58:00,,,,,,,,,,,,,,,,,,,,,,,,,
22979,22:59:00,,,,,,,,,,,,,,,,,,,,,,,,,
22980,23:00:00,,,,,,,,,,,,,,,,,,,,,,,,,
22981,23:01:00,,,,,,,,,,,,,,,,,,,,,,,,,
22982,23:02:00,,,,,,,,,,,,,,,,,,,,,,,,,
22983,23:03:00,,,,,,,,,,,,,,,,,,,,,,,,,
22984,23:04:00,,,,,,,,,,,,,,,,,,,,,,,,,
22985,23:05:00,,,,,,,,,,,,,,,,,,,,,,,,,
22986,23:06:00,,,,,,,,,,,,,,,,,,,,,,,,,
22987,23:07:00,,,,,,,,,,,,,,,,,,,,,,,,,
22988,23:08:00,,,,,,,,,,,,,,,,,,,,,,,,,
22989,23:09:00,,,,,,,,,,,,,,,,,,,,,,,,,
22990,23:10:00,,,,,,,,,,,,,,,,,,,,,,,,,
22991,23:11:00,,,,,,,,,,,,,,,,,,,,,,,,,
22992,23:12:00,,,,,,,,,,,,,,,,,,,,,,,,,
22993,23:13:00,,,,,,,,,,,,,,,,,,,,,,,,,
22994,23:14:00,,,,,,,,,,,,,,,,,,,,,,,,,
22995,23:15:00,,,,,,,,,,,,,,,,,,,,,,,,,
22996,23:16:00,,,,,,,,,,,,,,,,,,,,,,,,,
22997,23:17:00,,,,,,,,,,,,,,,,,,,,,,,,,
22998,23:18:00,,,,,,,,,,,,,,,,,,,,,,,,,
22999,23:19:00,,,,,,,,,,,,,,,,,,,,,,,,,
23000,23:20:00,,,,,,,,,,,,,,,,,,,,,,,,,
23001,23:21:00,,,,,,,,,,,,,,,,,,,,,,,,,
23002,23:22:00,,,,,,,,,,,,,,,,,,,,,,,,,
23003,23:23:00,,,,,,,,,,,,,,,,,,,,,,,,,
23004,23:24:00,,,,,,,,,,,,,,,,,,,,,,,,,
23005,23:25:00,,,,,,,,,,,,,,,,,,,,,,,,,
23006,23:26:00,,,,,,,,,,,,,,,,,,,,,,,,,
23007,23:27:00,,,,,,,,,,,,,,,,,,,,,,,,,
23008,23:28:00,,,,,,,,,,,,,,,,,,,,,,,,,
23009,23:29:00,,,,,,,,,,,,,,,,,,,,,,,,,
23010,23:30:00,,,,,,,,,,,,,,,,,,,,,,,,,
23011,23:31:00,,,,,,,,,,,,,,,,,,,,,,,,,
23012,23:32:00,,,,,,,,,,,,,,,,,,,,,,,,,
23013,23:33:00,,,,,,,,,,,,,,,,,,,,,,,,,
23014,23:34:00,,,,,,,,,,,,,,,,,,,,,,,,,
23015,23:35:00,,,,,,,,,,,,,,,,,,,,,,,,,
23016,23:36:00,,,,,,,,,,,,,,,,,,,,,,,,,
23017,23:37:00,,,,,,,,,,,,,,,,,,,,,,,,,
23018,23:38:00,,,,,,,,,,,,,,,,,,,,,,,,,
23019,23:39:00,,,,,,,,,,,,,,,,,,,,,,,,,
23020,23:40:00,,,,,,,,,,,,,,,,,,,,,,,,,
23021,23:41:00,,,,,,,,,,,,,,,,,,,,,,,,,
23022,23:42:00,,,,,,,,,,,,,,,,,,,,,,,,,
23023,23:43:00,,,,,,,,,,,,,,,,,,,,,,,,,
23024,23:44:00,,,,,,,,,,,,,,,,,,,,,,,,,
23025,23:45:00,,,,,,,,,,,,,,,,,,,,,,,,,
23026,23:46:00,,,,,,,,,,,,,,,,,,,,,,,,,
23027,23:47:00,,,,,,,,,,,,,,,,,,,,,,,,,
23028,23:48:00,,,,,,,,,,,,,,,,,,,,,,,,,
23029,23:49:00,,,,,,,,,,,,,,,,,,,,,,,,,
23030,23:50:00,,,,,,,,,,,,,,,,,,,,,,,,,
23031,23:51:00,,,,,,,,,,,,,,,,,,,,,,,,,
23032,23:52:00,,,,,,,,,,,,,,,,,,,,,,,,,
23033,23:53:00,,,,,,,,,,,,,,,,,,,,,,,,,
23034,23:54:00,,,,,,,,,,,,,,,,,,,,,,,,,
23035,23:55:00,,,,,,,,,,,,,,,,,,,,,,,,,
23036,23:56:00,,,,,,,,,,,,,,,,,,,,,,,,,
23037,23:57:00,,,,,,,,,,,,,,,,,,,,,,,,,
23038,23:58:00,,,,,,,,,,,,,,,,,,,,,,,,,
23039,23:59:00,,,,,,,,,,,,,,,,,,,,,,,,,
23040,00:00:00,,,,,,,,,,,,,,,,,,,,,,,,,
23041,00:01:00,,,,,,,,,,,,,,,,,,,,,,,,,
23042,00:02:00,,,,,,,,,,,,,,,,,,,,,,,,,
23043,00:03:00,,,,,,,,,,,,,,,,,,,,,,,,,
23044,00:04:00,,,,,,,,,,,,,,,,,,,,,,,,,
23045,00:05:00,,,,,,,,,,,,,,,,,,,,,,,,,
23046,00:06:00,,,,,,,,,,,,,,,,,,,,,,,,,
23047,00:07:00,,,,,,,,,,,,,,,,,,,,,,,,,
23048,00:08:00,,,,,,,,,,,,,,,,,,,,,,,,,
23049,00:09:00,,,,,,,,,,,,,,,,,,,,,,,,,
23050,00:10:00,,,,,,,,,,,,,,,,,,,,,,,,,
23051,00:11:00,,,,,,,,,,,,,,,,,,,,,,,,,
23052,00:12:00,,,,,,,,,,,,,,,,,,,,,,,,,
23053,00:13:00,,,,,,,,,,,,,,,,,,,,,,,,,
23054,00:14:00,,,,,,,,,,,,,,,,,,,,,,,,,
23055,00:15:00,,,,,,,,,,,,,,,,,,,,,,,,,
23056,00:16:00,,,,,,,,,,,,,,,,,,,,,,,,,
23057,00:17:00,,,,,,,,,,,,,,,,,,,,,,,,,
23058,00:18:00,,,,,,,,,,,,,,,,,,,,,,,,,
23059,00:19:00,,,,,,,,,,,,,,,,,,,,,,,,,
23060,00:20:00,,,,,,,,,,,,,,,,,,,,,,,,,
23061,00:21:00,,,,,,,,,,,,,,,,,,,,,,,,,
23062,00:22:00,,,,,,,,,,,,,,,,,,,,,,,,,
23063,00:23:00,,,,,,,,,,,,,,,,,,,,,,,,,
23064,00:24:00,,,,,,,,,,,,,,,,,,,,,,,,,
23065,00:25:00,,,,,,,,,,,,,,,,,,,,,,,,,
23066,00:26:00,,,,,,,,,,,,,,,,,,,,,,,,,
23067,00:27:00,,,,,,,,,,,,,,,,,,,,,,,,,
23068,00:28:00,,,,,,,,,,,,,,,,,,,,,,,,,
23069,00:29:00,,,,,,,,,,,,,,,,,,,,,,,,,
23070,00:30:00,,,,,,,,,,,,,,,,,,,,,,,,,
23071,00:31:00,,,,,,,,,,,,,,,,,,,,,,,,,
23072,00:32:00,,,,,,,,,,,,,,,,,,,,,,,,,
23073,00:33:00,,,,,,,,,,,,,,,,,,,,,,,,,
23074,00:34:00,,,,,,,,,,,,,,,,,,,,,,,,,
23075,00:35:00,,,,,,,,,,,,,,,,,,,,,,,,,
23076,00:36:00,,,,,,,,,,,,,,,,,,,,,,,,,
23077,00:37:00,,,,,,,,,,,,,,,,,,,,,,,,,
23078,00:38:00,,,,,,,,,,,,,,,,,,,,,,,,,
23079,00:39:00,,,,,,,,,,,,,,,,,,,,,,,,,
23080,00:40:00,,,,,,,,,,,,,,,,,,,,,,,,,
23081,00:41:00,,,,,,,,,,,,,,,,,,,,,,,,,
23082,00:42:00,,,,,,,,,,,,,,,,,,,,,,,,,
23083,00:43:00,,,,,,,,,,,,,,,,,,,,,,,,,
23084,00:44:00,,,,,,,,,,,,,,,,,,,,,,,,,
23085,00:45:00,,,,,,,,,,,,,,,,,,,,,,,,,
23086,00:46:00,,,,,,,,,,,,,,,,,,,,,,,,,
23087,00:47:00,,,,,,,,,,,,,,,,,,,,,,,,,
23088,00:48:00,,,,,,,,,,,,,,,,,,,,,,,,,
23089,00:49:00,,,,,,,,,,,,,,,,,,,,,,,,,
23090,00:50:00,,,,,,,,,,,,,,,,,,,,,,,,,
23091,00:51:00,,,,,,,,,,,,,,,,,,,,,,,,,
23092,00:52:00,,,,,,,,,,,,,,,,,,,,,,,,,
23093,00:53:00,,,,,,,,,,,,,,,,,,,,,,,,,
23094,00:54:00,,,,,,,,,,,,,,,,,,,,,,,,,
23095,00:55:00,,,,,,,,,,,,,,,,,,,,,,,,,
23096,00:56:00,,,,,,,,,,,,,,,,,,,,,,,,,
23097,00:57:00,,,,,,,,,,,,,,,,,,,,,,,,,
23098,00:58:00,,,,,,,,,,,,,,,,,,,,,,,,,
23099,00:59:00,,,,,,,,,,,,,,,,,,,,,,,,,
23100,01:00:00,,,,,,,,,,,,,,,,,,,,,,,,,
23101,01:01:00,,,,,,,,,,,,,,,,,,,,,,,,,
23102,01:02:00,,,,,,,,,,,,,,,,,,,,,,,,,
23103,01:03:00,,,,,,,,,,,,,,,,,,,,,,,,,
23104,01:04:00,,,,,,,,,,,,,,,,,,,,,,,,,
23105,01:05:00,,,,,,,,,,,,,,,,,,,,,,,,,
23106,01:06:00,,,,,,,,,,,,,,,,,,,,,,,,,
23107,01:07:00,,,,,,,,,,,,,,,,,,,,,,,,,
23108,01:08:00,,,,,,,,,,,,,,,,,,,,,,,,,
23109,01:09:00,,,,,,,,,,,,,,,,,,,,,,,,,
23110,01:10:00,,,,,,,,,,,,,,,,,,,,,,,,,
23111,01:11:00,,,,,,,,,,,,,,,,,,,,,,,,,
23112,01:12:00,,,,,,,,,,,,,,,,,,,,,,,,,
23113,01:13:00,,,,,,,,,,,,,,,,,,,,,,,,,
23114,01:14:00,,,,,,,,,,,,,,,,,,,,,,,,,
23115,01:15:00,,,,,,,,,,,,,,,,,,,,,,,,,
23116,01:16:00,,,,,,,,,,,,,,,,,,,,,,,,,
23117,01:17:00,,,,,,,,,,,,,,,,,,,,,,,,,
23118,01:18:00,,,,,,,,,,,,,,,,,,,,,,,,,
23119,01:19:00,,,,,,,,,,,,,,,,,,,,,,,,,
23120,01:20:00,,,,,,,,,,,,,,,,,,,,,,,,,
23121,01:21:00,,,,,,,,,,,,,,,,,,,,,,,,,
23122,01:22:00,,,,,,,,,,,,,,,,,,,,,,,,,
23123,01:23:00,,,,,,,,,,,,,,,,,,,,,,,,,
23124,01:24:00,,,,,,,,,,,,,,,,,,,,,,,,,
23125,01:25:00,,,,,,,,,,,,,,,,,,,,,,,,,
23126,01:26:00,,,,,,,,,,,,,,,,,,,,,,,,,
23127,01:27:00,,,,,,,,,,,,,,,,,,,,,,,,,
23128,01:28:00,,,,,,,,,,,,,,,,,,,,,,,,,
23129,01:29:00,,,,,,,,,,,,,,,,,,,,,,,,,
23130,01:30:00,,,,,,,,,,,,,,,,,,,,,,,,,
23131,01:31:00,,,,,,,,,,,,,,,,,,,,,,,,,
23132,01:32:00,,,,,,,,,,,,,,,,,,,,,,,,,
23133,01:33:00,,,,,,,,,,,,,,,,,,,,,,,,,
23134,01:34:00,,,,,,,,,,,,,,,,,,,,,,,,,
23135,01:35:00,,,,,,,,,,,,,,,,,,,,,,,,,
23136,01:36:00,,,,,,,,,,,,,,,,,,,,,,,,,
23137,01:37:00,,,,,,,,,,,,,,,,,,,,,,,,,
23138,01:38:00,,,,,,,,,,,,,,,,,,,,,,,,,
23139,01:39:00,,,,,,,,,,,,,,,,,,,,,,,,,
23140,01:40:00,,,,,,,,,,,,,,,,,,,,,,,,,
23141,01:41:00,,,,,,,,,,,,,,,,,,,,,,,,,
23142,01:42:00,,,,,,,,,,,,,,,,,,,,,,,,,
23143,01:43:00,,,,,,,,,,,,,,,,,,,,,,,,,
23144,01:44:00,,,,,,,,,,,,,,,,,,,,,,,,,
23145,01:45:00,,,,,,,,,,,,,,,,,,,,,,,,,
23146,01:46:00,,,,,,,,,,,,,,,,,,,,,,,,,
23147,01:47:00,,,,,,,,,,,,,,,,,,,,,,,,,
23148,01:48:00,,,,,,,,,,,,,,,,,,,,,,,,,
23149,01:49:00,,,,,,,,,,,,,,,,,,,,,,,,,
23150,01:50:00,,,,,,,,,,,,,,,,,,,,,,,,,
23151,01:51:00,,,,,,,,,,,,,,,,,,,,,,,,,
23152,01:52:00,,,,,,,,,,,,,,,,,,,,,,,,,
23153,01:53:00,,,,,,,,,,,,,,,,,,,,,,,,,
23154,01:54:00,,,,,,,,,,,,,,,,,,,,,,,,,
23155,01:55:00,,,,,,,,,,,,,,,,,,,,,,,,,
23156,01:56:00,,,,,,,,,,,,,,,,,,,,,,,,,
23157,01:57:00,,,,,,,,,,,,,,,,,,,,,,,,,
23158,01:58:00,,,,,,,,,,,,,,,,,,,,,,,,,
23159,01:59:00,,,,,,,,,,,,,,,,,,,,,,,,,
23160,02:00:00,,,,,,,,,,,,,,,,,,,,,,,,,
23161,02:01:00,,,,,,,,,,,,,,,,,,,,,,,,,
23162,02:02:00,,,,,,,,,,,,,,,,,,,,,,,,,
23163,02:03:00,,,,,,,,,,,,,,,,,,,,,,,,,
23164,02:04:00,,,,,,,,,,,,,,,,,,,,,,,,,
23165,02:05:00,,,,,,,,,,,,,,,,,,,,,,,,,
23166,02:06:00,,,,,,,,,,,,,,,,,,,,,,,,,
23167,02:07:00,,,,,,,,,,,,,,,,,,,,,,,,,
23168,02:08:00,,,,,,,,,,,,,,,,,,,,,,,,,
23169,02:09:00,,,,,,,,,,,,,,,,,,,,,,,,,
23170,02:10:00,,,,,,,,,,,,,,,,,,,,,,,,,
23171,02:11:00,,,,,,,,,,,,,,,,,,,,,,,,,
23172,02:12:00,,,,,,,,,,,,,,,,,,,,,,,,,
23173,02:13:00,,,,,,,,,,,,,,,,,,,,,,,,,
23174,02:14:00,,,,,,,,,,,,,,,,,,,,,,,,,
23175,02:15:00,,,,,,,,,,,,,,,,,,,,,,,,,
23176,02:16:00,,,,,,,,,,,,,,,,,,,,,,,,,
23177,02:17:00,,,,,,,,,,,,,,,,,,,,,,,,,
23178,02:18:00,,,,,,,,,,,,,,,,,,,,,,,,,
23179,02:19:00,,,,,,,,,,,,,,,,,,,,,,,,,
23180,02:20:00,,,,,,,,,,,,,,,,,,,,,,,,,
23181,02:21:00,,,,,,,,,,,,,,,,,,,,,,,,,
23182,02:22:00,,,,,,,,,,,,,,,,,,,,,,,,,
23183,02:23:00,,,,,,,,,,,,,,,,,,,,,,,,,
23184,02:24:00,,,,,,,,,,,,,,,,,,,,,,,,,
23185,02:25:00,,,,,,,,,,,,,,,,,,,,,,,,,
23186,02:26:00,,,,,,,,,,,,,,,,,,,,,,,,,
23187,02:27:00,,,,,,,,,,,,,,,,,,,,,,,,,
23188,02:28:00,,,,,,,,,,,,,,,,,,,,,,,,,
23189,02:29:00,,,,,,,,,,,,,,,,,,,,,,,,,
23190,02:30:00,,,,,,,,,,,,,,,,,,,,,,,,,
23191,02:31:00,,,,,,,,,,,,,,,,,,,,,,,,,
23192,02:32:00,,,,,,,,,,,,,,,,,,,,,,,,,
23193,02:33:00,,,,,,,,,,,,,,,,,,,,,,,,,
23194,02:34:00,,,,,,,,,,,,,,,,,,,,,,,,,
23195,02:35:00,,,,,,,,,,,,,,,,,,,,,,,,,
23196,02:36:00,,,,,,,,,,,,,,,,,,,,,,,,,
23197,02:37:00,,,,,,,,,,,,,,,,,,,,,,,,,
23198,02:38:00,,,,,,,,,,,,,,,,,,,,,,,,,
23199,02:39:00,,,,,,,,,,,,,,,,,,,,,,,,,
23200,02:40:00,,,,,,,,,,,,,,,,,,,,,,,,,
23201,02:41:00,,,,,,,,,,,,,,,,,,,,,,,,,
23202,02:42:00,,,,,,,,,,,,,,,,,,,,,,,,,
23203,02:43:00,,,,,,,,,,,,,,,,,,,,,,,,,
23204,02:44:00,,,,,,,,,,,,,,,,,,,,,,,,,
23205,02:45:00,,,,,,,,,,,,,,,,,,,,,,,,,
23206,02:46:00,,,,,,,,,,,,,,,,,,,,,,,,,
23207,02:47:00,,,,,,,,,,,,,,,,,,,,,,,,,
23208,02:48:00,,,,,,,,,,,,,,,,,,,,,,,,,
23209,02:49:00,,,,,,,,,,,,,,,,,,,,,,,,,
23210,02:50:00,,,,,,,,,,,,,,,,,,,,,,,,,
23211,02:51:00,,,,,,,,,,,,,,,,,,,,,,,,,
23212,02:52:00,,,,,,,,,,,,,,,,,,,,,,,,,
23213,02:53:00,,,,,,,,,,,,,,,,,,,,,,,,,
23214,02:54:00,,,,,,,,,,,,,,,,,,,,,,,,,
23215,02:55:00,,,,,,,,,,,,,,,,,,,,,,,,,
23216,02:56:00,,,,,,,,,,,,,,,,,,,,,,,,,
23217,02:57:00,,,,,,,,,,,,,,,,,,,,,,,,,
23218,02:58:00,,,,,,,,,,,,,,,,,,,,,,,,,
23219,02:59:00,,,,,,,,,,,,,,,,,,,,,,,,,
23220,03:00:00,,,,,,,,,,,,,,,,,,,,,,,,,
23221,03:01:00,,,,,,,,,,,,,,,,,,,,,,,,,
23222,03:02:00,,,,,,,,,,,,,,,,,,,,,,,,,
23223,03:03:00,,,,,,,,,,,,,,,,,,,,,,,,,
23224,03:04:00,,,,,,,,,,,,,,,,,,,,,,,,,
23225,03:05:00,,,,,,,,,,,,,,,,,,,,,,,,,
23226,03:06:00,,,,,,,,,,,,,,,,,,,,,,,,,
23227,03:07:00,,,,,,,,,,,,,,,,,,,,,,,,,
23228,03:08:00,,,,,,,,,,,,,,,,,,,,,,,,,
23229,03:09:00,,,,,,,,,,,,,,,,,,,,,,,,,
23230,03:10:00,,,,,,,,,,,,,,,,,,,,,,,,,
23231,03:11:00,,,,,,,,,,,,,,,,,,,,,,,,,
23232,03:12:00,,,,,,,,,,,,,,,,,,,,,,,,,
23233,03:13:00,,,,,,,,,,,,,,,,,,,,,,,,,
23234,03:14:00,,,,,,,,,,,,,,,,,,,,,,,,,
23235,03:15:00,,,,,,,,,,,,,,,,,,,,,,,,,
23236,03:16:00,,,,,,,,,,,,,,,,,,,,,,,,,
23237,03:17:00,,,,,,,,,,,,,,,,,,,,,,,,,
23238,03:18:00,,,,,,,,,,,,,,,,,,,,,,,,,
23239,03:19:00,,,,,,,,,,,,,,,,,,,,,,,,,
23240,03:20:00,,,,,,,,,,,,,,,,,,,,,,,,,
23241,03:21:00,,,,,,,,,,,,,,,,,,,,,,,,,
23242,03:22:00,,,,,,,,,,,,,,,,,,,,,,,,,
23243,03:23:00,,,,,,,,,,,,,,,,,,,,,,,,,
23244,03:24:00,,,,,,,,,,,,,,,,,,,,,,,,,
23245,03:25:00,,,,,,,,,,,,,,,,,,,,,,,,,
23246,03:26:00,,,,,,,,,,,,,,,,,,,,,,,,,
23247,03:27:00,,,,,,,,,,,,,,,,,,,,,,,,,
23248,03:28:00,,,,,,,,,,,,,,,,,,,,,,,,,
23249,03:29:00,,,,,,,,,,,,,,,,,,,,,,,,,
23250,03:30:00,,,,,,,,,,,,,,,,,,,,,,,,,
23251,03:31:00,,,,,,,,,,,,,,,,,,,,,,,,,
23252,03:32:00,,,,,,,,,,,,,,,,,,,,,,,,,
23253,03:33:00,,,,,,,,,,,,,,,,,,,,,,,,,
23254,03:34:00,,,,,,,,,,,,,,,,,,,,,,,,,
23255,03:35:00,,,,,,,,,,,,,,,,,,,,,,,,,
23256,03:36:00,,,,,,,,,,,,,,,,,,,,,,,,,
23257,03:37:00,,,,,,,,,,,,,,,,,,,,,,,,,
23258,03:38:00,,,,,,,,,,,,,,,,,,,,,,,,,
23259,03:39:00,,,,,,,,,,,,,,,,,,,,,,,,,
23260,03:40:00,,,,,,,,,,,,,,,,,,,,,,,,,
23261,03:41:00,,,,,,,,,,,,,,,,,,,,,,,,,
23262,03:42:00,,,,,,,,,,,,,,,,,,,,,,,,,
23263,03:43:00,,,,,,,,,,,,,,,,,,,,,,,,,
23264,03:44:00,,,,,,,,,,,,,,,,,,,,,,,,,
23265,03:45:00,,,,,,,,,,,,,,,,,,,,,,,,,
23266,03:46:00,,,,,,,,,,,,,,,,,,,,,,,,,
23267,03:47:00,,,,,,,,,,,,,,,,,,,,,,,,,
23268,03:48:00,,,,,,,,,,,,,,,,,,,,,,,,,
23269,03:49:00,,,,,,,,,,,,,,,,,,,,,,,,,
23270,03:50:00,,,,,,,,,,,,,,,,,,,,,,,,,
23271,03:51:00,,,,,,,,,,,,,,,,,,,,,,,,,
23272,03:52:00,,,,,,,,,,,,,,,,,,,,,,,,,
23273,03:53:00,,,,,,,,,,,,,,,,,,,,,,,,,
23274,03:54:00,,,,,,,,,,,,,,,,,,,,,,,,,
23275,03:55:00,,,,,,,,,,,,,,,,,,,,,,,,,
23276,03:56:00,,,,,,,,,,,,,,,,,,,,,,,,,
23277,03:57:00,,,,,,,,,,,,,,,,,,,,,,,,,
23278,03:58:00,,,,,,,,,,,,,,,,,,,,,,,,,
23279,03:59:00,,,,,,,,,,,,,,,,,,,,,,,,,
23280,04:00:00,,,,,,,,,,,,,,,,,,,,,,,,,
23281,04:01:00,,,,,,,,,,,,,,,,,,,,,,,,,
23282,04:02:00,,,,,,,,,,,,,,,,,,,,,,,,,
23283,04:03:00,,,,,,,,,,,,,,,,,,,,,,,,,
23284,04:04:00,,,,,,,,,,,,,,,,,,,,,,,,,
23285,04:05:00,,,,,,,,,,,,,,,,,,,,,,,,,
23286,04:06:00,,,,,,,,,,,,,,,,,,,,,,,,,
23287,04:07:00,,,,,,,,,,,,,,,,,,,,,,,,,
23288,04:08:00,,,,,,,,,,,,,,,,,,,,,,,,,
23289,04:09:00,,,,,,,,,,,,,,,,,,,,,,,,,
23290,04:10:00,,,,,,,,,,,,,,,,,,,,,,,,,
23291,04:11:00,,,,,,,,,,,,,,,,,,,,,,,,,
23292,04:12:00,,,,,,,,,,,,,,,,,,,,,,,,,
23293,04:13:00,,,,,,,,,,,,,,,,,,,,,,,,,
23294,04:14:00,,,,,,,,,,,,,,,,,,,,,,,,,
23295,04:15:00,,,,,,,,,,,,,,,,,,,,,,,,,
23296,04:16:00,,,,,,,,,,,,,,,,,,,,,,,,,
23297,04:17:00,,,,,,,,,,,,,,,,,,,,,,,,,
23298,04:18:00,,,,,,,,,,,,,,,,,,,,,,,,,
23299,04:19:00,,,,,,,,,,,,,,,,,,,,,,,,,
23300,04:20:00,,,,,,,,,,,,,,,,,,,,,,,,,
23301,04:21:00,,,,,,,,,,,,,,,,,,,,,,,,,
23302,04:22:00,,,,,,,,,,,,,,,,,,,,,,,,,
23303,04:23:00,,,,,,,,,,,,,,,,,,,,,,,,,
23304,04:24:00,,,,,,,,,,,,,,,,,,,,,,,,,
23305,04:25:00,,,,,,,,,,,,,,,,,,,,,,,,,
23306,04:26:00,,,,,,,,,,,,,,,,,,,,,,,,,
23307,04:27:00,,,,,,,,,,,,,,,,,,,,,,,,,
23308,04:28:00,,,,,,,,,,,,,,,,,,,,,,,,,
23309,04:29:00,,,,,,,,,,,,,,,,,,,,,,,,,
23310,04:30:00,,,,,,,,,,,,,,,,,,,,,,,,,
23311,04:31:00,,,,,,,,,,,,,,,,,,,,,,,,,
23312,04:32:00,,,,,,,,,,,,,,,,,,,,,,,,,
23313,04:33:00,,,,,,,,,,,,,,,,,,,,,,,,,
23314,04:34:00,,,,,,,,,,,,,,,,,,,,,,,,,
23315,04:35:00,,,,,,,,,,,,,,,,,,,,,,,,,
23316,04:36:00,,,,,,,,,,,,,,,,,,,,,,,,,
23317,04:37:00,,,,,,,,,,,,,,,,,,,,,,,,,
23318,04:38:00,,,,,,,,,,,,,,,,,,,,,,,,,
23319,04:39:00,,,,,,,,,,,,,,,,,,,,,,,,,
23320,04:40:00,,,,,,,,,,,,,,,,,,,,,,,,,
23321,04:41:00,,,,,,,,,,,,,,,,,,,,,,,,,
23322,04:42:00,,,,,,,,,,,,,,,,,,,,,,,,,
23323,04:43:00,,,,,,,,,,,,,,,,,,,,,,,,,
23324,04:44:00,,,,,,,,,,,,,,,,,,,,,,,,,
23325,04:45:00,,,,,,,,,,,,,,,,,,,,,,,,,
23326,04:46:00,,,,,,,,,,,,,,,,,,,,,,,,,
23327,04:47:00,,,,,,,,,,,,,,,,,,,,,,,,,
23328,04:48:00,,,,,,,,,,,,,,,,,,,,,,,,,
23329,04:49:00,,,,,,,,,,,,,,,,,,,,,,,,,
23330,04:50:00,,,,,,,,,,,,,,,,,,,,,,,,,
23331,04:51:00,,,,,,,,,,,,,,,,,,,,,,,,,
23332,04:52:00,,,,,,,,,,,,,,,,,,,,,,,,,
23333,04:53:00,,,,,,,,,,,,,,,,,,,,,,,,,
23334,04:54:00,,,,,,,,,,,,,,,,,,,,,,,,,
23335,04:55:00,,,,,,,,,,,,,,,,,,,,,,,,,
23336,04:56:00,,,,,,,,,,,,,,,,,,,,,,,,,
23337,04:57:00,,,,,,,,,,,,,,,,,,,,,,,,,
23338,04:58:00,,,,,,,,,,,,,,,,,,,,,,,,,
23339,04:59:00,,,,,,,,,,,,,,,,,,,,,,,,,
23340,05:00:00,,,,,,,,,,,,,,,,,,,,,,,,,
23341,05:01:00,,,,,,,,,,,,,,,,,,,,,,,,,
23342,05:02:00,,,,,,,,,,,,,,,,,,,,,,,,,
23343,05:03:00,,,,,,,,,,,,,,,,,,,,,,,,,
23344,05:04:00,,,,,,,,,,,,,,,,,,,,,,,,,
23345,05:05:00,,,,,,,,,,,,,,,,,,,,,,,,,
23346,05:06:00,,,,,,,,,,,,,,,,,,,,,,,,,
23347,05:07:00,,,,,,,,,,,,,,,,,,,,,,,,,
23348,05:08:00,,,,,,,,,,,,,,,,,,,,,,,,,
23349,05:09:00,,,,,,,,,,,,,,,,,,,,,,,,,
23350,05:10:00,,,,,,,,,,,,,,,,,,,,,,,,,
23351,05:11:00,,,,,,,,,,,,,,,,,,,,,,,,,
23352,05:12:00,,,,,,,,,,,,,,,,,,,,,,,,,
23353,05:13:00,,,,,,,,,,,,,,,,,,,,,,,,,
23354,05:14:00,,,,,,,,,,,,,,,,,,,,,,,,,
23355,05:15:00,,,,,,,,,,,,,,,,,,,,,,,,,
23356,05:16:00,,,,,,,,,,,,,,,,,,,,,,,,,
23357,05:17:00,,,,,,,,,,,,,,,,,,,,,,,,,
23358,05:18:00,,,,,,,,,,,,,,,,,,,,,,,,,
23359,05:19:00,,,,,,,,,,,,,,,,,,,,,,,,,
23360,05:20:00,,,,,,,,,,,,,,,,,,,,,,,,,
23361,05:21:00,,,,,,,,,,,,,,,,,,,,,,,,,
23362,05:22:00,,,,,,,,,,,,,,,,,,,,,,,,,
23363,05:23:00,,,,,,,,,,,,,,,,,,,,,,,,,
23364,05:24:00,,,,,,,,,,,,,,,,,,,,,,,,,
23365,05:25:00,,,,,,,,,,,,,,,,,,,,,,,,,
23366,05:26:00,,,,,,,,,,,,,,,,,,,,,,,,,
23367,05:27:00,,,,,,,,,,,,,,,,,,,,,,,,,
23368,05:28:00,,,,,,,,,,,,,,,,,,,,,,,,,
23369,05:29:00,,,,,,,,,,,,,,,,,,,,,,,,,
23370,05:30:00,,,,,,,,,,,,,,,,,,,,,,,,,
23371,05:31:00,,,,,,,,,,,,,,,,,,,,,,,,,
23372,05:32:00,,,,,,,,,,,,,,,,,,,,,,,,,
23373,05:33:00,,,,,,,,,,,,,,,,,,,,,,,,,
23374,05:34:00,,,,,,,,,,,,,,,,,,,,,,,,,
23375,05:35:00,,,,,,,,,,,,,,,,,,,,,,,,,
23376,05:36:00,,,,,,,,,,,,,,,,,,,,,,,,,
23377,05:37:00,,,,,,,,,,,,,,,,,,,,,,,,,
23378,05:38:00,,,,,,,,,,,,,,,,,,,,,,,,,
23379,05:39:00,,,,,,,,,,,,,,,,,,,,,,,,,
23380,05:40:00,,,,,,,,,,,,,,,,,,,,,,,,,
23381,05:41:00,,,,,,,,,,,,,,,,,,,,,,,,,
23382,05:42:00,,,,,,,,,,,,,,,,,,,,,,,,,
23383,05:43:00,,,,,,,,,,,,,,,,,,,,,,,,,
23384,05:44:00,,,,,,,,,,,,,,,,,,,,,,,,,
23385,05:45:00,,,,,,,,,,,,,,,,,,,,,,,,,
23386,05:46:00,,,,,,,,,,,,,,,,,,,,,,,,,
23387,05:47:00,,,,,,,,,,,,,,,,,,,,,,,,,
23388,05:48:00,,,,,,,,,,,,,,,,,,,,,,,,,
23389,05:49:00,,,,,,,,,,,,,,,,,,,,,,,,,
23390,05:50:00,,,,,,,,,,,,,,,,,,,,,,,,,
23391,05:51:00,,,,,,,,,,,,,,,,,,,,,,,,,
23392,05:52:00,,,,,,,,,,,,,,,,,,,,,,,,,
23393,05:53:00,,,,,,,,,,,,,,,,,,,,,,,,,
23394,05:54:00,,,,,,,,,,,,,,,,,,,,,,,,,
23395,05:55:00,,,,,,,,,,,,,,,,,,,,,,,,,
23396,05:56:00,,,,,,,,,,,,,,,,,,,,,,,,,
23397,05:57:00,,,,,,,,,,,,,,,,,,,,,,,,,
23398,05:58:00,,,,,,,,,,,,,,,,,,,,,,,,,
23399,05:59:00,,,,,,,,,,,,,,,,,,,,,,,,,
23400,06:00:00,,,,,,,,,,,,,,,,,,,,,,,,,
23401,06:01:00,,,,,,,,,,,,,,,,,,,,,,,,,
23402,06:02:00,,,,,,,,,,,,,,,,,,,,,,,,,
23403,06:03:00,,,,,,,,,,,,,,,,,,,,,,,,,
23404,06:04:00,,,,,,,,,,,,,,,,,,,,,,,,,
23405,06:05:00,,,,,,,,,,,,,,,,,,,,,,,,,
23406,06:06:00,,,,,,,,,,,,,,,,,,,,,,,,,
23407,06:07:00,,,,,,,,,,,,,,,,,,,,,,,,,
23408,06:08:00,,,,,,,,,,,,,,,,,,,,,,,,,
23409,06:09:00,,,,,,,,,,,,,,,,,,,,,,,,,
23410,06:10:00,,,,,,,,,,,,,,,,,,,,,,,,,
23411,06:11:00,,,,,,,,,,,,,,,,,,,,,,,,,
23412,06:12:00,,,,,,,,,,,,,,,,,,,,,,,,,
23413,06:13:00,,,,,,,,,,,,,,,,,,,,,,,,,
23414,06:14:00,,,,,,,,,,,,,,,,,,,,,,,,,
23415,06:15:00,,,,,,,,,,,,,,,,,,,,,,,,,
23416,06:16:00,,,,,,,,,,,,,,,,,,,,,,,,,
23417,06:17:00,,,,,,,,,,,,,,,,,,,,,,,,,
23418,06:18:00,,,,,,,,,,,,,,,,,,,,,,,,,
23419,06:19:00,,,,,,,,,,,,,,,,,,,,,,,,,
23420,06:20:00,,,,,,,,,,,,,,,,,,,,,,,,,
23421,06:21:00,,,,,,,,,,,,,,,,,,,,,,,,,
23422,06:22:00,,,,,,,,,,,,,,,,,,,,,,,,,
23423,06:23:00,,,,,,,,,,,,,,,,,,,,,,,,,
23424,06:24:00,,,,,,,,,,,,,,,,,,,,,,,,,
23425,06:25:00,,,,,,,,,,,,,,,,,,,,,,,,,
23426,06:26:00,,,,,,,,,,,,,,,,,,,,,,,,,
23427,06:27:00,,,,,,,,,,,,,,,,,,,,,,,,,
23428,06:28:00,,,,,,,,,,,,,,,,,,,,,,,,,
23429,06:29:00,,,,,,,,,,,,,,,,,,,,,,,,,
23430,06:30:00,,,,,,,,,,,,,,,,,,,,,,,,,
23431,06:31:00,,,,,,,,,,,,,,,,,,,,,,,,,
23432,06:32:00,,,,,,,,,,,,,,,,,,,,,,,,,
23433,06:33:00,,,,,,,,,,,,,,,,,,,,,,,,,
23434,06:34:00,,,,,,,,,,,,,,,,,,,,,,,,,
23435,06:35:00,,,,,,,,,,,,,,,,,,,,,,,,,
23436,06:36:00,,,,,,,,,,,,,,,,,,,,,,,,,
23437,06:37:00,,,,,,,,,,,,,,,,,,,,,,,,,
23438,06:38:00,,,,,,,,,,,,,,,,,,,,,,,,,
23439,06:39:00,,,,,,,,,,,,,,,,,,,,,,,,,
23440,06:40:00,,,,,,,,,,,,,,,,,,,,,,,,,
23441,06:41:00,,,,,,,,,,,,,,,,,,,,,,,,,
23442,06:42:00,,,,,,,,,,,,,,,,,,,,,,,,,
23443,06:43:00,,,,,,,,,,,,,,,,,,,,,,,,,
23444,06:44:00,,,,,,,,,,,,,,,,,,,,,,,,,
23445,06:45:00,,,,,,,,,,,,,,,,,,,,,,,,,
23446,06:46:00,,,,,,,,,,,,,,,,,,,,,,,,,
23447,06:47:00,,,,,,,,,,,,,,,,,,,,,,,,,
23448,06:48:00,,,,,,,,,,,,,,,,,,,,,,,,,
23449,06:49:00,,,,,,,,,,,,,,,,,,,,,,,,,
23450,06:50:00,,,,,,,,,,,,,,,,,,,,,,,,,
23451,06:51:00,,,,,,,,,,,,,,,,,,,,,,,,,
23452,06:52:00,,,,,,,,,,,,,,,,,,,,,,,,,
23453,06:53:00,,,,,,,,,,,,,,,,,,,,,,,,,
23454,06:54:00,,,,,,,,,,,,,,,,,,,,,,,,,
23455,06:55:00,,,,,,,,,,,,,,,,,,,,,,,,,
23456,06:56:00,,,,,,,,,,,,,,,,,,,,,,,,,
23457,06:57:00,,,,,,,,,,,,,,,,,,,,,,,,,
23458,06:58:00,,,,,,,,,,,,,,,,,,,,,,,,,
23459,06:59:00,,,,,,,,,,,,,,,,,,,,,,,,,
23460,07:00:00,,,,,,,,,,,,,,,,,,,,,,,,,
23461,07:01:00,,,,,,,,,,,,,,,,,,,,,,,,,
23462,07:02:00,,,,,,,,,,,,,,,,,,,,,,,,,
23463,07:03:00,,,,,,,,,,,,,,,,,,,,,,,,,
23464,07:04:00,,,,,,,,,,,,,,,,,,,,,,,,,
23465,07:05:00,,,,,,,,,,,,,,,,,,,,,,,,,
23466,07:06:00,,,,,,,,,,,,,,,,,,,,,,,,,
23467,07:07:00,,,,,,,,,,,,,,,,,,,,,,,,,
23468,07:08:00,,,,,,,,,,,,,,,,,,,,,,,,,
23469,07:09:00,,,,,,,,,,,,,,,,,,,,,,,,,
23470,07:10:00,,,,,,,,,,,,,,,,,,,,,,,,,
23471,07:11:00,,,,,,,,,,,,,,,,,,,,,,,,,
23472,07:12:00,,,,,,,,,,,,,,,,,,,,,,,,,
23473,07:13:00,,,,,,,,,,,,,,,,,,,,,,,,,
23474,07:14:00,,,,,,,,,,,,,,,,,,,,,,,,,
23475,07:15:00,,,,,,,,,,,,,,,,,,,,,,,,,
23476,07:16:00,,,,,,,,,,,,,,,,,,,,,,,,,
23477,07:17:00,,,,,,,,,,,,,,,,,,,,,,,,,
23478,07:18:00,,,,,,,,,,,,,,,,,,,,,,,,,
23479,07:19:00,,,,,,,,,,,,,,,,,,,,,,,,,
23480,07:20:00,,,,,,,,,,,,,,,,,,,,,,,,,
23481,07:21:00,,,,,,,,,,,,,,,,,,,,,,,,,
23482,07:22:00,,,,,,,,,,,,,,,,,,,,,,,,,
23483,07:23:00,,,,,,,,,,,,,,,,,,,,,,,,,
23484,07:24:00,,,,,,,,,,,,,,,,,,,,,,,,,
23485,07:25:00,,,,,,,,,,,,,,,,,,,,,,,,,
23486,07:26:00,,,,,,,,,,,,,,,,,,,,,,,,,
23487,07:27:00,,,,,,,,,,,,,,,,,,,,,,,,,
23488,07:28:00,,,,,,,,,,,,,,,,,,,,,,,,,
23489,07:29:00,,,,,,,,,,,,,,,,,,,,,,,,,
23490,07:30:00,,,,,,,,,,,,,,,,,,,,,,,,,
23491,07:31:00,,,,,,,,,,,,,,,,,,,,,,,,,
23492,07:32:00,,,,,,,,,,,,,,,,,,,,,,,,,
23493,07:33:00,,,,,,,,,,,,,,,,,,,,,,,,,
23494,07:34:00,,,,,,,,,,,,,,,,,,,,,,,,,
23495,07:35:00,,,,,,,,,,,,,,,,,,,,,,,,,
23496,07:36:00,,,,,,,,,,,,,,,,,,,,,,,,,
23497,07:37:00,,,,,,,,,,,,,,,,,,,,,,,,,
23498,07:38:00,,,,,,,,,,,,,,,,,,,,,,,,,
23499,07:39:00,,,,,,,,,,,,,,,,,,,,,,,,,
23500,07:40:00,,,,,,,,,,,,,,,,,,,,,,,,,
23501,07:41:00,,,,,,,,,,,,,,,,,,,,,,,,,
23502,07:42:00,,,,,,,,,,,,,,,,,,,,,,,,,
23503,07:43:00,,,,,,,,,,,,,,,,,,,,,,,,,
23504,07:44:00,,,,,,,,,,,,,,,,,,,,,,,,,
23505,07:45:00,,,,,,,,,,,,,,,,,,,,,,,,,
23506,07:46:00,,,,,,,,,,,,,,,,,,,,,,,,,
23507,07:47:00,,,,,,,,,,,,,,,,,,,,,,,,,
23508,07:48:00,,,,,,,,,,,,,,,,,,,,,,,,,
23509,07:49:00,,,,,,,,,,,,,,,,,,,,,,,,,
23510,07:50:00,,,,,,,,,,,,,,,,,,,,,,,,,
23511,07:51:00,,,,,,,,,,,,,,,,,,,,,,,,,
23512,07:52:00,,,,,,,,,,,,,,,,,,,,,,,,,
23513,07:53:00,,,,,,,,,,,,,,,,,,,,,,,,,
23514,07:54:00,,,,,,,,,,,,,,,,,,,,,,,,,
23515,07:55:00,,,,,,,,,,,,,,,,,,,,,,,,,
23516,07:56:00,,,,,,,,,,,,,,,,,,,,,,,,,
23517,07:57:00,,,,,,,,,,,,,,,,,,,,,,,,,
23518,07:58:00,,,,,,,,,,,,,,,,,,,,,,,,,
23519,07:59:00,,,,,,,,,,,,,,,,,,,,,,,,,
23520,08:00:00,,,,,,,,,,,,,,,,,,,,,,,,,
23521,08:01:00,,,,,,,,,,,,,,,,,,,,,,,,,
23522,08:02:00,,,,,,,,,,,,,,,,,,,,,,,,,
23523,08:03:00,,,,,,,,,,,,,,,,,,,,,,,,,
23524,08:04:00,,,,,,,,,,,,,,,,,,,,,,,,,
23525,08:05:00,,,,,,,,,,,,,,,,,,,,,,,,,
23526,08:06:00,,,,,,,,,,,,,,,,,,,,,,,,,
23527,08:07:00,,,,,,,,,,,,,,,,,,,,,,,,,
23528,08:08:00,,,,,,,,,,,,,,,,,,,,,,,,,
23529,08:09:00,,,,,,,,,,,,,,,,,,,,,,,,,
23530,08:10:00,,,,,,,,,,,,,,,,,,,,,,,,,
23531,08:11:00,,,,,,,,,,,,,,,,,,,,,,,,,
23532,08:12:00,,,,,,,,,,,,,,,,,,,,,,,,,
23533,08:13:00,,,,,,,,,,,,,,,,,,,,,,,,,
23534,08:14:00,,,,,,,,,,,,,,,,,,,,,,,,,
23535,08:15:00,,,,,,,,,,,,,,,,,,,,,,,,,
23536,08:16:00,,,,,,,,,,,,,,,,,,,,,,,,,
23537,08:17:00,,,,,,,,,,,,,,,,,,,,,,,,,
23538,08:18:00,,,,,,,,,,,,,,,,,,,,,,,,,
23539,08:19:00,,,,,,,,,,,,,,,,,,,,,,,,,
23540,08:20:00,,,,,,,,,,,,,,,,,,,,,,,,,
23541,08:21:00,,,,,,,,,,,,,,,,,,,,,,,,,
23542,08:22:00,,,,,,,,,,,,,,,,,,,,,,,,,
23543,08:23:00,,,,,,,,,,,,,,,,,,,,,,,,,
23544,08:24:00,,,,,,,,,,,,,,,,,,,,,,,,,
23545,08:25:00,,,,,,,,,,,,,,,,,,,,,,,,,
23546,08:26:00,,,,,,,,,,,,,,,,,,,,,,,,,
23547,08:27:00,,,,,,,,,,,,,,,,,,,,,,,,,
23548,08:28:00,,,,,,,,,,,,,,,,,,,,,,,,,
23549,08:29:00,,,,,,,,,,,,,,,,,,,,,,,,,
23550,08:30:00,,,,,,,,,,,,,,,,,,,,,,,,,
23551,08:31:00,,,,,,,,,,,,,,,,,,,,,,,,,
23552,08:32:00,,,,,,,,,,,,,,,,,,,,,,,,,
23553,08:33:00,,,,,,,,,,,,,,,,,,,,,,,,,
23554,08:34:00,,,,,,,,,,,,,,,,,,,,,,,,,
23555,08:35:00,,,,,,,,,,,,,,,,,,,,,,,,,
23556,08:36:00,,,,,,,,,,,,,,,,,,,,,,,,,
23557,08:37:00,,,,,,,,,,,,,,,,,,,,,,,,,
23558,08:38:00,,,,,,,,,,,,,,,,,,,,,,,,,
23559,08:39:00,,,,,,,,,,,,,,,,,,,,,,,,,
23560,08:40:00,,,,,,,,,,,,,,,,,,,,,,,,,
23561,08:41:00,,,,,,,,,,,,,,,,,,,,,,,,,
23562,08:42:00,,,,,,,,,,,,,,,,,,,,,,,,,
23563,08:43:00,,,,,,,,,,,,,,,,,,,,,,,,,
23564,08:44:00,,,,,,,,,,,,,,,,,,,,,,,,,
23565,08:45:00,,,,,,,,,,,,,,,,,,,,,,,,,
23566,08:46:00,,,,,,,,,,,,,,,,,,,,,,,,,
23567,08:47:00,,,,,,,,,,,,,,,,,,,,,,,,,
23568,08:48:00,,,,,,,,,,,,,,,,,,,,,,,,,
23569,08:49:00,,,,,,,,,,,,,,,,,,,,,,,,,
23570,08:50:00,,,,,,,,,,,,,,,,,,,,,,,,,
23571,08:51:00,,,,,,,,,,,,,,,,,,,,,,,,,
23572,08:52:00,,,,,,,,,,,,,,,,,,,,,,,,,
23573,08:53:00,,,,,,,,,,,,,,,,,,,,,,,,,
23574,08:54:00,,,,,,,,,,,,,,,,,,,,,,,,,
23575,08:55:00,,,,,,,,,,,,,,,,,,,,,,,,,
23576,08:56:00,,,,,,,,,,,,,,,,,,,,,,,,,
23577,08:57:00,,,,,,,,,,,,,,,,,,,,,,,,,
23578,08:58:00,,,,,,,,,,,,,,,,,,,,,,,,,
23579,08:59:00,,,,,,,,,,,,,,,,,,,,,,,,,
23580,09:00:00,,,,,,,,,,,,,,,,,,,,,,,,,
23581,09:01:00,,,,,,,,,,,,,,,,,,,,,,,,,
23582,09:02:00,,,,,,,,,,,,,,,,,,,,,,,,,
23583,09:03:00,,,,,,,,,,,,,,,,,,,,,,,,,
23584,09:04:00,,,,,,,,,,,,,,,,,,,,,,,,,
23585,09:05:00,,,,,,,,,,,,,,,,,,,,,,,,,
23586,09:06:00,,,,,,,,,,,,,,,,,,,,,,,,,
23587,09:07:00,,,,,,,,,,,,,,,,,,,,,,,,,
23588,09:08:00,,,,,,,,,,,,,,,,,,,,,,,,,
23589,09:09:00,,,,,,,,,,,,,,,,,,,,,,,,,
23590,09:10:00,,,,,,,,,,,,,,,,,,,,,,,,,
23591,09:11:00,,,,,,,,,,,,,,,,,,,,,,,,,
23592,09:12:00,,,,,,,,,,,,,,,,,,,,,,,,,
23593,09:13:00,,,,,,,,,,,,,,,,,,,,,,,,,
23594,09:14:00,,,,,,,,,,,,,,,,,,,,,,,,,
23595,09:15:00,,,,,,,,,,,,,,,,,,,,,,,,,
23596,09:16:00,,,,,,,,,,,,,,,,,,,,,,,,,
23597,09:17:00,,,,,,,,,,,,,,,,,,,,,,,,,
23598,09:18:00,,,,,,,,,,,,,,,,,,,,,,,,,
23599,09:19:00,,,,,,,,,,,,,,,,,,,,,,,,,
23600,09:20:00,,,,,,,,,,,,,,,,,,,,,,,,,
23601,09:21:00,,,,,,,,,,,,,,,,,,,,,,,,,
23602,09:22:00,,,,,,,,,,,,,,,,,,,,,,,,,
23603,09:23:00,,,,,,,,,,,,,,,,,,,,,,,,,
23604,09:24:00,,,,,,,,,,,,,,,,,,,,,,,,,
23605,09:25:00,,,,,,,,,,,,,,,,,,,,,,,,,
23606,09:26:00,,,,,,,,,,,,,,,,,,,,,,,,,
23607,09:27:00,,,,,,,,,,,,,,,,,,,,,,,,,
23608,09:28:00,,,,,,,,,,,,,,,,,,,,,,,,,
23609,09:29:00,,,,,,,,,,,,,,,,,,,,,,,,,
23610,09:30:00,,,,,,,,,,,,,,,,,,,,,,,,,
23611,09:31:00,,,,,,,,,,,,,,,,,,,,,,,,,
23612,09:32:00,,,,,,,,,,,,,,,,,,,,,,,,,
23613,09:33:00,,,,,,,,,,,,,,,,,,,,,,,,,
23614,09:34:00,,,,,,,,,,,,,,,,,,,,,,,,,
23615,09:35:00,,,,,,,,,,,,,,,,,,,,,,,,,
23616,09:36:00,,,,,,,,,,,,,,,,,,,,,,,,,
23617,09:37:00,,,,,,,,,,,,,,,,,,,,,,,,,
23618,09:38:00,,,,,,,,,,,,,,,,,,,,,,,,,
23619,09:39:00,,,,,,,,,,,,,,,,,,,,,,,,,
23620,09:40:00,,,,,,,,,,,,,,,,,,,,,,,,,
23621,09:41:00,,,,,,,,,,,,,,,,,,,,,,,,,
23622,09:42:00,,,,,,,,,,,,,,,,,,,,,,,,,
23623,09:43:00,,,,,,,,,,,,,,,,,,,,,,,,,
23624,09:44:00,,,,,,,,,,,,,,,,,,,,,,,,,
23625,09:45:00,,,,,,,,,,,,,,,,,,,,,,,,,
23626,09:46:00,,,,,,,,,,,,,,,,,,,,,,,,,
23627,09:47:00,,,,,,,,,,,,,,,,,,,,,,,,,
23628,09:48:00,,,,,,,,,,,,,,,,,,,,,,,,,
23629,09:49:00,,,,,,,,,,,,,,,,,,,,,,,,,
23630,09:50:00,,,,,,,,,,,,,,,,,,,,,,,,,
23631,09:51:00,,,,,,,,,,,,,,,,,,,,,,,,,
23632,09:52:00,,,,,,,,,,,,,,,,,,,,,,,,,
23633,09:53:00,,,,,,,,,,,,,,,,,,,,,,,,,
23634,09:54:00,,,,,,,,,,,,,,,,,,,,,,,,,
23635,09:55:00,,,,,,,,,,,,,,,,,,,,,,,,,
23636,09:56:00,,,,,,,,,,,,,,,,,,,,,,,,,
23637,09:57:00,,,,,,,,,,,,,,,,,,,,,,,,,
23638,09:58:00,,,,,,,,,,,,,,,,,,,,,,,,,
23639,09:59:00,,,,,,,,,,,,,,,,,,,,,,,,,
23640,10:00:00,,,,,,,,,,,,,,,,,,,,,,,,,
23641,10:01:00,,,,,,,,,,,,,,,,,,,,,,,,,
23642,10:02:00,,,,,,,,,,,,,,,,,,,,,,,,,
23643,10:03:00,,,,,,,,,,,,,,,,,,,,,,,,,
23644,10:04:00,,,,,,,,,,,,,,,,,,,,,,,,,
23645,10:05:00,,,,,,,,,,,,,,,,,,,,,,,,,
23646,10:06:00,,,,,,,,,,,,,,,,,,,,,,,,,
23647,10:07:00,,,,,,,,,,,,,,,,,,,,,,,,,
23648,10:08:00,,,,,,,,,,,,,,,,,,,,,,,,,
23649,10:09:00,,,,,,,,,,,,,,,,,,,,,,,,,
23650,10:10:00,,,,,,,,,,,,,,,,,,,,,,,,,
23651,10:11:00,,,,,,,,,,,,,,,,,,,,,,,,,
23652,10:12:00,,,,,,,,,,,,,,,,,,,,,,,,,
23653,10:13:00,,,,,,,,,,,,,,,,,,,,,,,,,
23654,10:14:00,,,,,,,,,,,,,,,,,,,,,,,,,
23655,10:15:00,,,,,,,,,,,,,,,,,,,,,,,,,
23656,10:16:00,,,,,,,,,,,,,,,,,,,,,,,,,
23657,10:17:00,,,,,,,,,,,,,,,,,,,,,,,,,
23658,10:18:00,,,,,,,,,,,,,,,,,,,,,,,,,
23659,10:19:00,,,,,,,,,,,,,,,,,,,,,,,,,
23660,10:20:00,,,,,,,,,,,,,,,,,,,,,,,,,
23661,10:21:00,,,,,,,,,,,,,,,,,,,,,,,,,
23662,10:22:00,,,,,,,,,,,,,,,,,,,,,,,,,
23663,10:23:00,,,,,,,,,,,,,,,,,,,,,,,,,
23664,10:24:00,,,,,,,,,,,,,,,,,,,,,,,,,
23665,10:25:00,,,,,,,,,,,,,,,,,,,,,,,,,
23666,10:26:00,,,,,,,,,,,,,,,,,,,,,,,,,
23667,10:27:00,,,,,,,,,,,,,,,,,,,,,,,,,
23668,10:28:00,,,,,,,,,,,,,,,,,,,,,,,,,
23669,10:29:00,,,,,,,,,,,,,,,,,,,,,,,,,
23670,10:30:00,,,,,,,,,,,,,,,,,,,,,,,,,
23671,10:31:00,,,,,,,,,,,,,,,,,,,,,,,,,
23672,10:32:00,,,,,,,,,,,,,,,,,,,,,,,,,
23673,10:33:00,,,,,,,,,,,,,,,,,,,,,,,,,
23674,10:34:00,,,,,,,,,,,,,,,,,,,,,,,,,
23675,10:35:00,,,,,,,,,,,,,,,,,,,,,,,,,
23676,10:36:00,,,,,,,,,,,,,,,,,,,,,,,,,
23677,10:37:00,,,,,,,,,,,,,,,,,,,,,,,,,
23678,10:38:00,,,,,,,,,,,,,,,,,,,,,,,,,
23679,10:39:00,,,,,,,,,,,,,,,,,,,,,,,,,
23680,10:40:00,,,,,,,,,,,,,,,,,,,,,,,,,
23681,10:41:00,,,,,,,,,,,,,,,,,,,,,,,,,
23682,10:42:00,,,,,,,,,,,,,,,,,,,,,,,,,
23683,10:43:00,,,,,,,,,,,,,,,,,,,,,,,,,
23684,10:44:00,,,,,,,,,,,,,,,,,,,,,,,,,
23685,10:45:00,,,,,,,,,,,,,,,,,,,,,,,,,
23686,10:46:00,,,,,,,,,,,,,,,,,,,,,,,,,
23687,10:47:00,,,,,,,,,,,,,,,,,,,,,,,,,
23688,10:48:00,,,,,,,,,,,,,,,,,,,,,,,,,
23689,10:49:00,,,,,,,,,,,,,,,,,,,,,,,,,
23690,10:50:00,,,,,,,,,,,,,,,,,,,,,,,,,
23691,10:51:00,,,,,,,,,,,,,,,,,,,,,,,,,
23692,10:52:00,,,,,,,,,,,,,,,,,,,,,,,,,
23693,10:53:00,,,,,,,,,,,,,,,,,,,,,,,,,
23694,10:54:00,,,,,,,,,,,,,,,,,,,,,,,,,
23695,10:55:00,,,,,,,,,,,,,,,,,,,,,,,,,
23696,10:56:00,,,,,,,,,,,,,,,,,,,,,,,,,
23697,10:57:00,,,,,,,,,,,,,,,,,,,,,,,,,
23698,10:58:00,,,,,,,,,,,,,,,,,,,,,,,,,
23699,10:59:00,,,,,,,,,,,,,,,,,,,,,,,,,
23700,11:00:00,,,,,,,,,,,,,,,,,,,,,,,,,
23701,11:01:00,,,,,,,,,,,,,,,,,,,,,,,,,
23702,11:02:00,,,,,,,,,,,,,,,,,,,,,,,,,
23703,11:03:00,,,,,,,,,,,,,,,,,,,,,,,,,
23704,11:04:00,,,,,,,,,,,,,,,,,,,,,,,,,
23705,11:05:00,,,,,,,,,,,,,,,,,,,,,,,,,
23706,11:06:00,,,,,,,,,,,,,,,,,,,,,,,,,
23707,11:07:00,,,,,,,,,,,,,,,,,,,,,,,,,
23708,11:08:00,,,,,,,,,,,,,,,,,,,,,,,,,
23709,11:09:00,,,,,,,,,,,,,,,,,,,,,,,,,
23710,11:10:00,,,,,,,,,,,,,,,,,,,,,,,,,
23711,11:11:00,,,,,,,,,,,,,,,,,,,,,,,,,
23712,11:12:00,,,,,,,,,,,,,,,,,,,,,,,,,
23713,11:13:00,,,,,,,,,,,,,,,,,,,,,,,,,
23714,11:14:00,,,,,,,,,,,,,,,,,,,,,,,,,
23715,11:15:00,,,,,,,,,,,,,,,,,,,,,,,,,
23716,11:16:00,,,,,,,,,,,,,,,,,,,,,,,,,
23717,11:17:00,,,,,,,,,,,,,,,,,,,,,,,,,
23718,11:18:00,,,,,,,,,,,,,,,,,,,,,,,,,
23719,11:19:00,,,,,,,,,,,,,,,,,,,,,,,,,
23720,11:20:00,,,,,,,,,,,,,,,,,,,,,,,,,
23721,11:21:00,,,,,,,,,,,,,,,,,,,,,,,,,
23722,11:22:00,,,,,,,,,,,,,,,,,,,,,,,,,
23723,11:23:00,,,,,,,,,,,,,,,,,,,,,,,,,
23724,11:24:00,,,,,,,,,,,,,,,,,,,,,,,,,
23725,11:25:00,,,,,,,,,,,,,,,,,,,,,,,,,
23726,11:26:00,,,,,,,,,,,,,,,,,,,,,,,,,
23727,11:27:00,,,,,,,,,,,,,,,,,,,,,,,,,
23728,11:28:00,,,,,,,,,,,,,,,,,,,,,,,,,
23729,11:29:00,,,,,,,,,,,,,,,,,,,,,,,,,
23730,11:30:00,,,,,,,,,,,,,,,,,,,,,,,,,
23731,11:31:00,,,,,,,,,,,,,,,,,,,,,,,,,
23732,11:32:00,,,,,,,,,,,,,,,,,,,,,,,,,
23733,11:33:00,,,,,,,,,,,,,,,,,,,,,,,,,
23734,11:34:00,,,,,,,,,,,,,,,,,,,,,,,,,
23735,11:35:00,,,,,,,,,,,,,,,,,,,,,,,,,
23736,11:36:00,,,,,,,,,,,,,,,,,,,,,,,,,
23737,11:37:00,,,,,,,,,,,,,,,,,,,,,,,,,
23738,11:38:00,,,,,,,,,,,,,,,,,,,,,,,,,
23739,11:39:00,,,,,,,,,,,,,,,,,,,,,,,,,
23740,11:40:00,,,,,,,,,,,,,,,,,,,,,,,,,
23741,11:41:00,,,,,,,,,,,,,,,,,,,,,,,,,
23742,11:42:00,,,,,,,,,,,,,,,,,,,,,,,,,
23743,11:43:00,,,,,,,,,,,,,,,,,,,,,,,,,
23744,11:44:00,,,,,,,,,,,,,,,,,,,,,,,,,
23745,11:45:00,,,,,,,,,,,,,,,,,,,,,,,,,
23746,11:46:00,,,,,,,,,,,,,,,,,,,,,,,,,
23747,11:47:00,,,,,,,,,,,,,,,,,,,,,,,,,
23748,11:48:00,,,,,,,,,,,,,,,,,,,,,,,,,
23749,11:49:00,,,,,,,,,,,,,,,,,,,,,,,,,
23750,11:50:00,,,,,,,,,,,,,,,,,,,,,,,,,
23751,11:51:00,,,,,,,,,,,,,,,,,,,,,,,,,
23752,11:52:00,,,,,,,,,,,,,,,,,,,,,,,,,
23753,11:53:00,,,,,,,,,,,,,,,,,,,,,,,,,
23754,11:54:00,,,,,,,,,,,,,,,,,,,,,,,,,
23755,11:55:00,,,,,,,,,,,,,,,,,,,,,,,,,
23756,11:56:00,,,,,,,,,,,,,,,,,,,,,,,,,
23757,11:57:00,,,,,,,,,,,,,,,,,,,,,,,,,
23758,11:58:00,,,,,,,,,,,,,,,,,,,,,,,,,
23759,11:59:00,,,,,,,,,,,,,,,,,,,,,,,,,
23760,12:00:00,,,,,,,,,,,,,,,,,,,,,,,,,
23761,12:01:00,,,,,,,,,,,,,,,,,,,,,,,,,
23762,12:02:00,,,,,,,,,,,,,,,,,,,,,,,,,
23763,12:03:00,,,,,,,,,,,,,,,,,,,,,,,,,
23764,12:04:00,,,,,,,,,,,,,,,,,,,,,,,,,
23765,12:05:00,,,,,,,,,,,,,,,,,,,,,,,,,
23766,12:06:00,,,,,,,,,,,,,,,,,,,,,,,,,
23767,12:07:00,,,,,,,,,,,,,,,,,,,,,,,,,
23768,12:08:00,,,,,,,,,,,,,,,,,,,,,,,,,
23769,12:09:00,,,,,,,,,,,,,,,,,,,,,,,,,
23770,12:10:00,,,,,,,,,,,,,,,,,,,,,,,,,
23771,12:11:00,,,,,,,,,,,,,,,,,,,,,,,,,
23772,12:12:00,,,,,,,,,,,,,,,,,,,,,,,,,
23773,12:13:00,,,,,,,,,,,,,,,,,,,,,,,,,
23774,12:14:00,,,,,,,,,,,,,,,,,,,,,,,,,
23775,12:15:00,,,,,,,,,,,,,,,,,,,,,,,,,
23776,12:16:00,,,,,,,,,,,,,,,,,,,,,,,,,
23777,12:17:00,,,,,,,,,,,,,,,,,,,,,,,,,
23778,12:18:00,,,,,,,,,,,,,,,,,,,,,,,,,
23779,12:19:00,,,,,,,,,,,,,,,,,,,,,,,,,
23780,12:20:00,,,,,,,,,,,,,,,,,,,,,,,,,
23781,12:21:00,,,,,,,,,,,,,,,,,,,,,,,,,
23782,12:22:00,,,,,,,,,,,,,,,,,,,,,,,,,
23783,12:23:00,,,,,,,,,,,,,,,,,,,,,,,,,
23784,12:24:00,,,,,,,,,,,,,,,,,,,,,,,,,
23785,12:25:00,,,,,,,,,,,,,,,,,,,,,,,,,
23786,12:26:00,,,,,,,,,,,,,,,,,,,,,,,,,
23787,12:27:00,,,,,,,,,,,,,,,,,,,,,,,,,
23788,12:28:00,,,,,,,,,,,,,,,,,,,,,,,,,
23789,12:29:00,,,,,,,,,,,,,,,,,,,,,,,,,
23790,12:30:00,,,,,,,,,,,,,,,,,,,,,,,,,
23791,12:31:00,,,,,,,,,,,,,,,,,,,,,,,,,
23792,12:32:00,,,,,,,,,,,,,,,,,,,,,,,,,
23793,12:33:00,,,,,,,,,,,,,,,,,,,,,,,,,
23794,12:34:00,,,,,,,,,,,,,,,,,,,,,,,,,
23795,12:35:00,,,,,,,,,,,,,,,,,,,,,,,,,
23796,12:36:00,,,,,,,,,,,,,,,,,,,,,,,,,
23797,12:37:00,,,,,,,,,,,,,,,,,,,,,,,,,
23798,12:38:00,,,,,,,,,,,,,,,,,,,,,,,,,
23799,12:39:00,,,,,,,,,,,,,,,,,,,,,,,,,
23800,12:40:00,,,,,,,,,,,,,,,,,,,,,,,,,
23801,12:41:00,,,,,,,,,,,,,,,,,,,,,,,,,
23802,12:42:00,,,,,,,,,,,,,,,,,,,,,,,,,
23803,12:43:00,,,,,,,,,,,,,,,,,,,,,,,,,
23804,12:44:00,,,,,,,,,,,,,,,,,,,,,,,,,
23805,12:45:00,,,,,,,,,,,,,,,,,,,,,,,,,
23806,12:46:00,,,,,,,,,,,,,,,,,,,,,,,,,
23807,12:47:00,,,,,,,,,,,,,,,,,,,,,,,,,
23808,12:48:00,,,,,,,,,,,,,,,,,,,,,,,,,
23809,12:49:00,,,,,,,,,,,,,,,,,,,,,,,,,
23810,12:50:00,,,,,,,,,,,,,,,,,,,,,,,,,
23811,12:51:00,,,,,,,,,,,,,,,,,,,,,,,,,
23812,12:52:00,,,,,,,,,,,,,,,,,,,,,,,,,
23813,12:53:00,,,,,,,,,,,,,,,,,,,,,,,,,
23814,12:54:00,,,,,,,,,,,,,,,,,,,,,,,,,
23815,12:55:00,,,,,,,,,,,,,,,,,,,,,,,,,
23816,12:56:00,,,,,,,,,,,,,,,,,,,,,,,,,
23817,12:57:00,,,,,,,,,,,,,,,,,,,,,,,,,
23818,12:58:00,,,,,,,,,,,,,,,,,,,,,,,,,
23819,12:59:00,,,,,,,,,,,,,,,,,,,,,,,,,
23820,13:00:00,,,,,,,,,,,,,,,,,,,,,,,,,
23821,13:01:00,,,,,,,,,,,,,,,,,,,,,,,,,
23822,13:02:00,,,,,,,,,,,,,,,,,,,,,,,,,
23823,13:03:00,,,,,,,,,,,,,,,,,,,,,,,,,
23824,13:04:00,,,,,,,,,,,,,,,,,,,,,,,,,
23825,13:05:00,,,,,,,,,,,,,,,,,,,,,,,,,
23826,13:06:00,,,,,,,,,,,,,,,,,,,,,,,,,
23827,13:07:00,,,,,,,,,,,,,,,,,,,,,,,,,
23828,13:08:00,,,,,,,,,,,,,,,,,,,,,,,,,
23829,13:09:00,,,,,,,,,,,,,,,,,,,,,,,,,
23830,13:10:00,,,,,,,,,,,,,,,,,,,,,,,,,
23831,13:11:00,,,,,,,,,,,,,,,,,,,,,,,,,
23832,13:12:00,,,,,,,,,,,,,,,,,,,,,,,,,
23833,13:13:00,,,,,,,,,,,,,,,,,,,,,,,,,
23834,13:14:00,,,,,,,,,,,,,,,,,,,,,,,,,
23835,13:15:00,,,,,,,,,,,,,,,,,,,,,,,,,
23836,13:16:00,,,,,,,,,,,,,,,,,,,,,,,,,
23837,13:17:00,,,,,,,,,,,,,,,,,,,,,,,,,
23838,13:18:00,,,,,,,,,,,,,,,,,,,,,,,,,
23839,13:19:00,,,,,,,,,,,,,,,,,,,,,,,,,
23840,13:20:00,,,,,,,,,,,,,,,,,,,,,,,,,
23841,13:21:00,,,,,,,,,,,,,,,,,,,,,,,,,
23842,13:22:00,,,,,,,,,,,,,,,,,,,,,,,,,
23843,13:23:00,,,,,,,,,,,,,,,,,,,,,,,,,
23844,13:24:00,,,,,,,,,,,,,,,,,,,,,,,,,
23845,13:25:00,,,,,,,,,,,,,,,,,,,,,,,,,
23846,13:26:00,,,,,,,,,,,,,,,,,,,,,,,,,
23847,13:27:00,,,,,,,,,,,,,,,,,,,,,,,,,
23848,13:28:00,,,,,,,,,,,,,,,,,,,,,,,,,
23849,13:29:00,,,,,,,,,,,,,,,,,,,,,,,,,
23850,13:30:00,,,,,,,,,,,,,,,,,,,,,,,,,
23851,13:31:00,,,,,,,,,,,,,,,,,,,,,,,,,
23852,13:32:00,,,,,,,,,,,,,,,,,,,,,,,,,
23853,13:33:00,,,,,,,,,,,,,,,,,,,,,,,,,
23854,13:34:00,,,,,,,,,,,,,,,,,,,,,,,,,
23855,13:35:00,,,,,,,,,,,,,,,,,,,,,,,,,
23856,13:36:00,,,,,,,,,,,,,,,,,,,,,,,,,
23857,13:37:00,,,,,,,,,,,,,,,,,,,,,,,,,
23858,13:38:00,,,,,,,,,,,,,,,,,,,,,,,,,
23859,13:39:00,,,,,,,,,,,,,,,,,,,,,,,,,
23860,13:40:00,,,,,,,,,,,,,,,,,,,,,,,,,
23861,13:41:00,,,,,,,,,,,,,,,,,,,,,,,,,
23862,13:42:00,,,,,,,,,,,,,,,,,,,,,,,,,
23863,13:43:00,,,,,,,,,,,,,,,,,,,,,,,,,
23864,13:44:00,,,,,,,,,,,,,,,,,,,,,,,,,
23865,13:45:00,,,,,,,,,,,,,,,,,,,,,,,,,
23866,13:46:00,,,,,,,,,,,,,,,,,,,,,,,,,
23867,13:47:00,,,,,,,,,,,,,,,,,,,,,,,,,
23868,13:48:00,,,,,,,,,,,,,,,,,,,,,,,,,
23869,13:49:00,,,,,,,,,,,,,,,,,,,,,,,,,
23870,13:50:00,,,,,,,,,,,,,,,,,,,,,,,,,
23871,13:51:00,,,,,,,,,,,,,,,,,,,,,,,,,
23872,13:52:00,,,,,,,,,,,,,,,,,,,,,,,,,
23873,13:53:00,,,,,,,,,,,,,,,,,,,,,,,,,
23874,13:54:00,,,,,,,,,,,,,,,,,,,,,,,,,
23875,13:55:00,,,,,,,,,,,,,,,,,,,,,,,,,
23876,13:56:00,,,,,,,,,,,,,,,,,,,,,,,,,
23877,13:57:00,,,,,,,,,,,,,,,,,,,,,,,,,
23878,13:58:00,,,,,,,,,,,,,,,,,,,,,,,,,
23879,13:59:00,,,,,,,,,,,,,,,,,,,,,,,,,
23880,14:00:00,,,,,,,,,,,,,,,,,,,,,,,,,
23881,14:01:00,,,,,,,,,,,,,,,,,,,,,,,,,
23882,14:02:00,,,,,,,,,,,,,,,,,,,,,,,,,
23883,14:03:00,,,,,,,,,,,,,,,,,,,,,,,,,
23884,14:04:00,,,,,,,,,,,,,,,,,,,,,,,,,
23885,14:05:00,,,,,,,,,,,,,,,,,,,,,,,,,
23886,14:06:00,,,,,,,,,,,,,,,,,,,,,,,,,
23887,14:07:00,,,,,,,,,,,,,,,,,,,,,,,,,
23888,14:08:00,,,,,,,,,,,,,,,,,,,,,,,,,
23889,14:09:00,,,,,,,,,,,,,,,,,,,,,,,,,
23890,14:10:00,,,,,,,,,,,,,,,,,,,,,,,,,
23891,14:11:00,,,,,,,,,,,,,,,,,,,,,,,,,
23892,14:12:00,,,,,,,,,,,,,,,,,,,,,,,,,
23893,14:13:00,,,,,,,,,,,,,,,,,,,,,,,,,
23894,14:14:00,,,,,,,,,,,,,,,,,,,,,,,,,
23895,14:15:00,,,,,,,,,,,,,,,,,,,,,,,,,
23896,14:16:00,,,,,,,,,,,,,,,,,,,,,,,,,
23897,14:17:00,,,,,,,,,,,,,,,,,,,,,,,,,
23898,14:18:00,,,,,,,,,,,,,,,,,,,,,,,,,
23899,14:19:00,,,,,,,,,,,,,,,,,,,,,,,,,
23900,14:20:00,,,,,,,,,,,,,,,,,,,,,,,,,
23901,14:21:00,,,,,,,,,,,,,,,,,,,,,,,,,
23902,14:22:00,,,,,,,,,,,,,,,,,,,,,,,,,
23903,14:23:00,,,,,,,,,,,,,,,,,,,,,,,,,
23904,14:24:00,,,,,,,,,,,,,,,,,,,,,,,,,
23905,14:25:00,,,,,,,,,,,,,,,,,,,,,,,,,
23906,14:26:00,,,,,,,,,,,,,,,,,,,,,,,,,
23907,14:27:00,,,,,,,,,,,,,,,,,,,,,,,,,
23908,14:28:00,,,,,,,,,,,,,,,,,,,,,,,,,
23909,14:29:00,,,,,,,,,,,,,,,,,,,,,,,,,
23910,14:30:00,,,,,,,,,,,,,,,,,,,,,,,,,
23911,14:31:00,,,,,,,,,,,,,,,,,,,,,,,,,
23912,14:32:00,,,,,,,,,,,,,,,,,,,,,,,,,
23913,14:33:00,,,,,,,,,,,,,,,,,,,,,,,,,
23914,14:34:00,,,,,,,,,,,,,,,,,,,,,,,,,
23915,14:35:00,,,,,,,,,,,,,,,,,,,,,,,,,
23916,14:36:00,,,,,,,,,,,,,,,,,,,,,,,,,
23917,14:37:00,,,,,,,,,,,,,,,,,,,,,,,,,
23918,14:38:00,,,,,,,,,,,,,,,,,,,,,,,,,
23919,14:39:00,,,,,,,,,,,,,,,,,,,,,,,,,
23920,14:40:00,,,,,,,,,,,,,,,,,,,,,,,,,
23921,14:41:00,,,,,,,,,,,,,,,,,,,,,,,,,
23922,14:42:00,,,,,,,,,,,,,,,,,,,,,,,,,
23923,14:43:00,,,,,,,,,,,,,,,,,,,,,,,,,
23924,14:44:00,,,,,,,,,,,,,,,,,,,,,,,,,
23925,14:45:00,,,,,,,,,,,,,,,,,,,,,,,,,
23926,14:46:00,,,,,,,,,,,,,,,,,,,,,,,,,
23927,14:47:00,,,,,,,,,,,,,,,,,,,,,,,,,
23928,14:48:00,,,,,,,,,,,,,,,,,,,,,,,,,
23929,14:49:00,,,,,,,,,,,,,,,,,,,,,,,,,
23930,14:50:00,,,,,,,,,,,,,,,,,,,,,,,,,
23931,14:51:00,,,,,,,,,,,,,,,,,,,,,,,,,
23932,14:52:00,,,,,,,,,,,,,,,,,,,,,,,,,
23933,14:53:00,,,,,,,,,,,,,,,,,,,,,,,,,
23934,14:54:00,,,,,,,,,,,,,,,,,,,,,,,,,
23935,14:55:00,,,,,,,,,,,,,,,,,,,,,,,,,
23936,14:56:00,,,,,,,,,,,,,,,,,,,,,,,,,
23937,14:57:00,,,,,,,,,,,,,,,,,,,,,,,,,
23938,14:58:00,,,,,,,,,,,,,,,,,,,,,,,,,
23939,14:59:00,,,,,,,,,,,,,,,,,,,,,,,,,
23940,15:00:00,,,,,,,,,,,,,,,,,,,,,,,,,
23941,15:01:00,,,,,,,,,,,,,,,,,,,,,,,,,
23942,15:02:00,,,,,,,,,,,,,,,,,,,,,,,,,
23943,15:03:00,,,,,,,,,,,,,,,,,,,,,,,,,
23944,15:04:00,,,,,,,,,,,,,,,,,,,,,,,,,
23945,15:05:00,,,,,,,,,,,,,,,,,,,,,,,,,
23946,15:06:00,,,,,,,,,,,,,,,,,,,,,,,,,
23947,15:07:00,,,,,,,,,,,,,,,,,,,,,,,,,
23948,15:08:00,,,,,,,,,,,,,,,,,,,,,,,,,
23949,15:09:00,,,,,,,,,,,,,,,,,,,,,,,,,
23950,15:10:00,,,,,,,,,,,,,,,,,,,,,,,,,
23951,15:11:00,,,,,,,,,,,,,,,,,,,,,,,,,
23952,15:12:00,,,,,,,,,,,,,,,,,,,,,,,,,
23953,15:13:00,,,,,,,,,,,,,,,,,,,,,,,,,
23954,15:14:00,,,,,,,,,,,,,,,,,,,,,,,,,
23955,15:15:00,,,,,,,,,,,,,,,,,,,,,,,,,
23956,15:16:00,,,,,,,,,,,,,,,,,,,,,,,,,
23957,15:17:00,,,,,,,,,,,,,,,,,,,,,,,,,
23958,15:18:00,,,,,,,,,,,,,,,,,,,,,,,,,
23959,15:19:00,,,,,,,,,,,,,,,,,,,,,,,,,
23960,15:20:00,,,,,,,,,,,,,,,,,,,,,,,,,
23961,15:21:00,,,,,,,,,,,,,,,,,,,,,,,,,
23962,15:22:00,,,,,,,,,,,,,,,,,,,,,,,,,
23963,15:23:00,,,,,,,,,,,,,,,,,,,,,,,,,
23964,15:24:00,,,,,,,,,,,,,,,,,,,,,,,,,
23965,15:25:00,,,,,,,,,,,,,,,,,,,,,,,,,
23966,15:26:00,,,,,,,,,,,,,,,,,,,,,,,,,
23967,15:27:00,,,,,,,,,,,,,,,,,,,,,,,,,
23968,15:28:00,,,,,,,,,,,,,,,,,,,,,,,,,
23969,15:29:00,,,,,,,,,,,,,,,,,,,,,,,,,
23970,15:30:00,,,,,,,,,,,,,,,,,,,,,,,,,
23971,15:31:00,,,,,,,,,,,,,,,,,,,,,,,,,
23972,15:32:00,,,,,,,,,,,,,,,,,,,,,,,,,
23973,15:33:00,,,,,,,,,,,,,,,,,,,,,,,,,
23974,15:34:00,,,,,,,,,,,,,,,,,,,,,,,,,
23975,15:35:00,,,,,,,,,,,,,,,,,,,,,,,,,
23976,15:36:00,,,,,,,,,,,,,,,,,,,,,,,,,
23977,15:37:00,,,,,,,,,,,,,,,,,,,,,,,,,
23978,15:38:00,,,,,,,,,,,,,,,,,,,,,,,,,
23979,15:39:00,,,,,,,,,,,,,,,,,,,,,,,,,
23980,15:40:00,,,,,,,,,,,,,,,,,,,,,,,,,
23981,15:41:00,,,,,,,,,,,,,,,,,,,,,,,,,
23982,15:42:00,,,,,,,,,,,,,,,,,,,,,,,,,
23983,15:43:00,,,,,,,,,,,,,,,,,,,,,,,,,
23984,15:44:00,,,,,,,,,,,,,,,,,,,,,,,,,
23985,15:45:00,,,,,,,,,,,,,,,,,,,,,,,,,
23986,15:46:00,,,,,,,,,,,,,,,,,,,,,,,,,
23987,15:47:00,,,,,,,,,,,,,,,,,,,,,,,,,
23988,15:48:00,,,,,,,,,,,,,,,,,,,,,,,,,
23989,15:49:00,,,,,,,,,,,,,,,,,,,,,,,,,
23990,15:50:00,,,,,,,,,,,,,,,,,,,,,,,,,
23991,15:51:00,,,,,,,,,,,,,,,,,,,,,,,,,
23992,15:52:00,,,,,,,,,,,,,,,,,,,,,,,,,
23993,15:53:00,,,,,,,,,,,,,,,,,,,,,,,,,
23994,15:54:00,,,,,,,,,,,,,,,,,,,,,,,,,
23995,15:55:00,,,,,,,,,,,,,,,,,,,,,,,,,
23996,15:56:00,,,,,,,,,,,,,,,,,,,,,,,,,
23997,15:57:00,,,,,,,,,,,,,,,,,,,,,,,,,
23998,15:58:00,,,,,,,,,,,,,,,,,,,,,,,,,
23999,15:59:00,,,,,,,,,,,,,,,,,,,,,,,,,
24000,16:00:00,,,,,,,,,,,,,,,,,,,,,,,,,
24001,16:01:00,,,,,,,,,,,,,,,,,,,,,,,,,
24002,16:02:00,,,,,,,,,,,,,,,,,,,,,,,,,
24003,16:03:00,,,,,,,,,,,,,,,,,,,,,,,,,
24004,16:04:00,,,,,,,,,,,,,,,,,,,,,,,,,
24005,16:05:00,,,,,,,,,,,,,,,,,,,,,,,,,
24006,16:06:00,,,,,,,,,,,,,,,,,,,,,,,,,
24007,16:07:00,,,,,,,,,,,,,,,,,,,,,,,,,
24008,16:08:00,,,,,,,,,,,,,,,,,,,,,,,,,
24009,16:09:00,,,,,,,,,,,,,,,,,,,,,,,,,
24010,16:10:00,,,,,,,,,,,,,,,,,,,,,,,,,
24011,16:11:00,,,,,,,,,,,,,,,,,,,,,,,,,
24012,16:12:00,,,,,,,,,,,,,,,,,,,,,,,,,
24013,16:13:00,,,,,,,,,,,,,,,,,,,,,,,,,
24014,16:14:00,,,,,,,,,,,,,,,,,,,,,,,,,
24015,16:15:00,,,,,,,,,,,,,,,,,,,,,,,,,
24016,16:16:00,,,,,,,,,,,,,,,,,,,,,,,,,
24017,16:17:00,,,,,,,,,,,,,,,,,,,,,,,,,
24018,16:18:00,,,,,,,,,,,,,,,,,,,,,,,,,
24019,16:19:00,,,,,,,,,,,,,,,,,,,,,,,,,
24020,16:20:00,,,,,,,,,,,,,,,,,,,,,,,,,
24021,16:21:00,,,,,,,,,,,,,,,,,,,,,,,,,
24022,16:22:00,,,,,,,,,,,,,,,,,,,,,,,,,
24023,16:23:00,,,,,,,,,,,,,,,,,,,,,,,,,
24024,16:24:00,,,,,,,,,,,,,,,,,,,,,,,,,
24025,16:25:00,,,,,,,,,,,,,,,,,,,,,,,,,
24026,16:26:00,,,,,,,,,,,,,,,,,,,,,,,,,
24027,16:27:00,,,,,,,,,,,,,,,,,,,,,,,,,
24028,16:28:00,,,,,,,,,,,,,,,,,,,,,,,,,
24029,16:29:00,,,,,,,,,,,,,,,,,,,,,,,,,
24030,16:30:00,,,,,,,,,,,,,,,,,,,,,,,,,
24031,16:31:00,,,,,,,,,,,,,,,,,,,,,,,,,
24032,16:32:00,,,,,,,,,,,,,,,,,,,,,,,,,
24033,16:33:00,,,,,,,,,,,,,,,,,,,,,,,,,
24034,16:34:00,,,,,,,,,,,,,,,,,,,,,,,,,
24035,16:35:00,,,,,,,,,,,,,,,,,,,,,,,,,
24036,16:36:00,,,,,,,,,,,,,,,,,,,,,,,,,
24037,16:37:00,,,,,,,,,,,,,,,,,,,,,,,,,
24038,16:38:00,,,,,,,,,,,,,,,,,,,,,,,,,
24039,16:39:00,,,,,,,,,,,,,,,,,,,,,,,,,
24040,16:40:00,,,,,,,,,,,,,,,,,,,,,,,,,
24041,16:41:00,,,,,,,,,,,,,,,,,,,,,,,,,
24042,16:42:00,,,,,,,,,,,,,,,,,,,,,,,,,
24043,16:43:00,,,,,,,,,,,,,,,,,,,,,,,,,
24044,16:44:00,,,,,,,,,,,,,,,,,,,,,,,,,
24045,16:45:00,,,,,,,,,,,,,,,,,,,,,,,,,
24046,16:46:00,,,,,,,,,,,,,,,,,,,,,,,,,
24047,16:47:00,,,,,,,,,,,,,,,,,,,,,,,,,
24048,16:48:00,,,,,,,,,,,,,,,,,,,,,,,,,
24049,16:49:00,,,,,,,,,,,,,,,,,,,,,,,,,
24050,16:50:00,,,,,,,,,,,,,,,,,,,,,,,,,
24051,16:51:00,,,,,,,,,,,,,,,,,,,,,,,,,
24052,16:52:00,,,,,,,,,,,,,,,,,,,,,,,,,
24053,16:53:00,,,,,,,,,,,,,,,,,,,,,,,,,
24054,16:54:00,,,,,,,,,,,,,,,,,,,,,,,,,
24055,16:55:00,,,,,,,,,,,,,,,,,,,,,,,,,
24056,16:56:00,,,,,,,,,,,,,,,,,,,,,,,,,
24057,16:57:00,,,,,,,,,,,,,,,,,,,,,,,,,
24058,16:58:00,,,,,,,,,,,,,,,,,,,,,,,,,
24059,16:59:00,,,,,,,,,,,,,,,,,,,,,,,,,
24060,17:00:00,,,,,,,,,,,,,,,,,,,,,,,,,
24061,17:01:00,,,,,,,,,,,,,,,,,,,,,,,,,
24062,17:02:00,,,,,,,,,,,,,,,,,,,,,,,,,
24063,17:03:00,,,,,,,,,,,,,,,,,,,,,,,,,
24064,17:04:00,,,,,,,,,,,,,,,,,,,,,,,,,
24065,17:05:00,,,,,,,,,,,,,,,,,,,,,,,,,
24066,17:06:00,,,,,,,,,,,,,,,,,,,,,,,,,
24067,17:07:00,,,,,,,,,,,,,,,,,,,,,,,,,
24068,17:08:00,,,,,,,,,,,,,,,,,,,,,,,,,
24069,17:09:00,,,,,,,,,,,,,,,,,,,,,,,,,
24070,17:10:00,,,,,,,,,,,,,,,,,,,,,,,,,
24071,17:11:00,,,,,,,,,,,,,,,,,,,,,,,,,
24072,17:12:00,,,,,,,,,,,,,,,,,,,,,,,,,
24073,17:13:00,,,,,,,,,,,,,,,,,,,,,,,,,
24074,17:14:00,,,,,,,,,,,,,,,,,,,,,,,,,
24075,17:15:00,,,,,,,,,,,,,,,,,,,,,,,,,
24076,17:16:00,,,,,,,,,,,,,,,,,,,,,,,,,
24077,17:17:00,,,,,,,,,,,,,,,,,,,,,,,,,
24078,17:18:00,,,,,,,,,,,,,,,,,,,,,,,,,
24079,17:19:00,,,,,,,,,,,,,,,,,,,,,,,,,
24080,17:20:00,,,,,,,,,,,,,,,,,,,,,,,,,
24081,17:21:00,,,,,,,,,,,,,,,,,,,,,,,,,
24082,17:22:00,,,,,,,,,,,,,,,,,,,,,,,,,
24083,17:23:00,,,,,,,,,,,,,,,,,,,,,,,,,
24084,17:24:00,,,,,,,,,,,,,,,,,,,,,,,,,
24085,17:25:00,,,,,,,,,,,,,,,,,,,,,,,,,
24086,17:26:00,,,,,,,,,,,,,,,,,,,,,,,,,
24087,17:27:00,,,,,,,,,,,,,,,,,,,,,,,,,
24088,17:28:00,,,,,,,,,,,,,,,,,,,,,,,,,
24089,17:29:00,,,,,,,,,,,,,,,,,,,,,,,,,
24090,17:30:00,,,,,,,,,,,,,,,,,,,,,,,,,
24091,17:31:00,,,,,,,,,,,,,,,,,,,,,,,,,
24092,17:32:00,,,,,,,,,,,,,,,,,,,,,,,,,
24093,17:33:00,,,,,,,,,,,,,,,,,,,,,,,,,
24094,17:34:00,,,,,,,,,,,,,,,,,,,,,,,,,
24095,17:35:00,,,,,,,,,,,,,,,,,,,,,,,,,
24096,17:36:00,,,,,,,,,,,,,,,,,,,,,,,,,
24097,17:37:00,,,,,,,,,,,,,,,,,,,,,,,,,
24098,17:38:00,,,,,,,,,,,,,,,,,,,,,,,,,
24099,17:39:00,,,,,,,,,,,,,,,,,,,,,,,,,
24100,17:40:00,,,,,,,,,,,,,,,,,,,,,,,,,
24101,17:41:00,,,,,,,,,,,,,,,,,,,,,,,,,
24102,17:42:00,,,,,,,,,,,,,,,,,,,,,,,,,
24103,17:43:00,,,,,,,,,,,,,,,,,,,,,,,,,
24104,17:44:00,,,,,,,,,,,,,,,,,,,,,,,,,
24105,17:45:00,,,,,,,,,,,,,,,,,,,,,,,,,
24106,17:46:00,,,,,,,,,,,,,,,,,,,,,,,,,
24107,17:47:00,,,,,,,,,,,,,,,,,,,,,,,,,
24108,17:48:00,,,,,,,,,,,,,,,,,,,,,,,,,
24109,17:49:00,,,,,,,,,,,,,,,,,,,,,,,,,
24110,17:50:00,,,,,,,,,,,,,,,,,,,,,,,,,
24111,17:51:00,,,,,,,,,,,,,,,,,,,,,,,,,
24112,17:52:00,,,,,,,,,,,,,,,,,,,,,,,,,
24113,17:53:00,,,,,,,,,,,,,,,,,,,,,,,,,
24114,17:54:00,,,,,,,,,,,,,,,,,,,,,,,,,
24115,17:55:00,,,,,,,,,,,,,,,,,,,,,,,,,
24116,17:56:00,,,,,,,,,,,,,,,,,,,,,,,,,
24117,17:57:00,,,,,,,,,,,,,,,,,,,,,,,,,
24118,17:58:00,,,,,,,,,,,,,,,,,,,,,,,,,
24119,17:59:00,,,,,,,,,,,,,,,,,,,,,,,,,
24120,18:00:00,,,,,,,,,,,,,,,,,,,,,,,,,
24121,18:01:00,,,,,,,,,,,,,,,,,,,,,,,,,
24122,18:02:00,,,,,,,,,,,,,,,,,,,,,,,,,
24123,18:03:00,,,,,,,,,,,,,,,,,,,,,,,,,
24124,18:04:00,,,,,,,,,,,,,,,,,,,,,,,,,
24125,18:05:00,,,,,,,,,,,,,,,,,,,,,,,,,
24126,18:06:00,,,,,,,,,,,,,,,,,,,,,,,,,
24127,18:07:00,,,,,,,,,,,,,,,,,,,,,,,,,
24128,18:08:00,,,,,,,,,,,,,,,,,,,,,,,,,
24129,18:09:00,,,,,,,,,,,,,,,,,,,,,,,,,
24130,18:10:00,,,,,,,,,,,,,,,,,,,,,,,,,
24131,18:11:00,,,,,,,,,,,,,,,,,,,,,,,,,
24132,18:12:00,,,,,,,,,,,,,,,,,,,,,,,,,
24133,18:13:00,,,,,,,,,,,,,,,,,,,,,,,,,
24134,18:14:00,,,,,,,,,,,,,,,,,,,,,,,,,
24135,18:15:00,,,,,,,,,,,,,,,,,,,,,,,,,
24136,18:16:00,,,,,,,,,,,,,,,,,,,,,,,,,
24137,18:17:00,,,,,,,,,,,,,,,,,,,,,,,,,
24138,18:18:00,,,,,,,,,,,,,,,,,,,,,,,,,
24139,18:19:00,,,,,,,,,,,,,,,,,,,,,,,,,
24140,18:20:00,,,,,,,,,,,,,,,,,,,,,,,,,
24141,18:21:00,,,,,,,,,,,,,,,,,,,,,,,,,
24142,18:22:00,,,,,,,,,,,,,,,,,,,,,,,,,
24143,18:23:00,,,,,,,,,,,,,,,,,,,,,,,,,
24144,18:24:00,,,,,,,,,,,,,,,,,,,,,,,,,
24145,18:25:00,,,,,,,,,,,,,,,,,,,,,,,,,
24146,18:26:00,,,,,,,,,,,,,,,,,,,,,,,,,
24147,18:27:00,,,,,,,,,,,,,,,,,,,,,,,,,
24148,18:28:00,,,,,,,,,,,,,,,,,,,,,,,,,
24149,18:29:00,,,,,,,,,,,,,,,,,,,,,,,,,
24150,18:30:00,,,,,,,,,,,,,,,,,,,,,,,,,
24151,18:31:00,,,,,,,,,,,,,,,,,,,,,,,,,
24152,18:32:00,,,,,,,,,,,,,,,,,,,,,,,,,
24153,18:33:00,,,,,,,,,,,,,,,,,,,,,,,,,
24154,18:34:00,,,,,,,,,,,,,,,,,,,,,,,,,
24155,18:35:00,,,,,,,,,,,,,,,,,,,,,,,,,
24156,18:36:00,,,,,,,,,,,,,,,,,,,,,,,,,
24157,18:37:00,,,,,,,,,,,,,,,,,,,,,,,,,
24158,18:38:00,,,,,,,,,,,,,,,,,,,,,,,,,
24159,18:39:00,,,,,,,,,,,,,,,,,,,,,,,,,
24160,18:40:00,,,,,,,,,,,,,,,,,,,,,,,,,
24161,18:41:00,,,,,,,,,,,,,,,,,,,,,,,,,
24162,18:42:00,,,,,,,,,,,,,,,,,,,,,,,,,
24163,18:43:00,,,,,,,,,,,,,,,,,,,,,,,,,
24164,18:44:00,,,,,,,,,,,,,,,,,,,,,,,,,
24165,18:45:00,,,,,,,,,,,,,,,,,,,,,,,,,
24166,18:46:00,,,,,,,,,,,,,,,,,,,,,,,,,
24167,18:47:00,,,,,,,,,,,,,,,,,,,,,,,,,
24168,18:48:00,,,,,,,,,,,,,,,,,,,,,,,,,
24169,18:49:00,,,,,,,,,,,,,,,,,,,,,,,,,
24170,18:50:00,,,,,,,,,,,,,,,,,,,,,,,,,
24171,18:51:00,,,,,,,,,,,,,,,,,,,,,,,,,
24172,18:52:00,,,,,,,,,,,,,,,,,,,,,,,,,
24173,18:53:00,,,,,,,,,,,,,,,,,,,,,,,,,
24174,18:54:00,,,,,,,,,,,,,,,,,,,,,,,,,
24175,18:55:00,,,,,,,,,,,,,,,,,,,,,,,,,
24176,18:56:00,,,,,,,,,,,,,,,,,,,,,,,,,
24177,18:57:00,,,,,,,,,,,,,,,,,,,,,,,,,
24178,18:58:00,,,,,,,,,,,,,,,,,,,,,,,,,
24179,18:59:00,,,,,,,,,,,,,,,,,,,,,,,,,
24180,19:00:00,,,,,,,,,,,,,,,,,,,,,,,,,
24181,19:01:00,,,,,,,,,,,,,,,,,,,,,,,,,
24182,19:02:00,,,,,,,,,,,,,,,,,,,,,,,,,
24183,19:03:00,,,,,,,,,,,,,,,,,,,,,,,,,
24184,19:04:00,,,,,,,,,,,,,,,,,,,,,,,,,
24185,19:05:00,,,,,,,,,,,,,,,,,,,,,,,,,
24186,19:06:00,,,,,,,,,,,,,,,,,,,,,,,,,
24187,19:07:00,,,,,,,,,,,,,,,,,,,,,,,,,
24188,19:08:00,,,,,,,,,,,,,,,,,,,,,,,,,
24189,19:09:00,,,,,,,,,,,,,,,,,,,,,,,,,
24190,19:10:00,,,,,,,,,,,,,,,,,,,,,,,,,
24191,19:11:00,,,,,,,,,,,,,,,,,,,,,,,,,
24192,19:12:00,,,,,,,,,,,,,,,,,,,,,,,,,
24193,19:13:00,,,,,,,,,,,,,,,,,,,,,,,,,
24194,19:14:00,,,,,,,,,,,,,,,,,,,,,,,,,
24195,19:15:00,,,,,,,,,,,,,,,,,,,,,,,,,
24196,19:16:00,,,,,,,,,,,,,,,,,,,,,,,,,
24197,19:17:00,,,,,,,,,,,,,,,,,,,,,,,,,
24198,19:18:00,,,,,,,,,,,,,,,,,,,,,,,,,
24199,19:19:00,,,,,,,,,,,,,,,,,,,,,,,,,
24200,19:20:00,,,,,,,,,,,,,,,,,,,,,,,,,
24201,19:21:00,,,,,,,,,,,,,,,,,,,,,,,,,
24202,19:22:00,,,,,,,,,,,,,,,,,,,,,,,,,
24203,19:23:00,,,,,,,,,,,,,,,,,,,,,,,,,
24204,19:24:00,,,,,,,,,,,,,,,,,,,,,,,,,
24205,19:25:00,,,,,,,,,,,,,,,,,,,,,,,,,
24206,19:26:00,,,,,,,,,,,,,,,,,,,,,,,,,
24207,19:27:00,,,,,,,,,,,,,,,,,,,,,,,,,
24208,19:28:00,,,,,,,,,,,,,,,,,,,,,,,,,
24209,19:29:00,,,,,,,,,,,,,,,,,,,,,,,,,
24210,19:30:00,,,,,,,,,,,,,,,,,,,,,,,,,
24211,19:31:00,,,,,,,,,,,,,,,,,,,,,,,,,
24212,19:32:00,,,,,,,,,,,,,,,,,,,,,,,,,
24213,19:33:00,,,,,,,,,,,,,,,,,,,,,,,,,
24214,19:34:00,,,,,,,,,,,,,,,,,,,,,,,,,
24215,19:35:00,,,,,,,,,,,,,,,,,,,,,,,,,
24216,19:36:00,,,,,,,,,,,,,,,,,,,,,,,,,
24217,19:37:00,,,,,,,,,,,,,,,,,,,,,,,,,
24218,19:38:00,,,,,,,,,,,,,,,,,,,,,,,,,
24219,19:39:00,,,,,,,,,,,,,,,,,,,,,,,,,
24220,19:40:00,,,,,,,,,,,,,,,,,,,,,,,,,
24221,19:41:00,,,,,,,,,,,,,,,,,,,,,,,,,
24222,19:42:00,,,,,,,,,,,,,,,,,,,,,,,,,
24223,19:43:00,,,,,,,,,,,,,,,,,,,,,,,,,
24224,19:44:00,,,,,,,,,,,,,,,,,,,,,,,,,
24225,19:45:00,,,,,,,,,,,,,,,,,,,,,,,,,
24226,19:46:00,,,,,,,,,,,,,,,,,,,,,,,,,
24227,19:47:00,,,,,,,,,,,,,,,,,,,,,,,,,
24228,19:48:00,,,,,,,,,,,,,,,,,,,,,,,,,
24229,19:49:00,,,,,,,,,,,,,,,,,,,,,,,,,
24230,19:50:00,,,,,,,,,,,,,,,,,,,,,,,,,
24231,19:51:00,,,,,,,,,,,,,,,,,,,,,,,,,
24232,19:52:00,,,,,,,,,,,,,,,,,,,,,,,,,
24233,19:53:00,,,,,,,,,,,,,,,,,,,,,,,,,
24234,19:54:00,,,,,,,,,,,,,,,,,,,,,,,,,
24235,19:55:00,,,,,,,,,,,,,,,,,,,,,,,,,
24236,19:56:00,,,,,,,,,,,,,,,,,,,,,,,,,
24237,19:57:00,,,,,,,,,,,,,,,,,,,,,,,,,
24238,19:58:00,,,,,,,,,,,,,,,,,,,,,,,,,
24239,19:59:00,,,,,,,,,,,,,,,,,,,,,,,,,
24240,20:00:00,,,,,,,,,,,,,,,,,,,,,,,,,
24241,20:01:00,,,,,,,,,,,,,,,,,,,,,,,,,
24242,20:02:00,,,,,,,,,,,,,,,,,,,,,,,,,
24243,20:03:00,,,,,,,,,,,,,,,,,,,,,,,,,
24244,20:04:00,,,,,,,,,,,,,,,,,,,,,,,,,
24245,20:05:00,,,,,,,,,,,,,,,,,,,,,,,,,
24246,20:06:00,,,,,,,,,,,,,,,,,,,,,,,,,
24247,20:07:00,,,,,,,,,,,,,,,,,,,,,,,,,
24248,20:08:00,,,,,,,,,,,,,,,,,,,,,,,,,
24249,20:09:00,,,,,,,,,,,,,,,,,,,,,,,,,
24250,20:10:00,,,,,,,,,,,,,,,,,,,,,,,,,
24251,20:11:00,,,,,,,,,,,,,,,,,,,,,,,,,
24252,20:12:00,,,,,,,,,,,,,,,,,,,,,,,,,
24253,20:13:00,,,,,,,,,,,,,,,,,,,,,,,,,
24254,20:14:00,,,,,,,,,,,,,,,,,,,,,,,,,
24255,20:15:00,,,,,,,,,,,,,,,,,,,,,,,,,
24256,20:16:00,,,,,,,,,,,,,,,,,,,,,,,,,
24257,20:17:00,,,,,,,,,,,,,,,,,,,,,,,,,
24258,20:18:00,,,,,,,,,,,,,,,,,,,,,,,,,
24259,20:19:00,,,,,,,,,,,,,,,,,,,,,,,,,
24260,20:20:00,,,,,,,,,,,,,,,,,,,,,,,,,
24261,20:21:00,,,,,,,,,,,,,,,,,,,,,,,,,
24262,20:22:00,,,,,,,,,,,,,,,,,,,,,,,,,
24263,20:23:00,,,,,,,,,,,,,,,,,,,,,,,,,
24264,20:24:00,,,,,,,,,,,,,,,,,,,,,,,,,
24265,20:25:00,,,,,,,,,,,,,,,,,,,,,,,,,
24266,20:26:00,,,,,,,,,,,,,,,,,,,,,,,,,
24267,20:27:00,,,,,,,,,,,,,,,,,,,,,,,,,
24268,20:28:00,,,,,,,,,,,,,,,,,,,,,,,,,
24269,20:29:00,,,,,,,,,,,,,,,,,,,,,,,,,
24270,20:30:00,,,,,,,,,,,,,,,,,,,,,,,,,
24271,20:31:00,,,,,,,,,,,,,,,,,,,,,,,,,
24272,20:32:00,,,,,,,,,,,,,,,,,,,,,,,,,
24273,20:33:00,,,,,,,,,,,,,,,,,,,,,,,,,
24274,20:34:00,,,,,,,,,,,,,,,,,,,,,,,,,
24275,20:35:00,,,,,,,,,,,,,,,,,,,,,,,,,
24276,20:36:00,,,,,,,,,,,,,,,,,,,,,,,,,
24277,20:37:00,,,,,,,,,,,,,,,,,,,,,,,,,
24278,20:38:00,,,,,,,,,,,,,,,,,,,,,,,,,
24279,20:39:00,,,,,,,,,,,,,,,,,,,,,,,,,
24280,20:40:00,,,,,,,,,,,,,,,,,,,,,,,,,
24281,20:41:00,,,,,,,,,,,,,,,,,,,,,,,,,
24282,20:42:00,,,,,,,,,,,,,,,,,,,,,,,,,
24283,20:43:00,,,,,,,,,,,,,,,,,,,,,,,,,
24284,20:44:00,,,,,,,,,,,,,,,,,,,,,,,,,
24285,20:45:00,,,,,,,,,,,,,,,,,,,,,,,,,
24286,20:46:00,,,,,,,,,,,,,,,,,,,,,,,,,
24287,20:47:00,,,,,,,,,,,,,,,,,,,,,,,,,
24288,20:48:00,,,,,,,,,,,,,,,,,,,,,,,,,
24289,20:49:00,,,,,,,,,,,,,,,,,,,,,,,,,
24290,20:50:00,,,,,,,,,,,,,,,,,,,,,,,,,
24291,20:51:00,,,,,,,,,,,,,,,,,,,,,,,,,
24292,20:52:00,,,,,,,,,,,,,,,,,,,,,,,,,
24293,20:53:00,,,,,,,,,,,,,,,,,,,,,,,,,
24294,20:54:00,,,,,,,,,,,,,,,,,,,,,,,,,
24295,20:55:00,,,,,,,,,,,,,,,,,,,,,,,,,
24296,20:56:00,,,,,,,,,,,,,,,,,,,,,,,,,
24297,20:57:00,,,,,,,,,,,,,,,,,,,,,,,,,
24298,20:58:00,,,,,,,,,,,,,,,,,,,,,,,,,
24299,20:59:00,,,,,,,,,,,,,,,,,,,,,,,,,
24300,21:00:00,,,,,,,,,,,,,,,,,,,,,,,,,
24301,21:01:00,,,,,,,,,,,,,,,,,,,,,,,,,
24302,21:02:00,,,,,,,,,,,,,,,,,,,,,,,,,
24303,21:03:00,,,,,,,,,,,,,,,,,,,,,,,,,
24304,21:04:00,,,,,,,,,,,,,,,,,,,,,,,,,
24305,21:05:00,,,,,,,,,,,,,,,,,,,,,,,,,
24306,21:06:00,,,,,,,,,,,,,,,,,,,,,,,,,
24307,21:07:00,,,,,,,,,,,,,,,,,,,,,,,,,
24308,21:08:00,,,,,,,,,,,,,,,,,,,,,,,,,
24309,21:09:00,,,,,,,,,,,,,,,,,,,,,,,,,
24310,21:10:00,,,,,,,,,,,,,,,,,,,,,,,,,
24311,21:11:00,,,,,,,,,,,,,,,,,,,,,,,,,
24312,21:12:00,,,,,,,,,,,,,,,,,,,,,,,,,
24313,21:13:00,,,,,,,,,,,,,,,,,,,,,,,,,
24314,21:14:00,,,,,,,,,,,,,,,,,,,,,,,,,
24315,21:15:00,,,,,,,,,,,,,,,,,,,,,,,,,
24316,21:16:00,,,,,,,,,,,,,,,,,,,,,,,,,
24317,21:17:00,,,,,,,,,,,,,,,,,,,,,,,,,
24318,21:18:00,,,,,,,,,,,,,,,,,,,,,,,,,
24319,21:19:00,,,,,,,,,,,,,,,,,,,,,,,,,
24320,21:20:00,,,,,,,,,,,,,,,,,,,,,,,,,
24321,21:21:00,,,,,,,,,,,,,,,,,,,,,,,,,
24322,21:22:00,,,,,,,,,,,,,,,,,,,,,,,,,
24323,21:23:00,,,,,,,,,,,,,,,,,,,,,,,,,
24324,21:24:00,,,,,,,,,,,,,,,,,,,,,,,,,
24325,21:25:00,,,,,,,,,,,,,,,,,,,,,,,,,
24326,21:26:00,,,,,,,,,,,,,,,,,,,,,,,,,
24327,21:27:00,,,,,,,,,,,,,,,,,,,,,,,,,
24328,21:28:00,,,,,,,,,,,,,,,,,,,,,,,,,
24329,21:29:00,,,,,,,,,,,,,,,,,,,,,,,,,
24330,21:30:00,,,,,,,,,,,,,,,,,,,,,,,,,
24331,21:31:00,,,,,,,,,,,,,,,,,,,,,,,,,
24332,21:32:00,,,,,,,,,,,,,,,,,,,,,,,,,
24333,21:33:00,,,,,,,,,,,,,,,,,,,,,,,,,
24334,21:34:00,,,,,,,,,,,,,,,,,,,,,,,,,
24335,21:35:00,,,,,,,,,,,,,,,,,,,,,,,,,
24336,21:36:00,,,,,,,,,,,,,,,,,,,,,,,,,
24337,21:37:00,,,,,,,,,,,,,,,,,,,,,,,,,
24338,21:38:00,,,,,,,,,,,,,,,,,,,,,,,,,
24339,21:39:00,,,,,,,,,,,,,,,,,,,,,,,,,
24340,21:40:00,,,,,,,,,,,,,,,,,,,,,,,,,
24341,21:41:00,,,,,,,,,,,,,,,,,,,,,,,,,
24342,21:42:00,,,,,,,,,,,,,,,,,,,,,,,,,
24343,21:43:00,,,,,,,,,,,,,,,,,,,,,,,,,
24344,21:44:00,,,,,,,,,,,,,,,,,,,,,,,,,
24345,21:45:00,,,,,,,,,,,,,,,,,,,,,,,,,
24346,21:46:00,,,,,,,,,,,,,,,,,,,,,,,,,
24347,21:47:00,,,,,,,,,,,,,,,,,,,,,,,,,
24348,21:48:00,,,,,,,,,,,,,,,,,,,,,,,,,
24349,21:49:00,,,,,,,,,,,,,,,,,,,,,,,,,
24350,21:50:00,,,,,,,,,,,,,,,,,,,,,,,,,
24351,21:51:00,,,,,,,,,,,,,,,,,,,,,,,,,
24352,21:52:00,,,,,,,,,,,,,,,,,,,,,,,,,
24353,21:53:00,,,,,,,,,,,,,,,,,,,,,,,,,
24354,21:54:00,,,,,,,,,,,,,,,,,,,,,,,,,
24355,21:55:00,,,,,,,,,,,,,,,,,,,,,,,,,
24356,21:56:00,,,,,,,,,,,,,,,,,,,,,,,,,
24357,21:57:00,,,,,,,,,,,,,,,,,,,,,,,,,
24358,21:58:00,,,,,,,,,,,,,,,,,,,,,,,,,
24359,21:59:00,,,,,,,,,,,,,,,,,,,,,,,,,
24360,22:00:00,,,,,,,,,,,,,,,,,,,,,,,,,
24361,22:01:00,,,,,,,,,,,,,,,,,,,,,,,,,
24362,22:02:00,,,,,,,,,,,,,,,,,,,,,,,,,
24363,22:03:00,,,,,,,,,,,,,,,,,,,,,,,,,
24364,22:04:00,,,,,,,,,,,,,,,,,,,,,,,,,
24365,22:05:00,,,,,,,,,,,,,,,,,,,,,,,,,
24366,22:06:00,,,,,,,,,,,,,,,,,,,,,,,,,
24367,22:07:00,,,,,,,,,,,,,,,,,,,,,,,,,
24368,22:08:00,,,,,,,,,,,,,,,,,,,,,,,,,
24369,22:09:00,,,,,,,,,,,,,,,,,,,,,,,,,
24370,22:10:00,,,,,,,,,,,,,,,,,,,,,,,,,
24371,22:11:00,,,,,,,,,,,,,,,,,,,,,,,,,
24372,22:12:00,,,,,,,,,,,,,,,,,,,,,,,,,
24373,22:13:00,,,,,,,,,,,,,,,,,,,,,,,,,
24374,22:14:00,,,,,,,,,,,,,,,,,,,,,,,,,
24375,22:15:00,,,,,,,,,,,,,,,,,,,,,,,,,
24376,22:16:00,,,,,,,,,,,,,,,,,,,,,,,,,
24377,22:17:00,,,,,,,,,,,,,,,,,,,,,,,,,
24378,22:18:00,,,,,,,,,,,,,,,,,,,,,,,,,
24379,22:19:00,,,,,,,,,,,,,,,,,,,,,,,,,
24380,22:20:00,,,,,,,,,,,,,,,,,,,,,,,,,
24381,22:21:00,,,,,,,,,,,,,,,,,,,,,,,,,
24382,22:22:00,,,,,,,,,,,,,,,,,,,,,,,,,
24383,22:23:00,,,,,,,,,,,,,,,,,,,,,,,,,
24384,22:24:00,,,,,,,,,,,,,,,,,,,,,,,,,
24385,22:25:00,,,,,,,,,,,,,,,,,,,,,,,,,
24386,22:26:00,,,,,,,,,,,,,,,,,,,,,,,,,
24387,22:27:00,,,,,,,,,,,,,,,,,,,,,,,,,
24388,22:28:00,,,,,,,,,,,,,,,,,,,,,,,,,
24389,22:29:00,,,,,,,,,,,,,,,,,,,,,,,,,
24390,22:30:00,,,,,,,,,,,,,,,,,,,,,,,,,
24391,22:31:00,,,,,,,,,,,,,,,,,,,,,,,,,
24392,22:32:00,,,,,,,,,,,,,,,,,,,,,,,,,
24393,22:33:00,,,,,,,,,,,,,,,,,,,,,,,,,
24394,22:34:00,,,,,,,,,,,,,,,,,,,,,,,,,
24395,22:35:00,,,,,,,,,,,,,,,,,,,,,,,,,
24396,22:36:00,,,,,,,,,,,,,,,,,,,,,,,,,
24397,22:37:00,,,,,,,,,,,,,,,,,,,,,,,,,
24398,22:38:00,,,,,,,,,,,,,,,,,,,,,,,,,
24399,22:39:00,,,,,,,,,,,,,,,,,,,,,,,,,
24400,22:40:00,,,,,,,,,,,,,,,,,,,,,,,,,
24401,22:41:00,,,,,,,,,,,,,,,,,,,,,,,,,
24402,22:42:00,,,,,,,,,,,,,,,,,,,,,,,,,
24403,22:43:00,,,,,,,,,,,,,,,,,,,,,,,,,
24404,22:44:00,,,,,,,,,,,,,,,,,,,,,,,,,
24405,22:45:00,,,,,,,,,,,,,,,,,,,,,,,,,
24406,22:46:00,,,,,,,,,,,,,,,,,,,,,,,,,
24407,22:47:00,,,,,,,,,,,,,,,,,,,,,,,,,
24408,22:48:00,,,,,,,,,,,,,,,,,,,,,,,,,
24409,22:49:00,,,,,,,,,,,,,,,,,,,,,,,,,
24410,22:50:00,,,,,,,,,,,,,,,,,,,,,,,,,
24411,22:51:00,,,,,,,,,,,,,,,,,,,,,,,,,
24412,22:52:00,,,,,,,,,,,,,,,,,,,,,,,,,
24413,22:53:00,,,,,,,,,,,,,,,,,,,,,,,,,
24414,22:54:00,,,,,,,,,,,,,,,,,,,,,,,,,
24415,22:55:00,,,,,,,,,,,,,,,,,,,,,,,,,
24416,22:56:00,,,,,,,,,,,,,,,,,,,,,,,,,
24417,22:57:00,,,,,,,,,,,,,,,,,,,,,,,,,
24418,22:58:00,,,,,,,,,,,,,,,,,,,,,,,,,
24419,22:59:00,,,,,,,,,,,,,,,,,,,,,,,,,
24420,23:00:00,,,,,,,,,,,,,,,,,,,,,,,,,
24421,23:01:00,,,,,,,,,,,,,,,,,,,,,,,,,
24422,23:02:00,,,,,,,,,,,,,,,,,,,,,,,,,
24423,23:03:00,,,,,,,,,,,,,,,,,,,,,,,,,
24424,23:04:00,,,,,,,,,,,,,,,,,,,,,,,,,
24425,23:05:00,,,,,,,,,,,,,,,,,,,,,,,,,
24426,23:06:00,,,,,,,,,,,,,,,,,,,,,,,,,
24427,23:07:00,,,,,,,,,,,,,,,,,,,,,,,,,
24428,23:08:00,,,,,,,,,,,,,,,,,,,,,,,,,
24429,23:09:00,,,,,,,,,,,,,,,,,,,,,,,,,
24430,23:10:00,,,,,,,,,,,,,,,,,,,,,,,,,
24431,23:11:00,,,,,,,,,,,,,,,,,,,,,,,,,
24432,23:12:00,,,,,,,,,,,,,,,,,,,,,,,,,
24433,23:13:00,,,,,,,,,,,,,,,,,,,,,,,,,
24434,23:14:00,,,,,,,,,,,,,,,,,,,,,,,,,
24435,23:15:00,,,,,,,,,,,,,,,,,,,,,,,,,
24436,23:16:00,,,,,,,,,,,,,,,,,,,,,,,,,
24437,23:17:00,,,,,,,,,,,,,,,,,,,,,,,,,
24438,23:18:00,,,,,,,,,,,,,,,,,,,,,,,,,
24439,23:19:00,,,,,,,,,,,,,,,,,,,,,,,,,
24440,23:20:00,,,,,,,,,,,,,,,,,,,,,,,,,
24441,23:21:00,,,,,,,,,,,,,,,,,,,,,,,,,
24442,23:22:00,,,,,,,,,,,,,,,,,,,,,,,,,
24443,23:23:00,,,,,,,,,,,,,,,,,,,,,,,,,
24444,23:24:00,,,,,,,,,,,,,,,,,,,,,,,,,
24445,23:25:00,,,,,,,,,,,,,,,,,,,,,,,,,
24446,23:26:00,,,,,,,,,,,,,,,,,,,,,,,,,
24447,23:27:00,,,,,,,,,,,,,,,,,,,,,,,,,
24448,23:28:00,,,,,,,,,,,,,,,,,,,,,,,,,
24449,23:29:00,,,,,,,,,,,,,,,,,,,,,,,,,
24450,23:30:00,,,,,,,,,,,,,,,,,,,,,,,,,
24451,23:31:00,,,,,,,,,,,,,,,,,,,,,,,,,
24452,23:32:00,,,,,,,,,,,,,,,,,,,,,,,,,
24453,23:33:00,,,,,,,,,,,,,,,,,,,,,,,,,
24454,23:34:00,,,,,,,,,,,,,,,,,,,,,,,,,
24455,23:35:00,,,,,,,,,,,,,,,,,,,,,,,,,
24456,23:36:00,,,,,,,,,,,,,,,,,,,,,,,,,
24457,23:37:00,,,,,,,,,,,,,,,,,,,,,,,,,
24458,23:38:00,,,,,,,,,,,,,,,,,,,,,,,,,
24459,23:39:00,,,,,,,,,,,,,,,,,,,,,,,,,
24460,23:40:00,,,,,,,,,,,,,,,,,,,,,,,,,
24461,23:41:00,,,,,,,,,,,,,,,,,,,,,,,,,
24462,23:42:00,,,,,,,,,,,,,,,,,,,,,,,,,
24463,23:43:00,,,,,,,,,,,,,,,,,,,,,,,,,
24464,23:44:00,,,,,,,,,,,,,,,,,,,,,,,,,
24465,23:45:00,,,,,,,,,,,,,,,,,,,,,,,,,
24466,23:46:00,,,,,,,,,,,,,,,,,,,,,,,,,
24467,23:47:00,,,,,,,,,,,,,,,,,,,,,,,,,
24468,23:48:00,,,,,,,,,,,,,,,,,,,,,,,,,
24469,23:49:00,,,,,,,,,,,,,,,,,,,,,,,,,
24470,23:50:00,,,,,,,,,,,,,,,,,,,,,,,,,
24471,23:51:00,,,,,,,,,,,,,,,,,,,,,,,,,
24472,23:52:00,,,,,,,,,,,,,,,,,,,,,,,,,
24473,23:53:00,,,,,,,,,,,,,,,,,,,,,,,,,
24474,23:54:00,,,,,,,,,,,,,,,,,,,,,,,,,
24475,23:55:00,,,,,,,,,,,,,,,,,,,,,,,,,
24476,23:56:00,,,,,,,,,,,,,,,,,,,,,,,,,
24477,23:57:00,,,,,,,,,,,,,,,,,,,,,,,,,
24478,23:58:00,,,,,,,,,,,,,,,,,,,,,,,,,
24479,23:59:00,,,,,,,,,,,,,,,,,,,,,,,,,
24480,00:00:00,,,,,,,,,,,,,,,,,,,,,,,,,
24481,00:01:00,,,,,,,,,,,,,,,,,,,,,,,,,
24482,00:02:00,,,,,,,,,,,,,,,,,,,,,,,,,
24483,00:03:00,,,,,,,,,,,,,,,,,,,,,,,,,
24484,00:04:00,,,,,,,,,,,,,,,,,,,,,,,,,
24485,00:05:00,,,,,,,,,,,,,,,,,,,,,,,,,
24486,00:06:00,,,,,,,,,,,,,,,,,,,,,,,,,
24487,00:07:00,,,,,,,,,,,,,,,,,,,,,,,,,
24488,00:08:00,,,,,,,,,,,,,,,,,,,,,,,,,
24489,00:09:00,,,,,,,,,,,,,,,,,,,,,,,,,
24490,00:10:00,,,,,,,,,,,,,,,,,,,,,,,,,
24491,00:11:00,,,,,,,,,,,,,,,,,,,,,,,,,
24492,00:12:00,,,,,,,,,,,,,,,,,,,,,,,,,
24493,00:13:00,,,,,,,,,,,,,,,,,,,,,,,,,
24494,00:14:00,,,,,,,,,,,,,,,,,,,,,,,,,
24495,00:15:00,,,,,,,,,,,,,,,,,,,,,,,,,
24496,00:16:00,,,,,,,,,,,,,,,,,,,,,,,,,
24497,00:17:00,,,,,,,,,,,,,,,,,,,,,,,,,
24498,00:18:00,,,,,,,,,,,,,,,,,,,,,,,,,
24499,00:19:00,,,,,,,,,,,,,,,,,,,,,,,,,
24500,00:20:00,,,,,,,,,,,,,,,,,,,,,,,,,
24501,00:21:00,,,,,,,,,,,,,,,,,,,,,,,,,
24502,00:22:00,,,,,,,,,,,,,,,,,,,,,,,,,
24503,00:23:00,,,,,,,,,,,,,,,,,,,,,,,,,
24504,00:24:00,,,,,,,,,,,,,,,,,,,,,,,,,
24505,00:25:00,,,,,,,,,,,,,,,,,,,,,,,,,
24506,00:26:00,,,,,,,,,,,,,,,,,,,,,,,,,
24507,00:27:00,,,,,,,,,,,,,,,,,,,,,,,,,
24508,00:28:00,,,,,,,,,,,,,,,,,,,,,,,,,
24509,00:29:00,,,,,,,,,,,,,,,,,,,,,,,,,
24510,00:30:00,,,,,,,,,,,,,,,,,,,,,,,,,
24511,00:31:00,,,,,,,,,,,,,,,,,,,,,,,,,
24512,00:32:00,,,,,,,,,,,,,,,,,,,,,,,,,
24513,00:33:00,,,,,,,,,,,,,,,,,,,,,,,,,
24514,00:34:00,,,,,,,,,,,,,,,,,,,,,,,,,
24515,00:35:00,,,,,,,,,,,,,,,,,,,,,,,,,
24516,00:36:00,,,,,,,,,,,,,,,,,,,,,,,,,
24517,00:37:00,,,,,,,,,,,,,,,,,,,,,,,,,
24518,00:38:00,,,,,,,,,,,,,,,,,,,,,,,,,
24519,00:39:00,,,,,,,,,,,,,,,,,,,,,,,,,
24520,00:40:00,,,,,,,,,,,,,,,,,,,,,,,,,
24521,00:41:00,,,,,,,,,,,,,,,,,,,,,,,,,
24522,00:42:00,,,,,,,,,,,,,,,,,,,,,,,,,
24523,00:43:00,,,,,,,,,,,,,,,,,,,,,,,,,
24524,00:44:00,,,,,,,,,,,,,,,,,,,,,,,,,
24525,00:45:00,,,,,,,,,,,,,,,,,,,,,,,,,
24526,00:46:00,,,,,,,,,,,,,,,,,,,,,,,,,
24527,00:47:00,,,,,,,,,,,,,,,,,,,,,,,,,
24528,00:48:00,,,,,,,,,,,,,,,,,,,,,,,,,
24529,00:49:00,,,,,,,,,,,,,,,,,,,,,,,,,
24530,00:50:00,,,,,,,,,,,,,,,,,,,,,,,,,
24531,00:51:00,,,,,,,,,,,,,,,,,,,,,,,,,
24532,00:52:00,,,,,,,,,,,,,,,,,,,,,,,,,
24533,00:53:00,,,,,,,,,,,,,,,,,,,,,,,,,
24534,00:54:00,,,,,,,,,,,,,,,,,,,,,,,,,
24535,00:55:00,,,,,,,,,,,,,,,,,,,,,,,,,
24536,00:56:00,,,,,,,,,,,,,,,,,,,,,,,,,
24537,00:57:00,,,,,,,,,,,,,,,,,,,,,,,,,
24538,00:58:00,,,,,,,,,,,,,,,,,,,,,,,,,
24539,00:59:00,,,,,,,,,,,,,,,,,,,,,,,,,
24540,01:00:00,,,,,,,,,,,,,,,,,,,,,,,,,
24541,01:01:00,,,,,,,,,,,,,,,,,,,,,,,,,
24542,01:02:00,,,,,,,,,,,,,,,,,,,,,,,,,
24543,01:03:00,,,,,,,,,,,,,,,,,,,,,,,,,
24544,01:04:00,,,,,,,,,,,,,,,,,,,,,,,,,
24545,01:05:00,,,,,,,,,,,,,,,,,,,,,,,,,
24546,01:06:00,,,,,,,,,,,,,,,,,,,,,,,,,
24547,01:07:00,,,,,,,,,,,,,,,,,,,,,,,,,
24548,01:08:00,,,,,,,,,,,,,,,,,,,,,,,,,
24549,01:09:00,,,,,,,,,,,,,,,,,,,,,,,,,
24550,01:10:00,,,,,,,,,,,,,,,,,,,,,,,,,
24551,01:11:00,,,,,,,,,,,,,,,,,,,,,,,,,
24552,01:12:00,,,,,,,,,,,,,,,,,,,,,,,,,
24553,01:13:00,,,,,,,,,,,,,,,,,,,,,,,,,
24554,01:14:00,,,,,,,,,,,,,,,,,,,,,,,,,
24555,01:15:00,,,,,,,,,,,,,,,,,,,,,,,,,
24556,01:16:00,,,,,,,,,,,,,,,,,,,,,,,,,
24557,01:17:00,,,,,,,,,,,,,,,,,,,,,,,,,
24558,01:18:00,,,,,,,,,,,,,,,,,,,,,,,,,
24559,01:19:00,,,,,,,,,,,,,,,,,,,,,,,,,
24560,01:20:00,,,,,,,,,,,,,,,,,,,,,,,,,
24561,01:21:00,,,,,,,,,,,,,,,,,,,,,,,,,
24562,01:22:00,,,,,,,,,,,,,,,,,,,,,,,,,
24563,01:23:00,,,,,,,,,,,,,,,,,,,,,,,,,
24564,01:24:00,,,,,,,,,,,,,,,,,,,,,,,,,
24565,01:25:00,,,,,,,,,,,,,,,,,,,,,,,,,
24566,01:26:00,,,,,,,,,,,,,,,,,,,,,,,,,
24567,01:27:00,,,,,,,,,,,,,,,,,,,,,,,,,
24568,01:28:00,,,,,,,,,,,,,,,,,,,,,,,,,
24569,01:29:00,,,,,,,,,,,,,,,,,,,,,,,,,
24570,01:30:00,,,,,,,,,,,,,,,,,,,,,,,,,
24571,01:31:00,,,,,,,,,,,,,,,,,,,,,,,,,
24572,01:32:00,,,,,,,,,,,,,,,,,,,,,,,,,
24573,01:33:00,,,,,,,,,,,,,,,,,,,,,,,,,
24574,01:34:00,,,,,,,,,,,,,,,,,,,,,,,,,
24575,01:35:00,,,,,,,,,,,,,,,,,,,,,,,,,
24576,01:36:00,,,,,,,,,,,,,,,,,,,,,,,,,
24577,01:37:00,,,,,,,,,,,,,,,,,,,,,,,,,
24578,01:38:00,,,,,,,,,,,,,,,,,,,,,,,,,
24579,01:39:00,,,,,,,,,,,,,,,,,,,,,,,,,
24580,01:40:00,,,,,,,,,,,,,,,,,,,,,,,,,
24581,01:41:00,,,,,,,,,,,,,,,,,,,,,,,,,
24582,01:42:00,,,,,,,,,,,,,,,,,,,,,,,,,
24583,01:43:00,,,,,,,,,,,,,,,,,,,,,,,,,
24584,01:44:00,,,,,,,,,,,,,,,,,,,,,,,,,
24585,01:45:00,,,,,,,,,,,,,,,,,,,,,,,,,
24586,01:46:00,,,,,,,,,,,,,,,,,,,,,,,,,
24587,01:47:00,,,,,,,,,,,,,,,,,,,,,,,,,
24588,01:48:00,,,,,,,,,,,,,,,,,,,,,,,,,
24589,01:49:00,,,,,,,,,,,,,,,,,,,,,,,,,
24590,01:50:00,,,,,,,,,,,,,,,,,,,,,,,,,
24591,01:51:00,,,,,,,,,,,,,,,,,,,,,,,,,
24592,01:52:00,,,,,,,,,,,,,,,,,,,,,,,,,
24593,01:53:00,,,,,,,,,,,,,,,,,,,,,,,,,
24594,01:54:00,,,,,,,,,,,,,,,,,,,,,,,,,
24595,01:55:00,,,,,,,,,,,,,,,,,,,,,,,,,
24596,01:56:00,,,,,,,,,,,,,,,,,,,,,,,,,
24597,01:57:00,,,,,,,,,,,,,,,,,,,,,,,,,
24598,01:58:00,,,,,,,,,,,,,,,,,,,,,,,,,
24599,01:59:00,,,,,,,,,,,,,,,,,,,,,,,,,
24600,02:00:00,,,,,,,,,,,,,,,,,,,,,,,,,
24601,02:01:00,,,,,,,,,,,,,,,,,,,,,,,,,
24602,02:02:00,,,,,,,,,,,,,,,,,,,,,,,,,
24603,02:03:00,,,,,,,,,,,,,,,,,,,,,,,,,
24604,02:04:00,,,,,,,,,,,,,,,,,,,,,,,,,
24605,02:05:00,,,,,,,,,,,,,,,,,,,,,,,,,
24606,02:06:00,,,,,,,,,,,,,,,,,,,,,,,,,
24607,02:07:00,,,,,,,,,,,,,,,,,,,,,,,,,
24608,02:08:00,,,,,,,,,,,,,,,,,,,,,,,,,
24609,02:09:00,,,,,,,,,,,,,,,,,,,,,,,,,
24610,02:10:00,,,,,,,,,,,,,,,,,,,,,,,,,
24611,02:11:00,,,,,,,,,,,,,,,,,,,,,,,,,
24612,02:12:00,,,,,,,,,,,,,,,,,,,,,,,,,
24613,02:13:00,,,,,,,,,,,,,,,,,,,,,,,,,
24614,02:14:00,,,,,,,,,,,,,,,,,,,,,,,,,
24615,02:15:00,,,,,,,,,,,,,,,,,,,,,,,,,
24616,02:16:00,,,,,,,,,,,,,,,,,,,,,,,,,
24617,02:17:00,,,,,,,,,,,,,,,,,,,,,,,,,
24618,02:18:00,,,,,,,,,,,,,,,,,,,,,,,,,
24619,02:19:00,,,,,,,,,,,,,,,,,,,,,,,,,
24620,02:20:00,,,,,,,,,,,,,,,,,,,,,,,,,
24621,02:21:00,,,,,,,,,,,,,,,,,,,,,,,,,
24622,02:22:00,,,,,,,,,,,,,,,,,,,,,,,,,
24623,02:23:00,,,,,,,,,,,,,,,,,,,,,,,,,
24624,02:24:00,,,,,,,,,,,,,,,,,,,,,,,,,
24625,02:25:00,,,,,,,,,,,,,,,,,,,,,,,,,
24626,02:26:00,,,,,,,,,,,,,,,,,,,,,,,,,
24627,02:27:00,,,,,,,,,,,,,,,,,,,,,,,,,
24628,02:28:00,,,,,,,,,,,,,,,,,,,,,,,,,
24629,02:29:00,,,,,,,,,,,,,,,,,,,,,,,,,
24630,02:30:00,,,,,,,,,,,,,,,,,,,,,,,,,
24631,02:31:00,,,,,,,,,,,,,,,,,,,,,,,,,
24632,02:32:00,,,,,,,,,,,,,,,,,,,,,,,,,
24633,02:33:00,,,,,,,,,,,,,,,,,,,,,,,,,
24634,02:34:00,,,,,,,,,,,,,,,,,,,,,,,,,
24635,02:35:00,,,,,,,,,,,,,,,,,,,,,,,,,
24636,02:36:00,,,,,,,,,,,,,,,,,,,,,,,,,
24637,02:37:00,,,,,,,,,,,,,,,,,,,,,,,,,
24638,02:38:00,,,,,,,,,,,,,,,,,,,,,,,,,
24639,02:39:00,,,,,,,,,,,,,,,,,,,,,,,,,
24640,02:40:00,,,,,,,,,,,,,,,,,,,,,,,,,
24641,02:41:00,,,,,,,,,,,,,,,,,,,,,,,,,
24642,02:42:00,,,,,,,,,,,,,,,,,,,,,,,,,
24643,02:43:00,,,,,,,,,,,,,,,,,,,,,,,,,
24644,02:44:00,,,,,,,,,,,,,,,,,,,,,,,,,
24645,02:45:00,,,,,,,,,,,,,,,,,,,,,,,,,
24646,02:46:00,,,,,,,,,,,,,,,,,,,,,,,,,
24647,02:47:00,,,,,,,,,,,,,,,,,,,,,,,,,
24648,02:48:00,,,,,,,,,,,,,,,,,,,,,,,,,
24649,02:49:00,,,,,,,,,,,,,,,,,,,,,,,,,
24650,02:50:00,,,,,,,,,,,,,,,,,,,,,,,,,
24651,02:51:00,,,,,,,,,,,,,,,,,,,,,,,,,
24652,02:52:00,,,,,,,,,,,,,,,,,,,,,,,,,
24653,02:53:00,,,,,,,,,,,,,,,,,,,,,,,,,
24654,02:54:00,,,,,,,,,,,,,,,,,,,,,,,,,
24655,02:55:00,,,,,,,,,,,,,,,,,,,,,,,,,
24656,02:56:00,,,,,,,,,,,,,,,,,,,,,,,,,
24657,02:57:00,,,,,,,,,,,,,,,,,,,,,,,,,
24658,02:58:00,,,,,,,,,,,,,,,,,,,,,,,,,
24659,02:59:00,,,,,,,,,,,,,,,,,,,,,,,,,
24660,03:00:00,,,,,,,,,,,,,,,,,,,,,,,,,
24661,03:01:00,,,,,,,,,,,,,,,,,,,,,,,,,
24662,03:02:00,,,,,,,,,,,,,,,,,,,,,,,,,
24663,03:03:00,,,,,,,,,,,,,,,,,,,,,,,,,
24664,03:04:00,,,,,,,,,,,,,,,,,,,,,,,,,
24665,03:05:00,,,,,,,,,,,,,,,,,,,,,,,,,
24666,03:06:00,,,,,,,,,,,,,,,,,,,,,,,,,
24667,03:07:00,,,,,,,,,,,,,,,,,,,,,,,,,
24668,03:08:00,,,,,,,,,,,,,,,,,,,,,,,,,
24669,03:09:00,,,,,,,,,,,,,,,,,,,,,,,,,
24670,03:10:00,,,,,,,,,,,,,,,,,,,,,,,,,
24671,03:11:00,,,,,,,,,,,,,,,,,,,,,,,,,
24672,03:12:00,,,,,,,,,,,,,,,,,,,,,,,,,
24673,03:13:00,,,,,,,,,,,,,,,,,,,,,,,,,
24674,03:14:00,,,,,,,,,,,,,,,,,,,,,,,,,
24675,03:15:00,,,,,,,,,,,,,,,,,,,,,,,,,
24676,03:16:00,,,,,,,,,,,,,,,,,,,,,,,,,
24677,03:17:00,,,,,,,,,,,,,,,,,,,,,,,,,
24678,03:18:00,,,,,,,,,,,,,,,,,,,,,,,,,
24679,03:19:00,,,,,,,,,,,,,,,,,,,,,,,,,
24680,03:20:00,,,,,,,,,,,,,,,,,,,,,,,,,
24681,03:21:00,,,,,,,,,,,,,,,,,,,,,,,,,
24682,03:22:00,,,,,,,,,,,,,,,,,,,,,,,,,
24683,03:23:00,,,,,,,,,,,,,,,,,,,,,,,,,
24684,03:24:00,,,,,,,,,,,,,,,,,,,,,,,,,
24685,03:25:00,,,,,,,,,,,,,,,,,,,,,,,,,
24686,03:26:00,,,,,,,,,,,,,,,,,,,,,,,,,
24687,03:27:00,,,,,,,,,,,,,,,,,,,,,,,,,
24688,03:28:00,,,,,,,,,,,,,,,,,,,,,,,,,
24689,03:29:00,,,,,,,,,,,,,,,,,,,,,,,,,
24690,03:30:00,,,,,,,,,,,,,,,,,,,,,,,,,
24691,03:31:00,,,,,,,,,,,,,,,,,,,,,,,,,
24692,03:32:00,,,,,,,,,,,,,,,,,,,,,,,,,
24693,03:33:00,,,,,,,,,,,,,,,,,,,,,,,,,
24694,03:34:00,,,,,,,,,,,,,,,,,,,,,,,,,
24695,03:35:00,,,,,,,,,,,,,,,,,,,,,,,,,
24696,03:36:00,,,,,,,,,,,,,,,,,,,,,,,,,
24697,03:37:00,,,,,,,,,,,,,,,,,,,,,,,,,
24698,03:38:00,,,,,,,,,,,,,,,,,,,,,,,,,
24699,03:39:00,,,,,,,,,,,,,,,,,,,,,,,,,
24700,03:40:00,,,,,,,,,,,,,,,,,,,,,,,,,
24701,03:41:00,,,,,,,,,,,,,,,,,,,,,,,,,
24702,03:42:00,,,,,,,,,,,,,,,,,,,,,,,,,
24703,03:43:00,,,,,,,,,,,,,,,,,,,,,,,,,
24704,03:44:00,,,,,,,,,,,,,,,,,,,,,,,,,
24705,03:45:00,,,,,,,,,,,,,,,,,,,,,,,,,
24706,03:46:00,,,,,,,,,,,,,,,,,,,,,,,,,
24707,03:47:00,,,,,,,,,,,,,,,,,,,,,,,,,
24708,03:48:00,,,,,,,,,,,,,,,,,,,,,,,,,
24709,03:49:00,,,,,,,,,,,,,,,,,,,,,,,,,
24710,03:50:00,,,,,,,,,,,,,,,,,,,,,,,,,
24711,03:51:00,,,,,,,,,,,,,,,,,,,,,,,,,
24712,03:52:00,,,,,,,,,,,,,,,,,,,,,,,,,
24713,03:53:00,,,,,,,,,,,,,,,,,,,,,,,,,
24714,03:54:00,,,,,,,,,,,,,,,,,,,,,,,,,
24715,03:55:00,,,,,,,,,,,,,,,,,,,,,,,,,
24716,03:56:00,,,,,,,,,,,,,,,,,,,,,,,,,
24717,03:57:00,,,,,,,,,,,,,,,,,,,,,,,,,
24718,03:58:00,,,,,,,,,,,,,,,,,,,,,,,,,
24719,03:59:00,,,,,,,,,,,,,,,,,,,,,,,,,
24720,04:00:00,,,,,,,,,,,,,,,,,,,,,,,,,
24721,04:01:00,,,,,,,,,,,,,,,,,,,,,,,,,
24722,04:02:00,,,,,,,,,,,,,,,,,,,,,,,,,
24723,04:03:00,,,,,,,,,,,,,,,,,,,,,,,,,
24724,04:04:00,,,,,,,,,,,,,,,,,,,,,,,,,
24725,04:05:00,,,,,,,,,,,,,,,,,,,,,,,,,
24726,04:06:00,,,,,,,,,,,,,,,,,,,,,,,,,
24727,04:07:00,,,,,,,,,,,,,,,,,,,,,,,,,
24728,04:08:00,,,,,,,,,,,,,,,,,,,,,,,,,
24729,04:09:00,,,,,,,,,,,,,,,,,,,,,,,,,
24730,04:10:00,,,,,,,,,,,,,,,,,,,,,,,,,
24731,04:11:00,,,,,,,,,,,,,,,,,,,,,,,,,
24732,04:12:00,,,,,,,,,,,,,,,,,,,,,,,,,
24733,04:13:00,,,,,,,,,,,,,,,,,,,,,,,,,
24734,04:14:00,,,,,,,,,,,,,,,,,,,,,,,,,
24735,04:15:00,,,,,,,,,,,,,,,,,,,,,,,,,
24736,04:16:00,,,,,,,,,,,,,,,,,,,,,,,,,
24737,04:17:00,,,,,,,,,,,,,,,,,,,,,,,,,
24738,04:18:00,,,,,,,,,,,,,,,,,,,,,,,,,
24739,04:19:00,,,,,,,,,,,,,,,,,,,,,,,,,
24740,04:20:00,,,,,,,,,,,,,,,,,,,,,,,,,
24741,04:21:00,,,,,,,,,,,,,,,,,,,,,,,,,
24742,04:22:00,,,,,,,,,,,,,,,,,,,,,,,,,
24743,04:23:00,,,,,,,,,,,,,,,,,,,,,,,,,
24744,04:24:00,,,,,,,,,,,,,,,,,,,,,,,,,
24745,04:25:00,,,,,,,,,,,,,,,,,,,,,,,,,
24746,04:26:00,,,,,,,,,,,,,,,,,,,,,,,,,
24747,04:27:00,,,,,,,,,,,,,,,,,,,,,,,,,
24748,04:28:00,,,,,,,,,,,,,,,,,,,,,,,,,
24749,04:29:00,,,,,,,,,,,,,,,,,,,,,,,,,
24750,04:30:00,,,,,,,,,,,,,,,,,,,,,,,,,
24751,04:31:00,,,,,,,,,,,,,,,,,,,,,,,,,
24752,04:32:00,,,,,,,,,,,,,,,,,,,,,,,,,
24753,04:33:00,,,,,,,,,,,,,,,,,,,,,,,,,
24754,04:34:00,,,,,,,,,,,,,,,,,,,,,,,,,
24755,04:35:00,,,,,,,,,,,,,,,,,,,,,,,,,
24756,04:36:00,,,,,,,,,,,,,,,,,,,,,,,,,
24757,04:37:00,,,,,,,,,,,,,,,,,,,,,,,,,
24758,04:38:00,,,,,,,,,,,,,,,,,,,,,,,,,
24759,04:39:00,,,,,,,,,,,,,,,,,,,,,,,,,
24760,04:40:00,,,,,,,,,,,,,,,,,,,,,,,,,
24761,04:41:00,,,,,,,,,,,,,,,,,,,,,,,,,
24762,04:42:00,,,,,,,,,,,,,,,,,,,,,,,,,
24763,04:43:00,,,,,,,,,,,,,,,,,,,,,,,,,
24764,04:44:00,,,,,,,,,,,,,,,,,,,,,,,,,
24765,04:45:00,,,,,,,,,,,,,,,,,,,,,,,,,
24766,04:46:00,,,,,,,,,,,,,,,,,,,,,,,,,
24767,04:47:00,,,,,,,,,,,,,,,,,,,,,,,,,
24768,04:48:00,,,,,,,,,,,,,,,,,,,,,,,,,
24769,04:49:00,,,,,,,,,,,,,,,,,,,,,,,,,
24770,04:50:00,,,,,,,,,,,,,,,,,,,,,,,,,
24771,04:51:00,,,,,,,,,,,,,,,,,,,,,,,,,
24772,04:52:00,,,,,,,,,,,,,,,,,,,,,,,,,
24773,04:53:00,,,,,,,,,,,,,,,,,,,,,,,,,
24774,04:54:00,,,,,,,,,,,,,,,,,,,,,,,,,
24775,04:55:00,,,,,,,,,,,,,,,,,,,,,,,,,
24776,04:56:00,,,,,,,,,,,,,,,,,,,,,,,,,
24777,04:57:00,,,,,,,,,,,,,,,,,,,,,,,,,
24778,04:58:00,,,,,,,,,,,,,,,,,,,,,,,,,
24779,04:59:00,,,,,,,,,,,,,,,,,,,,,,,,,
24780,05:00:00,,,,,,,,,,,,,,,,,,,,,,,,,
24781,05:01:00,,,,,,,,,,,,,,,,,,,,,,,,,
24782,05:02:00,,,,,,,,,,,,,,,,,,,,,,,,,
24783,05:03:00,,,,,,,,,,,,,,,,,,,,,,,,,
24784,05:04:00,,,,,,,,,,,,,,,,,,,,,,,,,
24785,05:05:00,,,,,,,,,,,,,,,,,,,,,,,,,
24786,05:06:00,,,,,,,,,,,,,,,,,,,,,,,,,
24787,05:07:00,,,,,,,,,,,,,,,,,,,,,,,,,
24788,05:08:00,,,,,,,,,,,,,,,,,,,,,,,,,
24789,05:09:00,,,,,,,,,,,,,,,,,,,,,,,,,
24790,05:10:00,,,,,,,,,,,,,,,,,,,,,,,,,
24791,05:11:00,,,,,,,,,,,,,,,,,,,,,,,,,
24792,05:12:00,,,,,,,,,,,,,,,,,,,,,,,,,
24793,05:13:00,,,,,,,,,,,,,,,,,,,,,,,,,
24794,05:14:00,,,,,,,,,,,,,,,,,,,,,,,,,
24795,05:15:00,,,,,,,,,,,,,,,,,,,,,,,,,
24796,05:16:00,,,,,,,,,,,,,,,,,,,,,,,,,
24797,05:17:00,,,,,,,,,,,,,,,,,,,,,,,,,
24798,05:18:00,,,,,,,,,,,,,,,,,,,,,,,,,
24799,05:19:00,,,,,,,,,,,,,,,,,,,,,,,,,
24800,05:20:00,,,,,,,,,,,,,,,,,,,,,,,,,
24801,05:21:00,,,,,,,,,,,,,,,,,,,,,,,,,
24802,05:22:00,,,,,,,,,,,,,,,,,,,,,,,,,
24803,05:23:00,,,,,,,,,,,,,,,,,,,,,,,,,
24804,05:24:00,,,,,,,,,,,,,,,,,,,,,,,,,
24805,05:25:00,,,,,,,,,,,,,,,,,,,,,,,,,
24806,05:26:00,,,,,,,,,,,,,,,,,,,,,,,,,
24807,05:27:00,,,,,,,,,,,,,,,,,,,,,,,,,
24808,05:28:00,,,,,,,,,,,,,,,,,,,,,,,,,
24809,05:29:00,,,,,,,,,,,,,,,,,,,,,,,,,
24810,05:30:00,,,,,,,,,,,,,,,,,,,,,,,,,
24811,05:31:00,,,,,,,,,,,,,,,,,,,,,,,,,
24812,05:32:00,,,,,,,,,,,,,,,,,,,,,,,,,
24813,05:33:00,,,,,,,,,,,,,,,,,,,,,,,,,
24814,05:34:00,,,,,,,,,,,,,,,,,,,,,,,,,
24815,05:35:00,,,,,,,,,,,,,,,,,,,,,,,,,
24816,05:36:00,,,,,,,,,,,,,,,,,,,,,,,,,
24817,05:37:00,,,,,,,,,,,,,,,,,,,,,,,,,
24818,05:38:00,,,,,,,,,,,,,,,,,,,,,,,,,
24819,05:39:00,,,,,,,,,,,,,,,,,,,,,,,,,
24820,05:40:00,,,,,,,,,,,,,,,,,,,,,,,,,
24821,05:41:00,,,,,,,,,,,,,,,,,,,,,,,,,
24822,05:42:00,,,,,,,,,,,,,,,,,,,,,,,,,
24823,05:43:00,,,,,,,,,,,,,,,,,,,,,,,,,
24824,05:44:00,,,,,,,,,,,,,,,,,,,,,,,,,
24825,05:45:00,,,,,,,,,,,,,,,,,,,,,,,,,
24826,05:46:00,,,,,,,,,,,,,,,,,,,,,,,,,
24827,05:47:00,,,,,,,,,,,,,,,,,,,,,,,,,
24828,05:48:00,,,,,,,,,,,,,,,,,,,,,,,,,
24829,05:49:00,,,,,,,,,,,,,,,,,,,,,,,,,
24830,05:50:00,,,,,,,,,,,,,,,,,,,,,,,,,
24831,05:51:00,,,,,,,,,,,,,,,,,,,,,,,,,
24832,05:52:00,,,,,,,,,,,,,,,,,,,,,,,,,
24833,05:53:00,,,,,,,,,,,,,,,,,,,,,,,,,
24834,05:54:00,,,,,,,,,,,,,,,,,,,,,,,,,
24835,05:55:00,,,,,,,,,,,,,,,,,,,,,,,,,
24836,05:56:00,,,,,,,,,,,,,,,,,,,,,,,,,
24837,05:57:00,,,,,,,,,,,,,,,,,,,,,,,,,
24838,05:58:00,,,,,,,,,,,,,,,,,,,,,,,,,
24839,05:59:00,,,,,,,,,,,,,,,,,,,,,,,,,
24840,06:00:00,,,,,,,,,,,,,,,,,,,,,,,,,
24841,06:01:00,,,,,,,,,,,,,,,,,,,,,,,,,
24842,06:02:00,,,,,,,,,,,,,,,,,,,,,,,,,
24843,06:03:00,,,,,,,,,,,,,,,,,,,,,,,,,
24844,06:04:00,,,,,,,,,,,,,,,,,,,,,,,,,
24845,06:05:00,,,,,,,,,,,,,,,,,,,,,,,,,
24846,06:06:00,,,,,,,,,,,,,,,,,,,,,,,,,
24847,06:07:00,,,,,,,,,,,,,,,,,,,,,,,,,
24848,06:08:00,,,,,,,,,,,,,,,,,,,,,,,,,
24849,06:09:00,,,,,,,,,,,,,,,,,,,,,,,,,
24850,06:10:00,,,,,,,,,,,,,,,,,,,,,,,,,
24851,06:11:00,,,,,,,,,,,,,,,,,,,,,,,,,
24852,06:12:00,,,,,,,,,,,,,,,,,,,,,,,,,
24853,06:13:00,,,,,,,,,,,,,,,,,,,,,,,,,
24854,06:14:00,,,,,,,,,,,,,,,,,,,,,,,,,
24855,06:15:00,,,,,,,,,,,,,,,,,,,,,,,,,
24856,06:16:00,,,,,,,,,,,,,,,,,,,,,,,,,
24857,06:17:00,,,,,,,,,,,,,,,,,,,,,,,,,
24858,06:18:00,,,,,,,,,,,,,,,,,,,,,,,,,
24859,06:19:00,,,,,,,,,,,,,,,,,,,,,,,,,
24860,06:20:00,,,,,,,,,,,,,,,,,,,,,,,,,
24861,06:21:00,,,,,,,,,,,,,,,,,,,,,,,,,
24862,06:22:00,,,,,,,,,,,,,,,,,,,,,,,,,
24863,06:23:00,,,,,,,,,,,,,,,,,,,,,,,,,
24864,06:24:00,,,,,,,,,,,,,,,,,,,,,,,,,
24865,06:25:00,,,,,,,,,,,,,,,,,,,,,,,,,
24866,06:26:00,,,,,,,,,,,,,,,,,,,,,,,,,
24867,06:27:00,,,,,,,,,,,,,,,,,,,,,,,,,
24868,06:28:00,,,,,,,,,,,,,,,,,,,,,,,,,
24869,06:29:00,,,,,,,,,,,,,,,,,,,,,,,,,
24870,06:30:00,,,,,,,,,,,,,,,,,,,,,,,,,
24871,06:31:00,,,,,,,,,,,,,,,,,,,,,,,,,
24872,06:32:00,,,,,,,,,,,,,,,,,,,,,,,,,
24873,06:33:00,,,,,,,,,,,,,,,,,,,,,,,,,
24874,06:34:00,,,,,,,,,,,,,,,,,,,,,,,,,
24875,06:35:00,,,,,,,,,,,,,,,,,,,,,,,,,
24876,06:36:00,,,,,,,,,,,,,,,,,,,,,,,,,
24877,06:37:00,,,,,,,,,,,,,,,,,,,,,,,,,
24878,06:38:00,,,,,,,,,,,,,,,,,,,,,,,,,
24879,06:39:00,,,,,,,,,,,,,,,,,,,,,,,,,
24880,06:40:00,,,,,,,,,,,,,,,,,,,,,,,,,
24881,06:41:00,,,,,,,,,,,,,,,,,,,,,,,,,
24882,06:42:00,,,,,,,,,,,,,,,,,,,,,,,,,
24883,06:43:00,,,,,,,,,,,,,,,,,,,,,,,,,
24884,06:44:00,,,,,,,,,,,,,,,,,,,,,,,,,
24885,06:45:00,,,,,,,,,,,,,,,,,,,,,,,,,
24886,06:46:00,,,,,,,,,,,,,,,,,,,,,,,,,
24887,06:47:00,,,,,,,,,,,,,,,,,,,,,,,,,
24888,06:48:00,,,,,,,,,,,,,,,,,,,,,,,,,
24889,06:49:00,,,,,,,,,,,,,,,,,,,,,,,,,
24890,06:50:00,,,,,,,,,,,,,,,,,,,,,,,,,
24891,06:51:00,,,,,,,,,,,,,,,,,,,,,,,,,
24892,06:52:00,,,,,,,,,,,,,,,,,,,,,,,,,
24893,06:53:00,,,,,,,,,,,,,,,,,,,,,,,,,
24894,06:54:00,,,,,,,,,,,,,,,,,,,,,,,,,
24895,06:55:00,,,,,,,,,,,,,,,,,,,,,,,,,
24896,06:56:00,,,,,,,,,,,,,,,,,,,,,,,,,
24897,06:57:00,,,,,,,,,,,,,,,,,,,,,,,,,
24898,06:58:00,,,,,,,,,,,,,,,,,,,,,,,,,
24899,06:59:00,,,,,,,,,,,,,,,,,,,,,,,,,
24900,07:00:00,,,,,,,,,,,,,,,,,,,,,,,,,
24901,07:01:00,,,,,,,,,,,,,,,,,,,,,,,,,
24902,07:02:00,,,,,,,,,,,,,,,,,,,,,,,,,
24903,07:03:00,,,,,,,,,,,,,,,,,,,,,,,,,
24904,07:04:00,,,,,,,,,,,,,,,,,,,,,,,,,
24905,07:05:00,,,,,,,,,,,,,,,,,,,,,,,,,
24906,07:06:00,,,,,,,,,,,,,,,,,,,,,,,,,
24907,07:07:00,,,,,,,,,,,,,,,,,,,,,,,,,
24908,07:08:00,,,,,,,,,,,,,,,,,,,,,,,,,
24909,07:09:00,,,,,,,,,,,,,,,,,,,,,,,,,
24910,07:10:00,,,,,,,,,,,,,,,,,,,,,,,,,
24911,07:11:00,,,,,,,,,,,,,,,,,,,,,,,,,
24912,07:12:00,,,,,,,,,,,,,,,,,,,,,,,,,
24913,07:13:00,,,,,,,,,,,,,,,,,,,,,,,,,
24914,07:14:00,,,,,,,,,,,,,,,,,,,,,,,,,
24915,07:15:00,,,,,,,,,,,,,,,,,,,,,,,,,
24916,07:16:00,,,,,,,,,,,,,,,,,,,,,,,,,
24917,07:17:00,,,,,,,,,,,,,,,,,,,,,,,,,
24918,07:18:00,,,,,,,,,,,,,,,,,,,,,,,,,
24919,07:19:00,,,,,,,,,,,,,,,,,,,,,,,,,
24920,07:20:00,,,,,,,,,,,,,,,,,,,,,,,,,
24921,07:21:00,,,,,,,,,,,,,,,,,,,,,,,,,
24922,07:22:00,,,,,,,,,,,,,,,,,,,,,,,,,
24923,07:23:00,,,,,,,,,,,,,,,,,,,,,,,,,
24924,07:24:00,,,,,,,,,,,,,,,,,,,,,,,,,
24925,07:25:00,,,,,,,,,,,,,,,,,,,,,,,,,
24926,07:26:00,,,,,,,,,,,,,,,,,,,,,,,,,
24927,07:27:00,,,,,,,,,,,,,,,,,,,,,,,,,
24928,07:28:00,,,,,,,,,,,,,,,,,,,,,,,,,
24929,07:29:00,,,,,,,,,,,,,,,,,,,,,,,,,
24930,07:30:00,,,,,,,,,,,,,,,,,,,,,,,,,
24931,07:31:00,,,,,,,,,,,,,,,,,,,,,,,,,
24932,07:32:00,,,,,,,,,,,,,,,,,,,,,,,,,
24933,07:33:00,,,,,,,,,,,,,,,,,,,,,,,,,
24934,07:34:00,,,,,,,,,,,,,,,,,,,,,,,,,
24935,07:35:00,,,,,,,,,,,,,,,,,,,,,,,,,
24936,07:36:00,,,,,,,,,,,,,,,,,,,,,,,,,
24937,07:37:00,,,,,,,,,,,,,,,,,,,,,,,,,
24938,07:38:00,,,,,,,,,,,,,,,,,,,,,,,,,
24939,07:39:00,,,,,,,,,,,,,,,,,,,,,,,,,
24940,07:40:00,,,,,,,,,,,,,,,,,,,,,,,,,
24941,07:41:00,,,,,,,,,,,,,,,,,,,,,,,,,
24942,07:42:00,,,,,,,,,,,,,,,,,,,,,,,,,
24943,07:43:00,,,,,,,,,,,,,,,,,,,,,,,,,
24944,07:44:00,,,,,,,,,,,,,,,,,,,,,,,,,
24945,07:45:00,,,,,,,,,,,,,,,,,,,,,,,,,
24946,07:46:00,,,,,,,,,,,,,,,,,,,,,,,,,
24947,07:47:00,,,,,,,,,,,,,,,,,,,,,,,,,
24948,07:48:00,,,,,,,,,,,,,,,,,,,,,,,,,
24949,07:49:00,,,,,,,,,,,,,,,,,,,,,,,,,
24950,07:50:00,,,,,,,,,,,,,,,,,,,,,,,,,
24951,07:51:00,,,,,,,,,,,,,,,,,,,,,,,,,
24952,07:52:00,,,,,,,,,,,,,,,,,,,,,,,,,
24953,07:53:00,,,,,,,,,,,,,,,,,,,,,,,,,
24954,07:54:00,,,,,,,,,,,,,,,,,,,,,,,,,
24955,07:55:00,,,,,,,,,,,,,,,,,,,,,,,,,
24956,07:56:00,,,,,,,,,,,,,,,,,,,,,,,,,
24957,07:57:00,,,,,,,,,,,,,,,,,,,,,,,,,
24958,07:58:00,,,,,,,,,,,,,,,,,,,,,,,,,
24959,07:59:00,,,,,,,,,,,,,,,,,,,,,,,,,
24960,08:00:00,,,,,,,,,,,,,,,,,,,,,,,,,
24961,08:01:00,,,,,,,,,,,,,,,,,,,,,,,,,
24962,08:02:00,,,,,,,,,,,,,,,,,,,,,,,,,
24963,08:03:00,,,,,,,,,,,,,,,,,,,,,,,,,
24964,08:04:00,,,,,,,,,,,,,,,,,,,,,,,,,
24965,08:05:00,,,,,,,,,,,,,,,,,,,,,,,,,
24966,08:06:00,,,,,,,,,,,,,,,,,,,,,,,,,
24967,08:07:00,,,,,,,,,,,,,,,,,,,,,,,,,
24968,08:08:00,,,,,,,,,,,,,,,,,,,,,,,,,
24969,08:09:00,,,,,,,,,,,,,,,,,,,,,,,,,
24970,08:10:00,,,,,,,,,,,,,,,,,,,,,,,,,
24971,08:11:00,,,,,,,,,,,,,,,,,,,,,,,,,
24972,08:12:00,,,,,,,,,,,,,,,,,,,,,,,,,
24973,08:13:00,,,,,,,,,,,,,,,,,,,,,,,,,
24974,08:14:00,,,,,,,,,,,,,,,,,,,,,,,,,
24975,08:15:00,,,,,,,,,,,,,,,,,,,,,,,,,
24976,08:16:00,,,,,,,,,,,,,,,,,,,,,,,,,
24977,08:17:00,,,,,,,,,,,,,,,,,,,,,,,,,
24978,08:18:00,,,,,,,,,,,,,,,,,,,,,,,,,
24979,08:19:00,,,,,,,,,,,,,,,,,,,,,,,,,
24980,08:20:00,,,,,,,,,,,,,,,,,,,,,,,,,
24981,08:21:00,,,,,,,,,,,,,,,,,,,,,,,,,
24982,08:22:00,,,,,,,,,,,,,,,,,,,,,,,,,
24983,08:23:00,,,,,,,,,,,,,,,,,,,,,,,,,
24984,08:24:00,,,,,,,,,,,,,,,,,,,,,,,,,
24985,08:25:00,,,,,,,,,,,,,,,,,,,,,,,,,
24986,08:26:00,,,,,,,,,,,,,,,,,,,,,,,,,
24987,08:27:00,,,,,,,,,,,,,,,,,,,,,,,,,
24988,08:28:00,,,,,,,,,,,,,,,,,,,,,,,,,
24989,08:29:00,,,,,,,,,,,,,,,,,,,,,,,,,
24990,08:30:00,,,,,,,,,,,,,,,,,,,,,,,,,
24991,08:31:00,,,,,,,,,,,,,,,,,,,,,,,,,
24992,08:32:00,,,,,,,,,,,,,,,,,,,,,,,,,
24993,08:33:00,,,,,,,,,,,,,,,,,,,,,,,,,
24994,08:34:00,,,,,,,,,,,,,,,,,,,,,,,,,
24995,08:35:00,,,,,,,,,,,,,,,,,,,,,,,,,
24996,08:36:00,,,,,,,,,,,,,,,,,,,,,,,,,
24997,08:37:00,,,,,,,,,,,,,,,,,,,,,,,,,
24998,08:38:00,,,,,,,,,,,,,,,,,,,,,,,,,
24999,08:39:00,,,,,,,,,,,,,,,,,,,,,,,,,
25000,08:40:00,,,,,,,,,,,,,,,,,,,,,,,,,
25001,08:41:00,,,,,,,,,,,,,,,,,,,,,,,,,
25002,08:42:00,,,,,,,,,,,,,,,,,,,,,,,,,
25003,08:43:00,,,,,,,,,,,,,,,,,,,,,,,,,
25004,08:44:00,,,,,,,,,,,,,,,,,,,,,,,,,
25005,08:45:00,,,,,,,,,,,,,,,,,,,,,,,,,
25006,08:46:00,,,,,,,,,,,,,,,,,,,,,,,,,
25007,08:47:00,,,,,,,,,,,,,,,,,,,,,,,,,
25008,08:48:00,,,,,,,,,,,,,,,,,,,,,,,,,
25009,08:49:00,,,,,,,,,,,,,,,,,,,,,,,,,
25010,08:50:00,,,,,,,,,,,,,,,,,,,,,,,,,
25011,08:51:00,,,,,,,,,,,,,,,,,,,,,,,,,
25012,08:52:00,,,,,,,,,,,,,,,,,,,,,,,,,
25013,08:53:00,,,,,,,,,,,,,,,,,,,,,,,,,
25014,08:54:00,,,,,,,,,,,,,,,,,,,,,,,,,
25015,08:55:00,,,,,,,,,,,,,,,,,,,,,,,,,
25016,08:56:00,,,,,,,,,,,,,,,,,,,,,,,,,
25017,08:57:00,,,,,,,,,,,,,,,,,,,,,,,,,
25018,08:58:00,,,,,,,,,,,,,,,,,,,,,,,,,
25019,08:59:00,,,,,,,,,,,,,,,,,,,,,,,,,
25020,09:00:00,,,,,,,,,,,,,,,,,,,,,,,,,
25021,09:01:00,,,,,,,,,,,,,,,,,,,,,,,,,
25022,09:02:00,,,,,,,,,,,,,,,,,,,,,,,,,
25023,09:03:00,,,,,,,,,,,,,,,,,,,,,,,,,
25024,09:04:00,,,,,,,,,,,,,,,,,,,,,,,,,
25025,09:05:00,,,,,,,,,,,,,,,,,,,,,,,,,
25026,09:06:00,,,,,,,,,,,,,,,,,,,,,,,,,
25027,09:07:00,,,,,,,,,,,,,,,,,,,,,,,,,
25028,09:08:00,,,,,,,,,,,,,,,,,,,,,,,,,
25029,09:09:00,,,,,,,,,,,,,,,,,,,,,,,,,
25030,09:10:00,,,,,,,,,,,,,,,,,,,,,,,,,
25031,09:11:00,,,,,,,,,,,,,,,,,,,,,,,,,
25032,09:12:00,,,,,,,,,,,,,,,,,,,,,,,,,
25033,09:13:00,,,,,,,,,,,,,,,,,,,,,,,,,
25034,09:14:00,,,,,,,,,,,,,,,,,,,,,,,,,
25035,09:15:00,,,,,,,,,,,,,,,,,,,,,,,,,
25036,09:16:00,,,,,,,,,,,,,,,,,,,,,,,,,
25037,09:17:00,,,,,,,,,,,,,,,,,,,,,,,,,
25038,09:18:00,,,,,,,,,,,,,,,,,,,,,,,,,
25039,09:19:00,,,,,,,,,,,,,,,,,,,,,,,,,
25040,09:20:00,,,,,,,,,,,,,,,,,,,,,,,,,
25041,09:21:00,,,,,,,,,,,,,,,,,,,,,,,,,
25042,09:22:00,,,,,,,,,,,,,,,,,,,,,,,,,
25043,09:23:00,,,,,,,,,,,,,,,,,,,,,,,,,
25044,09:24:00,,,,,,,,,,,,,,,,,,,,,,,,,
25045,09:25:00,,,,,,,,,,,,,,,,,,,,,,,,,
25046,09:26:00,,,,,,,,,,,,,,,,,,,,,,,,,
25047,09:27:00,,,,,,,,,,,,,,,,,,,,,,,,,
25048,09:28:00,,,,,,,,,,,,,,,,,,,,,,,,,
25049,09:29:00,,,,,,,,,,,,,,,,,,,,,,,,,
25050,09:30:00,,,,,,,,,,,,,,,,,,,,,,,,,
25051,09:31:00,,,,,,,,,,,,,,,,,,,,,,,,,
25052,09:32:00,,,,,,,,,,,,,,,,,,,,,,,,,
25053,09:33:00,,,,,,,,,,,,,,,,,,,,,,,,,
25054,09:34:00,,,,,,,,,,,,,,,,,,,,,,,,,
25055,09:35:00,,,,,,,,,,,,,,,,,,,,,,,,,
25056,09:36:00,,,,,,,,,,,,,,,,,,,,,,,,,
25057,09:37:00,,,,,,,,,,,,,,,,,,,,,,,,,
25058,09:38:00,,,,,,,,,,,,,,,,,,,,,,,,,
25059,09:39:00,,,,,,,,,,,,,,,,,,,,,,,,,
25060,09:40:00,,,,,,,,,,,,,,,,,,,,,,,,,
25061,09:41:00,,,,,,,,,,,,,,,,,,,,,,,,,
25062,09:42:00,,,,,,,,,,,,,,,,,,,,,,,,,
25063,09:43:00,,,,,,,,,,,,,,,,,,,,,,,,,
25064,09:44:00,,,,,,,,,,,,,,,,,,,,,,,,,
25065,09:45:00,,,,,,,,,,,,,,,,,,,,,,,,,
25066,09:46:00,,,,,,,,,,,,,,,,,,,,,,,,,
25067,09:47:00,,,,,,,,,,,,,,,,,,,,,,,,,
25068,09:48:00,,,,,,,,,,,,,,,,,,,,,,,,,
25069,09:49:00,,,,,,,,,,,,,,,,,,,,,,,,,
25070,09:50:00,,,,,,,,,,,,,,,,,,,,,,,,,
25071,09:51:00,,,,,,,,,,,,,,,,,,,,,,,,,
25072,09:52:00,,,,,,,,,,,,,,,,,,,,,,,,,
25073,09:53:00,,,,,,,,,,,,,,,,,,,,,,,,,
25074,09:54:00,,,,,,,,,,,,,,,,,,,,,,,,,
25075,09:55:00,,,,,,,,,,,,,,,,,,,,,,,,,
25076,09:56:00,,,,,,,,,,,,,,,,,,,,,,,,,
25077,09:57:00,,,,,,,,,,,,,,,,,,,,,,,,,
25078,09:58:00,,,,,,,,,,,,,,,,,,,,,,,,,
25079,09:59:00,,,,,,,,,,,,,,,,,,,,,,,,,
25080,10:00:00,,,,,,,,,,,,,,,,,,,,,,,,,
25081,10:01:00,,,,,,,,,,,,,,,,,,,,,,,,,
25082,10:02:00,,,,,,,,,,,,,,,,,,,,,,,,,
25083,10:03:00,,,,,,,,,,,,,,,,,,,,,,,,,
25084,10:04:00,,,,,,,,,,,,,,,,,,,,,,,,,
25085,10:05:00,,,,,,,,,,,,,,,,,,,,,,,,,
25086,10:06:00,,,,,,,,,,,,,,,,,,,,,,,,,
25087,10:07:00,,,,,,,,,,,,,,,,,,,,,,,,,
25088,10:08:00,,,,,,,,,,,,,,,,,,,,,,,,,
25089,10:09:00,,,,,,,,,,,,,,,,,,,,,,,,,
25090,10:10:00,,,,,,,,,,,,,,,,,,,,,,,,,
25091,10:11:00,,,,,,,,,,,,,,,,,,,,,,,,,
25092,10:12:00,,,,,,,,,,,,,,,,,,,,,,,,,
25093,10:13:00,,,,,,,,,,,,,,,,,,,,,,,,,
25094,10:14:00,,,,,,,,,,,,,,,,,,,,,,,,,
25095,10:15:00,,,,,,,,,,,,,,,,,,,,,,,,,
25096,10:16:00,,,,,,,,,,,,,,,,,,,,,,,,,
25097,10:17:00,,,,,,,,,,,,,,,,,,,,,,,,,
25098,10:18:00,,,,,,,,,,,,,,,,,,,,,,,,,
25099,10:19:00,,,,,,,,,,,,,,,,,,,,,,,,,
25100,10:20:00,,,,,,,,,,,,,,,,,,,,,,,,,
25101,10:21:00,,,,,,,,,,,,,,,,,,,,,,,,,
25102,10:22:00,,,,,,,,,,,,,,,,,,,,,,,,,
25103,10:23:00,,,,,,,,,,,,,,,,,,,,,,,,,
25104,10:24:00,,,,,,,,,,,,,,,,,,,,,,,,,
25105,10:25:00,,,,,,,,,,,,,,,,,,,,,,,,,
25106,10:26:00,,,,,,,,,,,,,,,,,,,,,,,,,
25107,10:27:00,,,,,,,,,,,,,,,,,,,,,,,,,
25108,10:28:00,,,,,,,,,,,,,,,,,,,,,,,,,
25109,10:29:00,,,,,,,,,,,,,,,,,,,,,,,,,
25110,10:30:00,,,,,,,,,,,,,,,,,,,,,,,,,
25111,10:31:00,,,,,,,,,,,,,,,,,,,,,,,,,
25112,10:32:00,,,,,,,,,,,,,,,,,,,,,,,,,
25113,10:33:00,,,,,,,,,,,,,,,,,,,,,,,,,
25114,10:34:00,,,,,,,,,,,,,,,,,,,,,,,,,
25115,10:35:00,,,,,,,,,,,,,,,,,,,,,,,,,
25116,10:36:00,,,,,,,,,,,,,,,,,,,,,,,,,
25117,10:37:00,,,,,,,,,,,,,,,,,,,,,,,,,
25118,10:38:00,,,,,,,,,,,,,,,,,,,,,,,,,
25119,10:39:00,,,,,,,,,,,,,,,,,,,,,,,,,
25120,10:40:00,,,,,,,,,,,,,,,,,,,,,,,,,
25121,10:41:00,,,,,,,,,,,,,,,,,,,,,,,,,
25122,10:42:00,,,,,,,,,,,,,,,,,,,,,,,,,
25123,10:43:00,,,,,,,,,,,,,,,,,,,,,,,,,
25124,10:44:00,,,,,,,,,,,,,,,,,,,,,,,,,
25125,10:45:00,,,,,,,,,,,,,,,,,,,,,,,,,
25126,10:46:00,,,,,,,,,,,,,,,,,,,,,,,,,
25127,10:47:00,,,,,,,,,,,,,,,,,,,,,,,,,
25128,10:48:00,,,,,,,,,,,,,,,,,,,,,,,,,
25129,10:49:00,,,,,,,,,,,,,,,,,,,,,,,,,
25130,10:50:00,,,,,,,,,,,,,,,,,,,,,,,,,
25131,10:51:00,,,,,,,,,,,,,,,,,,,,,,,,,
25132,10:52:00,,,,,,,,,,,,,,,,,,,,,,,,,
25133,10:53:00,,,,,,,,,,,,,,,,,,,,,,,,,
25134,10:54:00,,,,,,,,,,,,,,,,,,,,,,,,,
25135,10:55:00,,,,,,,,,,,,,,,,,,,,,,,,,
25136,10:56:00,,,,,,,,,,,,,,,,,,,,,,,,,
25137,10:57:00,,,,,,,,,,,,,,,,,,,,,,,,,
25138,10:58:00,,,,,,,,,,,,,,,,,,,,,,,,,
25139,10:59:00,,,,,,,,,,,,,,,,,,,,,,,,,
25140,11:00:00,,,,,,,,,,,,,,,,,,,,,,,,,
25141,11:01:00,,,,,,,,,,,,,,,,,,,,,,,,,
25142,11:02:00,,,,,,,,,,,,,,,,,,,,,,,,,
25143,11:03:00,,,,,,,,,,,,,,,,,,,,,,,,,
25144,11:04:00,,,,,,,,,,,,,,,,,,,,,,,,,
25145,11:05:00,,,,,,,,,,,,,,,,,,,,,,,,,
25146,11:06:00,,,,,,,,,,,,,,,,,,,,,,,,,
25147,11:07:00,,,,,,,,,,,,,,,,,,,,,,,,,
25148,11:08:00,,,,,,,,,,,,,,,,,,,,,,,,,
25149,11:09:00,,,,,,,,,,,,,,,,,,,,,,,,,
25150,11:10:00,,,,,,,,,,,,,,,,,,,,,,,,,
25151,11:11:00,,,,,,,,,,,,,,,,,,,,,,,,,
25152,11:12:00,,,,,,,,,,,,,,,,,,,,,,,,,
25153,11:13:00,,,,,,,,,,,,,,,,,,,,,,,,,
25154,11:14:00,,,,,,,,,,,,,,,,,,,,,,,,,
25155,11:15:00,,,,,,,,,,,,,,,,,,,,,,,,,
25156,11:16:00,,,,,,,,,,,,,,,,,,,,,,,,,
25157,11:17:00,,,,,,,,,,,,,,,,,,,,,,,,,
25158,11:18:00,,,,,,,,,,,,,,,,,,,,,,,,,
25159,11:19:00,,,,,,,,,,,,,,,,,,,,,,,,,
25160,11:20:00,,,,,,,,,,,,,,,,,,,,,,,,,
25161,11:21:00,,,,,,,,,,,,,,,,,,,,,,,,,
25162,11:22:00,,,,,,,,,,,,,,,,,,,,,,,,,
25163,11:23:00,,,,,,,,,,,,,,,,,,,,,,,,,
25164,11:24:00,,,,,,,,,,,,,,,,,,,,,,,,,
25165,11:25:00,,,,,,,,,,,,,,,,,,,,,,,,,
25166,11:26:00,,,,,,,,,,,,,,,,,,,,,,,,,
25167,11:27:00,,,,,,,,,,,,,,,,,,,,,,,,,
25168,11:28:00,,,,,,,,,,,,,,,,,,,,,,,,,
25169,11:29:00,,,,,,,,,,,,,,,,,,,,,,,,,
25170,11:30:00,,,,,,,,,,,,,,,,,,,,,,,,,
25171,11:31:00,,,,,,,,,,,,,,,,,,,,,,,,,
25172,11:32:00,,,,,,,,,,,,,,,,,,,,,,,,,
25173,11:33:00,,,,,,,,,,,,,,,,,,,,,,,,,
25174,11:34:00,,,,,,,,,,,,,,,,,,,,,,,,,
25175,11:35:00,,,,,,,,,,,,,,,,,,,,,,,,,
25176,11:36:00,,,,,,,,,,,,,,,,,,,,,,,,,
25177,11:37:00,,,,,,,,,,,,,,,,,,,,,,,,,
25178,11:38:00,,,,,,,,,,,,,,,,,,,,,,,,,
25179,11:39:00,,,,,,,,,,,,,,,,,,,,,,,,,
25180,11:40:00,,,,,,,,,,,,,,,,,,,,,,,,,
25181,11:41:00,,,,,,,,,,,,,,,,,,,,,,,,,
25182,11:42:00,,,,,,,,,,,,,,,,,,,,,,,,,
25183,11:43:00,,,,,,,,,,,,,,,,,,,,,,,,,
25184,11:44:00,,,,,,,,,,,,,,,,,,,,,,,,,
25185,11:45:00,,,,,,,,,,,,,,,,,,,,,,,,,
25186,11:46:00,,,,,,,,,,,,,,,,,,,,,,,,,
25187,11:47:00,,,,,,,,,,,,,,,,,,,,,,,,,
25188,11:48:00,,,,,,,,,,,,,,,,,,,,,,,,,
25189,11:49:00,,,,,,,,,,,,,,,,,,,,,,,,,
25190,11:50:00,,,,,,,,,,,,,,,,,,,,,,,,,
25191,11:51:00,,,,,,,,,,,,,,,,,,,,,,,,,
25192,11:52:00,,,,,,,,,,,,,,,,,,,,,,,,,
25193,11:53:00,,,,,,,,,,,,,,,,,,,,,,,,,
25194,11:54:00,,,,,,,,,,,,,,,,,,,,,,,,,
25195,11:55:00,,,,,,,,,,,,,,,,,,,,,,,,,
25196,11:56:00,,,,,,,,,,,,,,,,,,,,,,,,,
25197,11:57:00,,,,,,,,,,,,,,,,,,,,,,,,,
25198,11:58:00,,,,,,,,,,,,,,,,,,,,,,,,,
25199,11:59:00,,,,,,,,,,,,,,,,,,,,,,,,,
25200,12:00:00,,,,,,,,,,,,,,,,,,,,,,,,,
25201,12:01:00,,,,,,,,,,,,,,,,,,,,,,,,,
25202,12:02:00,,,,,,,,,,,,,,,,,,,,,,,,,
25203,12:03:00,,,,,,,,,,,,,,,,,,,,,,,,,
25204,12:04:00,,,,,,,,,,,,,,,,,,,,,,,,,
25205,12:05:00,,,,,,,,,,,,,,,,,,,,,,,,,
25206,12:06:00,,,,,,,,,,,,,,,,,,,,,,,,,
25207,12:07:00,,,,,,,,,,,,,,,,,,,,,,,,,
25208,12:08:00,,,,,,,,,,,,,,,,,,,,,,,,,
25209,12:09:00,,,,,,,,,,,,,,,,,,,,,,,,,
25210,12:10:00,,,,,,,,,,,,,,,,,,,,,,,,,
25211,12:11:00,,,,,,,,,,,,,,,,,,,,,,,,,
25212,12:12:00,,,,,,,,,,,,,,,,,,,,,,,,,
25213,12:13:00,,,,,,,,,,,,,,,,,,,,,,,,,
25214,12:14:00,,,,,,,,,,,,,,,,,,,,,,,,,
25215,12:15:00,,,,,,,,,,,,,,,,,,,,,,,,,
25216,12:16:00,,,,,,,,,,,,,,,,,,,,,,,,,
25217,12:17:00,,,,,,,,,,,,,,,,,,,,,,,,,
25218,12:18:00,,,,,,,,,,,,,,,,,,,,,,,,,
25219,12:19:00,,,,,,,,,,,,,,,,,,,,,,,,,
25220,12:20:00,,,,,,,,,,,,,,,,,,,,,,,,,
25221,12:21:00,,,,,,,,,,,,,,,,,,,,,,,,,
25222,12:22:00,,,,,,,,,,,,,,,,,,,,,,,,,
25223,12:23:00,,,,,,,,,,,,,,,,,,,,,,,,,
25224,12:24:00,,,,,,,,,,,,,,,,,,,,,,,,,
25225,12:25:00,,,,,,,,,,,,,,,,,,,,,,,,,
25226,12:26:00,,,,,,,,,,,,,,,,,,,,,,,,,
25227,12:27:00,,,,,,,,,,,,,,,,,,,,,,,,,
25228,12:28:00,,,,,,,,,,,,,,,,,,,,,,,,,
25229,12:29:00,,,,,,,,,,,,,,,,,,,,,,,,,
25230,12:30:00,,,,,,,,,,,,,,,,,,,,,,,,,
25231,12:31:00,,,,,,,,,,,,,,,,,,,,,,,,,
25232,12:32:00,,,,,,,,,,,,,,,,,,,,,,,,,
25233,12:33:00,,,,,,,,,,,,,,,,,,,,,,,,,
25234,12:34:00,,,,,,,,,,,,,,,,,,,,,,,,,
25235,12:35:00,,,,,,,,,,,,,,,,,,,,,,,,,
25236,12:36:00,,,,,,,,,,,,,,,,,,,,,,,,,
25237,12:37:00,,,,,,,,,,,,,,,,,,,,,,,,,
25238,12:38:00,,,,,,,,,,,,,,,,,,,,,,,,,
25239,12:39:00,,,,,,,,,,,,,,,,,,,,,,,,,
25240,12:40:00,,,,,,,,,,,,,,,,,,,,,,,,,
25241,12:41:00,,,,,,,,,,,,,,,,,,,,,,,,,
25242,12:42:00,,,,,,,,,,,,,,,,,,,,,,,,,
25243,12:43:00,,,,,,,,,,,,,,,,,,,,,,,,,
25244,12:44:00,,,,,,,,,,,,,,,,,,,,,,,,,
25245,12:45:00,,,,,,,,,,,,,,,,,,,,,,,,,
25246,12:46:00,,,,,,,,,,,,,,,,,,,,,,,,,
25247,12:47:00,,,,,,,,,,,,,,,,,,,,,,,,,
25248,12:48:00,,,,,,,,,,,,,,,,,,,,,,,,,
25249,12:49:00,,,,,,,,,,,,,,,,,,,,,,,,,
25250,12:50:00,,,,,,,,,,,,,,,,,,,,,,,,,
25251,12:51:00,,,,,,,,,,,,,,,,,,,,,,,,,
25252,12:52:00,,,,,,,,,,,,,,,,,,,,,,,,,
25253,12:53:00,,,,,,,,,,,,,,,,,,,,,,,,,
25254,12:54:00,,,,,,,,,,,,,,,,,,,,,,,,,
25255,12:55:00,,,,,,,,,,,,,,,,,,,,,,,,,
25256,12:56:00,,,,,,,,,,,,,,,,,,,,,,,,,
25257,12:57:00,,,,,,,,,,,,,,,,,,,,,,,,,
25258,12:58:00,,,,,,,,,,,,,,,,,,,,,,,,,
25259,12:59:00,,,,,,,,,,,,,,,,,,,,,,,,,
25260,13:00:00,,,,,,,,,,,,,,,,,,,,,,,,,
25261,13:01:00,,,,,,,,,,,,,,,,,,,,,,,,,
25262,13:02:00,,,,,,,,,,,,,,,,,,,,,,,,,
25263,13:03:00,,,,,,,,,,,,,,,,,,,,,,,,,
25264,13:04:00,,,,,,,,,,,,,,,,,,,,,,,,,
25265,13:05:00,,,,,,,,,,,,,,,,,,,,,,,,,
25266,13:06:00,,,,,,,,,,,,,,,,,,,,,,,,,
25267,13:07:00,,,,,,,,,,,,,,,,,,,,,,,,,
25268,13:08:00,,,,,,,,,,,,,,,,,,,,,,,,,
25269,13:09:00,,,,,,,,,,,,,,,,,,,,,,,,,
25270,13:10:00,,,,,,,,,,,,,,,,,,,,,,,,,
25271,13:11:00,,,,,,,,,,,,,,,,,,,,,,,,,
25272,13:12:00,,,,,,,,,,,,,,,,,,,,,,,,,
25273,13:13:00,,,,,,,,,,,,,,,,,,,,,,,,,
25274,13:14:00,,,,,,,,,,,,,,,,,,,,,,,,,
25275,13:15:00,,,,,,,,,,,,,,,,,,,,,,,,,
25276,13:16:00,,,,,,,,,,,,,,,,,,,,,,,,,
25277,13:17:00,,,,,,,,,,,,,,,,,,,,,,,,,
25278,13:18:00,,,,,,,,,,,,,,,,,,,,,,,,,
25279,13:19:00,,,,,,,,,,,,,,,,,,,,,,,,,
25280,13:20:00,,,,,,,,,,,,,,,,,,,,,,,,,
25281,13:21:00,,,,,,,,,,,,,,,,,,,,,,,,,
25282,13:22:00,,,,,,,,,,,,,,,,,,,,,,,,,
25283,13:23:00,,,,,,,,,,,,,,,,,,,,,,,,,
25284,13:24:00,,,,,,,,,,,,,,,,,,,,,,,,,
25285,13:25:00,,,,,,,,,,,,,,,,,,,,,,,,,
25286,13:26:00,,,,,,,,,,,,,,,,,,,,,,,,,
25287,13:27:00,,,,,,,,,,,,,,,,,,,,,,,,,
25288,13:28:00,,,,,,,,,,,,,,,,,,,,,,,,,
25289,13:29:00,,,,,,,,,,,,,,,,,,,,,,,,,
25290,13:30:00,,,,,,,,,,,,,,,,,,,,,,,,,
25291,13:31:00,,,,,,,,,,,,,,,,,,,,,,,,,
25292,13:32:00,,,,,,,,,,,,,,,,,,,,,,,,,
25293,13:33:00,,,,,,,,,,,,,,,,,,,,,,,,,
25294,13:34:00,,,,,,,,,,,,,,,,,,,,,,,,,
25295,13:35:00,,,,,,,,,,,,,,,,,,,,,,,,,
25296,13:36:00,,,,,,,,,,,,,,,,,,,,,,,,,
25297,13:37:00,,,,,,,,,,,,,,,,,,,,,,,,,
25298,13:38:00,,,,,,,,,,,,,,,,,,,,,,,,,
25299,13:39:00,,,,,,,,,,,,,,,,,,,,,,,,,
25300,13:40:00,,,,,,,,,,,,,,,,,,,,,,,,,
25301,13:41:00,,,,,,,,,,,,,,,,,,,,,,,,,
25302,13:42:00,,,,,,,,,,,,,,,,,,,,,,,,,
25303,13:43:00,,,,,,,,,,,,,,,,,,,,,,,,,
25304,13:44:00,,,,,,,,,,,,,,,,,,,,,,,,,
25305,13:45:00,,,,,,,,,,,,,,,,,,,,,,,,,
25306,13:46:00,,,,,,,,,,,,,,,,,,,,,,,,,
25307,13:47:00,,,,,,,,,,,,,,,,,,,,,,,,,
25308,13:48:00,,,,,,,,,,,,,,,,,,,,,,,,,
25309,13:49:00,,,,,,,,,,,,,,,,,,,,,,,,,
25310,13:50:00,,,,,,,,,,,,,,,,,,,,,,,,,
25311,13:51:00,,,,,,,,,,,,,,,,,,,,,,,,,
25312,13:52:00,,,,,,,,,,,,,,,,,,,,,,,,,
25313,13:53:00,,,,,,,,,,,,,,,,,,,,,,,,,
25314,13:54:00,,,,,,,,,,,,,,,,,,,,,,,,,
25315,13:55:00,,,,,,,,,,,,,,,,,,,,,,,,,
25316,13:56:00,,,,,,,,,,,,,,,,,,,,,,,,,
25317,13:57:00,,,,,,,,,,,,,,,,,,,,,,,,,
25318,13:58:00,,,,,,,,,,,,,,,,,,,,,,,,,
25319,13:59:00,,,,,,,,,,,,,,,,,,,,,,,,,
25320,14:00:00,,,,,,,,,,,,,,,,,,,,,,,,,
25321,14:01:00,,,,,,,,,,,,,,,,,,,,,,,,,
25322,14:02:00,,,,,,,,,,,,,,,,,,,,,,,,,
25323,14:03:00,,,,,,,,,,,,,,,,,,,,,,,,,
25324,14:04:00,,,,,,,,,,,,,,,,,,,,,,,,,
25325,14:05:00,,,,,,,,,,,,,,,,,,,,,,,,,
25326,14:06:00,,,,,,,,,,,,,,,,,,,,,,,,,
25327,14:07:00,,,,,,,,,,,,,,,,,,,,,,,,,
25328,14:08:00,,,,,,,,,,,,,,,,,,,,,,,,,
25329,14:09:00,,,,,,,,,,,,,,,,,,,,,,,,,
25330,14:10:00,,,,,,,,,,,,,,,,,,,,,,,,,
25331,14:11:00,,,,,,,,,,,,,,,,,,,,,,,,,
25332,14:12:00,,,,,,,,,,,,,,,,,,,,,,,,,
25333,14:13:00,,,,,,,,,,,,,,,,,,,,,,,,,
25334,14:14:00,,,,,,,,,,,,,,,,,,,,,,,,,
25335,14:15:00,,,,,,,,,,,,,,,,,,,,,,,,,
25336,14:16:00,,,,,,,,,,,,,,,,,,,,,,,,,
25337,14:17:00,,,,,,,,,,,,,,,,,,,,,,,,,
25338,14:18:00,,,,,,,,,,,,,,,,,,,,,,,,,
25339,14:19:00,,,,,,,,,,,,,,,,,,,,,,,,,
25340,14:20:00,,,,,,,,,,,,,,,,,,,,,,,,,
25341,14:21:00,,,,,,,,,,,,,,,,,,,,,,,,,
25342,14:22:00,,,,,,,,,,,,,,,,,,,,,,,,,
25343,14:23:00,,,,,,,,,,,,,,,,,,,,,,,,,
25344,14:24:00,,,,,,,,,,,,,,,,,,,,,,,,,
25345,14:25:00,,,,,,,,,,,,,,,,,,,,,,,,,
25346,14:26:00,,,,,,,,,,,,,,,,,,,,,,,,,
25347,14:27:00,,,,,,,,,,,,,,,,,,,,,,,,,
25348,14:28:00,,,,,,,,,,,,,,,,,,,,,,,,,
25349,14:29:00,,,,,,,,,,,,,,,,,,,,,,,,,
25350,14:30:00,,,,,,,,,,,,,,,,,,,,,,,,,
25351,14:31:00,,,,,,,,,,,,,,,,,,,,,,,,,
25352,14:32:00,,,,,,,,,,,,,,,,,,,,,,,,,
25353,14:33:00,,,,,,,,,,,,,,,,,,,,,,,,,
25354,14:34:00,,,,,,,,,,,,,,,,,,,,,,,,,
25355,14:35:00,,,,,,,,,,,,,,,,,,,,,,,,,
25356,14:36:00,,,,,,,,,,,,,,,,,,,,,,,,,
25357,14:37:00,,,,,,,,,,,,,,,,,,,,,,,,,
25358,14:38:00,,,,,,,,,,,,,,,,,,,,,,,,,
25359,14:39:00,,,,,,,,,,,,,,,,,,,,,,,,,
25360,14:40:00,,,,,,,,,,,,,,,,,,,,,,,,,
25361,14:41:00,,,,,,,,,,,,,,,,,,,,,,,,,
25362,14:42:00,,,,,,,,,,,,,,,,,,,,,,,,,
25363,14:43:00,,,,,,,,,,,,,,,,,,,,,,,,,
25364,14:44:00,,,,,,,,,,,,,,,,,,,,,,,,,
25365,14:45:00,,,,,,,,,,,,,,,,,,,,,,,,,
25366,14:46:00,,,,,,,,,,,,,,,,,,,,,,,,,
25367,14:47:00,,,,,,,,,,,,,,,,,,,,,,,,,
25368,14:48:00,,,,,,,,,,,,,,,,,,,,,,,,,
25369,14:49:00,,,,,,,,,,,,,,,,,,,,,,,,,
25370,14:50:00,,,,,,,,,,,,,,,,,,,,,,,,,
25371,14:51:00,,,,,,,,,,,,,,,,,,,,,,,,,
25372,14:52:00,,,,,,,,,,,,,,,,,,,,,,,,,
25373,14:53:00,,,,,,,,,,,,,,,,,,,,,,,,,
25374,14:54:00,,,,,,,,,,,,,,,,,,,,,,,,,
25375,14:55:00,,,,,,,,,,,,,,,,,,,,,,,,,
25376,14:56:00,,,,,,,,,,,,,,,,,,,,,,,,,
25377,14:57:00,,,,,,,,,,,,,,,,,,,,,,,,,
25378,14:58:00,,,,,,,,,,,,,,,,,,,,,,,,,
25379,14:59:00,,,,,,,,,,,,,,,,,,,,,,,,,
25380,15:00:00,,,,,,,,,,,,,,,,,,,,,,,,,
25381,15:01:00,,,,,,,,,,,,,,,,,,,,,,,,,
25382,15:02:00,,,,,,,,,,,,,,,,,,,,,,,,,
25383,15:03:00,,,,,,,,,,,,,,,,,,,,,,,,,
25384,15:04:00,,,,,,,,,,,,,,,,,,,,,,,,,
25385,15:05:00,,,,,,,,,,,,,,,,,,,,,,,,,
25386,15:06:00,,,,,,,,,,,,,,,,,,,,,,,,,
25387,15:07:00,,,,,,,,,,,,,,,,,,,,,,,,,
25388,15:08:00,,,,,,,,,,,,,,,,,,,,,,,,,
25389,15:09:00,,,,,,,,,,,,,,,,,,,,,,,,,
25390,15:10:00,,,,,,,,,,,,,,,,,,,,,,,,,
25391,15:11:00,,,,,,,,,,,,,,,,,,,,,,,,,
25392,15:12:00,,,,,,,,,,,,,,,,,,,,,,,,,
25393,15:13:00,,,,,,,,,,,,,,,,,,,,,,,,,
25394,15:14:00,,,,,,,,,,,,,,,,,,,,,,,,,
25395,15:15:00,,,,,,,,,,,,,,,,,,,,,,,,,
25396,15:16:00,,,,,,,,,,,,,,,,,,,,,,,,,
25397,15:17:00,,,,,,,,,,,,,,,,,,,,,,,,,
25398,15:18:00,,,,,,,,,,,,,,,,,,,,,,,,,
25399,15:19:00,,,,,,,,,,,,,,,,,,,,,,,,,
25400,15:20:00,,,,,,,,,,,,,,,,,,,,,,,,,
25401,15:21:00,,,,,,,,,,,,,,,,,,,,,,,,,
25402,15:22:00,,,,,,,,,,,,,,,,,,,,,,,,,
25403,15:23:00,,,,,,,,,,,,,,,,,,,,,,,,,
25404,15:24:00,,,,,,,,,,,,,,,,,,,,,,,,,
25405,15:25:00,,,,,,,,,,,,,,,,,,,,,,,,,
25406,15:26:00,,,,,,,,,,,,,,,,,,,,,,,,,
25407,15:27:00,,,,,,,,,,,,,,,,,,,,,,,,,
25408,15:28:00,,,,,,,,,,,,,,,,,,,,,,,,,
25409,15:29:00,,,,,,,,,,,,,,,,,,,,,,,,,
25410,15:30:00,,,,,,,,,,,,,,,,,,,,,,,,,
25411,15:31:00,,,,,,,,,,,,,,,,,,,,,,,,,
25412,15:32:00,,,,,,,,,,,,,,,,,,,,,,,,,
25413,15:33:00,,,,,,,,,,,,,,,,,,,,,,,,,
25414,15:34:00,,,,,,,,,,,,,,,,,,,,,,,,,
25415,15:35:00,,,,,,,,,,,,,,,,,,,,,,,,,
25416,15:36:00,,,,,,,,,,,,,,,,,,,,,,,,,
25417,15:37:00,,,,,,,,,,,,,,,,,,,,,,,,,
25418,15:38:00,,,,,,,,,,,,,,,,,,,,,,,,,
25419,15:39:00,,,,,,,,,,,,,,,,,,,,,,,,,
25420,15:40:00,,,,,,,,,,,,,,,,,,,,,,,,,
25421,15:41:00,,,,,,,,,,,,,,,,,,,,,,,,,
25422,15:42:00,,,,,,,,,,,,,,,,,,,,,,,,,
25423,15:43:00,,,,,,,,,,,,,,,,,,,,,,,,,
25424,15:44:00,,,,,,,,,,,,,,,,,,,,,,,,,
25425,15:45:00,,,,,,,,,,,,,,,,,,,,,,,,,
25426,15:46:00,,,,,,,,,,,,,,,,,,,,,,,,,
25427,15:47:00,,,,,,,,,,,,,,,,,,,,,,,,,
25428,15:48:00,,,,,,,,,,,,,,,,,,,,,,,,,
25429,15:49:00,,,,,,,,,,,,,,,,,,,,,,,,,
25430,15:50:00,,,,,,,,,,,,,,,,,,,,,,,,,
25431,15:51:00,,,,,,,,,,,,,,,,,,,,,,,,,
25432,15:52:00,,,,,,,,,,,,,,,,,,,,,,,,,
25433,15:53:00,,,,,,,,,,,,,,,,,,,,,,,,,
25434,15:54:00,,,,,,,,,,,,,,,,,,,,,,,,,
25435,15:55:00,,,,,,,,,,,,,,,,,,,,,,,,,
25436,15:56:00,,,,,,,,,,,,,,,,,,,,,,,,,
25437,15:57:00,,,,,,,,,,,,,,,,,,,,,,,,,
25438,15:58:00,,,,,,,,,,,,,,,,,,,,,,,,,
25439,15:59:00,,,,,,,,,,,,,,,,,,,,,,,,,
25440,16:00:00,,,,,,,,,,,,,,,,,,,,,,,,,
25441,16:01:00,,,,,,,,,,,,,,,,,,,,,,,,,
25442,16:02:00,,,,,,,,,,,,,,,,,,,,,,,,,
25443,16:03:00,,,,,,,,,,,,,,,,,,,,,,,,,
25444,16:04:00,,,,,,,,,,,,,,,,,,,,,,,,,
25445,16:05:00,,,,,,,,,,,,,,,,,,,,,,,,,
25446,16:06:00,,,,,,,,,,,,,,,,,,,,,,,,,
25447,16:07:00,,,,,,,,,,,,,,,,,,,,,,,,,
25448,16:08:00,,,,,,,,,,,,,,,,,,,,,,,,,
25449,16:09:00,,,,,,,,,,,,,,,,,,,,,,,,,
25450,16:10:00,,,,,,,,,,,,,,,,,,,,,,,,,
25451,16:11:00,,,,,,,,,,,,,,,,,,,,,,,,,
25452,16:12:00,,,,,,,,,,,,,,,,,,,,,,,,,
25453,16:13:00,,,,,,,,,,,,,,,,,,,,,,,,,
25454,16:14:00,,,,,,,,,,,,,,,,,,,,,,,,,
25455,16:15:00,,,,,,,,,,,,,,,,,,,,,,,,,
25456,16:16:00,,,,,,,,,,,,,,,,,,,,,,,,,
25457,16:17:00,,,,,,,,,,,,,,,,,,,,,,,,,
25458,16:18:00,,,,,,,,,,,,,,,,,,,,,,,,,
25459,16:19:00,,,,,,,,,,,,,,,,,,,,,,,,,
25460,16:20:00,,,,,,,,,,,,,,,,,,,,,,,,,
25461,16:21:00,,,,,,,,,,,,,,,,,,,,,,,,,
25462,16:22:00,,,,,,,,,,,,,,,,,,,,,,,,,
25463,16:23:00,,,,,,,,,,,,,,,,,,,,,,,,,
25464,16:24:00,,,,,,,,,,,,,,,,,,,,,,,,,
25465,16:25:00,,,,,,,,,,,,,,,,,,,,,,,,,
25466,16:26:00,,,,,,,,,,,,,,,,,,,,,,,,,
25467,16:27:00,,,,,,,,,,,,,,,,,,,,,,,,,
25468,16:28:00,,,,,,,,,,,,,,,,,,,,,,,,,
25469,16:29:00,,,,,,,,,,,,,,,,,,,,,,,,,
25470,16:30:00,,,,,,,,,,,,,,,,,,,,,,,,,
25471,16:31:00,,,,,,,,,,,,,,,,,,,,,,,,,
25472,16:32:00,,,,,,,,,,,,,,,,,,,,,,,,,
25473,16:33:00,,,,,,,,,,,,,,,,,,,,,,,,,
25474,16:34:00,,,,,,,,,,,,,,,,,,,,,,,,,
25475,16:35:00,,,,,,,,,,,,,,,,,,,,,,,,,
25476,16:36:00,,,,,,,,,,,,,,,,,,,,,,,,,
25477,16:37:00,,,,,,,,,,,,,,,,,,,,,,,,,
25478,16:38:00,,,,,,,,,,,,,,,,,,,,,,,,,
25479,16:39:00,,,,,,,,,,,,,,,,,,,,,,,,,
25480,16:40:00,,,,,,,,,,,,,,,,,,,,,,,,,
25481,16:41:00,,,,,,,,,,,,,,,,,,,,,,,,,
25482,16:42:00,,,,,,,,,,,,,,,,,,,,,,,,,
25483,16:43:00,,,,,,,,,,,,,,,,,,,,,,,,,
25484,16:44:00,,,,,,,,,,,,,,,,,,,,,,,,,
25485,16:45:00,,,,,,,,,,,,,,,,,,,,,,,,,
25486,16:46:00,,,,,,,,,,,,,,,,,,,,,,,,,
25487,16:47:00,,,,,,,,,,,,,,,,,,,,,,,,,
25488,16:48:00,,,,,,,,,,,,,,,,,,,,,,,,,
25489,16:49:00,,,,,,,,,,,,,,,,,,,,,,,,,
25490,16:50:00,,,,,,,,,,,,,,,,,,,,,,,,,
25491,16:51:00,,,,,,,,,,,,,,,,,,,,,,,,,
25492,16:52:00,,,,,,,,,,,,,,,,,,,,,,,,,
25493,16:53:00,,,,,,,,,,,,,,,,,,,,,,,,,
25494,16:54:00,,,,,,,,,,,,,,,,,,,,,,,,,
25495,16:55:00,,,,,,,,,,,,,,,,,,,,,,,,,
25496,16:56:00,,,,,,,,,,,,,,,,,,,,,,,,,
25497,16:57:00,,,,,,,,,,,,,,,,,,,,,,,,,
25498,16:58:00,,,,,,,,,,,,,,,,,,,,,,,,,
25499,16:59:00,,,,,,,,,,,,,,,,,,,,,,,,,
25500,17:00:00,,,,,,,,,,,,,,,,,,,,,,,,,
25501,17:01:00,,,,,,,,,,,,,,,,,,,,,,,,,
25502,17:02:00,,,,,,,,,,,,,,,,,,,,,,,,,
25503,17:03:00,,,,,,,,,,,,,,,,,,,,,,,,,
25504,17:04:00,,,,,,,,,,,,,,,,,,,,,,,,,
25505,17:05:00,,,,,,,,,,,,,,,,,,,,,,,,,
25506,17:06:00,,,,,,,,,,,,,,,,,,,,,,,,,
25507,17:07:00,,,,,,,,,,,,,,,,,,,,,,,,,
25508,17:08:00,,,,,,,,,,,,,,,,,,,,,,,,,
25509,17:09:00,,,,,,,,,,,,,,,,,,,,,,,,,
25510,17:10:00,,,,,,,,,,,,,,,,,,,,,,,,,
25511,17:11:00,,,,,,,,,,,,,,,,,,,,,,,,,
25512,17:12:00,,,,,,,,,,,,,,,,,,,,,,,,,
25513,17:13:00,,,,,,,,,,,,,,,,,,,,,,,,,
25514,17:14:00,,,,,,,,,,,,,,,,,,,,,,,,,
25515,17:15:00,,,,,,,,,,,,,,,,,,,,,,,,,
25516,17:16:00,,,,,,,,,,,,,,,,,,,,,,,,,
25517,17:17:00,,,,,,,,,,,,,,,,,,,,,,,,,
25518,17:18:00,,,,,,,,,,,,,,,,,,,,,,,,,
25519,17:19:00,,,,,,,,,,,,,,,,,,,,,,,,,
25520,17:20:00,,,,,,,,,,,,,,,,,,,,,,,,,
25521,17:21:00,,,,,,,,,,,,,,,,,,,,,,,,,
25522,17:22:00,,,,,,,,,,,,,,,,,,,,,,,,,
25523,17:23:00,,,,,,,,,,,,,,,,,,,,,,,,,
25524,17:24:00,,,,,,,,,,,,,,,,,,,,,,,,,
25525,17:25:00,,,,,,,,,,,,,,,,,,,,,,,,,
25526,17:26:00,,,,,,,,,,,,,,,,,,,,,,,,,
25527,17:27:00,,,,,,,,,,,,,,,,,,,,,,,,,
25528,17:28:00,,,,,,,,,,,,,,,,,,,,,,,,,
25529,17:29:00,,,,,,,,,,,,,,,,,,,,,,,,,
25530,17:30:00,,,,,,,,,,,,,,,,,,,,,,,,,
25531,17:31:00,,,,,,,,,,,,,,,,,,,,,,,,,
25532,17:32:00,,,,,,,,,,,,,,,,,,,,,,,,,
25533,17:33:00,,,,,,,,,,,,,,,,,,,,,,,,,
25534,17:34:00,,,,,,,,,,,,,,,,,,,,,,,,,
25535,17:35:00,,,,,,,,,,,,,,,,,,,,,,,,,
25536,17:36:00,,,,,,,,,,,,,,,,,,,,,,,,,
25537,17:37:00,,,,,,,,,,,,,,,,,,,,,,,,,
25538,17:38:00,,,,,,,,,,,,,,,,,,,,,,,,,
25539,17:39:00,,,,,,,,,,,,,,,,,,,,,,,,,
25540,17:40:00,,,,,,,,,,,,,,,,,,,,,,,,,
25541,17:41:00,,,,,,,,,,,,,,,,,,,,,,,,,
25542,17:42:00,,,,,,,,,,,,,,,,,,,,,,,,,
25543,17:43:00,,,,,,,,,,,,,,,,,,,,,,,,,
25544,17:44:00,,,,,,,,,,,,,,,,,,,,,,,,,
25545,17:45:00,,,,,,,,,,,,,,,,,,,,,,,,,
25546,17:46:00,,,,,,,,,,,,,,,,,,,,,,,,,
25547,17:47:00,,,,,,,,,,,,,,,,,,,,,,,,,
25548,17:48:00,,,,,,,,,,,,,,,,,,,,,,,,,
25549,17:49:00,,,,,,,,,,,,,,,,,,,,,,,,,
25550,17:50:00,,,,,,,,,,,,,,,,,,,,,,,,,
25551,17:51:00,,,,,,,,,,,,,,,,,,,,,,,,,
25552,17:52:00,,,,,,,,,,,,,,,,,,,,,,,,,
25553,17:53:00,,,,,,,,,,,,,,,,,,,,,,,,,
25554,17:54:00,,,,,,,,,,,,,,,,,,,,,,,,,
25555,17:55:00,,,,,,,,,,,,,,,,,,,,,,,,,
25556,17:56:00,,,,,,,,,,,,,,,,,,,,,,,,,
25557,17:57:00,,,,,,,,,,,,,,,,,,,,,,,,,
25558,17:58:00,,,,,,,,,,,,,,,,,,,,,,,,,
25559,17:59:00,,,,,,,,,,,,,,,,,,,,,,,,,
25560,18:00:00,,,,,,,,,,,,,,,,,,,,,,,,,
25561,18:01:00,,,,,,,,,,,,,,,,,,,,,,,,,
25562,18:02:00,,,,,,,,,,,,,,,,,,,,,,,,,
25563,18:03:00,,,,,,,,,,,,,,,,,,,,,,,,,
25564,18:04:00,,,,,,,,,,,,,,,,,,,,,,,,,
25565,18:05:00,,,,,,,,,,,,,,,,,,,,,,,,,
25566,18:06:00,,,,,,,,,,,,,,,,,,,,,,,,,
25567,18:07:00,,,,,,,,,,,,,,,,,,,,,,,,,
25568,18:08:00,,,,,,,,,,,,,,,,,,,,,,,,,
25569,18:09:00,,,,,,,,,,,,,,,,,,,,,,,,,
25570,18:10:00,,,,,,,,,,,,,,,,,,,,,,,,,
25571,18:11:00,,,,,,,,,,,,,,,,,,,,,,,,,
25572,18:12:00,,,,,,,,,,,,,,,,,,,,,,,,,
25573,18:13:00,,,,,,,,,,,,,,,,,,,,,,,,,
25574,18:14:00,,,,,,,,,,,,,,,,,,,,,,,,,
25575,18:15:00,,,,,,,,,,,,,,,,,,,,,,,,,
25576,18:16:00,,,,,,,,,,,,,,,,,,,,,,,,,
25577,18:17:00,,,,,,,,,,,,,,,,,,,,,,,,,
25578,18:18:00,,,,,,,,,,,,,,,,,,,,,,,,,
25579,18:19:00,,,,,,,,,,,,,,,,,,,,,,,,,
25580,18:20:00,,,,,,,,,,,,,,,,,,,,,,,,,
25581,18:21:00,,,,,,,,,,,,,,,,,,,,,,,,,
25582,18:22:00,,,,,,,,,,,,,,,,,,,,,,,,,
25583,18:23:00,,,,,,,,,,,,,,,,,,,,,,,,,
25584,18:24:00,,,,,,,,,,,,,,,,,,,,,,,,,
25585,18:25:00,,,,,,,,,,,,,,,,,,,,,,,,,
25586,18:26:00,,,,,,,,,,,,,,,,,,,,,,,,,
25587,18:27:00,,,,,,,,,,,,,,,,,,,,,,,,,
25588,18:28:00,,,,,,,,,,,,,,,,,,,,,,,,,
25589,18:29:00,,,,,,,,,,,,,,,,,,,,,,,,,
25590,18:30:00,,,,,,,,,,,,,,,,,,,,,,,,,
25591,18:31:00,,,,,,,,,,,,,,,,,,,,,,,,,
25592,18:32:00,,,,,,,,,,,,,,,,,,,,,,,,,
25593,18:33:00,,,,,,,,,,,,,,,,,,,,,,,,,
25594,18:34:00,,,,,,,,,,,,,,,,,,,,,,,,,
25595,18:35:00,,,,,,,,,,,,,,,,,,,,,,,,,
25596,18:36:00,,,,,,,,,,,,,,,,,,,,,,,,,
25597,18:37:00,,,,,,,,,,,,,,,,,,,,,,,,,
25598,18:38:00,,,,,,,,,,,,,,,,,,,,,,,,,
25599,18:39:00,,,,,,,,,,,,,,,,,,,,,,,,,
25600,18:40:00,,,,,,,,,,,,,,,,,,,,,,,,,
25601,18:41:00,,,,,,,,,,,,,,,,,,,,,,,,,
25602,18:42:00,,,,,,,,,,,,,,,,,,,,,,,,,
25603,18:43:00,,,,,,,,,,,,,,,,,,,,,,,,,
25604,18:44:00,,,,,,,,,,,,,,,,,,,,,,,,,
25605,18:45:00,,,,,,,,,,,,,,,,,,,,,,,,,
25606,18:46:00,,,,,,,,,,,,,,,,,,,,,,,,,
25607,18:47:00,,,,,,,,,,,,,,,,,,,,,,,,,
25608,18:48:00,,,,,,,,,,,,,,,,,,,,,,,,,
25609,18:49:00,,,,,,,,,,,,,,,,,,,,,,,,,
25610,18:50:00,,,,,,,,,,,,,,,,,,,,,,,,,
25611,18:51:00,,,,,,,,,,,,,,,,,,,,,,,,,
25612,18:52:00,,,,,,,,,,,,,,,,,,,,,,,,,
25613,18:53:00,,,,,,,,,,,,,,,,,,,,,,,,,
25614,18:54:00,,,,,,,,,,,,,,,,,,,,,,,,,
25615,18:55:00,,,,,,,,,,,,,,,,,,,,,,,,,
25616,18:56:00,,,,,,,,,,,,,,,,,,,,,,,,,
25617,18:57:00,,,,,,,,,,,,,,,,,,,,,,,,,
25618,18:58:00,,,,,,,,,,,,,,,,,,,,,,,,,
25619,18:59:00,,,,,,,,,,,,,,,,,,,,,,,,,
25620,19:00:00,,,,,,,,,,,,,,,,,,,,,,,,,
25621,19:01:00,,,,,,,,,,,,,,,,,,,,,,,,,
25622,19:02:00,,,,,,,,,,,,,,,,,,,,,,,,,
25623,19:03:00,,,,,,,,,,,,,,,,,,,,,,,,,
25624,19:04:00,,,,,,,,,,,,,,,,,,,,,,,,,
25625,19:05:00,,,,,,,,,,,,,,,,,,,,,,,,,
25626,19:06:00,,,,,,,,,,,,,,,,,,,,,,,,,
25627,19:07:00,,,,,,,,,,,,,,,,,,,,,,,,,
25628,19:08:00,,,,,,,,,,,,,,,,,,,,,,,,,
25629,19:09:00,,,,,,,,,,,,,,,,,,,,,,,,,
25630,19:10:00,,,,,,,,,,,,,,,,,,,,,,,,,
25631,19:11:00,,,,,,,,,,,,,,,,,,,,,,,,,
25632,19:12:00,,,,,,,,,,,,,,,,,,,,,,,,,
25633,19:13:00,,,,,,,,,,,,,,,,,,,,,,,,,
25634,19:14:00,,,,,,,,,,,,,,,,,,,,,,,,,
25635,19:15:00,,,,,,,,,,,,,,,,,,,,,,,,,
25636,19:16:00,,,,,,,,,,,,,,,,,,,,,,,,,
25637,19:17:00,,,,,,,,,,,,,,,,,,,,,,,,,
25638,19:18:00,,,,,,,,,,,,,,,,,,,,,,,,,
25639,19:19:00,,,,,,,,,,,,,,,,,,,,,,,,,
25640,19:20:00,,,,,,,,,,,,,,,,,,,,,,,,,
25641,19:21:00,,,,,,,,,,,,,,,,,,,,,,,,,
25642,19:22:00,,,,,,,,,,,,,,,,,,,,,,,,,
25643,19:23:00,,,,,,,,,,,,,,,,,,,,,,,,,
25644,19:24:00,,,,,,,,,,,,,,,,,,,,,,,,,
25645,19:25:00,,,,,,,,,,,,,,,,,,,,,,,,,
25646,19:26:00,,,,,,,,,,,,,,,,,,,,,,,,,
25647,19:27:00,,,,,,,,,,,,,,,,,,,,,,,,,
25648,19:28:00,,,,,,,,,,,,,,,,,,,,,,,,,
25649,19:29:00,,,,,,,,,,,,,,,,,,,,,,,,,
25650,19:30:00,,,,,,,,,,,,,,,,,,,,,,,,,
25651,19:31:00,,,,,,,,,,,,,,,,,,,,,,,,,
25652,19:32:00,,,,,,,,,,,,,,,,,,,,,,,,,
25653,19:33:00,,,,,,,,,,,,,,,,,,,,,,,,,
25654,19:34:00,,,,,,,,,,,,,,,,,,,,,,,,,
25655,19:35:00,,,,,,,,,,,,,,,,,,,,,,,,,
25656,19:36:00,,,,,,,,,,,,,,,,,,,,,,,,,
25657,19:37:00,,,,,,,,,,,,,,,,,,,,,,,,,
25658,19:38:00,,,,,,,,,,,,,,,,,,,,,,,,,
25659,19:39:00,,,,,,,,,,,,,,,,,,,,,,,,,
25660,19:40:00,,,,,,,,,,,,,,,,,,,,,,,,,
25661,19:41:00,,,,,,,,,,,,,,,,,,,,,,,,,
25662,19:42:00,,,,,,,,,,,,,,,,,,,,,,,,,
25663,19:43:00,,,,,,,,,,,,,,,,,,,,,,,,,
25664,19:44:00,,,,,,,,,,,,,,,,,,,,,,,,,
25665,19:45:00,,,,,,,,,,,,,,,,,,,,,,,,,
25666,19:46:00,,,,,,,,,,,,,,,,,,,,,,,,,
25667,19:47:00,,,,,,,,,,,,,,,,,,,,,,,,,
25668,19:48:00,,,,,,,,,,,,,,,,,,,,,,,,,
25669,19:49:00,,,,,,,,,,,,,,,,,,,,,,,,,
25670,19:50:00,,,,,,,,,,,,,,,,,,,,,,,,,
25671,19:51:00,,,,,,,,,,,,,,,,,,,,,,,,,
25672,19:52:00,,,,,,,,,,,,,,,,,,,,,,,,,
25673,19:53:00,,,,,,,,,,,,,,,,,,,,,,,,,
25674,19:54:00,,,,,,,,,,,,,,,,,,,,,,,,,
25675,19:55:00,,,,,,,,,,,,,,,,,,,,,,,,,
25676,19:56:00,,,,,,,,,,,,,,,,,,,,,,,,,
25677,19:57:00,,,,,,,,,,,,,,,,,,,,,,,,,
25678,19:58:00,,,,,,,,,,,,,,,,,,,,,,,,,
25679,19:59:00,,,,,,,,,,,,,,,,,,,,,,,,,
25680,20:00:00,,,,,,,,,,,,,,,,,,,,,,,,,
25681,20:01:00,,,,,,,,,,,,,,,,,,,,,,,,,
25682,20:02:00,,,,,,,,,,,,,,,,,,,,,,,,,
25683,20:03:00,,,,,,,,,,,,,,,,,,,,,,,,,
25684,20:04:00,,,,,,,,,,,,,,,,,,,,,,,,,
25685,20:05:00,,,,,,,,,,,,,,,,,,,,,,,,,
25686,20:06:00,,,,,,,,,,,,,,,,,,,,,,,,,
25687,20:07:00,,,,,,,,,,,,,,,,,,,,,,,,,
25688,20:08:00,,,,,,,,,,,,,,,,,,,,,,,,,
25689,20:09:00,,,,,,,,,,,,,,,,,,,,,,,,,
25690,20:10:00,,,,,,,,,,,,,,,,,,,,,,,,,
25691,20:11:00,,,,,,,,,,,,,,,,,,,,,,,,,
25692,20:12:00,,,,,,,,,,,,,,,,,,,,,,,,,
25693,20:13:00,,,,,,,,,,,,,,,,,,,,,,,,,
25694,20:14:00,,,,,,,,,,,,,,,,,,,,,,,,,
25695,20:15:00,,,,,,,,,,,,,,,,,,,,,,,,,
25696,20:16:00,,,,,,,,,,,,,,,,,,,,,,,,,
25697,20:17:00,,,,,,,,,,,,,,,,,,,,,,,,,
25698,20:18:00,,,,,,,,,,,,,,,,,,,,,,,,,
25699,20:19:00,,,,,,,,,,,,,,,,,,,,,,,,,
25700,20:20:00,,,,,,,,,,,,,,,,,,,,,,,,,
25701,20:21:00,,,,,,,,,,,,,,,,,,,,,,,,,
25702,20:22:00,,,,,,,,,,,,,,,,,,,,,,,,,
25703,20:23:00,,,,,,,,,,,,,,,,,,,,,,,,,
25704,20:24:00,,,,,,,,,,,,,,,,,,,,,,,,,
25705,20:25:00,,,,,,,,,,,,,,,,,,,,,,,,,
25706,20:26:00,,,,,,,,,,,,,,,,,,,,,,,,,
25707,20:27:00,,,,,,,,,,,,,,,,,,,,,,,,,
25708,20:28:00,,,,,,,,,,,,,,,,,,,,,,,,,
25709,20:29:00,,,,,,,,,,,,,,,,,,,,,,,,,
25710,20:30:00,,,,,,,,,,,,,,,,,,,,,,,,,
25711,20:31:00,,,,,,,,,,,,,,,,,,,,,,,,,
25712,20:32:00,,,,,,,,,,,,,,,,,,,,,,,,,
25713,20:33:00,,,,,,,,,,,,,,,,,,,,,,,,,
25714,20:34:00,,,,,,,,,,,,,,,,,,,,,,,,,
25715,20:35:00,,,,,,,,,,,,,,,,,,,,,,,,,
25716,20:36:00,,,,,,,,,,,,,,,,,,,,,,,,,
25717,20:37:00,,,,,,,,,,,,,,,,,,,,,,,,,
25718,20:38:00,,,,,,,,,,,,,,,,,,,,,,,,,
25719,20:39:00,,,,,,,,,,,,,,,,,,,,,,,,,
25720,20:40:00,,,,,,,,,,,,,,,,,,,,,,,,,
25721,20:41:00,,,,,,,,,,,,,,,,,,,,,,,,,
25722,20:42:00,,,,,,,,,,,,,,,,,,,,,,,,,
25723,20:43:00,,,,,,,,,,,,,,,,,,,,,,,,,
25724,20:44:00,,,,,,,,,,,,,,,,,,,,,,,,,
25725,20:45:00,,,,,,,,,,,,,,,,,,,,,,,,,
25726,20:46:00,,,,,,,,,,,,,,,,,,,,,,,,,
25727,20:47:00,,,,,,,,,,,,,,,,,,,,,,,,,
25728,20:48:00,,,,,,,,,,,,,,,,,,,,,,,,,
25729,20:49:00,,,,,,,,,,,,,,,,,,,,,,,,,
25730,20:50:00,,,,,,,,,,,,,,,,,,,,,,,,,
25731,20:51:00,,,,,,,,,,,,,,,,,,,,,,,,,
25732,20:52:00,,,,,,,,,,,,,,,,,,,,,,,,,
25733,20:53:00,,,,,,,,,,,,,,,,,,,,,,,,,
25734,20:54:00,,,,,,,,,,,,,,,,,,,,,,,,,
25735,20:55:00,,,,,,,,,,,,,,,,,,,,,,,,,
25736,20:56:00,,,,,,,,,,,,,,,,,,,,,,,,,
25737,20:57:00,,,,,,,,,,,,,,,,,,,,,,,,,
25738,20:58:00,,,,,,,,,,,,,,,,,,,,,,,,,
25739,20:59:00,,,,,,,,,,,,,,,,,,,,,,,,,
25740,21:00:00,,,,,,,,,,,,,,,,,,,,,,,,,
25741,21:01:00,,,,,,,,,,,,,,,,,,,,,,,,,
25742,21:02:00,,,,,,,,,,,,,,,,,,,,,,,,,
25743,21:03:00,,,,,,,,,,,,,,,,,,,,,,,,,
25744,21:04:00,,,,,,,,,,,,,,,,,,,,,,,,,
25745,21:05:00,,,,,,,,,,,,,,,,,,,,,,,,,
25746,21:06:00,,,,,,,,,,,,,,,,,,,,,,,,,
25747,21:07:00,,,,,,,,,,,,,,,,,,,,,,,,,
25748,21:08:00,,,,,,,,,,,,,,,,,,,,,,,,,
25749,21:09:00,,,,,,,,,,,,,,,,,,,,,,,,,
25750,21:10:00,,,,,,,,,,,,,,,,,,,,,,,,,
25751,21:11:00,,,,,,,,,,,,,,,,,,,,,,,,,
25752,21:12:00,,,,,,,,,,,,,,,,,,,,,,,,,
25753,21:13:00,,,,,,,,,,,,,,,,,,,,,,,,,
25754,21:14:00,,,,,,,,,,,,,,,,,,,,,,,,,
25755,21:15:00,,,,,,,,,,,,,,,,,,,,,,,,,
25756,21:16:00,,,,,,,,,,,,,,,,,,,,,,,,,
25757,21:17:00,,,,,,,,,,,,,,,,,,,,,,,,,
25758,21:18:00,,,,,,,,,,,,,,,,,,,,,,,,,
25759,21:19:00,,,,,,,,,,,,,,,,,,,,,,,,,
25760,21:20:00,,,,,,,,,,,,,,,,,,,,,,,,,
25761,21:21:00,,,,,,,,,,,,,,,,,,,,,,,,,
25762,21:22:00,,,,,,,,,,,,,,,,,,,,,,,,,
25763,21:23:00,,,,,,,,,,,,,,,,,,,,,,,,,
25764,21:24:00,,,,,,,,,,,,,,,,,,,,,,,,,
25765,21:25:00,,,,,,,,,,,,,,,,,,,,,,,,,
25766,21:26:00,,,,,,,,,,,,,,,,,,,,,,,,,
25767,21:27:00,,,,,,,,,,,,,,,,,,,,,,,,,
25768,21:28:00,,,,,,,,,,,,,,,,,,,,,,,,,
25769,21:29:00,,,,,,,,,,,,,,,,,,,,,,,,,
25770,21:30:00,,,,,,,,,,,,,,,,,,,,,,,,,
25771,21:31:00,,,,,,,,,,,,,,,,,,,,,,,,,
25772,21:32:00,,,,,,,,,,,,,,,,,,,,,,,,,
25773,21:33:00,,,,,,,,,,,,,,,,,,,,,,,,,
25774,21:34:00,,,,,,,,,,,,,,,,,,,,,,,,,
25775,21:35:00,,,,,,,,,,,,,,,,,,,,,,,,,
25776,21:36:00,,,,,,,,,,,,,,,,,,,,,,,,,
25777,21:37:00,,,,,,,,,,,,,,,,,,,,,,,,,
25778,21:38:00,,,,,,,,,,,,,,,,,,,,,,,,,
25779,21:39:00,,,,,,,,,,,,,,,,,,,,,,,,,
25780,21:40:00,,,,,,,,,,,,,,,,,,,,,,,,,
25781,21:41:00,,,,,,,,,,,,,,,,,,,,,,,,,
25782,21:42:00,,,,,,,,,,,,,,,,,,,,,,,,,
25783,21:43:00,,,,,,,,,,,,,,,,,,,,,,,,,
25784,21:44:00,,,,,,,,,,,,,,,,,,,,,,,,,
25785,21:45:00,,,,,,,,,,,,,,,,,,,,,,,,,
25786,21:46:00,,,,,,,,,,,,,,,,,,,,,,,,,
25787,21:47:00,,,,,,,,,,,,,,,,,,,,,,,,,
25788,21:48:00,,,,,,,,,,,,,,,,,,,,,,,,,
25789,21:49:00,,,,,,,,,,,,,,,,,,,,,,,,,
25790,21:50:00,,,,,,,,,,,,,,,,,,,,,,,,,
25791,21:51:00,,,,,,,,,,,,,,,,,,,,,,,,,
25792,21:52:00,,,,,,,,,,,,,,,,,,,,,,,,,
25793,21:53:00,,,,,,,,,,,,,,,,,,,,,,,,,
25794,21:54:00,,,,,,,,,,,,,,,,,,,,,,,,,
25795,21:55:00,,,,,,,,,,,,,,,,,,,,,,,,,
25796,21:56:00,,,,,,,,,,,,,,,,,,,,,,,,,
25797,21:57:00,,,,,,,,,,,,,,,,,,,,,,,,,
25798,21:58:00,,,,,,,,,,,,,,,,,,,,,,,,,
25799,21:59:00,,,,,,,,,,,,,,,,,,,,,,,,,
25800,22:00:00,,,,,,,,,,,,,,,,,,,,,,,,,
25801,22:01:00,,,,,,,,,,,,,,,,,,,,,,,,,
25802,22:02:00,,,,,,,,,,,,,,,,,,,,,,,,,
25803,22:03:00,,,,,,,,,,,,,,,,,,,,,,,,,
25804,22:04:00,,,,,,,,,,,,,,,,,,,,,,,,,
25805,22:05:00,,,,,,,,,,,,,,,,,,,,,,,,,
25806,22:06:00,,,,,,,,,,,,,,,,,,,,,,,,,
25807,22:07:00,,,,,,,,,,,,,,,,,,,,,,,,,
25808,22:08:00,,,,,,,,,,,,,,,,,,,,,,,,,
25809,22:09:00,,,,,,,,,,,,,,,,,,,,,,,,,
25810,22:10:00,,,,,,,,,,,,,,,,,,,,,,,,,
25811,22:11:00,,,,,,,,,,,,,,,,,,,,,,,,,
25812,22:12:00,,,,,,,,,,,,,,,,,,,,,,,,,
25813,22:13:00,,,,,,,,,,,,,,,,,,,,,,,,,
25814,22:14:00,,,,,,,,,,,,,,,,,,,,,,,,,
25815,22:15:00,,,,,,,,,,,,,,,,,,,,,,,,,
25816,22:16:00,,,,,,,,,,,,,,,,,,,,,,,,,
25817,22:17:00,,,,,,,,,,,,,,,,,,,,,,,,,
25818,22:18:00,,,,,,,,,,,,,,,,,,,,,,,,,
25819,22:19:00,,,,,,,,,,,,,,,,,,,,,,,,,
25820,22:20:00,,,,,,,,,,,,,,,,,,,,,,,,,
25821,22:21:00,,,,,,,,,,,,,,,,,,,,,,,,,
25822,22:22:00,,,,,,,,,,,,,,,,,,,,,,,,,
25823,22:23:00,,,,,,,,,,,,,,,,,,,,,,,,,
25824,22:24:00,,,,,,,,,,,,,,,,,,,,,,,,,
25825,22:25:00,,,,,,,,,,,,,,,,,,,,,,,,,
25826,22:26:00,,,,,,,,,,,,,,,,,,,,,,,,,
25827,22:27:00,,,,,,,,,,,,,,,,,,,,,,,,,
25828,22:28:00,,,,,,,,,,,,,,,,,,,,,,,,,
25829,22:29:00,,,,,,,,,,,,,,,,,,,,,,,,,
25830,22:30:00,,,,,,,,,,,,,,,,,,,,,,,,,
25831,22:31:00,,,,,,,,,,,,,,,,,,,,,,,,,
25832,22:32:00,,,,,,,,,,,,,,,,,,,,,,,,,
25833,22:33:00,,,,,,,,,,,,,,,,,,,,,,,,,
25834,22:34:00,,,,,,,,,,,,,,,,,,,,,,,,,
25835,22:35:00,,,,,,,,,,,,,,,,,,,,,,,,,
25836,22:36:00,,,,,,,,,,,,,,,,,,,,,,,,,
25837,22:37:00,,,,,,,,,,,,,,,,,,,,,,,,,
25838,22:38:00,,,,,,,,,,,,,,,,,,,,,,,,,
25839,22:39:00,,,,,,,,,,,,,,,,,,,,,,,,,
25840,22:40:00,,,,,,,,,,,,,,,,,,,,,,,,,
25841,22:41:00,,,,,,,,,,,,,,,,,,,,,,,,,
25842,22:42:00,,,,,,,,,,,,,,,,,,,,,,,,,
25843,22:43:00,,,,,,,,,,,,,,,,,,,,,,,,,
25844,22:44:00,,,,,,,,,,,,,,,,,,,,,,,,,
25845,22:45:00,,,,,,,,,,,,,,,,,,,,,,,,,
25846,22:46:00,,,,,,,,,,,,,,,,,,,,,,,,,
25847,22:47:00,,,,,,,,,,,,,,,,,,,,,,,,,
25848,22:48:00,,,,,,,,,,,,,,,,,,,,,,,,,
25849,22:49:00,,,,,,,,,,,,,,,,,,,,,,,,,
25850,22:50:00,,,,,,,,,,,,,,,,,,,,,,,,,
25851,22:51:00,,,,,,,,,,,,,,,,,,,,,,,,,
25852,22:52:00,,,,,,,,,,,,,,,,,,,,,,,,,
25853,22:53:00,,,,,,,,,,,,,,,,,,,,,,,,,
25854,22:54:00,,,,,,,,,,,,,,,,,,,,,,,,,
25855,22:55:00,,,,,,,,,,,,,,,,,,,,,,,,,
25856,22:56:00,,,,,,,,,,,,,,,,,,,,,,,,,
25857,22:57:00,,,,,,,,,,,,,,,,,,,,,,,,,
25858,22:58:00,,,,,,,,,,,,,,,,,,,,,,,,,
25859,22:59:00,,,,,,,,,,,,,,,,,,,,,,,,,
25860,23:00:00,,,,,,,,,,,,,,,,,,,,,,,,,
25861,23:01:00,,,,,,,,,,,,,,,,,,,,,,,,,
25862,23:02:00,,,,,,,,,,,,,,,,,,,,,,,,,
25863,23:03:00,,,,,,,,,,,,,,,,,,,,,,,,,
25864,23:04:00,,,,,,,,,,,,,,,,,,,,,,,,,
25865,23:05:00,,,,,,,,,,,,,,,,,,,,,,,,,
25866,23:06:00,,,,,,,,,,,,,,,,,,,,,,,,,
25867,23:07:00,,,,,,,,,,,,,,,,,,,,,,,,,
25868,23:08:00,,,,,,,,,,,,,,,,,,,,,,,,,
25869,23:09:00,,,,,,,,,,,,,,,,,,,,,,,,,
25870,23:10:00,,,,,,,,,,,,,,,,,,,,,,,,,
25871,23:11:00,,,,,,,,,,,,,,,,,,,,,,,,,
25872,23:12:00,,,,,,,,,,,,,,,,,,,,,,,,,
25873,23:13:00,,,,,,,,,,,,,,,,,,,,,,,,,
25874,23:14:00,,,,,,,,,,,,,,,,,,,,,,,,,
25875,23:15:00,,,,,,,,,,,,,,,,,,,,,,,,,
25876,23:16:00,,,,,,,,,,,,,,,,,,,,,,,,,
25877,23:17:00,,,,,,,,,,,,,,,,,,,,,,,,,
25878,23:18:00,,,,,,,,,,,,,,,,,,,,,,,,,
25879,23:19:00,,,,,,,,,,,,,,,,,,,,,,,,,
25880,23:20:00,,,,,,,,,,,,,,,,,,,,,,,,,
25881,23:21:00,,,,,,,,,,,,,,,,,,,,,,,,,
25882,23:22:00,,,,,,,,,,,,,,,,,,,,,,,,,
25883,23:23:00,,,,,,,,,,,,,,,,,,,,,,,,,
25884,23:24:00,,,,,,,,,,,,,,,,,,,,,,,,,
25885,23:25:00,,,,,,,,,,,,,,,,,,,,,,,,,
25886,23:26:00,,,,,,,,,,,,,,,,,,,,,,,,,
25887,23:27:00,,,,,,,,,,,,,,,,,,,,,,,,,
25888,23:28:00,,,,,,,,,,,,,,,,,,,,,,,,,
25889,23:29:00,,,,,,,,,,,,,,,,,,,,,,,,,
25890,23:30:00,,,,,,,,,,,,,,,,,,,,,,,,,
25891,23:31:00,,,,,,,,,,,,,,,,,,,,,,,,,
25892,23:32:00,,,,,,,,,,,,,,,,,,,,,,,,,
25893,23:33:00,,,,,,,,,,,,,,,,,,,,,,,,,
25894,23:34:00,,,,,,,,,,,,,,,,,,,,,,,,,
25895,23:35:00,,,,,,,,,,,,,,,,,,,,,,,,,
25896,23:36:00,,,,,,,,,,,,,,,,,,,,,,,,,
25897,23:37:00,,,,,,,,,,,,,,,,,,,,,,,,,
25898,23:38:00,,,,,,,,,,,,,,,,,,,,,,,,,
25899,23:39:00,,,,,,,,,,,,,,,,,,,,,,,,,
25900,23:40:00,,,,,,,,,,,,,,,,,,,,,,,,,
25901,23:41:00,,,,,,,,,,,,,,,,,,,,,,,,,
25902,23:42:00,,,,,,,,,,,,,,,,,,,,,,,,,
25903,23:43:00,,,,,,,,,,,,,,,,,,,,,,,,,
25904,23:44:00,,,,,,,,,,,,,,,,,,,,,,,,,
25905,23:45:00,,,,,,,,,,,,,,,,,,,,,,,,,
25906,23:46:00,,,,,,,,,,,,,,,,,,,,,,,,,
25907,23:47:00,,,,,,,,,,,,,,,,,,,,,,,,,
25908,23:48:00,,,,,,,,,,,,,,,,,,,,,,,,,
25909,23:49:00,,,,,,,,,,,,,,,,,,,,,,,,,
25910,23:50:00,,,,,,,,,,,,,,,,,,,,,,,,,
25911,23:51:00,,,,,,,,,,,,,,,,,,,,,,,,,
25912,23:52:00,,,,,,,,,,,,,,,,,,,,,,,,,
25913,23:53:00,,,,,,,,,,,,,,,,,,,,,,,,,
25914,23:54:00,,,,,,,,,,,,,,,,,,,,,,,,,
25915,23:55:00,,,,,,,,,,,,,,,,,,,,,,,,,
25916,23:56:00,,,,,,,,,,,,,,,,,,,,,,,,,
25917,23:57:00,,,,,,,,,,,,,,,,,,,,,,,,,
25918,23:58:00,,,,,,,,,,,,,,,,,,,,,,,,,
25919,23:59:00,,,,,,,,,,,,,,,,,,,,,,,,,
25920,00:00:00,,,,,,,,,,,,,,,,,,,,,,,,,
25921,00:01:00,,,,,,,,,,,,,,,,,,,,,,,,,
25922,00:02:00,,,,,,,,,,,,,,,,,,,,,,,,,
25923,00:03:00,,,,,,,,,,,,,,,,,,,,,,,,,
25924,00:04:00,,,,,,,,,,,,,,,,,,,,,,,,,
25925,00:05:00,,,,,,,,,,,,,,,,,,,,,,,,,
25926,00:06:00,,,,,,,,,,,,,,,,,,,,,,,,,
25927,00:07:00,,,,,,,,,,,,,,,,,,,,,,,,,
25928,00:08:00,,,,,,,,,,,,,,,,,,,,,,,,,
25929,00:09:00,,,,,,,,,,,,,,,,,,,,,,,,,
25930,00:10:00,,,,,,,,,,,,,,,,,,,,,,,,,
25931,00:11:00,,,,,,,,,,,,,,,,,,,,,,,,,
25932,00:12:00,,,,,,,,,,,,,,,,,,,,,,,,,
25933,00:13:00,,,,,,,,,,,,,,,,,,,,,,,,,
25934,00:14:00,,,,,,,,,,,,,,,,,,,,,,,,,
25935,00:15:00,,,,,,,,,,,,,,,,,,,,,,,,,
25936,00:16:00,,,,,,,,,,,,,,,,,,,,,,,,,
25937,00:17:00,,,,,,,,,,,,,,,,,,,,,,,,,
25938,00:18:00,,,,,,,,,,,,,,,,,,,,,,,,,
25939,00:19:00,,,,,,,,,,,,,,,,,,,,,,,,,
25940,00:20:00,,,,,,,,,,,,,,,,,,,,,,,,,
25941,00:21:00,,,,,,,,,,,,,,,,,,,,,,,,,
25942,00:22:00,,,,,,,,,,,,,,,,,,,,,,,,,
25943,00:23:00,,,,,,,,,,,,,,,,,,,,,,,,,
25944,00:24:00,,,,,,,,,,,,,,,,,,,,,,,,,
25945,00:25:00,,,,,,,,,,,,,,,,,,,,,,,,,
25946,00:26:00,,,,,,,,,,,,,,,,,,,,,,,,,
25947,00:27:00,,,,,,,,,,,,,,,,,,,,,,,,,
25948,00:28:00,,,,,,,,,,,,,,,,,,,,,,,,,
25949,00:29:00,,,,,,,,,,,,,,,,,,,,,,,,,
25950,00:30:00,,,,,,,,,,,,,,,,,,,,,,,,,
25951,00:31:00,,,,,,,,,,,,,,,,,,,,,,,,,
25952,00:32:00,,,,,,,,,,,,,,,,,,,,,,,,,
25953,00:33:00,,,,,,,,,,,,,,,,,,,,,,,,,
25954,00:34:00,,,,,,,,,,,,,,,,,,,,,,,,,
25955,00:35:00,,,,,,,,,,,,,,,,,,,,,,,,,
25956,00:36:00,,,,,,,,,,,,,,,,,,,,,,,,,
25957,00:37:00,,,,,,,,,,,,,,,,,,,,,,,,,
25958,00:38:00,,,,,,,,,,,,,,,,,,,,,,,,,
25959,00:39:00,,,,,,,,,,,,,,,,,,,,,,,,,
25960,00:40:00,,,,,,,,,,,,,,,,,,,,,,,,,
25961,00:41:00,,,,,,,,,,,,,,,,,,,,,,,,,
25962,00:42:00,,,,,,,,,,,,,,,,,,,,,,,,,
25963,00:43:00,,,,,,,,,,,,,,,,,,,,,,,,,
25964,00:44:00,,,,,,,,,,,,,,,,,,,,,,,,,
25965,00:45:00,,,,,,,,,,,,,,,,,,,,,,,,,
25966,00:46:00,,,,,,,,,,,,,,,,,,,,,,,,,
25967,00:47:00,,,,,,,,,,,,,,,,,,,,,,,,,
25968,00:48:00,,,,,,,,,,,,,,,,,,,,,,,,,
25969,00:49:00,,,,,,,,,,,,,,,,,,,,,,,,,
25970,00:50:00,,,,,,,,,,,,,,,,,,,,,,,,,
25971,00:51:00,,,,,,,,,,,,,,,,,,,,,,,,,
25972,00:52:00,,,,,,,,,,,,,,,,,,,,,,,,,
25973,00:53:00,,,,,,,,,,,,,,,,,,,,,,,,,
25974,00:54:00,,,,,,,,,,,,,,,,,,,,,,,,,
25975,00:55:00,,,,,,,,,,,,,,,,,,,,,,,,,
25976,00:56:00,,,,,,,,,,,,,,,,,,,,,,,,,
25977,00:57:00,,,,,,,,,,,,,,,,,,,,,,,,,
25978,00:58:00,,,,,,,,,,,,,,,,,,,,,,,,,
25979,00:59:00,,,,,,,,,,,,,,,,,,,,,,,,,
25980,01:00:00,,,,,,,,,,,,,,,,,,,,,,,,,
25981,01:01:00,,,,,,,,,,,,,,,,,,,,,,,,,
25982,01:02:00,,,,,,,,,,,,,,,,,,,,,,,,,
25983,01:03:00,,,,,,,,,,,,,,,,,,,,,,,,,
25984,01:04:00,,,,,,,,,,,,,,,,,,,,,,,,,
25985,01:05:00,,,,,,,,,,,,,,,,,,,,,,,,,
25986,01:06:00,,,,,,,,,,,,,,,,,,,,,,,,,
25987,01:07:00,,,,,,,,,,,,,,,,,,,,,,,,,
25988,01:08:00,,,,,,,,,,,,,,,,,,,,,,,,,
25989,01:09:00,,,,,,,,,,,,,,,,,,,,,,,,,
25990,01:10:00,,,,,,,,,,,,,,,,,,,,,,,,,
25991,01:11:00,,,,,,,,,,,,,,,,,,,,,,,,,
25992,01:12:00,,,,,,,,,,,,,,,,,,,,,,,,,
25993,01:13:00,,,,,,,,,,,,,,,,,,,,,,,,,
25994,01:14:00,,,,,,,,,,,,,,,,,,,,,,,,,
25995,01:15:00,,,,,,,,,,,,,,,,,,,,,,,,,
25996,01:16:00,,,,,,,,,,,,,,,,,,,,,,,,,
25997,01:17:00,,,,,,,,,,,,,,,,,,,,,,,,,
25998,01:18:00,,,,,,,,,,,,,,,,,,,,,,,,,
25999,01:19:00,,,,,,,,,,,,,,,,,,,,,,,,,
26000,01:20:00,,,,,,,,,,,,,,,,,,,,,,,,,
26001,01:21:00,,,,,,,,,,,,,,,,,,,,,,,,,
26002,01:22:00,,,,,,,,,,,,,,,,,,,,,,,,,
26003,01:23:00,,,,,,,,,,,,,,,,,,,,,,,,,
26004,01:24:00,,,,,,,,,,,,,,,,,,,,,,,,,
26005,01:25:00,,,,,,,,,,,,,,,,,,,,,,,,,
26006,01:26:00,,,,,,,,,,,,,,,,,,,,,,,,,
26007,01:27:00,,,,,,,,,,,,,,,,,,,,,,,,,
26008,01:28:00,,,,,,,,,,,,,,,,,,,,,,,,,
26009,01:29:00,,,,,,,,,,,,,,,,,,,,,,,,,
26010,01:30:00,,,,,,,,,,,,,,,,,,,,,,,,,
26011,01:31:00,,,,,,,,,,,,,,,,,,,,,,,,,
26012,01:32:00,,,,,,,,,,,,,,,,,,,,,,,,,
26013,01:33:00,,,,,,,,,,,,,,,,,,,,,,,,,
26014,01:34:00,,,,,,,,,,,,,,,,,,,,,,,,,
26015,01:35:00,,,,,,,,,,,,,,,,,,,,,,,,,
26016,01:36:00,,,,,,,,,,,,,,,,,,,,,,,,,
26017,01:37:00,,,,,,,,,,,,,,,,,,,,,,,,,
26018,01:38:00,,,,,,,,,,,,,,,,,,,,,,,,,
26019,01:39:00,,,,,,,,,,,,,,,,,,,,,,,,,
26020,01:40:00,,,,,,,,,,,,,,,,,,,,,,,,,
26021,01:41:00,,,,,,,,,,,,,,,,,,,,,,,,,
26022,01:42:00,,,,,,,,,,,,,,,,,,,,,,,,,
26023,01:43:00,,,,,,,,,,,,,,,,,,,,,,,,,
26024,01:44:00,,,,,,,,,,,,,,,,,,,,,,,,,
26025,01:45:00,,,,,,,,,,,,,,,,,,,,,,,,,
26026,01:46:00,,,,,,,,,,,,,,,,,,,,,,,,,
26027,01:47:00,,,,,,,,,,,,,,,,,,,,,,,,,
26028,01:48:00,,,,,,,,,,,,,,,,,,,,,,,,,
26029,01:49:00,,,,,,,,,,,,,,,,,,,,,,,,,
26030,01:50:00,,,,,,,,,,,,,,,,,,,,,,,,,
26031,01:51:00,,,,,,,,,,,,,,,,,,,,,,,,,
26032,01:52:00,,,,,,,,,,,,,,,,,,,,,,,,,
26033,01:53:00,,,,,,,,,,,,,,,,,,,,,,,,,
26034,01:54:00,,,,,,,,,,,,,,,,,,,,,,,,,
26035,01:55:00,,,,,,,,,,,,,,,,,,,,,,,,,
26036,01:56:00,,,,,,,,,,,,,,,,,,,,,,,,,
26037,01:57:00,,,,,,,,,,,,,,,,,,,,,,,,,
26038,01:58:00,,,,,,,,,,,,,,,,,,,,,,,,,
26039,01:59:00,,,,,,,,,,,,,,,,,,,,,,,,,
26040,02:00:00,,,,,,,,,,,,,,,,,,,,,,,,,
26041,02:01:00,,,,,,,,,,,,,,,,,,,,,,,,,
26042,02:02:00,,,,,,,,,,,,,,,,,,,,,,,,,
26043,02:03:00,,,,,,,,,,,,,,,,,,,,,,,,,
26044,02:04:00,,,,,,,,,,,,,,,,,,,,,,,,,
26045,02:05:00,,,,,,,,,,,,,,,,,,,,,,,,,
26046,02:06:00,,,,,,,,,,,,,,,,,,,,,,,,,
26047,02:07:00,,,,,,,,,,,,,,,,,,,,,,,,,
26048,02:08:00,,,,,,,,,,,,,,,,,,,,,,,,,
26049,02:09:00,,,,,,,,,,,,,,,,,,,,,,,,,
26050,02:10:00,,,,,,,,,,,,,,,,,,,,,,,,,
26051,02:11:00,,,,,,,,,,,,,,,,,,,,,,,,,
26052,02:12:00,,,,,,,,,,,,,,,,,,,,,,,,,
26053,02:13:00,,,,,,,,,,,,,,,,,,,,,,,,,
26054,02:14:00,,,,,,,,,,,,,,,,,,,,,,,,,
26055,02:15:00,,,,,,,,,,,,,,,,,,,,,,,,,
26056,02:16:00,,,,,,,,,,,,,,,,,,,,,,,,,
26057,02:17:00,,,,,,,,,,,,,,,,,,,,,,,,,
26058,02:18:00,,,,,,,,,,,,,,,,,,,,,,,,,
26059,02:19:00,,,,,,,,,,,,,,,,,,,,,,,,,
26060,02:20:00,,,,,,,,,,,,,,,,,,,,,,,,,
26061,02:21:00,,,,,,,,,,,,,,,,,,,,,,,,,
26062,02:22:00,,,,,,,,,,,,,,,,,,,,,,,,,
26063,02:23:00,,,,,,,,,,,,,,,,,,,,,,,,,
26064,02:24:00,,,,,,,,,,,,,,,,,,,,,,,,,
26065,02:25:00,,,,,,,,,,,,,,,,,,,,,,,,,
26066,02:26:00,,,,,,,,,,,,,,,,,,,,,,,,,
26067,02:27:00,,,,,,,,,,,,,,,,,,,,,,,,,
26068,02:28:00,,,,,,,,,,,,,,,,,,,,,,,,,
26069,02:29:00,,,,,,,,,,,,,,,,,,,,,,,,,
26070,02:30:00,,,,,,,,,,,,,,,,,,,,,,,,,
26071,02:31:00,,,,,,,,,,,,,,,,,,,,,,,,,
26072,02:32:00,,,,,,,,,,,,,,,,,,,,,,,,,
26073,02:33:00,,,,,,,,,,,,,,,,,,,,,,,,,
26074,02:34:00,,,,,,,,,,,,,,,,,,,,,,,,,
26075,02:35:00,,,,,,,,,,,,,,,,,,,,,,,,,
26076,02:36:00,,,,,,,,,,,,,,,,,,,,,,,,,
26077,02:37:00,,,,,,,,,,,,,,,,,,,,,,,,,
26078,02:38:00,,,,,,,,,,,,,,,,,,,,,,,,,
26079,02:39:00,,,,,,,,,,,,,,,,,,,,,,,,,
26080,02:40:00,,,,,,,,,,,,,,,,,,,,,,,,,
26081,02:41:00,,,,,,,,,,,,,,,,,,,,,,,,,
26082,02:42:00,,,,,,,,,,,,,,,,,,,,,,,,,
26083,02:43:00,,,,,,,,,,,,,,,,,,,,,,,,,
26084,02:44:00,,,,,,,,,,,,,,,,,,,,,,,,,
26085,02:45:00,,,,,,,,,,,,,,,,,,,,,,,,,
26086,02:46:00,,,,,,,,,,,,,,,,,,,,,,,,,
26087,02:47:00,,,,,,,,,,,,,,,,,,,,,,,,,
26088,02:48:00,,,,,,,,,,,,,,,,,,,,,,,,,
26089,02:49:00,,,,,,,,,,,,,,,,,,,,,,,,,
26090,02:50:00,,,,,,,,,,,,,,,,,,,,,,,,,
26091,02:51:00,,,,,,,,,,,,,,,,,,,,,,,,,
26092,02:52:00,,,,,,,,,,,,,,,,,,,,,,,,,
26093,02:53:00,,,,,,,,,,,,,,,,,,,,,,,,,
26094,02:54:00,,,,,,,,,,,,,,,,,,,,,,,,,
26095,02:55:00,,,,,,,,,,,,,,,,,,,,,,,,,
26096,02:56:00,,,,,,,,,,,,,,,,,,,,,,,,,
26097,02:57:00,,,,,,,,,,,,,,,,,,,,,,,,,
26098,02:58:00,,,,,,,,,,,,,,,,,,,,,,,,,
26099,02:59:00,,,,,,,,,,,,,,,,,,,,,,,,,
26100,03:00:00,,,,,,,,,,,,,,,,,,,,,,,,,
26101,03:01:00,,,,,,,,,,,,,,,,,,,,,,,,,
26102,03:02:00,,,,,,,,,,,,,,,,,,,,,,,,,
26103,03:03:00,,,,,,,,,,,,,,,,,,,,,,,,,
26104,03:04:00,,,,,,,,,,,,,,,,,,,,,,,,,
26105,03:05:00,,,,,,,,,,,,,,,,,,,,,,,,,
26106,03:06:00,,,,,,,,,,,,,,,,,,,,,,,,,
26107,03:07:00,,,,,,,,,,,,,,,,,,,,,,,,,
26108,03:08:00,,,,,,,,,,,,,,,,,,,,,,,,,
26109,03:09:00,,,,,,,,,,,,,,,,,,,,,,,,,
26110,03:10:00,,,,,,,,,,,,,,,,,,,,,,,,,
26111,03:11:00,,,,,,,,,,,,,,,,,,,,,,,,,
26112,03:12:00,,,,,,,,,,,,,,,,,,,,,,,,,
26113,03:13:00,,,,,,,,,,,,,,,,,,,,,,,,,
26114,03:14:00,,,,,,,,,,,,,,,,,,,,,,,,,
26115,03:15:00,,,,,,,,,,,,,,,,,,,,,,,,,
26116,03:16:00,,,,,,,,,,,,,,,,,,,,,,,,,
26117,03:17:00,,,,,,,,,,,,,,,,,,,,,,,,,
26118,03:18:00,,,,,,,,,,,,,,,,,,,,,,,,,
26119,03:19:00,,,,,,,,,,,,,,,,,,,,,,,,,
26120,03:20:00,,,,,,,,,,,,,,,,,,,,,,,,,
26121,03:21:00,,,,,,,,,,,,,,,,,,,,,,,,,
26122,03:22:00,,,,,,,,,,,,,,,,,,,,,,,,,
26123,03:23:00,,,,,,,,,,,,,,,,,,,,,,,,,
26124,03:24:00,,,,,,,,,,,,,,,,,,,,,,,,,
26125,03:25:00,,,,,,,,,,,,,,,,,,,,,,,,,
26126,03:26:00,,,,,,,,,,,,,,,,,,,,,,,,,
26127,03:27:00,,,,,,,,,,,,,,,,,,,,,,,,,
26128,03:28:00,,,,,,,,,,,,,,,,,,,,,,,,,
26129,03:29:00,,,,,,,,,,,,,,,,,,,,,,,,,
26130,03:30:00,,,,,,,,,,,,,,,,,,,,,,,,,
26131,03:31:00,,,,,,,,,,,,,,,,,,,,,,,,,
26132,03:32:00,,,,,,,,,,,,,,,,,,,,,,,,,
26133,03:33:00,,,,,,,,,,,,,,,,,,,,,,,,,
26134,03:34:00,,,,,,,,,,,,,,,,,,,,,,,,,
26135,03:35:00,,,,,,,,,,,,,,,,,,,,,,,,,
26136,03:36:00,,,,,,,,,,,,,,,,,,,,,,,,,
26137,03:37:00,,,,,,,,,,,,,,,,,,,,,,,,,
26138,03:38:00,,,,,,,,,,,,,,,,,,,,,,,,,
26139,03:39:00,,,,,,,,,,,,,,,,,,,,,,,,,
26140,03:40:00,,,,,,,,,,,,,,,,,,,,,,,,,
26141,03:41:00,,,,,,,,,,,,,,,,,,,,,,,,,
26142,03:42:00,,,,,,,,,,,,,,,,,,,,,,,,,
26143,03:43:00,,,,,,,,,,,,,,,,,,,,,,,,,
26144,03:44:00,,,,,,,,,,,,,,,,,,,,,,,,,
26145,03:45:00,,,,,,,,,,,,,,,,,,,,,,,,,
26146,03:46:00,,,,,,,,,,,,,,,,,,,,,,,,,
26147,03:47:00,,,,,,,,,,,,,,,,,,,,,,,,,
26148,03:48:00,,,,,,,,,,,,,,,,,,,,,,,,,
26149,03:49:00,,,,,,,,,,,,,,,,,,,,,,,,,
26150,03:50:00,,,,,,,,,,,,,,,,,,,,,,,,,
26151,03:51:00,,,,,,,,,,,,,,,,,,,,,,,,,
26152,03:52:00,,,,,,,,,,,,,,,,,,,,,,,,,
26153,03:53:00,,,,,,,,,,,,,,,,,,,,,,,,,
26154,03:54:00,,,,,,,,,,,,,,,,,,,,,,,,,
26155,03:55:00,,,,,,,,,,,,,,,,,,,,,,,,,
26156,03:56:00,,,,,,,,,,,,,,,,,,,,,,,,,
26157,03:57:00,,,,,,,,,,,,,,,,,,,,,,,,,
26158,03:58:00,,,,,,,,,,,,,,,,,,,,,,,,,
26159,03:59:00,,,,,,,,,,,,,,,,,,,,,,,,,
26160,04:00:00,,,,,,,,,,,,,,,,,,,,,,,,,
26161,04:01:00,,,,,,,,,,,,,,,,,,,,,,,,,
26162,04:02:00,,,,,,,,,,,,,,,,,,,,,,,,,
26163,04:03:00,,,,,,,,,,,,,,,,,,,,,,,,,
26164,04:04:00,,,,,,,,,,,,,,,,,,,,,,,,,
26165,04:05:00,,,,,,,,,,,,,,,,,,,,,,,,,
26166,04:06:00,,,,,,,,,,,,,,,,,,,,,,,,,
26167,04:07:00,,,,,,,,,,,,,,,,,,,,,,,,,
26168,04:08:00,,,,,,,,,,,,,,,,,,,,,,,,,
26169,04:09:00,,,,,,,,,,,,,,,,,,,,,,,,,
26170,04:10:00,,,,,,,,,,,,,,,,,,,,,,,,,
26171,04:11:00,,,,,,,,,,,,,,,,,,,,,,,,,
26172,04:12:00,,,,,,,,,,,,,,,,,,,,,,,,,
26173,04:13:00,,,,,,,,,,,,,,,,,,,,,,,,,
26174,04:14:00,,,,,,,,,,,,,,,,,,,,,,,,,
26175,04:15:00,,,,,,,,,,,,,,,,,,,,,,,,,
26176,04:16:00,,,,,,,,,,,,,,,,,,,,,,,,,
26177,04:17:00,,,,,,,,,,,,,,,,,,,,,,,,,
26178,04:18:00,,,,,,,,,,,,,,,,,,,,,,,,,
26179,04:19:00,,,,,,,,,,,,,,,,,,,,,,,,,
26180,04:20:00,,,,,,,,,,,,,,,,,,,,,,,,,
26181,04:21:00,,,,,,,,,,,,,,,,,,,,,,,,,
26182,04:22:00,,,,,,,,,,,,,,,,,,,,,,,,,
26183,04:23:00,,,,,,,,,,,,,,,,,,,,,,,,,
26184,04:24:00,,,,,,,,,,,,,,,,,,,,,,,,,
26185,04:25:00,,,,,,,,,,,,,,,,,,,,,,,,,
26186,04:26:00,,,,,,,,,,,,,,,,,,,,,,,,,
26187,04:27:00,,,,,,,,,,,,,,,,,,,,,,,,,
26188,04:28:00,,,,,,,,,,,,,,,,,,,,,,,,,
26189,04:29:00,,,,,,,,,,,,,,,,,,,,,,,,,
26190,04:30:00,,,,,,,,,,,,,,,,,,,,,,,,,
26191,04:31:00,,,,,,,,,,,,,,,,,,,,,,,,,
26192,04:32:00,,,,,,,,,,,,,,,,,,,,,,,,,
26193,04:33:00,,,,,,,,,,,,,,,,,,,,,,,,,
26194,04:34:00,,,,,,,,,,,,,,,,,,,,,,,,,
26195,04:35:00,,,,,,,,,,,,,,,,,,,,,,,,,
26196,04:36:00,,,,,,,,,,,,,,,,,,,,,,,,,
26197,04:37:00,,,,,,,,,,,,,,,,,,,,,,,,,
26198,04:38:00,,,,,,,,,,,,,,,,,,,,,,,,,
26199,04:39:00,,,,,,,,,,,,,,,,,,,,,,,,,
26200,04:40:00,,,,,,,,,,,,,,,,,,,,,,,,,
26201,04:41:00,,,,,,,,,,,,,,,,,,,,,,,,,
26202,04:42:00,,,,,,,,,,,,,,,,,,,,,,,,,
26203,04:43:00,,,,,,,,,,,,,,,,,,,,,,,,,
26204,04:44:00,,,,,,,,,,,,,,,,,,,,,,,,,
26205,04:45:00,,,,,,,,,,,,,,,,,,,,,,,,,
26206,04:46:00,,,,,,,,,,,,,,,,,,,,,,,,,
26207,04:47:00,,,,,,,,,,,,,,,,,,,,,,,,,
26208,04:48:00,,,,,,,,,,,,,,,,,,,,,,,,,
26209,04:49:00,,,,,,,,,,,,,,,,,,,,,,,,,
26210,04:50:00,,,,,,,,,,,,,,,,,,,,,,,,,
26211,04:51:00,,,,,,,,,,,,,,,,,,,,,,,,,
26212,04:52:00,,,,,,,,,,,,,,,,,,,,,,,,,
26213,04:53:00,,,,,,,,,,,,,,,,,,,,,,,,,
26214,04:54:00,,,,,,,,,,,,,,,,,,,,,,,,,
26215,04:55:00,,,,,,,,,,,,,,,,,,,,,,,,,
26216,04:56:00,,,,,,,,,,,,,,,,,,,,,,,,,
26217,04:57:00,,,,,,,,,,,,,,,,,,,,,,,,,
26218,04:58:00,,,,,,,,,,,,,,,,,,,,,,,,,
26219,04:59:00,,,,,,,,,,,,,,,,,,,,,,,,,
26220,05:00:00,,,,,,,,,,,,,,,,,,,,,,,,,
26221,05:01:00,,,,,,,,,,,,,,,,,,,,,,,,,
26222,05:02:00,,,,,,,,,,,,,,,,,,,,,,,,,
26223,05:03:00,,,,,,,,,,,,,,,,,,,,,,,,,
26224,05:04:00,,,,,,,,,,,,,,,,,,,,,,,,,
26225,05:05:00,,,,,,,,,,,,,,,,,,,,,,,,,
26226,05:06:00,,,,,,,,,,,,,,,,,,,,,,,,,
26227,05:07:00,,,,,,,,,,,,,,,,,,,,,,,,,
26228,05:08:00,,,,,,,,,,,,,,,,,,,,,,,,,
26229,05:09:00,,,,,,,,,,,,,,,,,,,,,,,,,
26230,05:10:00,,,,,,,,,,,,,,,,,,,,,,,,,
26231,05:11:00,,,,,,,,,,,,,,,,,,,,,,,,,
26232,05:12:00,,,,,,,,,,,,,,,,,,,,,,,,,
26233,05:13:00,,,,,,,,,,,,,,,,,,,,,,,,,
26234,05:14:00,,,,,,,,,,,,,,,,,,,,,,,,,
26235,05:15:00,,,,,,,,,,,,,,,,,,,,,,,,,
26236,05:16:00,,,,,,,,,,,,,,,,,,,,,,,,,
26237,05:17:00,,,,,,,,,,,,,,,,,,,,,,,,,
26238,05:18:00,,,,,,,,,,,,,,,,,,,,,,,,,
26239,05:19:00,,,,,,,,,,,,,,,,,,,,,,,,,
26240,05:20:00,,,,,,,,,,,,,,,,,,,,,,,,,
26241,05:21:00,,,,,,,,,,,,,,,,,,,,,,,,,
26242,05:22:00,,,,,,,,,,,,,,,,,,,,,,,,,
26243,05:23:00,,,,,,,,,,,,,,,,,,,,,,,,,
26244,05:24:00,,,,,,,,,,,,,,,,,,,,,,,,,
26245,05:25:00,,,,,,,,,,,,,,,,,,,,,,,,,
26246,05:26:00,,,,,,,,,,,,,,,,,,,,,,,,,
26247,05:27:00,,,,,,,,,,,,,,,,,,,,,,,,,
26248,05:28:00,,,,,,,,,,,,,,,,,,,,,,,,,
26249,05:29:00,,,,,,,,,,,,,,,,,,,,,,,,,
26250,05:30:00,,,,,,,,,,,,,,,,,,,,,,,,,
26251,05:31:00,,,,,,,,,,,,,,,,,,,,,,,,,
26252,05:32:00,,,,,,,,,,,,,,,,,,,,,,,,,
26253,05:33:00,,,,,,,,,,,,,,,,,,,,,,,,,
26254,05:34:00,,,,,,,,,,,,,,,,,,,,,,,,,
26255,05:35:00,,,,,,,,,,,,,,,,,,,,,,,,,
26256,05:36:00,,,,,,,,,,,,,,,,,,,,,,,,,
26257,05:37:00,,,,,,,,,,,,,,,,,,,,,,,,,
26258,05:38:00,,,,,,,,,,,,,,,,,,,,,,,,,
26259,05:39:00,,,,,,,,,,,,,,,,,,,,,,,,,
26260,05:40:00,,,,,,,,,,,,,,,,,,,,,,,,,
26261,05:41:00,,,,,,,,,,,,,,,,,,,,,,,,,
26262,05:42:00,,,,,,,,,,,,,,,,,,,,,,,,,
26263,05:43:00,,,,,,,,,,,,,,,,,,,,,,,,,
26264,05:44:00,,,,,,,,,,,,,,,,,,,,,,,,,
26265,05:45:00,,,,,,,,,,,,,,,,,,,,,,,,,
26266,05:46:00,,,,,,,,,,,,,,,,,,,,,,,,,
26267,05:47:00,,,,,,,,,,,,,,,,,,,,,,,,,
26268,05:48:00,,,,,,,,,,,,,,,,,,,,,,,,,
26269,05:49:00,,,,,,,,,,,,,,,,,,,,,,,,,
26270,05:50:00,,,,,,,,,,,,,,,,,,,,,,,,,
26271,05:51:00,,,,,,,,,,,,,,,,,,,,,,,,,
26272,05:52:00,,,,,,,,,,,,,,,,,,,,,,,,,
26273,05:53:00,,,,,,,,,,,,,,,,,,,,,,,,,
26274,05:54:00,,,,,,,,,,,,,,,,,,,,,,,,,
26275,05:55:00,,,,,,,,,,,,,,,,,,,,,,,,,
26276,05:56:00,,,,,,,,,,,,,,,,,,,,,,,,,
26277,05:57:00,,,,,,,,,,,,,,,,,,,,,,,,,
26278,05:58:00,,,,,,,,,,,,,,,,,,,,,,,,,
26279,05:59:00,,,,,,,,,,,,,,,,,,,,,,,,,
26280,06:00:00,,,,,,,,,,,,,,,,,,,,,,,,,
26281,06:01:00,,,,,,,,,,,,,,,,,,,,,,,,,
26282,06:02:00,,,,,,,,,,,,,,,,,,,,,,,,,
26283,06:03:00,,,,,,,,,,,,,,,,,,,,,,,,,
26284,06:04:00,,,,,,,,,,,,,,,,,,,,,,,,,
26285,06:05:00,,,,,,,,,,,,,,,,,,,,,,,,,
26286,06:06:00,,,,,,,,,,,,,,,,,,,,,,,,,
26287,06:07:00,,,,,,,,,,,,,,,,,,,,,,,,,
26288,06:08:00,,,,,,,,,,,,,,,,,,,,,,,,,
26289,06:09:00,,,,,,,,,,,,,,,,,,,,,,,,,
26290,06:10:00,,,,,,,,,,,,,,,,,,,,,,,,,
26291,06:11:00,,,,,,,,,,,,,,,,,,,,,,,,,
26292,06:12:00,,,,,,,,,,,,,,,,,,,,,,,,,
26293,06:13:00,,,,,,,,,,,,,,,,,,,,,,,,,
26294,06:14:00,,,,,,,,,,,,,,,,,,,,,,,,,
26295,06:15:00,,,,,,,,,,,,,,,,,,,,,,,,,
26296,06:16:00,,,,,,,,,,,,,,,,,,,,,,,,,
26297,06:17:00,,,,,,,,,,,,,,,,,,,,,,,,,
26298,06:18:00,,,,,,,,,,,,,,,,,,,,,,,,,
26299,06:19:00,,,,,,,,,,,,,,,,,,,,,,,,,
26300,06:20:00,,,,,,,,,,,,,,,,,,,,,,,,,
26301,06:21:00,,,,,,,,,,,,,,,,,,,,,,,,,
26302,06:22:00,,,,,,,,,,,,,,,,,,,,,,,,,
26303,06:23:00,,,,,,,,,,,,,,,,,,,,,,,,,
26304,06:24:00,,,,,,,,,,,,,,,,,,,,,,,,,
26305,06:25:00,,,,,,,,,,,,,,,,,,,,,,,,,
26306,06:26:00,,,,,,,,,,,,,,,,,,,,,,,,,
26307,06:27:00,,,,,,,,,,,,,,,,,,,,,,,,,
26308,06:28:00,,,,,,,,,,,,,,,,,,,,,,,,,
26309,06:29:00,,,,,,,,,,,,,,,,,,,,,,,,,
26310,06:30:00,,,,,,,,,,,,,,,,,,,,,,,,,
26311,06:31:00,,,,,,,,,,,,,,,,,,,,,,,,,
26312,06:32:00,,,,,,,,,,,,,,,,,,,,,,,,,
26313,06:33:00,,,,,,,,,,,,,,,,,,,,,,,,,
26314,06:34:00,,,,,,,,,,,,,,,,,,,,,,,,,
26315,06:35:00,,,,,,,,,,,,,,,,,,,,,,,,,
26316,06:36:00,,,,,,,,,,,,,,,,,,,,,,,,,
26317,06:37:00,,,,,,,,,,,,,,,,,,,,,,,,,
26318,06:38:00,,,,,,,,,,,,,,,,,,,,,,,,,
26319,06:39:00,,,,,,,,,,,,,,,,,,,,,,,,,
26320,06:40:00,,,,,,,,,,,,,,,,,,,,,,,,,
26321,06:41:00,,,,,,,,,,,,,,,,,,,,,,,,,
26322,06:42:00,,,,,,,,,,,,,,,,,,,,,,,,,
26323,06:43:00,,,,,,,,,,,,,,,,,,,,,,,,,
26324,06:44:00,,,,,,,,,,,,,,,,,,,,,,,,,
26325,06:45:00,,,,,,,,,,,,,,,,,,,,,,,,,
26326,06:46:00,,,,,,,,,,,,,,,,,,,,,,,,,
26327,06:47:00,,,,,,,,,,,,,,,,,,,,,,,,,
26328,06:48:00,,,,,,,,,,,,,,,,,,,,,,,,,
26329,06:49:00,,,,,,,,,,,,,,,,,,,,,,,,,
26330,06:50:00,,,,,,,,,,,,,,,,,,,,,,,,,
26331,06:51:00,,,,,,,,,,,,,,,,,,,,,,,,,
26332,06:52:00,,,,,,,,,,,,,,,,,,,,,,,,,
26333,06:53:00,,,,,,,,,,,,,,,,,,,,,,,,,
26334,06:54:00,,,,,,,,,,,,,,,,,,,,,,,,,
26335,06:55:00,,,,,,,,,,,,,,,,,,,,,,,,,
26336,06:56:00,,,,,,,,,,,,,,,,,,,,,,,,,
26337,06:57:00,,,,,,,,,,,,,,,,,,,,,,,,,
26338,06:58:00,,,,,,,,,,,,,,,,,,,,,,,,,
26339,06:59:00,,,,,,,,,,,,,,,,,,,,,,,,,
26340,07:00:00,,,,,,,,,,,,,,,,,,,,,,,,,
26341,07:01:00,,,,,,,,,,,,,,,,,,,,,,,,,
26342,07:02:00,,,,,,,,,,,,,,,,,,,,,,,,,
26343,07:03:00,,,,,,,,,,,,,,,,,,,,,,,,,
26344,07:04:00,,,,,,,,,,,,,,,,,,,,,,,,,
26345,07:05:00,,,,,,,,,,,,,,,,,,,,,,,,,
26346,07:06:00,,,,,,,,,,,,,,,,,,,,,,,,,
26347,07:07:00,,,,,,,,,,,,,,,,,,,,,,,,,
26348,07:08:00,,,,,,,,,,,,,,,,,,,,,,,,,
26349,07:09:00,,,,,,,,,,,,,,,,,,,,,,,,,
26350,07:10:00,,,,,,,,,,,,,,,,,,,,,,,,,
26351,07:11:00,,,,,,,,,,,,,,,,,,,,,,,,,
26352,07:12:00,,,,,,,,,,,,,,,,,,,,,,,,,
26353,07:13:00,,,,,,,,,,,,,,,,,,,,,,,,,
26354,07:14:00,,,,,,,,,,,,,,,,,,,,,,,,,
26355,07:15:00,,,,,,,,,,,,,,,,,,,,,,,,,
26356,07:16:00,,,,,,,,,,,,,,,,,,,,,,,,,
26357,07:17:00,,,,,,,,,,,,,,,,,,,,,,,,,
26358,07:18:00,,,,,,,,,,,,,,,,,,,,,,,,,
26359,07:19:00,,,,,,,,,,,,,,,,,,,,,,,,,
26360,07:20:00,,,,,,,,,,,,,,,,,,,,,,,,,
26361,07:21:00,,,,,,,,,,,,,,,,,,,,,,,,,
26362,07:22:00,,,,,,,,,,,,,,,,,,,,,,,,,
26363,07:23:00,,,,,,,,,,,,,,,,,,,,,,,,,
26364,07:24:00,,,,,,,,,,,,,,,,,,,,,,,,,
26365,07:25:00,,,,,,,,,,,,,,,,,,,,,,,,,
26366,07:26:00,,,,,,,,,,,,,,,,,,,,,,,,,
26367,07:27:00,,,,,,,,,,,,,,,,,,,,,,,,,
26368,07:28:00,,,,,,,,,,,,,,,,,,,,,,,,,
26369,07:29:00,,,,,,,,,,,,,,,,,,,,,,,,,
26370,07:30:00,,,,,,,,,,,,,,,,,,,,,,,,,
26371,07:31:00,,,,,,,,,,,,,,,,,,,,,,,,,
26372,07:32:00,,,,,,,,,,,,,,,,,,,,,,,,,
26373,07:33:00,,,,,,,,,,,,,,,,,,,,,,,,,
26374,07:34:00,,,,,,,,,,,,,,,,,,,,,,,,,
26375,07:35:00,,,,,,,,,,,,,,,,,,,,,,,,,
26376,07:36:00,,,,,,,,,,,,,,,,,,,,,,,,,
26377,07:37:00,,,,,,,,,,,,,,,,,,,,,,,,,
26378,07:38:00,,,,,,,,,,,,,,,,,,,,,,,,,
26379,07:39:00,,,,,,,,,,,,,,,,,,,,,,,,,
26380,07:40:00,,,,,,,,,,,,,,,,,,,,,,,,,
26381,07:41:00,,,,,,,,,,,,,,,,,,,,,,,,,
26382,07:42:00,,,,,,,,,,,,,,,,,,,,,,,,,
26383,07:43:00,,,,,,,,,,,,,,,,,,,,,,,,,
26384,07:44:00,,,,,,,,,,,,,,,,,,,,,,,,,
26385,07:45:00,,,,,,,,,,,,,,,,,,,,,,,,,
26386,07:46:00,,,,,,,,,,,,,,,,,,,,,,,,,
26387,07:47:00,,,,,,,,,,,,,,,,,,,,,,,,,
26388,07:48:00,,,,,,,,,,,,,,,,,,,,,,,,,
26389,07:49:00,,,,,,,,,,,,,,,,,,,,,,,,,
26390,07:50:00,,,,,,,,,,,,,,,,,,,,,,,,,
26391,07:51:00,,,,,,,,,,,,,,,,,,,,,,,,,
26392,07:52:00,,,,,,,,,,,,,,,,,,,,,,,,,
26393,07:53:00,,,,,,,,,,,,,,,,,,,,,,,,,
26394,07:54:00,,,,,,,,,,,,,,,,,,,,,,,,,
26395,07:55:00,,,,,,,,,,,,,,,,,,,,,,,,,
26396,07:56:00,,,,,,,,,,,,,,,,,,,,,,,,,
26397,07:57:00,,,,,,,,,,,,,,,,,,,,,,,,,
26398,07:58:00,,,,,,,,,,,,,,,,,,,,,,,,,
26399,07:59:00,,,,,,,,,,,,,,,,,,,,,,,,,
26400,08:00:00,,,,,,,,,,,,,,,,,,,,,,,,,
26401,08:01:00,,,,,,,,,,,,,,,,,,,,,,,,,
26402,08:02:00,,,,,,,,,,,,,,,,,,,,,,,,,
26403,08:03:00,,,,,,,,,,,,,,,,,,,,,,,,,
26404,08:04:00,,,,,,,,,,,,,,,,,,,,,,,,,
26405,08:05:00,,,,,,,,,,,,,,,,,,,,,,,,,
26406,08:06:00,,,,,,,,,,,,,,,,,,,,,,,,,
26407,08:07:00,,,,,,,,,,,,,,,,,,,,,,,,,
26408,08:08:00,,,,,,,,,,,,,,,,,,,,,,,,,
26409,08:09:00,,,,,,,,,,,,,,,,,,,,,,,,,
26410,08:10:00,,,,,,,,,,,,,,,,,,,,,,,,,
26411,08:11:00,,,,,,,,,,,,,,,,,,,,,,,,,
26412,08:12:00,,,,,,,,,,,,,,,,,,,,,,,,,
26413,08:13:00,,,,,,,,,,,,,,,,,,,,,,,,,
26414,08:14:00,,,,,,,,,,,,,,,,,,,,,,,,,
26415,08:15:00,,,,,,,,,,,,,,,,,,,,,,,,,
26416,08:16:00,,,,,,,,,,,,,,,,,,,,,,,,,
26417,08:17:00,,,,,,,,,,,,,,,,,,,,,,,,,
26418,08:18:00,,,,,,,,,,,,,,,,,,,,,,,,,
26419,08:19:00,,,,,,,,,,,,,,,,,,,,,,,,,
26420,08:20:00,,,,,,,,,,,,,,,,,,,,,,,,,
26421,08:21:00,,,,,,,,,,,,,,,,,,,,,,,,,
26422,08:22:00,,,,,,,,,,,,,,,,,,,,,,,,,
26423,08:23:00,,,,,,,,,,,,,,,,,,,,,,,,,
26424,08:24:00,,,,,,,,,,,,,,,,,,,,,,,,,
26425,08:25:00,,,,,,,,,,,,,,,,,,,,,,,,,
26426,08:26:00,,,,,,,,,,,,,,,,,,,,,,,,,
26427,08:27:00,,,,,,,,,,,,,,,,,,,,,,,,,
26428,08:28:00,,,,,,,,,,,,,,,,,,,,,,,,,
26429,08:29:00,,,,,,,,,,,,,,,,,,,,,,,,,
26430,08:30:00,,,,,,,,,,,,,,,,,,,,,,,,,
26431,08:31:00,,,,,,,,,,,,,,,,,,,,,,,,,
26432,08:32:00,,,,,,,,,,,,,,,,,,,,,,,,,
26433,08:33:00,,,,,,,,,,,,,,,,,,,,,,,,,
26434,08:34:00,,,,,,,,,,,,,,,,,,,,,,,,,
26435,08:35:00,,,,,,,,,,,,,,,,,,,,,,,,,
26436,08:36:00,,,,,,,,,,,,,,,,,,,,,,,,,
26437,08:37:00,,,,,,,,,,,,,,,,,,,,,,,,,
26438,08:38:00,,,,,,,,,,,,,,,,,,,,,,,,,
26439,08:39:00,,,,,,,,,,,,,,,,,,,,,,,,,
26440,08:40:00,,,,,,,,,,,,,,,,,,,,,,,,,
26441,08:41:00,,,,,,,,,,,,,,,,,,,,,,,,,
26442,08:42:00,,,,,,,,,,,,,,,,,,,,,,,,,
26443,08:43:00,,,,,,,,,,,,,,,,,,,,,,,,,
26444,08:44:00,,,,,,,,,,,,,,,,,,,,,,,,,
26445,08:45:00,,,,,,,,,,,,,,,,,,,,,,,,,
26446,08:46:00,,,,,,,,,,,,,,,,,,,,,,,,,
26447,08:47:00,,,,,,,,,,,,,,,,,,,,,,,,,
26448,08:48:00,,,,,,,,,,,,,,,,,,,,,,,,,
26449,08:49:00,,,,,,,,,,,,,,,,,,,,,,,,,
26450,08:50:00,,,,,,,,,,,,,,,,,,,,,,,,,
26451,08:51:00,,,,,,,,,,,,,,,,,,,,,,,,,
26452,08:52:00,,,,,,,,,,,,,,,,,,,,,,,,,
26453,08:53:00,,,,,,,,,,,,,,,,,,,,,,,,,
26454,08:54:00,,,,,,,,,,,,,,,,,,,,,,,,,
26455,08:55:00,,,,,,,,,,,,,,,,,,,,,,,,,
26456,08:56:00,,,,,,,,,,,,,,,,,,,,,,,,,
26457,08:57:00,,,,,,,,,,,,,,,,,,,,,,,,,
26458,08:58:00,,,,,,,,,,,,,,,,,,,,,,,,,
26459,08:59:00,,,,,,,,,,,,,,,,,,,,,,,,,
26460,09:00:00,,,,,,,,,,,,,,,,,,,,,,,,,
26461,09:01:00,,,,,,,,,,,,,,,,,,,,,,,,,
26462,09:02:00,,,,,,,,,,,,,,,,,,,,,,,,,
26463,09:03:00,,,,,,,,,,,,,,,,,,,,,,,,,
26464,09:04:00,,,,,,,,,,,,,,,,,,,,,,,,,
26465,09:05:00,,,,,,,,,,,,,,,,,,,,,,,,,
26466,09:06:00,,,,,,,,,,,,,,,,,,,,,,,,,
26467,09:07:00,,,,,,,,,,,,,,,,,,,,,,,,,
26468,09:08:00,,,,,,,,,,,,,,,,,,,,,,,,,
26469,09:09:00,,,,,,,,,,,,,,,,,,,,,,,,,
26470,09:10:00,,,,,,,,,,,,,,,,,,,,,,,,,
26471,09:11:00,,,,,,,,,,,,,,,,,,,,,,,,,
26472,09:12:00,,,,,,,,,,,,,,,,,,,,,,,,,
26473,09:13:00,,,,,,,,,,,,,,,,,,,,,,,,,
26474,09:14:00,,,,,,,,,,,,,,,,,,,,,,,,,
26475,09:15:00,,,,,,,,,,,,,,,,,,,,,,,,,
26476,09:16:00,,,,,,,,,,,,,,,,,,,,,,,,,
26477,09:17:00,,,,,,,,,,,,,,,,,,,,,,,,,
26478,09:18:00,,,,,,,,,,,,,,,,,,,,,,,,,
26479,09:19:00,,,,,,,,,,,,,,,,,,,,,,,,,
26480,09:20:00,,,,,,,,,,,,,,,,,,,,,,,,,
26481,09:21:00,,,,,,,,,,,,,,,,,,,,,,,,,
26482,09:22:00,,,,,,,,,,,,,,,,,,,,,,,,,
26483,09:23:00,,,,,,,,,,,,,,,,,,,,,,,,,
26484,09:24:00,,,,,,,,,,,,,,,,,,,,,,,,,
26485,09:25:00,,,,,,,,,,,,,,,,,,,,,,,,,
26486,09:26:00,,,,,,,,,,,,,,,,,,,,,,,,,
26487,09:27:00,,,,,,,,,,,,,,,,,,,,,,,,,
26488,09:28:00,,,,,,,,,,,,,,,,,,,,,,,,,
26489,09:29:00,,,,,,,,,,,,,,,,,,,,,,,,,
26490,09:30:00,,,,,,,,,,,,,,,,,,,,,,,,,
26491,09:31:00,,,,,,,,,,,,,,,,,,,,,,,,,
26492,09:32:00,,,,,,,,,,,,,,,,,,,,,,,,,
26493,09:33:00,,,,,,,,,,,,,,,,,,,,,,,,,
26494,09:34:00,,,,,,,,,,,,,,,,,,,,,,,,,
26495,09:35:00,,,,,,,,,,,,,,,,,,,,,,,,,
26496,09:36:00,,,,,,,,,,,,,,,,,,,,,,,,,
26497,09:37:00,,,,,,,,,,,,,,,,,,,,,,,,,
26498,09:38:00,,,,,,,,,,,,,,,,,,,,,,,,,
26499,09:39:00,,,,,,,,,,,,,,,,,,,,,,,,,
26500,09:40:00,,,,,,,,,,,,,,,,,,,,,,,,,
26501,09:41:00,,,,,,,,,,,,,,,,,,,,,,,,,
26502,09:42:00,,,,,,,,,,,,,,,,,,,,,,,,,
26503,09:43:00,,,,,,,,,,,,,,,,,,,,,,,,,
26504,09:44:00,,,,,,,,,,,,,,,,,,,,,,,,,
26505,09:45:00,,,,,,,,,,,,,,,,,,,,,,,,,
26506,09:46:00,,,,,,,,,,,,,,,,,,,,,,,,,
26507,09:47:00,,,,,,,,,,,,,,,,,,,,,,,,,
26508,09:48:00,,,,,,,,,,,,,,,,,,,,,,,,,
26509,09:49:00,,,,,,,,,,,,,,,,,,,,,,,,,
26510,09:50:00,,,,,,,,,,,,,,,,,,,,,,,,,
26511,09:51:00,,,,,,,,,,,,,,,,,,,,,,,,,
26512,09:52:00,,,,,,,,,,,,,,,,,,,,,,,,,
26513,09:53:00,,,,,,,,,,,,,,,,,,,,,,,,,
26514,09:54:00,,,,,,,,,,,,,,,,,,,,,,,,,
26515,09:55:00,,,,,,,,,,,,,,,,,,,,,,,,,
26516,09:56:00,,,,,,,,,,,,,,,,,,,,,,,,,
26517,09:57:00,,,,,,,,,,,,,,,,,,,,,,,,,
26518,09:58:00,,,,,,,,,,,,,,,,,,,,,,,,,
26519,09:59:00,,,,,,,,,,,,,,,,,,,,,,,,,
26520,10:00:00,,,,,,,,,,,,,,,,,,,,,,,,,
26521,10:01:00,,,,,,,,,,,,,,,,,,,,,,,,,
26522,10:02:00,,,,,,,,,,,,,,,,,,,,,,,,,
26523,10:03:00,,,,,,,,,,,,,,,,,,,,,,,,,
26524,10:04:00,,,,,,,,,,,,,,,,,,,,,,,,,
26525,10:05:00,,,,,,,,,,,,,,,,,,,,,,,,,
26526,10:06:00,,,,,,,,,,,,,,,,,,,,,,,,,
26527,10:07:00,,,,,,,,,,,,,,,,,,,,,,,,,
26528,10:08:00,,,,,,,,,,,,,,,,,,,,,,,,,
26529,10:09:00,,,,,,,,,,,,,,,,,,,,,,,,,
26530,10:10:00,,,,,,,,,,,,,,,,,,,,,,,,,
26531,10:11:00,,,,,,,,,,,,,,,,,,,,,,,,,
26532,10:12:00,,,,,,,,,,,,,,,,,,,,,,,,,
26533,10:13:00,,,,,,,,,,,,,,,,,,,,,,,,,
26534,10:14:00,,,,,,,,,,,,,,,,,,,,,,,,,
26535,10:15:00,,,,,,,,,,,,,,,,,,,,,,,,,
26536,10:16:00,,,,,,,,,,,,,,,,,,,,,,,,,
26537,10:17:00,,,,,,,,,,,,,,,,,,,,,,,,,
26538,10:18:00,,,,,,,,,,,,,,,,,,,,,,,,,
26539,10:19:00,,,,,,,,,,,,,,,,,,,,,,,,,
26540,10:20:00,,,,,,,,,,,,,,,,,,,,,,,,,
26541,10:21:00,,,,,,,,,,,,,,,,,,,,,,,,,
26542,10:22:00,,,,,,,,,,,,,,,,,,,,,,,,,
26543,10:23:00,,,,,,,,,,,,,,,,,,,,,,,,,
26544,10:24:00,,,,,,,,,,,,,,,,,,,,,,,,,
26545,10:25:00,,,,,,,,,,,,,,,,,,,,,,,,,
26546,10:26:00,,,,,,,,,,,,,,,,,,,,,,,,,
26547,10:27:00,,,,,,,,,,,,,,,,,,,,,,,,,
26548,10:28:00,,,,,,,,,,,,,,,,,,,,,,,,,
26549,10:29:00,,,,,,,,,,,,,,,,,,,,,,,,,
26550,10:30:00,,,,,,,,,,,,,,,,,,,,,,,,,
26551,10:31:00,,,,,,,,,,,,,,,,,,,,,,,,,
26552,10:32:00,,,,,,,,,,,,,,,,,,,,,,,,,
26553,10:33:00,,,,,,,,,,,,,,,,,,,,,,,,,
26554,10:34:00,,,,,,,,,,,,,,,,,,,,,,,,,
26555,10:35:00,,,,,,,,,,,,,,,,,,,,,,,,,
26556,10:36:00,,,,,,,,,,,,,,,,,,,,,,,,,
26557,10:37:00,,,,,,,,,,,,,,,,,,,,,,,,,
26558,10:38:00,,,,,,,,,,,,,,,,,,,,,,,,,
26559,10:39:00,,,,,,,,,,,,,,,,,,,,,,,,,
26560,10:40:00,,,,,,,,,,,,,,,,,,,,,,,,,
26561,10:41:00,,,,,,,,,,,,,,,,,,,,,,,,,
26562,10:42:00,,,,,,,,,,,,,,,,,,,,,,,,,
26563,10:43:00,,,,,,,,,,,,,,,,,,,,,,,,,
26564,10:44:00,,,,,,,,,,,,,,,,,,,,,,,,,
26565,10:45:00,,,,,,,,,,,,,,,,,,,,,,,,,
26566,10:46:00,,,,,,,,,,,,,,,,,,,,,,,,,
26567,10:47:00,,,,,,,,,,,,,,,,,,,,,,,,,
26568,10:48:00,,,,,,,,,,,,,,,,,,,,,,,,,
26569,10:49:00,,,,,,,,,,,,,,,,,,,,,,,,,
26570,10:50:00,,,,,,,,,,,,,,,,,,,,,,,,,
26571,10:51:00,,,,,,,,,,,,,,,,,,,,,,,,,
26572,10:52:00,,,,,,,,,,,,,,,,,,,,,,,,,
26573,10:53:00,,,,,,,,,,,,,,,,,,,,,,,,,
26574,10:54:00,,,,,,,,,,,,,,,,,,,,,,,,,
26575,10:55:00,,,,,,,,,,,,,,,,,,,,,,,,,
26576,10:56:00,,,,,,,,,,,,,,,,,,,,,,,,,
26577,10:57:00,,,,,,,,,,,,,,,,,,,,,,,,,
26578,10:58:00,,,,,,,,,,,,,,,,,,,,,,,,,
26579,10:59:00,,,,,,,,,,,,,,,,,,,,,,,,,
26580,11:00:00,,,,,,,,,,,,,,,,,,,,,,,,,
26581,11:01:00,,,,,,,,,,,,,,,,,,,,,,,,,
26582,11:02:00,,,,,,,,,,,,,,,,,,,,,,,,,
26583,11:03:00,,,,,,,,,,,,,,,,,,,,,,,,,
26584,11:04:00,,,,,,,,,,,,,,,,,,,,,,,,,
26585,11:05:00,,,,,,,,,,,,,,,,,,,,,,,,,
26586,11:06:00,,,,,,,,,,,,,,,,,,,,,,,,,
26587,11:07:00,,,,,,,,,,,,,,,,,,,,,,,,,
26588,11:08:00,,,,,,,,,,,,,,,,,,,,,,,,,
26589,11:09:00,,,,,,,,,,,,,,,,,,,,,,,,,
26590,11:10:00,,,,,,,,,,,,,,,,,,,,,,,,,
26591,11:11:00,,,,,,,,,,,,,,,,,,,,,,,,,
26592,11:12:00,,,,,,,,,,,,,,,,,,,,,,,,,
26593,11:13:00,,,,,,,,,,,,,,,,,,,,,,,,,
26594,11:14:00,,,,,,,,,,,,,,,,,,,,,,,,,
26595,11:15:00,,,,,,,,,,,,,,,,,,,,,,,,,
26596,11:16:00,,,,,,,,,,,,,,,,,,,,,,,,,
26597,11:17:00,,,,,,,,,,,,,,,,,,,,,,,,,
26598,11:18:00,,,,,,,,,,,,,,,,,,,,,,,,,
26599,11:19:00,,,,,,,,,,,,,,,,,,,,,,,,,
26600,11:20:00,,,,,,,,,,,,,,,,,,,,,,,,,
26601,11:21:00,,,,,,,,,,,,,,,,,,,,,,,,,
26602,11:22:00,,,,,,,,,,,,,,,,,,,,,,,,,
26603,11:23:00,,,,,,,,,,,,,,,,,,,,,,,,,
26604,11:24:00,,,,,,,,,,,,,,,,,,,,,,,,,
26605,11:25:00,,,,,,,,,,,,,,,,,,,,,,,,,
26606,11:26:00,,,,,,,,,,,,,,,,,,,,,,,,,
26607,11:27:00,,,,,,,,,,,,,,,,,,,,,,,,,
26608,11:28:00,,,,,,,,,,,,,,,,,,,,,,,,,
26609,11:29:00,,,,,,,,,,,,,,,,,,,,,,,,,
26610,11:30:00,,,,,,,,,,,,,,,,,,,,,,,,,
26611,11:31:00,,,,,,,,,,,,,,,,,,,,,,,,,
26612,11:32:00,,,,,,,,,,,,,,,,,,,,,,,,,
26613,11:33:00,,,,,,,,,,,,,,,,,,,,,,,,,
26614,11:34:00,,,,,,,,,,,,,,,,,,,,,,,,,
26615,11:35:00,,,,,,,,,,,,,,,,,,,,,,,,,
26616,11:36:00,,,,,,,,,,,,,,,,,,,,,,,,,
26617,11:37:00,,,,,,,,,,,,,,,,,,,,,,,,,
26618,11:38:00,,,,,,,,,,,,,,,,,,,,,,,,,
26619,11:39:00,,,,,,,,,,,,,,,,,,,,,,,,,
26620,11:40:00,,,,,,,,,,,,,,,,,,,,,,,,,
26621,11:41:00,,,,,,,,,,,,,,,,,,,,,,,,,
26622,11:42:00,,,,,,,,,,,,,,,,,,,,,,,,,
26623,11:43:00,,,,,,,,,,,,,,,,,,,,,,,,,
26624,11:44:00,,,,,,,,,,,,,,,,,,,,,,,,,
26625,11:45:00,,,,,,,,,,,,,,,,,,,,,,,,,
26626,11:46:00,,,,,,,,,,,,,,,,,,,,,,,,,
26627,11:47:00,,,,,,,,,,,,,,,,,,,,,,,,,
26628,11:48:00,,,,,,,,,,,,,,,,,,,,,,,,,
26629,11:49:00,,,,,,,,,,,,,,,,,,,,,,,,,
26630,11:50:00,,,,,,,,,,,,,,,,,,,,,,,,,
26631,11:51:00,,,,,,,,,,,,,,,,,,,,,,,,,
26632,11:52:00,,,,,,,,,,,,,,,,,,,,,,,,,
26633,11:53:00,,,,,,,,,,,,,,,,,,,,,,,,,
26634,11:54:00,,,,,,,,,,,,,,,,,,,,,,,,,
26635,11:55:00,,,,,,,,,,,,,,,,,,,,,,,,,
26636,11:56:00,,,,,,,,,,,,,,,,,,,,,,,,,
26637,11:57:00,,,,,,,,,,,,,,,,,,,,,,,,,
26638,11:58:00,,,,,,,,,,,,,,,,,,,,,,,,,
26639,11:59:00,,,,,,,,,,,,,,,,,,,,,,,,,
26640,12:00:00,,,,,,,,,,,,,,,,,,,,,,,,,
26641,12:01:00,,,,,,,,,,,,,,,,,,,,,,,,,
26642,12:02:00,,,,,,,,,,,,,,,,,,,,,,,,,
26643,12:03:00,,,,,,,,,,,,,,,,,,,,,,,,,
26644,12:04:00,,,,,,,,,,,,,,,,,,,,,,,,,
26645,12:05:00,,,,,,,,,,,,,,,,,,,,,,,,,
26646,12:06:00,,,,,,,,,,,,,,,,,,,,,,,,,
26647,12:07:00,,,,,,,,,,,,,,,,,,,,,,,,,
26648,12:08:00,,,,,,,,,,,,,,,,,,,,,,,,,
26649,12:09:00,,,,,,,,,,,,,,,,,,,,,,,,,
26650,12:10:00,,,,,,,,,,,,,,,,,,,,,,,,,
26651,12:11:00,,,,,,,,,,,,,,,,,,,,,,,,,
26652,12:12:00,,,,,,,,,,,,,,,,,,,,,,,,,
26653,12:13:00,,,,,,,,,,,,,,,,,,,,,,,,,
26654,12:14:00,,,,,,,,,,,,,,,,,,,,,,,,,
26655,12:15:00,,,,,,,,,,,,,,,,,,,,,,,,,
26656,12:16:00,,,,,,,,,,,,,,,,,,,,,,,,,
26657,12:17:00,,,,,,,,,,,,,,,,,,,,,,,,,
26658,12:18:00,,,,,,,,,,,,,,,,,,,,,,,,,
26659,12:19:00,,,,,,,,,,,,,,,,,,,,,,,,,
26660,12:20:00,,,,,,,,,,,,,,,,,,,,,,,,,
26661,12:21:00,,,,,,,,,,,,,,,,,,,,,,,,,
26662,12:22:00,,,,,,,,,,,,,,,,,,,,,,,,,
26663,12:23:00,,,,,,,,,,,,,,,,,,,,,,,,,
26664,12:24:00,,,,,,,,,,,,,,,,,,,,,,,,,
26665,12:25:00,,,,,,,,,,,,,,,,,,,,,,,,,
26666,12:26:00,,,,,,,,,,,,,,,,,,,,,,,,,
26667,12:27:00,,,,,,,,,,,,,,,,,,,,,,,,,
26668,12:28:00,,,,,,,,,,,,,,,,,,,,,,,,,
26669,12:29:00,,,,,,,,,,,,,,,,,,,,,,,,,
26670,12:30:00,,,,,,,,,,,,,,,,,,,,,,,,,
26671,12:31:00,,,,,,,,,,,,,,,,,,,,,,,,,
26672,12:32:00,,,,,,,,,,,,,,,,,,,,,,,,,
26673,12:33:00,,,,,,,,,,,,,,,,,,,,,,,,,
26674,12:34:00,,,,,,,,,,,,,,,,,,,,,,,,,
26675,12:35:00,,,,,,,,,,,,,,,,,,,,,,,,,
26676,12:36:00,,,,,,,,,,,,,,,,,,,,,,,,,
26677,12:37:00,,,,,,,,,,,,,,,,,,,,,,,,,
26678,12:38:00,,,,,,,,,,,,,,,,,,,,,,,,,
26679,12:39:00,,,,,,,,,,,,,,,,,,,,,,,,,
26680,12:40:00,,,,,,,,,,,,,,,,,,,,,,,,,
26681,12:41:00,,,,,,,,,,,,,,,,,,,,,,,,,
26682,12:42:00,,,,,,,,,,,,,,,,,,,,,,,,,
26683,12:43:00,,,,,,,,,,,,,,,,,,,,,,,,,
26684,12:44:00,,,,,,,,,,,,,,,,,,,,,,,,,
26685,12:45:00,,,,,,,,,,,,,,,,,,,,,,,,,
26686,12:46:00,,,,,,,,,,,,,,,,,,,,,,,,,
26687,12:47:00,,,,,,,,,,,,,,,,,,,,,,,,,
26688,12:48:00,,,,,,,,,,,,,,,,,,,,,,,,,
26689,12:49:00,,,,,,,,,,,,,,,,,,,,,,,,,
26690,12:50:00,,,,,,,,,,,,,,,,,,,,,,,,,
26691,12:51:00,,,,,,,,,,,,,,,,,,,,,,,,,
26692,12:52:00,,,,,,,,,,,,,,,,,,,,,,,,,
26693,12:53:00,,,,,,,,,,,,,,,,,,,,,,,,,
26694,12:54:00,,,,,,,,,,,,,,,,,,,,,,,,,
26695,12:55:00,,,,,,,,,,,,,,,,,,,,,,,,,
26696,12:56:00,,,,,,,,,,,,,,,,,,,,,,,,,
26697,12:57:00,,,,,,,,,,,,,,,,,,,,,,,,,
26698,12:58:00,,,,,,,,,,,,,,,,,,,,,,,,,
26699,12:59:00,,,,,,,,,,,,,,,,,,,,,,,,,
26700,13:00:00,,,,,,,,,,,,,,,,,,,,,,,,,
26701,13:01:00,,,,,,,,,,,,,,,,,,,,,,,,,
26702,13:02:00,,,,,,,,,,,,,,,,,,,,,,,,,
26703,13:03:00,,,,,,,,,,,,,,,,,,,,,,,,,
26704,13:04:00,,,,,,,,,,,,,,,,,,,,,,,,,
26705,13:05:00,,,,,,,,,,,,,,,,,,,,,,,,,
26706,13:06:00,,,,,,,,,,,,,,,,,,,,,,,,,
26707,13:07:00,,,,,,,,,,,,,,,,,,,,,,,,,
26708,13:08:00,,,,,,,,,,,,,,,,,,,,,,,,,
26709,13:09:00,,,,,,,,,,,,,,,,,,,,,,,,,
26710,13:10:00,,,,,,,,,,,,,,,,,,,,,,,,,
26711,13:11:00,,,,,,,,,,,,,,,,,,,,,,,,,
26712,13:12:00,,,,,,,,,,,,,,,,,,,,,,,,,
26713,13:13:00,,,,,,,,,,,,,,,,,,,,,,,,,
26714,13:14:00,,,,,,,,,,,,,,,,,,,,,,,,,
26715,13:15:00,,,,,,,,,,,,,,,,,,,,,,,,,
26716,13:16:00,,,,,,,,,,,,,,,,,,,,,,,,,
26717,13:17:00,,,,,,,,,,,,,,,,,,,,,,,,,
26718,13:18:00,,,,,,,,,,,,,,,,,,,,,,,,,
26719,13:19:00,,,,,,,,,,,,,,,,,,,,,,,,,
26720,13:20:00,,,,,,,,,,,,,,,,,,,,,,,,,
26721,13:21:00,,,,,,,,,,,,,,,,,,,,,,,,,
26722,13:22:00,,,,,,,,,,,,,,,,,,,,,,,,,
26723,13:23:00,,,,,,,,,,,,,,,,,,,,,,,,,
26724,13:24:00,,,,,,,,,,,,,,,,,,,,,,,,,
26725,13:25:00,,,,,,,,,,,,,,,,,,,,,,,,,
26726,13:26:00,,,,,,,,,,,,,,,,,,,,,,,,,
26727,13:27:00,,,,,,,,,,,,,,,,,,,,,,,,,
26728,13:28:00,,,,,,,,,,,,,,,,,,,,,,,,,
26729,13:29:00,,,,,,,,,,,,,,,,,,,,,,,,,
26730,13:30:00,,,,,,,,,,,,,,,,,,,,,,,,,
26731,13:31:00,,,,,,,,,,,,,,,,,,,,,,,,,
26732,13:32:00,,,,,,,,,,,,,,,,,,,,,,,,,
26733,13:33:00,,,,,,,,,,,,,,,,,,,,,,,,,
26734,13:34:00,,,,,,,,,,,,,,,,,,,,,,,,,
26735,13:35:00,,,,,,,,,,,,,,,,,,,,,,,,,
26736,13:36:00,,,,,,,,,,,,,,,,,,,,,,,,,
26737,13:37:00,,,,,,,,,,,,,,,,,,,,,,,,,
26738,13:38:00,,,,,,,,,,,,,,,,,,,,,,,,,
26739,13:39:00,,,,,,,,,,,,,,,,,,,,,,,,,
26740,13:40:00,,,,,,,,,,,,,,,,,,,,,,,,,
26741,13:41:00,,,,,,,,,,,,,,,,,,,,,,,,,
26742,13:42:00,,,,,,,,,,,,,,,,,,,,,,,,,
26743,13:43:00,,,,,,,,,,,,,,,,,,,,,,,,,
26744,13:44:00,,,,,,,,,,,,,,,,,,,,,,,,,
26745,13:45:00,,,,,,,,,,,,,,,,,,,,,,,,,
26746,13:46:00,,,,,,,,,,,,,,,,,,,,,,,,,
26747,13:47:00,,,,,,,,,,,,,,,,,,,,,,,,,
26748,13:48:00,,,,,,,,,,,,,,,,,,,,,,,,,
26749,13:49:00,,,,,,,,,,,,,,,,,,,,,,,,,
26750,13:50:00,,,,,,,,,,,,,,,,,,,,,,,,,
26751,13:51:00,,,,,,,,,,,,,,,,,,,,,,,,,
26752,13:52:00,,,,,,,,,,,,,,,,,,,,,,,,,
26753,13:53:00,,,,,,,,,,,,,,,,,,,,,,,,,
26754,13:54:00,,,,,,,,,,,,,,,,,,,,,,,,,
26755,13:55:00,,,,,,,,,,,,,,,,,,,,,,,,,
26756,13:56:00,,,,,,,,,,,,,,,,,,,,,,,,,
26757,13:57:00,,,,,,,,,,,,,,,,,,,,,,,,,
26758,13:58:00,,,,,,,,,,,,,,,,,,,,,,,,,
26759,13:59:00,,,,,,,,,,,,,,,,,,,,,,,,,
26760,14:00:00,,,,,,,,,,,,,,,,,,,,,,,,,
26761,14:01:00,,,,,,,,,,,,,,,,,,,,,,,,,
26762,14:02:00,,,,,,,,,,,,,,,,,,,,,,,,,
26763,14:03:00,,,,,,,,,,,,,,,,,,,,,,,,,
26764,14:04:00,,,,,,,,,,,,,,,,,,,,,,,,,
26765,14:05:00,,,,,,,,,,,,,,,,,,,,,,,,,
26766,14:06:00,,,,,,,,,,,,,,,,,,,,,,,,,
26767,14:07:00,,,,,,,,,,,,,,,,,,,,,,,,,
26768,14:08:00,,,,,,,,,,,,,,,,,,,,,,,,,
26769,14:09:00,,,,,,,,,,,,,,,,,,,,,,,,,
26770,14:10:00,,,,,,,,,,,,,,,,,,,,,,,,,
26771,14:11:00,,,,,,,,,,,,,,,,,,,,,,,,,
26772,14:12:00,,,,,,,,,,,,,,,,,,,,,,,,,
26773,14:13:00,,,,,,,,,,,,,,,,,,,,,,,,,
26774,14:14:00,,,,,,,,,,,,,,,,,,,,,,,,,
26775,14:15:00,,,,,,,,,,,,,,,,,,,,,,,,,
26776,14:16:00,,,,,,,,,,,,,,,,,,,,,,,,,
26777,14:17:00,,,,,,,,,,,,,,,,,,,,,,,,,
26778,14:18:00,,,,,,,,,,,,,,,,,,,,,,,,,
26779,14:19:00,,,,,,,,,,,,,,,,,,,,,,,,,
26780,14:20:00,,,,,,,,,,,,,,,,,,,,,,,,,
26781,14:21:00,,,,,,,,,,,,,,,,,,,,,,,,,
26782,14:22:00,,,,,,,,,,,,,,,,,,,,,,,,,
26783,14:23:00,,,,,,,,,,,,,,,,,,,,,,,,,
26784,14:24:00,,,,,,,,,,,,,,,,,,,,,,,,,
26785,14:25:00,,,,,,,,,,,,,,,,,,,,,,,,,
26786,14:26:00,,,,,,,,,,,,,,,,,,,,,,,,,
26787,14:27:00,,,,,,,,,,,,,,,,,,,,,,,,,
26788,14:28:00,,,,,,,,,,,,,,,,,,,,,,,,,
26789,14:29:00,,,,,,,,,,,,,,,,,,,,,,,,,
26790,14:30:00,,,,,,,,,,,,,,,,,,,,,,,,,
26791,14:31:00,,,,,,,,,,,,,,,,,,,,,,,,,
26792,14:32:00,,,,,,,,,,,,,,,,,,,,,,,,,
26793,14:33:00,,,,,,,,,,,,,,,,,,,,,,,,,
26794,14:34:00,,,,,,,,,,,,,,,,,,,,,,,,,
26795,14:35:00,,,,,,,,,,,,,,,,,,,,,,,,,
26796,14:36:00,,,,,,,,,,,,,,,,,,,,,,,,,
26797,14:37:00,,,,,,,,,,,,,,,,,,,,,,,,,
26798,14:38:00,,,,,,,,,,,,,,,,,,,,,,,,,
26799,14:39:00,,,,,,,,,,,,,,,,,,,,,,,,,
26800,14:40:00,,,,,,,,,,,,,,,,,,,,,,,,,
26801,14:41:00,,,,,,,,,,,,,,,,,,,,,,,,,
26802,14:42:00,,,,,,,,,,,,,,,,,,,,,,,,,
26803,14:43:00,,,,,,,,,,,,,,,,,,,,,,,,,
26804,14:44:00,,,,,,,,,,,,,,,,,,,,,,,,,
26805,14:45:00,,,,,,,,,,,,,,,,,,,,,,,,,
26806,14:46:00,,,,,,,,,,,,,,,,,,,,,,,,,
26807,14:47:00,,,,,,,,,,,,,,,,,,,,,,,,,
26808,14:48:00,,,,,,,,,,,,,,,,,,,,,,,,,
26809,14:49:00,,,,,,,,,,,,,,,,,,,,,,,,,
26810,14:50:00,,,,,,,,,,,,,,,,,,,,,,,,,
26811,14:51:00,,,,,,,,,,,,,,,,,,,,,,,,,
26812,14:52:00,,,,,,,,,,,,,,,,,,,,,,,,,
26813,14:53:00,,,,,,,,,,,,,,,,,,,,,,,,,
26814,14:54:00,,,,,,,,,,,,,,,,,,,,,,,,,
26815,14:55:00,,,,,,,,,,,,,,,,,,,,,,,,,
26816,14:56:00,,,,,,,,,,,,,,,,,,,,,,,,,
26817,14:57:00,,,,,,,,,,,,,,,,,,,,,,,,,
26818,14:58:00,,,,,,,,,,,,,,,,,,,,,,,,,
26819,14:59:00,,,,,,,,,,,,,,,,,,,,,,,,,
26820,15:00:00,,,,,,,,,,,,,,,,,,,,,,,,,
26821,15:01:00,,,,,,,,,,,,,,,,,,,,,,,,,
26822,15:02:00,,,,,,,,,,,,,,,,,,,,,,,,,
26823,15:03:00,,,,,,,,,,,,,,,,,,,,,,,,,
26824,15:04:00,,,,,,,,,,,,,,,,,,,,,,,,,
26825,15:05:00,,,,,,,,,,,,,,,,,,,,,,,,,
26826,15:06:00,,,,,,,,,,,,,,,,,,,,,,,,,
26827,15:07:00,,,,,,,,,,,,,,,,,,,,,,,,,
26828,15:08:00,,,,,,,,,,,,,,,,,,,,,,,,,
26829,15:09:00,,,,,,,,,,,,,,,,,,,,,,,,,
26830,15:10:00,,,,,,,,,,,,,,,,,,,,,,,,,
26831,15:11:00,,,,,,,,,,,,,,,,,,,,,,,,,
26832,15:12:00,,,,,,,,,,,,,,,,,,,,,,,,,
26833,15:13:00,,,,,,,,,,,,,,,,,,,,,,,,,
26834,15:14:00,,,,,,,,,,,,,,,,,,,,,,,,,
26835,15:15:00,,,,,,,,,,,,,,,,,,,,,,,,,
26836,15:16:00,,,,,,,,,,,,,,,,,,,,,,,,,
26837,15:17:00,,,,,,,,,,,,,,,,,,,,,,,,,
26838,15:18:00,,,,,,,,,,,,,,,,,,,,,,,,,
26839,15:19:00,,,,,,,,,,,,,,,,,,,,,,,,,
26840,15:20:00,,,,,,,,,,,,,,,,,,,,,,,,,
26841,15:21:00,,,,,,,,,,,,,,,,,,,,,,,,,
26842,15:22:00,,,,,,,,,,,,,,,,,,,,,,,,,
26843,15:23:00,,,,,,,,,,,,,,,,,,,,,,,,,
26844,15:24:00,,,,,,,,,,,,,,,,,,,,,,,,,
26845,15:25:00,,,,,,,,,,,,,,,,,,,,,,,,,
26846,15:26:00,,,,,,,,,,,,,,,,,,,,,,,,,
26847,15:27:00,,,,,,,,,,,,,,,,,,,,,,,,,
26848,15:28:00,,,,,,,,,,,,,,,,,,,,,,,,,
26849,15:29:00,,,,,,,,,,,,,,,,,,,,,,,,,
26850,15:30:00,,,,,,,,,,,,,,,,,,,,,,,,,
26851,15:31:00,,,,,,,,,,,,,,,,,,,,,,,,,
26852,15:32:00,,,,,,,,,,,,,,,,,,,,,,,,,
26853,15:33:00,,,,,,,,,,,,,,,,,,,,,,,,,
26854,15:34:00,,,,,,,,,,,,,,,,,,,,,,,,,
26855,15:35:00,,,,,,,,,,,,,,,,,,,,,,,,,
26856,15:36:00,,,,,,,,,,,,,,,,,,,,,,,,,
26857,15:37:00,,,,,,,,,,,,,,,,,,,,,,,,,
26858,15:38:00,,,,,,,,,,,,,,,,,,,,,,,,,
26859,15:39:00,,,,,,,,,,,,,,,,,,,,,,,,,
26860,15:40:00,,,,,,,,,,,,,,,,,,,,,,,,,
26861,15:41:00,,,,,,,,,,,,,,,,,,,,,,,,,
26862,15:42:00,,,,,,,,,,,,,,,,,,,,,,,,,
26863,15:43:00,,,,,,,,,,,,,,,,,,,,,,,,,
26864,15:44:00,,,,,,,,,,,,,,,,,,,,,,,,,
26865,15:45:00,,,,,,,,,,,,,,,,,,,,,,,,,
26866,15:46:00,,,,,,,,,,,,,,,,,,,,,,,,,
26867,15:47:00,,,,,,,,,,,,,,,,,,,,,,,,,
26868,15:48:00,,,,,,,,,,,,,,,,,,,,,,,,,
26869,15:49:00,,,,,,,,,,,,,,,,,,,,,,,,,
26870,15:50:00,,,,,,,,,,,,,,,,,,,,,,,,,
26871,15:51:00,,,,,,,,,,,,,,,,,,,,,,,,,
26872,15:52:00,,,,,,,,,,,,,,,,,,,,,,,,,
26873,15:53:00,,,,,,,,,,,,,,,,,,,,,,,,,
26874,15:54:00,,,,,,,,,,,,,,,,,,,,,,,,,
26875,15:55:00,,,,,,,,,,,,,,,,,,,,,,,,,
26876,15:56:00,,,,,,,,,,,,,,,,,,,,,,,,,
26877,15:57:00,,,,,,,,,,,,,,,,,,,,,,,,,
26878,15:58:00,,,,,,,,,,,,,,,,,,,,,,,,,
26879,15:59:00,,,,,,,,,,,,,,,,,,,,,,,,,
26880,16:00:00,,,,,,,,,,,,,,,,,,,,,,,,,
26881,16:01:00,,,,,,,,,,,,,,,,,,,,,,,,,
26882,16:02:00,,,,,,,,,,,,,,,,,,,,,,,,,
26883,16:03:00,,,,,,,,,,,,,,,,,,,,,,,,,
26884,16:04:00,,,,,,,,,,,,,,,,,,,,,,,,,
26885,16:05:00,,,,,,,,,,,,,,,,,,,,,,,,,
26886,16:06:00,,,,,,,,,,,,,,,,,,,,,,,,,
26887,16:07:00,,,,,,,,,,,,,,,,,,,,,,,,,
26888,16:08:00,,,,,,,,,,,,,,,,,,,,,,,,,
26889,16:09:00,,,,,,,,,,,,,,,,,,,,,,,,,
26890,16:10:00,,,,,,,,,,,,,,,,,,,,,,,,,
26891,16:11:00,,,,,,,,,,,,,,,,,,,,,,,,,
26892,16:12:00,,,,,,,,,,,,,,,,,,,,,,,,,
26893,16:13:00,,,,,,,,,,,,,,,,,,,,,,,,,
26894,16:14:00,,,,,,,,,,,,,,,,,,,,,,,,,
26895,16:15:00,,,,,,,,,,,,,,,,,,,,,,,,,
26896,16:16:00,,,,,,,,,,,,,,,,,,,,,,,,,
26897,16:17:00,,,,,,,,,,,,,,,,,,,,,,,,,
26898,16:18:00,,,,,,,,,,,,,,,,,,,,,,,,,
26899,16:19:00,,,,,,,,,,,,,,,,,,,,,,,,,
26900,16:20:00,,,,,,,,,,,,,,,,,,,,,,,,,
26901,16:21:00,,,,,,,,,,,,,,,,,,,,,,,,,
26902,16:22:00,,,,,,,,,,,,,,,,,,,,,,,,,
26903,16:23:00,,,,,,,,,,,,,,,,,,,,,,,,,
26904,16:24:00,,,,,,,,,,,,,,,,,,,,,,,,,
26905,16:25:00,,,,,,,,,,,,,,,,,,,,,,,,,
26906,16:26:00,,,,,,,,,,,,,,,,,,,,,,,,,
26907,16:27:00,,,,,,,,,,,,,,,,,,,,,,,,,
26908,16:28:00,,,,,,,,,,,,,,,,,,,,,,,,,
26909,16:29:00,,,,,,,,,,,,,,,,,,,,,,,,,
26910,16:30:00,,,,,,,,,,,,,,,,,,,,,,,,,
26911,16:31:00,,,,,,,,,,,,,,,,,,,,,,,,,
26912,16:32:00,,,,,,,,,,,,,,,,,,,,,,,,,
26913,16:33:00,,,,,,,,,,,,,,,,,,,,,,,,,
26914,16:34:00,,,,,,,,,,,,,,,,,,,,,,,,,
26915,16:35:00,,,,,,,,,,,,,,,,,,,,,,,,,
26916,16:36:00,,,,,,,,,,,,,,,,,,,,,,,,,
26917,16:37:00,,,,,,,,,,,,,,,,,,,,,,,,,
26918,16:38:00,,,,,,,,,,,,,,,,,,,,,,,,,
26919,16:39:00,,,,,,,,,,,,,,,,,,,,,,,,,
26920,16:40:00,,,,,,,,,,,,,,,,,,,,,,,,,
26921,16:41:00,,,,,,,,,,,,,,,,,,,,,,,,,
26922,16:42:00,,,,,,,,,,,,,,,,,,,,,,,,,
26923,16:43:00,,,,,,,,,,,,,,,,,,,,,,,,,
26924,16:44:00,,,,,,,,,,,,,,,,,,,,,,,,,
26925,16:45:00,,,,,,,,,,,,,,,,,,,,,,,,,
26926,16:46:00,,,,,,,,,,,,,,,,,,,,,,,,,
26927,16:47:00,,,,,,,,,,,,,,,,,,,,,,,,,
26928,16:48:00,,,,,,,,,,,,,,,,,,,,,,,,,
26929,16:49:00,,,,,,,,,,,,,,,,,,,,,,,,,
26930,16:50:00,,,,,,,,,,,,,,,,,,,,,,,,,
26931,16:51:00,,,,,,,,,,,,,,,,,,,,,,,,,
26932,16:52:00,,,,,,,,,,,,,,,,,,,,,,,,,
26933,16:53:00,,,,,,,,,,,,,,,,,,,,,,,,,
26934,16:54:00,,,,,,,,,,,,,,,,,,,,,,,,,
26935,16:55:00,,,,,,,,,,,,,,,,,,,,,,,,,
26936,16:56:00,,,,,,,,,,,,,,,,,,,,,,,,,
26937,16:57:00,,,,,,,,,,,,,,,,,,,,,,,,,
26938,16:58:00,,,,,,,,,,,,,,,,,,,,,,,,,
26939,16:59:00,,,,,,,,,,,,,,,,,,,,,,,,,
26940,17:00:00,,,,,,,,,,,,,,,,,,,,,,,,,
26941,17:01:00,,,,,,,,,,,,,,,,,,,,,,,,,
26942,17:02:00,,,,,,,,,,,,,,,,,,,,,,,,,
26943,17:03:00,,,,,,,,,,,,,,,,,,,,,,,,,
26944,17:04:00,,,,,,,,,,,,,,,,,,,,,,,,,
26945,17:05:00,,,,,,,,,,,,,,,,,,,,,,,,,
26946,17:06:00,,,,,,,,,,,,,,,,,,,,,,,,,
26947,17:07:00,,,,,,,,,,,,,,,,,,,,,,,,,
26948,17:08:00,,,,,,,,,,,,,,,,,,,,,,,,,
26949,17:09:00,,,,,,,,,,,,,,,,,,,,,,,,,
26950,17:10:00,,,,,,,,,,,,,,,,,,,,,,,,,
26951,17:11:00,,,,,,,,,,,,,,,,,,,,,,,,,
26952,17:12:00,,,,,,,,,,,,,,,,,,,,,,,,,
26953,17:13:00,,,,,,,,,,,,,,,,,,,,,,,,,
26954,17:14:00,,,,,,,,,,,,,,,,,,,,,,,,,
26955,17:15:00,,,,,,,,,,,,,,,,,,,,,,,,,
26956,17:16:00,,,,,,,,,,,,,,,,,,,,,,,,,
26957,17:17:00,,,,,,,,,,,,,,,,,,,,,,,,,
26958,17:18:00,,,,,,,,,,,,,,,,,,,,,,,,,
26959,17:19:00,,,,,,,,,,,,,,,,,,,,,,,,,
26960,17:20:00,,,,,,,,,,,,,,,,,,,,,,,,,
26961,17:21:00,,,,,,,,,,,,,,,,,,,,,,,,,
26962,17:22:00,,,,,,,,,,,,,,,,,,,,,,,,,
26963,17:23:00,,,,,,,,,,,,,,,,,,,,,,,,,
26964,17:24:00,,,,,,,,,,,,,,,,,,,,,,,,,
26965,17:25:00,,,,,,,,,,,,,,,,,,,,,,,,,
26966,17:26:00,,,,,,,,,,,,,,,,,,,,,,,,,
26967,17:27:00,,,,,,,,,,,,,,,,,,,,,,,,,
26968,17:28:00,,,,,,,,,,,,,,,,,,,,,,,,,
26969,17:29:00,,,,,,,,,,,,,,,,,,,,,,,,,
26970,17:30:00,,,,,,,,,,,,,,,,,,,,,,,,,
26971,17:31:00,,,,,,,,,,,,,,,,,,,,,,,,,
26972,17:32:00,,,,,,,,,,,,,,,,,,,,,,,,,
26973,17:33:00,,,,,,,,,,,,,,,,,,,,,,,,,
26974,17:34:00,,,,,,,,,,,,,,,,,,,,,,,,,
26975,17:35:00,,,,,,,,,,,,,,,,,,,,,,,,,
26976,17:36:00,,,,,,,,,,,,,,,,,,,,,,,,,
26977,17:37:00,,,,,,,,,,,,,,,,,,,,,,,,,
26978,17:38:00,,,,,,,,,,,,,,,,,,,,,,,,,
26979,17:39:00,,,,,,,,,,,,,,,,,,,,,,,,,
26980,17:40:00,,,,,,,,,,,,,,,,,,,,,,,,,
26981,17:41:00,,,,,,,,,,,,,,,,,,,,,,,,,
26982,17:42:00,,,,,,,,,,,,,,,,,,,,,,,,,
26983,17:43:00,,,,,,,,,,,,,,,,,,,,,,,,,
26984,17:44:00,,,,,,,,,,,,,,,,,,,,,,,,,
26985,17:45:00,,,,,,,,,,,,,,,,,,,,,,,,,
26986,17:46:00,,,,,,,,,,,,,,,,,,,,,,,,,
26987,17:47:00,,,,,,,,,,,,,,,,,,,,,,,,,
26988,17:48:00,,,,,,,,,,,,,,,,,,,,,,,,,
26989,17:49:00,,,,,,,,,,,,,,,,,,,,,,,,,
26990,17:50:00,,,,,,,,,,,,,,,,,,,,,,,,,
26991,17:51:00,,,,,,,,,,,,,,,,,,,,,,,,,
26992,17:52:00,,,,,,,,,,,,,,,,,,,,,,,,,
26993,17:53:00,,,,,,,,,,,,,,,,,,,,,,,,,
26994,17:54:00,,,,,,,,,,,,,,,,,,,,,,,,,
26995,17:55:00,,,,,,,,,,,,,,,,,,,,,,,,,
26996,17:56:00,,,,,,,,,,,,,,,,,,,,,,,,,
26997,17:57:00,,,,,,,,,,,,,,,,,,,,,,,,,
26998,17:58:00,,,,,,,,,,,,,,,,,,,,,,,,,
26999,17:59:00,,,,,,,,,,,,,,,,,,,,,,,,,
27000,18:00:00,,,,,,,,,,,,,,,,,,,,,,,,,
27001,18:01:00,,,,,,,,,,,,,,,,,,,,,,,,,
27002,18:02:00,,,,,,,,,,,,,,,,,,,,,,,,,
27003,18:03:00,,,,,,,,,,,,,,,,,,,,,,,,,
27004,18:04:00,,,,,,,,,,,,,,,,,,,,,,,,,
27005,18:05:00,,,,,,,,,,,,,,,,,,,,,,,,,
27006,18:06:00,,,,,,,,,,,,,,,,,,,,,,,,,
27007,18:07:00,,,,,,,,,,,,,,,,,,,,,,,,,
27008,18:08:00,,,,,,,,,,,,,,,,,,,,,,,,,
27009,18:09:00,,,,,,,,,,,,,,,,,,,,,,,,,
27010,18:10:00,,,,,,,,,,,,,,,,,,,,,,,,,
27011,18:11:00,,,,,,,,,,,,,,,,,,,,,,,,,
27012,18:12:00,,,,,,,,,,,,,,,,,,,,,,,,,
27013,18:13:00,,,,,,,,,,,,,,,,,,,,,,,,,
27014,18:14:00,,,,,,,,,,,,,,,,,,,,,,,,,
27015,18:15:00,,,,,,,,,,,,,,,,,,,,,,,,,
27016,18:16:00,,,,,,,,,,,,,,,,,,,,,,,,,
27017,18:17:00,,,,,,,,,,,,,,,,,,,,,,,,,
27018,18:18:00,,,,,,,,,,,,,,,,,,,,,,,,,
27019,18:19:00,,,,,,,,,,,,,,,,,,,,,,,,,
27020,18:20:00,,,,,,,,,,,,,,,,,,,,,,,,,
27021,18:21:00,,,,,,,,,,,,,,,,,,,,,,,,,
27022,18:22:00,,,,,,,,,,,,,,,,,,,,,,,,,
27023,18:23:00,,,,,,,,,,,,,,,,,,,,,,,,,
27024,18:24:00,,,,,,,,,,,,,,,,,,,,,,,,,
27025,18:25:00,,,,,,,,,,,,,,,,,,,,,,,,,
27026,18:26:00,,,,,,,,,,,,,,,,,,,,,,,,,
27027,18:27:00,,,,,,,,,,,,,,,,,,,,,,,,,
27028,18:28:00,,,,,,,,,,,,,,,,,,,,,,,,,
27029,18:29:00,,,,,,,,,,,,,,,,,,,,,,,,,
27030,18:30:00,,,,,,,,,,,,,,,,,,,,,,,,,
27031,18:31:00,,,,,,,,,,,,,,,,,,,,,,,,,
27032,18:32:00,,,,,,,,,,,,,,,,,,,,,,,,,
27033,18:33:00,,,,,,,,,,,,,,,,,,,,,,,,,
27034,18:34:00,,,,,,,,,,,,,,,,,,,,,,,,,
27035,18:35:00,,,,,,,,,,,,,,,,,,,,,,,,,
27036,18:36:00,,,,,,,,,,,,,,,,,,,,,,,,,
27037,18:37:00,,,,,,,,,,,,,,,,,,,,,,,,,
27038,18:38:00,,,,,,,,,,,,,,,,,,,,,,,,,
27039,18:39:00,,,,,,,,,,,,,,,,,,,,,,,,,
27040,18:40:00,,,,,,,,,,,,,,,,,,,,,,,,,
27041,18:41:00,,,,,,,,,,,,,,,,,,,,,,,,,
27042,18:42:00,,,,,,,,,,,,,,,,,,,,,,,,,
27043,18:43:00,,,,,,,,,,,,,,,,,,,,,,,,,
27044,18:44:00,,,,,,,,,,,,,,,,,,,,,,,,,
27045,18:45:00,,,,,,,,,,,,,,,,,,,,,,,,,
27046,18:46:00,,,,,,,,,,,,,,,,,,,,,,,,,
27047,18:47:00,,,,,,,,,,,,,,,,,,,,,,,,,
27048,18:48:00,,,,,,,,,,,,,,,,,,,,,,,,,
27049,18:49:00,,,,,,,,,,,,,,,,,,,,,,,,,
27050,18:50:00,,,,,,,,,,,,,,,,,,,,,,,,,
27051,18:51:00,,,,,,,,,,,,,,,,,,,,,,,,,
27052,18:52:00,,,,,,,,,,,,,,,,,,,,,,,,,
27053,18:53:00,,,,,,,,,,,,,,,,,,,,,,,,,
27054,18:54:00,,,,,,,,,,,,,,,,,,,,,,,,,
27055,18:55:00,,,,,,,,,,,,,,,,,,,,,,,,,
27056,18:56:00,,,,,,,,,,,,,,,,,,,,,,,,,
27057,18:57:00,,,,,,,,,,,,,,,,,,,,,,,,,
27058,18:58:00,,,,,,,,,,,,,,,,,,,,,,,,,
27059,18:59:00,,,,,,,,,,,,,,,,,,,,,,,,,
27060,19:00:00,,,,,,,,,,,,,,,,,,,,,,,,,
27061,19:01:00,,,,,,,,,,,,,,,,,,,,,,,,,
27062,19:02:00,,,,,,,,,,,,,,,,,,,,,,,,,
27063,19:03:00,,,,,,,,,,,,,,,,,,,,,,,,,
27064,19:04:00,,,,,,,,,,,,,,,,,,,,,,,,,
27065,19:05:00,,,,,,,,,,,,,,,,,,,,,,,,,
27066,19:06:00,,,,,,,,,,,,,,,,,,,,,,,,,
27067,19:07:00,,,,,,,,,,,,,,,,,,,,,,,,,
27068,19:08:00,,,,,,,,,,,,,,,,,,,,,,,,,
27069,19:09:00,,,,,,,,,,,,,,,,,,,,,,,,,
27070,19:10:00,,,,,,,,,,,,,,,,,,,,,,,,,
27071,19:11:00,,,,,,,,,,,,,,,,,,,,,,,,,
27072,19:12:00,,,,,,,,,,,,,,,,,,,,,,,,,
27073,19:13:00,,,,,,,,,,,,,,,,,,,,,,,,,
27074,19:14:00,,,,,,,,,,,,,,,,,,,,,,,,,
27075,19:15:00,,,,,,,,,,,,,,,,,,,,,,,,,
27076,19:16:00,,,,,,,,,,,,,,,,,,,,,,,,,
27077,19:17:00,,,,,,,,,,,,,,,,,,,,,,,,,
27078,19:18:00,,,,,,,,,,,,,,,,,,,,,,,,,
27079,19:19:00,,,,,,,,,,,,,,,,,,,,,,,,,
27080,19:20:00,,,,,,,,,,,,,,,,,,,,,,,,,
27081,19:21:00,,,,,,,,,,,,,,,,,,,,,,,,,
27082,19:22:00,,,,,,,,,,,,,,,,,,,,,,,,,
27083,19:23:00,,,,,,,,,,,,,,,,,,,,,,,,,
27084,19:24:00,,,,,,,,,,,,,,,,,,,,,,,,,
27085,19:25:00,,,,,,,,,,,,,,,,,,,,,,,,,
27086,19:26:00,,,,,,,,,,,,,,,,,,,,,,,,,
27087,19:27:00,,,,,,,,,,,,,,,,,,,,,,,,,
27088,19:28:00,,,,,,,,,,,,,,,,,,,,,,,,,
27089,19:29:00,,,,,,,,,,,,,,,,,,,,,,,,,
27090,19:30:00,,,,,,,,,,,,,,,,,,,,,,,,,
27091,19:31:00,,,,,,,,,,,,,,,,,,,,,,,,,
27092,19:32:00,,,,,,,,,,,,,,,,,,,,,,,,,
27093,19:33:00,,,,,,,,,,,,,,,,,,,,,,,,,
27094,19:34:00,,,,,,,,,,,,,,,,,,,,,,,,,
27095,19:35:00,,,,,,,,,,,,,,,,,,,,,,,,,
27096,19:36:00,,,,,,,,,,,,,,,,,,,,,,,,,
27097,19:37:00,,,,,,,,,,,,,,,,,,,,,,,,,
27098,19:38:00,,,,,,,,,,,,,,,,,,,,,,,,,
27099,19:39:00,,,,,,,,,,,,,,,,,,,,,,,,,
27100,19:40:00,,,,,,,,,,,,,,,,,,,,,,,,,
27101,19:41:00,,,,,,,,,,,,,,,,,,,,,,,,,
27102,19:42:00,,,,,,,,,,,,,,,,,,,,,,,,,
27103,19:43:00,,,,,,,,,,,,,,,,,,,,,,,,,
27104,19:44:00,,,,,,,,,,,,,,,,,,,,,,,,,
27105,19:45:00,,,,,,,,,,,,,,,,,,,,,,,,,
27106,19:46:00,,,,,,,,,,,,,,,,,,,,,,,,,
27107,19:47:00,,,,,,,,,,,,,,,,,,,,,,,,,
27108,19:48:00,,,,,,,,,,,,,,,,,,,,,,,,,
27109,19:49:00,,,,,,,,,,,,,,,,,,,,,,,,,
27110,19:50:00,,,,,,,,,,,,,,,,,,,,,,,,,
27111,19:51:00,,,,,,,,,,,,,,,,,,,,,,,,,
27112,19:52:00,,,,,,,,,,,,,,,,,,,,,,,,,
27113,19:53:00,,,,,,,,,,,,,,,,,,,,,,,,,
27114,19:54:00,,,,,,,,,,,,,,,,,,,,,,,,,
27115,19:55:00,,,,,,,,,,,,,,,,,,,,,,,,,
27116,19:56:00,,,,,,,,,,,,,,,,,,,,,,,,,
27117,19:57:00,,,,,,,,,,,,,,,,,,,,,,,,,
27118,19:58:00,,,,,,,,,,,,,,,,,,,,,,,,,
27119,19:59:00,,,,,,,,,,,,,,,,,,,,,,,,,
27120,20:00:00,,,,,,,,,,,,,,,,,,,,,,,,,
27121,20:01:00,,,,,,,,,,,,,,,,,,,,,,,,,
27122,20:02:00,,,,,,,,,,,,,,,,,,,,,,,,,
27123,20:03:00,,,,,,,,,,,,,,,,,,,,,,,,,
27124,20:04:00,,,,,,,,,,,,,,,,,,,,,,,,,
27125,20:05:00,,,,,,,,,,,,,,,,,,,,,,,,,
27126,20:06:00,,,,,,,,,,,,,,,,,,,,,,,,,
27127,20:07:00,,,,,,,,,,,,,,,,,,,,,,,,,
27128,20:08:00,,,,,,,,,,,,,,,,,,,,,,,,,
27129,20:09:00,,,,,,,,,,,,,,,,,,,,,,,,,
27130,20:10:00,,,,,,,,,,,,,,,,,,,,,,,,,
27131,20:11:00,,,,,,,,,,,,,,,,,,,,,,,,,
27132,20:12:00,,,,,,,,,,,,,,,,,,,,,,,,,
27133,20:13:00,,,,,,,,,,,,,,,,,,,,,,,,,
27134,20:14:00,,,,,,,,,,,,,,,,,,,,,,,,,
27135,20:15:00,,,,,,,,,,,,,,,,,,,,,,,,,
27136,20:16:00,,,,,,,,,,,,,,,,,,,,,,,,,
27137,20:17:00,,,,,,,,,,,,,,,,,,,,,,,,,
27138,20:18:00,,,,,,,,,,,,,,,,,,,,,,,,,
27139,20:19:00,,,,,,,,,,,,,,,,,,,,,,,,,
27140,20:20:00,,,,,,,,,,,,,,,,,,,,,,,,,
27141,20:21:00,,,,,,,,,,,,,,,,,,,,,,,,,
27142,20:22:00,,,,,,,,,,,,,,,,,,,,,,,,,
27143,20:23:00,,,,,,,,,,,,,,,,,,,,,,,,,
27144,20:24:00,,,,,,,,,,,,,,,,,,,,,,,,,
27145,20:25:00,,,,,,,,,,,,,,,,,,,,,,,,,
27146,20:26:00,,,,,,,,,,,,,,,,,,,,,,,,,
27147,20:27:00,,,,,,,,,,,,,,,,,,,,,,,,,
27148,20:28:00,,,,,,,,,,,,,,,,,,,,,,,,,
27149,20:29:00,,,,,,,,,,,,,,,,,,,,,,,,,
27150,20:30:00,,,,,,,,,,,,,,,,,,,,,,,,,
27151,20:31:00,,,,,,,,,,,,,,,,,,,,,,,,,
27152,20:32:00,,,,,,,,,,,,,,,,,,,,,,,,,
27153,20:33:00,,,,,,,,,,,,,,,,,,,,,,,,,
27154,20:34:00,,,,,,,,,,,,,,,,,,,,,,,,,
27155,20:35:00,,,,,,,,,,,,,,,,,,,,,,,,,
27156,20:36:00,,,,,,,,,,,,,,,,,,,,,,,,,
27157,20:37:00,,,,,,,,,,,,,,,,,,,,,,,,,
27158,20:38:00,,,,,,,,,,,,,,,,,,,,,,,,,
27159,20:39:00,,,,,,,,,,,,,,,,,,,,,,,,,
27160,20:40:00,,,,,,,,,,,,,,,,,,,,,,,,,
27161,20:41:00,,,,,,,,,,,,,,,,,,,,,,,,,
27162,20:42:00,,,,,,,,,,,,,,,,,,,,,,,,,
27163,20:43:00,,,,,,,,,,,,,,,,,,,,,,,,,
27164,20:44:00,,,,,,,,,,,,,,,,,,,,,,,,,
27165,20:45:00,,,,,,,,,,,,,,,,,,,,,,,,,
27166,20:46:00,,,,,,,,,,,,,,,,,,,,,,,,,
27167,20:47:00,,,,,,,,,,,,,,,,,,,,,,,,,
27168,20:48:00,,,,,,,,,,,,,,,,,,,,,,,,,
27169,20:49:00,,,,,,,,,,,,,,,,,,,,,,,,,
27170,20:50:00,,,,,,,,,,,,,,,,,,,,,,,,,
27171,20:51:00,,,,,,,,,,,,,,,,,,,,,,,,,
27172,20:52:00,,,,,,,,,,,,,,,,,,,,,,,,,
27173,20:53:00,,,,,,,,,,,,,,,,,,,,,,,,,
27174,20:54:00,,,,,,,,,,,,,,,,,,,,,,,,,
27175,20:55:00,,,,,,,,,,,,,,,,,,,,,,,,,
27176,20:56:00,,,,,,,,,,,,,,,,,,,,,,,,,
27177,20:57:00,,,,,,,,,,,,,,,,,,,,,,,,,
27178,20:58:00,,,,,,,,,,,,,,,,,,,,,,,,,
27179,20:59:00,,,,,,,,,,,,,,,,,,,,,,,,,
27180,21:00:00,,,,,,,,,,,,,,,,,,,,,,,,,
27181,21:01:00,,,,,,,,,,,,,,,,,,,,,,,,,
27182,21:02:00,,,,,,,,,,,,,,,,,,,,,,,,,
27183,21:03:00,,,,,,,,,,,,,,,,,,,,,,,,,
27184,21:04:00,,,,,,,,,,,,,,,,,,,,,,,,,
27185,21:05:00,,,,,,,,,,,,,,,,,,,,,,,,,
27186,21:06:00,,,,,,,,,,,,,,,,,,,,,,,,,
27187,21:07:00,,,,,,,,,,,,,,,,,,,,,,,,,
27188,21:08:00,,,,,,,,,,,,,,,,,,,,,,,,,
27189,21:09:00,,,,,,,,,,,,,,,,,,,,,,,,,
27190,21:10:00,,,,,,,,,,,,,,,,,,,,,,,,,
27191,21:11:00,,,,,,,,,,,,,,,,,,,,,,,,,
27192,21:12:00,,,,,,,,,,,,,,,,,,,,,,,,,
27193,21:13:00,,,,,,,,,,,,,,,,,,,,,,,,,
27194,21:14:00,,,,,,,,,,,,,,,,,,,,,,,,,
27195,21:15:00,,,,,,,,,,,,,,,,,,,,,,,,,
27196,21:16:00,,,,,,,,,,,,,,,,,,,,,,,,,
27197,21:17:00,,,,,,,,,,,,,,,,,,,,,,,,,
27198,21:18:00,,,,,,,,,,,,,,,,,,,,,,,,,
27199,21:19:00,,,,,,,,,,,,,,,,,,,,,,,,,
27200,21:20:00,,,,,,,,,,,,,,,,,,,,,,,,,
27201,21:21:00,,,,,,,,,,,,,,,,,,,,,,,,,
27202,21:22:00,,,,,,,,,,,,,,,,,,,,,,,,,
27203,21:23:00,,,,,,,,,,,,,,,,,,,,,,,,,
27204,21:24:00,,,,,,,,,,,,,,,,,,,,,,,,,
27205,21:25:00,,,,,,,,,,,,,,,,,,,,,,,,,
27206,21:26:00,,,,,,,,,,,,,,,,,,,,,,,,,
27207,21:27:00,,,,,,,,,,,,,,,,,,,,,,,,,
27208,21:28:00,,,,,,,,,,,,,,,,,,,,,,,,,
27209,21:29:00,,,,,,,,,,,,,,,,,,,,,,,,,
27210,21:30:00,,,,,,,,,,,,,,,,,,,,,,,,,
27211,21:31:00,,,,,,,,,,,,,,,,,,,,,,,,,
27212,21:32:00,,,,,,,,,,,,,,,,,,,,,,,,,
27213,21:33:00,,,,,,,,,,,,,,,,,,,,,,,,,
27214,21:34:00,,,,,,,,,,,,,,,,,,,,,,,,,
27215,21:35:00,,,,,,,,,,,,,,,,,,,,,,,,,
27216,21:36:00,,,,,,,,,,,,,,,,,,,,,,,,,
27217,21:37:00,,,,,,,,,,,,,,,,,,,,,,,,,
27218,21:38:00,,,,,,,,,,,,,,,,,,,,,,,,,
27219,21:39:00,,,,,,,,,,,,,,,,,,,,,,,,,
27220,21:40:00,,,,,,,,,,,,,,,,,,,,,,,,,
27221,21:41:00,,,,,,,,,,,,,,,,,,,,,,,,,
27222,21:42:00,,,,,,,,,,,,,,,,,,,,,,,,,
27223,21:43:00,,,,,,,,,,,,,,,,,,,,,,,,,
27224,21:44:00,,,,,,,,,,,,,,,,,,,,,,,,,
27225,21:45:00,,,,,,,,,,,,,,,,,,,,,,,,,
27226,21:46:00,,,,,,,,,,,,,,,,,,,,,,,,,
27227,21:47:00,,,,,,,,,,,,,,,,,,,,,,,,,
27228,21:48:00,,,,,,,,,,,,,,,,,,,,,,,,,
27229,21:49:00,,,,,,,,,,,,,,,,,,,,,,,,,
27230,21:50:00,,,,,,,,,,,,,,,,,,,,,,,,,
27231,21:51:00,,,,,,,,,,,,,,,,,,,,,,,,,
27232,21:52:00,,,,,,,,,,,,,,,,,,,,,,,,,
27233,21:53:00,,,,,,,,,,,,,,,,,,,,,,,,,
27234,21:54:00,,,,,,,,,,,,,,,,,,,,,,,,,
27235,21:55:00,,,,,,,,,,,,,,,,,,,,,,,,,
27236,21:56:00,,,,,,,,,,,,,,,,,,,,,,,,,
27237,21:57:00,,,,,,,,,,,,,,,,,,,,,,,,,
27238,21:58:00,,,,,,,,,,,,,,,,,,,,,,,,,
27239,21:59:00,,,,,,,,,,,,,,,,,,,,,,,,,
27240,22:00:00,,,,,,,,,,,,,,,,,,,,,,,,,
27241,22:01:00,,,,,,,,,,,,,,,,,,,,,,,,,
27242,22:02:00,,,,,,,,,,,,,,,,,,,,,,,,,
27243,22:03:00,,,,,,,,,,,,,,,,,,,,,,,,,
27244,22:04:00,,,,,,,,,,,,,,,,,,,,,,,,,
27245,22:05:00,,,,,,,,,,,,,,,,,,,,,,,,,
27246,22:06:00,,,,,,,,,,,,,,,,,,,,,,,,,
27247,22:07:00,,,,,,,,,,,,,,,,,,,,,,,,,
27248,22:08:00,,,,,,,,,,,,,,,,,,,,,,,,,
27249,22:09:00,,,,,,,,,,,,,,,,,,,,,,,,,
27250,22:10:00,,,,,,,,,,,,,,,,,,,,,,,,,
27251,22:11:00,,,,,,,,,,,,,,,,,,,,,,,,,
27252,22:12:00,,,,,,,,,,,,,,,,,,,,,,,,,
27253,22:13:00,,,,,,,,,,,,,,,,,,,,,,,,,
27254,22:14:00,,,,,,,,,,,,,,,,,,,,,,,,,
27255,22:15:00,,,,,,,,,,,,,,,,,,,,,,,,,
27256,22:16:00,,,,,,,,,,,,,,,,,,,,,,,,,
27257,22:17:00,,,,,,,,,,,,,,,,,,,,,,,,,
27258,22:18:00,,,,,,,,,,,,,,,,,,,,,,,,,
27259,22:19:00,,,,,,,,,,,,,,,,,,,,,,,,,
27260,22:20:00,,,,,,,,,,,,,,,,,,,,,,,,,
27261,22:21:00,,,,,,,,,,,,,,,,,,,,,,,,,
27262,22:22:00,,,,,,,,,,,,,,,,,,,,,,,,,
27263,22:23:00,,,,,,,,,,,,,,,,,,,,,,,,,
27264,22:24:00,,,,,,,,,,,,,,,,,,,,,,,,,
27265,22:25:00,,,,,,,,,,,,,,,,,,,,,,,,,
27266,22:26:00,,,,,,,,,,,,,,,,,,,,,,,,,
27267,22:27:00,,,,,,,,,,,,,,,,,,,,,,,,,
27268,22:28:00,,,,,,,,,,,,,,,,,,,,,,,,,
27269,22:29:00,,,,,,,,,,,,,,,,,,,,,,,,,
27270,22:30:00,,,,,,,,,,,,,,,,,,,,,,,,,
27271,22:31:00,,,,,,,,,,,,,,,,,,,,,,,,,
27272,22:32:00,,,,,,,,,,,,,,,,,,,,,,,,,
27273,22:33:00,,,,,,,,,,,,,,,,,,,,,,,,,
27274,22:34:00,,,,,,,,,,,,,,,,,,,,,,,,,
27275,22:35:00,,,,,,,,,,,,,,,,,,,,,,,,,
27276,22:36:00,,,,,,,,,,,,,,,,,,,,,,,,,
27277,22:37:00,,,,,,,,,,,,,,,,,,,,,,,,,
27278,22:38:00,,,,,,,,,,,,,,,,,,,,,,,,,
27279,22:39:00,,,,,,,,,,,,,,,,,,,,,,,,,
27280,22:40:00,,,,,,,,,,,,,,,,,,,,,,,,,
27281,22:41:00,,,,,,,,,,,,,,,,,,,,,,,,,
27282,22:42:00,,,,,,,,,,,,,,,,,,,,,,,,,
27283,22:43:00,,,,,,,,,,,,,,,,,,,,,,,,,
27284,22:44:00,,,,,,,,,,,,,,,,,,,,,,,,,
27285,22:45:00,,,,,,,,,,,,,,,,,,,,,,,,,
27286,22:46:00,,,,,,,,,,,,,,,,,,,,,,,,,
27287,22:47:00,,,,,,,,,,,,,,,,,,,,,,,,,
27288,22:48:00,,,,,,,,,,,,,,,,,,,,,,,,,
27289,22:49:00,,,,,,,,,,,,,,,,,,,,,,,,,
27290,22:50:00,,,,,,,,,,,,,,,,,,,,,,,,,
27291,22:51:00,,,,,,,,,,,,,,,,,,,,,,,,,
27292,22:52:00,,,,,,,,,,,,,,,,,,,,,,,,,
27293,22:53:00,,,,,,,,,,,,,,,,,,,,,,,,,
27294,22:54:00,,,,,,,,,,,,,,,,,,,,,,,,,
27295,22:55:00,,,,,,,,,,,,,,,,,,,,,,,,,
27296,22:56:00,,,,,,,,,,,,,,,,,,,,,,,,,
27297,22:57:00,,,,,,,,,,,,,,,,,,,,,,,,,
27298,22:58:00,,,,,,,,,,,,,,,,,,,,,,,,,
27299,22:59:00,,,,,,,,,,,,,,,,,,,,,,,,,
27300,23:00:00,,,,,,,,,,,,,,,,,,,,,,,,,
27301,23:01:00,,,,,,,,,,,,,,,,,,,,,,,,,
27302,23:02:00,,,,,,,,,,,,,,,,,,,,,,,,,
27303,23:03:00,,,,,,,,,,,,,,,,,,,,,,,,,
27304,23:04:00,,,,,,,,,,,,,,,,,,,,,,,,,
27305,23:05:00,,,,,,,,,,,,,,,,,,,,,,,,,
27306,23:06:00,,,,,,,,,,,,,,,,,,,,,,,,,
27307,23:07:00,,,,,,,,,,,,,,,,,,,,,,,,,
27308,23:08:00,,,,,,,,,,,,,,,,,,,,,,,,,
27309,23:09:00,,,,,,,,,,,,,,,,,,,,,,,,,
27310,23:10:00,,,,,,,,,,,,,,,,,,,,,,,,,
27311,23:11:00,,,,,,,,,,,,,,,,,,,,,,,,,
27312,23:12:00,,,,,,,,,,,,,,,,,,,,,,,,,
27313,23:13:00,,,,,,,,,,,,,,,,,,,,,,,,,
27314,23:14:00,,,,,,,,,,,,,,,,,,,,,,,,,
27315,23:15:00,,,,,,,,,,,,,,,,,,,,,,,,,
27316,23:16:00,,,,,,,,,,,,,,,,,,,,,,,,,
27317,23:17:00,,,,,,,,,,,,,,,,,,,,,,,,,
27318,23:18:00,,,,,,,,,,,,,,,,,,,,,,,,,
27319,23:19:00,,,,,,,,,,,,,,,,,,,,,,,,,
27320,23:20:00,,,,,,,,,,,,,,,,,,,,,,,,,
27321,23:21:00,,,,,,,,,,,,,,,,,,,,,,,,,
27322,23:22:00,,,,,,,,,,,,,,,,,,,,,,,,,
27323,23:23:00,,,,,,,,,,,,,,,,,,,,,,,,,
27324,23:24:00,,,,,,,,,,,,,,,,,,,,,,,,,
27325,23:25:00,,,,,,,,,,,,,,,,,,,,,,,,,
27326,23:26:00,,,,,,,,,,,,,,,,,,,,,,,,,
27327,23:27:00,,,,,,,,,,,,,,,,,,,,,,,,,
27328,23:28:00,,,,,,,,,,,,,,,,,,,,,,,,,
27329,23:29:00,,,,,,,,,,,,,,,,,,,,,,,,,
27330,23:30:00,,,,,,,,,,,,,,,,,,,,,,,,,
27331,23:31:00,,,,,,,,,,,,,,,,,,,,,,,,,
27332,23:32:00,,,,,,,,,,,,,,,,,,,,,,,,,
27333,23:33:00,,,,,,,,,,,,,,,,,,,,,,,,,
27334,23:34:00,,,,,,,,,,,,,,,,,,,,,,,,,
27335,23:35:00,,,,,,,,,,,,,,,,,,,,,,,,,
27336,23:36:00,,,,,,,,,,,,,,,,,,,,,,,,,
27337,23:37:00,,,,,,,,,,,,,,,,,,,,,,,,,
27338,23:38:00,,,,,,,,,,,,,,,,,,,,,,,,,
27339,23:39:00,,,,,,,,,,,,,,,,,,,,,,,,,
27340,23:40:00,,,,,,,,,,,,,,,,,,,,,,,,,
27341,23:41:00,,,,,,,,,,,,,,,,,,,,,,,,,
27342,23:42:00,,,,,,,,,,,,,,,,,,,,,,,,,
27343,23:43:00,,,,,,,,,,,,,,,,,,,,,,,,,
27344,23:44:00,,,,,,,,,,,,,,,,,,,,,,,,,
27345,23:45:00,,,,,,,,,,,,,,,,,,,,,,,,,
27346,23:46:00,,,,,,,,,,,,,,,,,,,,,,,,,
27347,23:47:00,,,,,,,,,,,,,,,,,,,,,,,,,
27348,23:48:00,,,,,,,,,,,,,,,,,,,,,,,,,
27349,23:49:00,,,,,,,,,,,,,,,,,,,,,,,,,
27350,23:50:00,,,,,,,,,,,,,,,,,,,,,,,,,
27351,23:51:00,,,,,,,,,,,,,,,,,,,,,,,,,
27352,23:52:00,,,,,,,,,,,,,,,,,,,,,,,,,
27353,23:53:00,,,,,,,,,,,,,,,,,,,,,,,,,
27354,23:54:00,,,,,,,,,,,,,,,,,,,,,,,,,
27355,23:55:00,,,,,,,,,,,,,,,,,,,,,,,,,
27356,23:56:00,,,,,,,,,,,,,,,,,,,,,,,,,
27357,23:57:00,,,,,,,,,,,,,,,,,,,,,,,,,
27358,23:58:00,,,,,,,,,,,,,,,,,,,,,,,,,
27359,23:59:00,,,,,,,,,,,,,,,,,,,,,,,,,
27360,00:00:00,,,,,,,,,,,,,,,,,,,,,,,,,
27361,00:01:00,,,,,,,,,,,,,,,,,,,,,,,,,
27362,00:02:00,,,,,,,,,,,,,,,,,,,,,,,,,
27363,00:03:00,,,,,,,,,,,,,,,,,,,,,,,,,
27364,00:04:00,,,,,,,,,,,,,,,,,,,,,,,,,
27365,00:05:00,,,,,,,,,,,,,,,,,,,,,,,,,
27366,00:06:00,,,,,,,,,,,,,,,,,,,,,,,,,
27367,00:07:00,,,,,,,,,,,,,,,,,,,,,,,,,
27368,00:08:00,,,,,,,,,,,,,,,,,,,,,,,,,
27369,00:09:00,,,,,,,,,,,,,,,,,,,,,,,,,
27370,00:10:00,,,,,,,,,,,,,,,,,,,,,,,,,
27371,00:11:00,,,,,,,,,,,,,,,,,,,,,,,,,
27372,00:12:00,,,,,,,,,,,,,,,,,,,,,,,,,
27373,00:13:00,,,,,,,,,,,,,,,,,,,,,,,,,
27374,00:14:00,,,,,,,,,,,,,,,,,,,,,,,,,
27375,00:15:00,,,,,,,,,,,,,,,,,,,,,,,,,
27376,00:16:00,,,,,,,,,,,,,,,,,,,,,,,,,
27377,00:17:00,,,,,,,,,,,,,,,,,,,,,,,,,
27378,00:18:00,,,,,,,,,,,,,,,,,,,,,,,,,
27379,00:19:00,,,,,,,,,,,,,,,,,,,,,,,,,
27380,00:20:00,,,,,,,,,,,,,,,,,,,,,,,,,
27381,00:21:00,,,,,,,,,,,,,,,,,,,,,,,,,
27382,00:22:00,,,,,,,,,,,,,,,,,,,,,,,,,
27383,00:23:00,,,,,,,,,,,,,,,,,,,,,,,,,
27384,00:24:00,,,,,,,,,,,,,,,,,,,,,,,,,
27385,00:25:00,,,,,,,,,,,,,,,,,,,,,,,,,
27386,00:26:00,,,,,,,,,,,,,,,,,,,,,,,,,
27387,00:27:00,,,,,,,,,,,,,,,,,,,,,,,,,
27388,00:28:00,,,,,,,,,,,,,,,,,,,,,,,,,
27389,00:29:00,,,,,,,,,,,,,,,,,,,,,,,,,
27390,00:30:00,,,,,,,,,,,,,,,,,,,,,,,,,
27391,00:31:00,,,,,,,,,,,,,,,,,,,,,,,,,
27392,00:32:00,,,,,,,,,,,,,,,,,,,,,,,,,
27393,00:33:00,,,,,,,,,,,,,,,,,,,,,,,,,
27394,00:34:00,,,,,,,,,,,,,,,,,,,,,,,,,
27395,00:35:00,,,,,,,,,,,,,,,,,,,,,,,,,
27396,00:36:00,,,,,,,,,,,,,,,,,,,,,,,,,
27397,00:37:00,,,,,,,,,,,,,,,,,,,,,,,,,
27398,00:38:00,,,,,,,,,,,,,,,,,,,,,,,,,
27399,00:39:00,,,,,,,,,,,,,,,,,,,,,,,,,
27400,00:40:00,,,,,,,,,,,,,,,,,,,,,,,,,
27401,00:41:00,,,,,,,,,,,,,,,,,,,,,,,,,
27402,00:42:00,,,,,,,,,,,,,,,,,,,,,,,,,
27403,00:43:00,,,,,,,,,,,,,,,,,,,,,,,,,
27404,00:44:00,,,,,,,,,,,,,,,,,,,,,,,,,
27405,00:45:00,,,,,,,,,,,,,,,,,,,,,,,,,
27406,00:46:00,,,,,,,,,,,,,,,,,,,,,,,,,
27407,00:47:00,,,,,,,,,,,,,,,,,,,,,,,,,
27408,00:48:00,,,,,,,,,,,,,,,,,,,,,,,,,
27409,00:49:00,,,,,,,,,,,,,,,,,,,,,,,,,
27410,00:50:00,,,,,,,,,,,,,,,,,,,,,,,,,
27411,00:51:00,,,,,,,,,,,,,,,,,,,,,,,,,
27412,00:52:00,,,,,,,,,,,,,,,,,,,,,,,,,
27413,00:53:00,,,,,,,,,,,,,,,,,,,,,,,,,
27414,00:54:00,,,,,,,,,,,,,,,,,,,,,,,,,
27415,00:55:00,,,,,,,,,,,,,,,,,,,,,,,,,
27416,00:56:00,,,,,,,,,,,,,,,,,,,,,,,,,
27417,00:57:00,,,,,,,,,,,,,,,,,,,,,,,,,
27418,00:58:00,,,,,,,,,,,,,,,,,,,,,,,,,
27419,00:59:00,,,,,,,,,,,,,,,,,,,,,,,,,
27420,01:00:00,,,,,,,,,,,,,,,,,,,,,,,,,
27421,01:01:00,,,,,,,,,,,,,,,,,,,,,,,,,
27422,01:02:00,,,,,,,,,,,,,,,,,,,,,,,,,
27423,01:03:00,,,,,,,,,,,,,,,,,,,,,,,,,
27424,01:04:00,,,,,,,,,,,,,,,,,,,,,,,,,
27425,01:05:00,,,,,,,,,,,,,,,,,,,,,,,,,
27426,01:06:00,,,,,,,,,,,,,,,,,,,,,,,,,
27427,01:07:00,,,,,,,,,,,,,,,,,,,,,,,,,
27428,01:08:00,,,,,,,,,,,,,,,,,,,,,,,,,
27429,01:09:00,,,,,,,,,,,,,,,,,,,,,,,,,
27430,01:10:00,,,,,,,,,,,,,,,,,,,,,,,,,
27431,01:11:00,,,,,,,,,,,,,,,,,,,,,,,,,
27432,01:12:00,,,,,,,,,,,,,,,,,,,,,,,,,
27433,01:13:00,,,,,,,,,,,,,,,,,,,,,,,,,
27434,01:14:00,,,,,,,,,,,,,,,,,,,,,,,,,
27435,01:15:00,,,,,,,,,,,,,,,,,,,,,,,,,
27436,01:16:00,,,,,,,,,,,,,,,,,,,,,,,,,
27437,01:17:00,,,,,,,,,,,,,,,,,,,,,,,,,
27438,01:18:00,,,,,,,,,,,,,,,,,,,,,,,,,
27439,01:19:00,,,,,,,,,,,,,,,,,,,,,,,,,
27440,01:20:00,,,,,,,,,,,,,,,,,,,,,,,,,
27441,01:21:00,,,,,,,,,,,,,,,,,,,,,,,,,
27442,01:22:00,,,,,,,,,,,,,,,,,,,,,,,,,
27443,01:23:00,,,,,,,,,,,,,,,,,,,,,,,,,
27444,01:24:00,,,,,,,,,,,,,,,,,,,,,,,,,
27445,01:25:00,,,,,,,,,,,,,,,,,,,,,,,,,
27446,01:26:00,,,,,,,,,,,,,,,,,,,,,,,,,
27447,01:27:00,,,,,,,,,,,,,,,,,,,,,,,,,
27448,01:28:00,,,,,,,,,,,,,,,,,,,,,,,,,
27449,01:29:00,,,,,,,,,,,,,,,,,,,,,,,,,
27450,01:30:00,,,,,,,,,,,,,,,,,,,,,,,,,
27451,01:31:00,,,,,,,,,,,,,,,,,,,,,,,,,
27452,01:32:00,,,,,,,,,,,,,,,,,,,,,,,,,
27453,01:33:00,,,,,,,,,,,,,,,,,,,,,,,,,
27454,01:34:00,,,,,,,,,,,,,,,,,,,,,,,,,
27455,01:35:00,,,,,,,,,,,,,,,,,,,,,,,,,
27456,01:36:00,,,,,,,,,,,,,,,,,,,,,,,,,
27457,01:37:00,,,,,,,,,,,,,,,,,,,,,,,,,
27458,01:38:00,,,,,,,,,,,,,,,,,,,,,,,,,
27459,01:39:00,,,,,,,,,,,,,,,,,,,,,,,,,
27460,01:40:00,,,,,,,,,,,,,,,,,,,,,,,,,
27461,01:41:00,,,,,,,,,,,,,,,,,,,,,,,,,
27462,01:42:00,,,,,,,,,,,,,,,,,,,,,,,,,
27463,01:43:00,,,,,,,,,,,,,,,,,,,,,,,,,
27464,01:44:00,,,,,,,,,,,,,,,,,,,,,,,,,
27465,01:45:00,,,,,,,,,,,,,,,,,,,,,,,,,
27466,01:46:00,,,,,,,,,,,,,,,,,,,,,,,,,
27467,01:47:00,,,,,,,,,,,,,,,,,,,,,,,,,
27468,01:48:00,,,,,,,,,,,,,,,,,,,,,,,,,
27469,01:49:00,,,,,,,,,,,,,,,,,,,,,,,,,
27470,01:50:00,,,,,,,,,,,,,,,,,,,,,,,,,
27471,01:51:00,,,,,,,,,,,,,,,,,,,,,,,,,
27472,01:52:00,,,,,,,,,,,,,,,,,,,,,,,,,
27473,01:53:00,,,,,,,,,,,,,,,,,,,,,,,,,
27474,01:54:00,,,,,,,,,,,,,,,,,,,,,,,,,
27475,01:55:00,,,,,,,,,,,,,,,,,,,,,,,,,
27476,01:56:00,,,,,,,,,,,,,,,,,,,,,,,,,
27477,01:57:00,,,,,,,,,,,,,,,,,,,,,,,,,
27478,01:58:00,,,,,,,,,,,,,,,,,,,,,,,,,
27479,01:59:00,,,,,,,,,,,,,,,,,,,,,,,,,
27480,02:00:00,,,,,,,,,,,,,,,,,,,,,,,,,
27481,02:01:00,,,,,,,,,,,,,,,,,,,,,,,,,
27482,02:02:00,,,,,,,,,,,,,,,,,,,,,,,,,
27483,02:03:00,,,,,,,,,,,,,,,,,,,,,,,,,
27484,02:04:00,,,,,,,,,,,,,,,,,,,,,,,,,
27485,02:05:00,,,,,,,,,,,,,,,,,,,,,,,,,
27486,02:06:00,,,,,,,,,,,,,,,,,,,,,,,,,
27487,02:07:00,,,,,,,,,,,,,,,,,,,,,,,,,
27488,02:08:00,,,,,,,,,,,,,,,,,,,,,,,,,
27489,02:09:00,,,,,,,,,,,,,,,,,,,,,,,,,
27490,02:10:00,,,,,,,,,,,,,,,,,,,,,,,,,
27491,02:11:00,,,,,,,,,,,,,,,,,,,,,,,,,
27492,02:12:00,,,,,,,,,,,,,,,,,,,,,,,,,
27493,02:13:00,,,,,,,,,,,,,,,,,,,,,,,,,
27494,02:14:00,,,,,,,,,,,,,,,,,,,,,,,,,
27495,02:15:00,,,,,,,,,,,,,,,,,,,,,,,,,
27496,02:16:00,,,,,,,,,,,,,,,,,,,,,,,,,
27497,02:17:00,,,,,,,,,,,,,,,,,,,,,,,,,
27498,02:18:00,,,,,,,,,,,,,,,,,,,,,,,,,
27499,02:19:00,,,,,,,,,,,,,,,,,,,,,,,,,
27500,02:20:00,,,,,,,,,,,,,,,,,,,,,,,,,
27501,02:21:00,,,,,,,,,,,,,,,,,,,,,,,,,
27502,02:22:00,,,,,,,,,,,,,,,,,,,,,,,,,
27503,02:23:00,,,,,,,,,,,,,,,,,,,,,,,,,
27504,02:24:00,,,,,,,,,,,,,,,,,,,,,,,,,
27505,02:25:00,,,,,,,,,,,,,,,,,,,,,,,,,
27506,02:26:00,,,,,,,,,,,,,,,,,,,,,,,,,
27507,02:27:00,,,,,,,,,,,,,,,,,,,,,,,,,
27508,02:28:00,,,,,,,,,,,,,,,,,,,,,,,,,
27509,02:29:00,,,,,,,,,,,,,,,,,,,,,,,,,
27510,02:30:00,,,,,,,,,,,,,,,,,,,,,,,,,
27511,02:31:00,,,,,,,,,,,,,,,,,,,,,,,,,
27512,02:32:00,,,,,,,,,,,,,,,,,,,,,,,,,
27513,02:33:00,,,,,,,,,,,,,,,,,,,,,,,,,
27514,02:34:00,,,,,,,,,,,,,,,,,,,,,,,,,
27515,02:35:00,,,,,,,,,,,,,,,,,,,,,,,,,
27516,02:36:00,,,,,,,,,,,,,,,,,,,,,,,,,
27517,02:37:00,,,,,,,,,,,,,,,,,,,,,,,,,
27518,02:38:00,,,,,,,,,,,,,,,,,,,,,,,,,
27519,02:39:00,,,,,,,,,,,,,,,,,,,,,,,,,
27520,02:40:00,,,,,,,,,,,,,,,,,,,,,,,,,
27521,02:41:00,,,,,,,,,,,,,,,,,,,,,,,,,
27522,02:42:00,,,,,,,,,,,,,,,,,,,,,,,,,
27523,02:43:00,,,,,,,,,,,,,,,,,,,,,,,,,
27524,02:44:00,,,,,,,,,,,,,,,,,,,,,,,,,
27525,02:45:00,,,,,,,,,,,,,,,,,,,,,,,,,
27526,02:46:00,,,,,,,,,,,,,,,,,,,,,,,,,
27527,02:47:00,,,,,,,,,,,,,,,,,,,,,,,,,
27528,02:48:00,,,,,,,,,,,,,,,,,,,,,,,,,
27529,02:49:00,,,,,,,,,,,,,,,,,,,,,,,,,
27530,02:50:00,,,,,,,,,,,,,,,,,,,,,,,,,
27531,02:51:00,,,,,,,,,,,,,,,,,,,,,,,,,
27532,02:52:00,,,,,,,,,,,,,,,,,,,,,,,,,
27533,02:53:00,,,,,,,,,,,,,,,,,,,,,,,,,
27534,02:54:00,,,,,,,,,,,,,,,,,,,,,,,,,
27535,02:55:00,,,,,,,,,,,,,,,,,,,,,,,,,
27536,02:56:00,,,,,,,,,,,,,,,,,,,,,,,,,
27537,02:57:00,,,,,,,,,,,,,,,,,,,,,,,,,
27538,02:58:00,,,,,,,,,,,,,,,,,,,,,,,,,
27539,02:59:00,,,,,,,,,,,,,,,,,,,,,,,,,
27540,03:00:00,,,,,,,,,,,,,,,,,,,,,,,,,
27541,03:01:00,,,,,,,,,,,,,,,,,,,,,,,,,
27542,03:02:00,,,,,,,,,,,,,,,,,,,,,,,,,
27543,03:03:00,,,,,,,,,,,,,,,,,,,,,,,,,
27544,03:04:00,,,,,,,,,,,,,,,,,,,,,,,,,
27545,03:05:00,,,,,,,,,,,,,,,,,,,,,,,,,
27546,03:06:00,,,,,,,,,,,,,,,,,,,,,,,,,
27547,03:07:00,,,,,,,,,,,,,,,,,,,,,,,,,
27548,03:08:00,,,,,,,,,,,,,,,,,,,,,,,,,
27549,03:09:00,,,,,,,,,,,,,,,,,,,,,,,,,
27550,03:10:00,,,,,,,,,,,,,,,,,,,,,,,,,
27551,03:11:00,,,,,,,,,,,,,,,,,,,,,,,,,
27552,03:12:00,,,,,,,,,,,,,,,,,,,,,,,,,
27553,03:13:00,,,,,,,,,,,,,,,,,,,,,,,,,
27554,03:14:00,,,,,,,,,,,,,,,,,,,,,,,,,
27555,03:15:00,,,,,,,,,,,,,,,,,,,,,,,,,
27556,03:16:00,,,,,,,,,,,,,,,,,,,,,,,,,
27557,03:17:00,,,,,,,,,,,,,,,,,,,,,,,,,
27558,03:18:00,,,,,,,,,,,,,,,,,,,,,,,,,
27559,03:19:00,,,,,,,,,,,,,,,,,,,,,,,,,
27560,03:20:00,,,,,,,,,,,,,,,,,,,,,,,,,
27561,03:21:00,,,,,,,,,,,,,,,,,,,,,,,,,
27562,03:22:00,,,,,,,,,,,,,,,,,,,,,,,,,
27563,03:23:00,,,,,,,,,,,,,,,,,,,,,,,,,
27564,03:24:00,,,,,,,,,,,,,,,,,,,,,,,,,
27565,03:25:00,,,,,,,,,,,,,,,,,,,,,,,,,
27566,03:26:00,,,,,,,,,,,,,,,,,,,,,,,,,
27567,03:27:00,,,,,,,,,,,,,,,,,,,,,,,,,
27568,03:28:00,,,,,,,,,,,,,,,,,,,,,,,,,
27569,03:29:00,,,,,,,,,,,,,,,,,,,,,,,,,
27570,03:30:00,,,,,,,,,,,,,,,,,,,,,,,,,
27571,03:31:00,,,,,,,,,,,,,,,,,,,,,,,,,
27572,03:32:00,,,,,,,,,,,,,,,,,,,,,,,,,
27573,03:33:00,,,,,,,,,,,,,,,,,,,,,,,,,
27574,03:34:00,,,,,,,,,,,,,,,,,,,,,,,,,
27575,03:35:00,,,,,,,,,,,,,,,,,,,,,,,,,
27576,03:36:00,,,,,,,,,,,,,,,,,,,,,,,,,
27577,03:37:00,,,,,,,,,,,,,,,,,,,,,,,,,
27578,03:38:00,,,,,,,,,,,,,,,,,,,,,,,,,
27579,03:39:00,,,,,,,,,,,,,,,,,,,,,,,,,
27580,03:40:00,,,,,,,,,,,,,,,,,,,,,,,,,
27581,03:41:00,,,,,,,,,,,,,,,,,,,,,,,,,
27582,03:42:00,,,,,,,,,,,,,,,,,,,,,,,,,
27583,03:43:00,,,,,,,,,,,,,,,,,,,,,,,,,
27584,03:44:00,,,,,,,,,,,,,,,,,,,,,,,,,
27585,03:45:00,,,,,,,,,,,,,,,,,,,,,,,,,
27586,03:46:00,,,,,,,,,,,,,,,,,,,,,,,,,
27587,03:47:00,,,,,,,,,,,,,,,,,,,,,,,,,
27588,03:48:00,,,,,,,,,,,,,,,,,,,,,,,,,
27589,03:49:00,,,,,,,,,,,,,,,,,,,,,,,,,
27590,03:50:00,,,,,,,,,,,,,,,,,,,,,,,,,
27591,03:51:00,,,,,,,,,,,,,,,,,,,,,,,,,
27592,03:52:00,,,,,,,,,,,,,,,,,,,,,,,,,
27593,03:53:00,,,,,,,,,,,,,,,,,,,,,,,,,
27594,03:54:00,,,,,,,,,,,,,,,,,,,,,,,,,
27595,03:55:00,,,,,,,,,,,,,,,,,,,,,,,,,
27596,03:56:00,,,,,,,,,,,,,,,,,,,,,,,,,
27597,03:57:00,,,,,,,,,,,,,,,,,,,,,,,,,
27598,03:58:00,,,,,,,,,,,,,,,,,,,,,,,,,
27599,03:59:00,,,,,,,,,,,,,,,,,,,,,,,,,
27600,04:00:00,,,,,,,,,,,,,,,,,,,,,,,,,
27601,04:01:00,,,,,,,,,,,,,,,,,,,,,,,,,
27602,04:02:00,,,,,,,,,,,,,,,,,,,,,,,,,
27603,04:03:00,,,,,,,,,,,,,,,,,,,,,,,,,
27604,04:04:00,,,,,,,,,,,,,,,,,,,,,,,,,
27605,04:05:00,,,,,,,,,,,,,,,,,,,,,,,,,
27606,04:06:00,,,,,,,,,,,,,,,,,,,,,,,,,
27607,04:07:00,,,,,,,,,,,,,,,,,,,,,,,,,
27608,04:08:00,,,,,,,,,,,,,,,,,,,,,,,,,
27609,04:09:00,,,,,,,,,,,,,,,,,,,,,,,,,
27610,04:10:00,,,,,,,,,,,,,,,,,,,,,,,,,
27611,04:11:00,,,,,,,,,,,,,,,,,,,,,,,,,
27612,04:12:00,,,,,,,,,,,,,,,,,,,,,,,,,
27613,04:13:00,,,,,,,,,,,,,,,,,,,,,,,,,
27614,04:14:00,,,,,,,,,,,,,,,,,,,,,,,,,
27615,04:15:00,,,,,,,,,,,,,,,,,,,,,,,,,
27616,04:16:00,,,,,,,,,,,,,,,,,,,,,,,,,
27617,04:17:00,,,,,,,,,,,,,,,,,,,,,,,,,
27618,04:18:00,,,,,,,,,,,,,,,,,,,,,,,,,
27619,04:19:00,,,,,,,,,,,,,,,,,,,,,,,,,
27620,04:20:00,,,,,,,,,,,,,,,,,,,,,,,,,
27621,04:21:00,,,,,,,,,,,,,,,,,,,,,,,,,
27622,04:22:00,,,,,,,,,,,,,,,,,,,,,,,,,
27623,04:23:00,,,,,,,,,,,,,,,,,,,,,,,,,
27624,04:24:00,,,,,,,,,,,,,,,,,,,,,,,,,
27625,04:25:00,,,,,,,,,,,,,,,,,,,,,,,,,
27626,04:26:00,,,,,,,,,,,,,,,,,,,,,,,,,
27627,04:27:00,,,,,,,,,,,,,,,,,,,,,,,,,
27628,04:28:00,,,,,,,,,,,,,,,,,,,,,,,,,
27629,04:29:00,,,,,,,,,,,,,,,,,,,,,,,,,
27630,04:30:00,,,,,,,,,,,,,,,,,,,,,,,,,
27631,04:31:00,,,,,,,,,,,,,,,,,,,,,,,,,
27632,04:32:00,,,,,,,,,,,,,,,,,,,,,,,,,
27633,04:33:00,,,,,,,,,,,,,,,,,,,,,,,,,
27634,04:34:00,,,,,,,,,,,,,,,,,,,,,,,,,
27635,04:35:00,,,,,,,,,,,,,,,,,,,,,,,,,
27636,04:36:00,,,,,,,,,,,,,,,,,,,,,,,,,
27637,04:37:00,,,,,,,,,,,,,,,,,,,,,,,,,
27638,04:38:00,,,,,,,,,,,,,,,,,,,,,,,,,
27639,04:39:00,,,,,,,,,,,,,,,,,,,,,,,,,
27640,04:40:00,,,,,,,,,,,,,,,,,,,,,,,,,
27641,04:41:00,,,,,,,,,,,,,,,,,,,,,,,,,
27642,04:42:00,,,,,,,,,,,,,,,,,,,,,,,,,
27643,04:43:00,,,,,,,,,,,,,,,,,,,,,,,,,
27644,04:44:00,,,,,,,,,,,,,,,,,,,,,,,,,
27645,04:45:00,,,,,,,,,,,,,,,,,,,,,,,,,
27646,04:46:00,,,,,,,,,,,,,,,,,,,,,,,,,
27647,04:47:00,,,,,,,,,,,,,,,,,,,,,,,,,
27648,04:48:00,,,,,,,,,,,,,,,,,,,,,,,,,
27649,04:49:00,,,,,,,,,,,,,,,,,,,,,,,,,
27650,04:50:00,,,,,,,,,,,,,,,,,,,,,,,,,
27651,04:51:00,,,,,,,,,,,,,,,,,,,,,,,,,
27652,04:52:00,,,,,,,,,,,,,,,,,,,,,,,,,
27653,04:53:00,,,,,,,,,,,,,,,,,,,,,,,,,
27654,04:54:00,,,,,,,,,,,,,,,,,,,,,,,,,
27655,04:55:00,,,,,,,,,,,,,,,,,,,,,,,,,
27656,04:56:00,,,,,,,,,,,,,,,,,,,,,,,,,
27657,04:57:00,,,,,,,,,,,,,,,,,,,,,,,,,
27658,04:58:00,,,,,,,,,,,,,,,,,,,,,,,,,
27659,04:59:00,,,,,,,,,,,,,,,,,,,,,,,,,
27660,05:00:00,,,,,,,,,,,,,,,,,,,,,,,,,
27661,05:01:00,,,,,,,,,,,,,,,,,,,,,,,,,
27662,05:02:00,,,,,,,,,,,,,,,,,,,,,,,,,
27663,05:03:00,,,,,,,,,,,,,,,,,,,,,,,,,
27664,05:04:00,,,,,,,,,,,,,,,,,,,,,,,,,
27665,05:05:00,,,,,,,,,,,,,,,,,,,,,,,,,
27666,05:06:00,,,,,,,,,,,,,,,,,,,,,,,,,
27667,05:07:00,,,,,,,,,,,,,,,,,,,,,,,,,
27668,05:08:00,,,,,,,,,,,,,,,,,,,,,,,,,
27669,05:09:00,,,,,,,,,,,,,,,,,,,,,,,,,
27670,05:10:00,,,,,,,,,,,,,,,,,,,,,,,,,
27671,05:11:00,,,,,,,,,,,,,,,,,,,,,,,,,
27672,05:12:00,,,,,,,,,,,,,,,,,,,,,,,,,
27673,05:13:00,,,,,,,,,,,,,,,,,,,,,,,,,
27674,05:14:00,,,,,,,,,,,,,,,,,,,,,,,,,
27675,05:15:00,,,,,,,,,,,,,,,,,,,,,,,,,
27676,05:16:00,,,,,,,,,,,,,,,,,,,,,,,,,
27677,05:17:00,,,,,,,,,,,,,,,,,,,,,,,,,
27678,05:18:00,,,,,,,,,,,,,,,,,,,,,,,,,
27679,05:19:00,,,,,,,,,,,,,,,,,,,,,,,,,
27680,05:20:00,,,,,,,,,,,,,,,,,,,,,,,,,
27681,05:21:00,,,,,,,,,,,,,,,,,,,,,,,,,
27682,05:22:00,,,,,,,,,,,,,,,,,,,,,,,,,
27683,05:23:00,,,,,,,,,,,,,,,,,,,,,,,,,
27684,05:24:00,,,,,,,,,,,,,,,,,,,,,,,,,
27685,05:25:00,,,,,,,,,,,,,,,,,,,,,,,,,
27686,05:26:00,,,,,,,,,,,,,,,,,,,,,,,,,
27687,05:27:00,,,,,,,,,,,,,,,,,,,,,,,,,
27688,05:28:00,,,,,,,,,,,,,,,,,,,,,,,,,
27689,05:29:00,,,,,,,,,,,,,,,,,,,,,,,,,
27690,05:30:00,,,,,,,,,,,,,,,,,,,,,,,,,
27691,05:31:00,,,,,,,,,,,,,,,,,,,,,,,,,
27692,05:32:00,,,,,,,,,,,,,,,,,,,,,,,,,
27693,05:33:00,,,,,,,,,,,,,,,,,,,,,,,,,
27694,05:34:00,,,,,,,,,,,,,,,,,,,,,,,,,
27695,05:35:00,,,,,,,,,,,,,,,,,,,,,,,,,
27696,05:36:00,,,,,,,,,,,,,,,,,,,,,,,,,
27697,05:37:00,,,,,,,,,,,,,,,,,,,,,,,,,
27698,05:38:00,,,,,,,,,,,,,,,,,,,,,,,,,
27699,05:39:00,,,,,,,,,,,,,,,,,,,,,,,,,
27700,05:40:00,,,,,,,,,,,,,,,,,,,,,,,,,
27701,05:41:00,,,,,,,,,,,,,,,,,,,,,,,,,
27702,05:42:00,,,,,,,,,,,,,,,,,,,,,,,,,
27703,05:43:00,,,,,,,,,,,,,,,,,,,,,,,,,
27704,05:44:00,,,,,,,,,,,,,,,,,,,,,,,,,
27705,05:45:00,,,,,,,,,,,,,,,,,,,,,,,,,
27706,05:46:00,,,,,,,,,,,,,,,,,,,,,,,,,
27707,05:47:00,,,,,,,,,,,,,,,,,,,,,,,,,
27708,05:48:00,,,,,,,,,,,,,,,,,,,,,,,,,
27709,05:49:00,,,,,,,,,,,,,,,,,,,,,,,,,
27710,05:50:00,,,,,,,,,,,,,,,,,,,,,,,,,
27711,05:51:00,,,,,,,,,,,,,,,,,,,,,,,,,
27712,05:52:00,,,,,,,,,,,,,,,,,,,,,,,,,
27713,05:53:00,,,,,,,,,,,,,,,,,,,,,,,,,
27714,05:54:00,,,,,,,,,,,,,,,,,,,,,,,,,
27715,05:55:00,,,,,,,,,,,,,,,,,,,,,,,,,
27716,05:56:00,,,,,,,,,,,,,,,,,,,,,,,,,
27717,05:57:00,,,,,,,,,,,,,,,,,,,,,,,,,
27718,05:58:00,,,,,,,,,,,,,,,,,,,,,,,,,
27719,05:59:00,,,,,,,,,,,,,,,,,,,,,,,,,
27720,06:00:00,,,,,,,,,,,,,,,,,,,,,,,,,
27721,06:01:00,,,,,,,,,,,,,,,,,,,,,,,,,
27722,06:02:00,,,,,,,,,,,,,,,,,,,,,,,,,
27723,06:03:00,,,,,,,,,,,,,,,,,,,,,,,,,
27724,06:04:00,,,,,,,,,,,,,,,,,,,,,,,,,
27725,06:05:00,,,,,,,,,,,,,,,,,,,,,,,,,
27726,06:06:00,,,,,,,,,,,,,,,,,,,,,,,,,
27727,06:07:00,,,,,,,,,,,,,,,,,,,,,,,,,
27728,06:08:00,,,,,,,,,,,,,,,,,,,,,,,,,
27729,06:09:00,,,,,,,,,,,,,,,,,,,,,,,,,
27730,06:10:00,,,,,,,,,,,,,,,,,,,,,,,,,
27731,06:11:00,,,,,,,,,,,,,,,,,,,,,,,,,
27732,06:12:00,,,,,,,,,,,,,,,,,,,,,,,,,
27733,06:13:00,,,,,,,,,,,,,,,,,,,,,,,,,
27734,06:14:00,,,,,,,,,,,,,,,,,,,,,,,,,
27735,06:15:00,,,,,,,,,,,,,,,,,,,,,,,,,
27736,06:16:00,,,,,,,,,,,,,,,,,,,,,,,,,
27737,06:17:00,,,,,,,,,,,,,,,,,,,,,,,,,
27738,06:18:00,,,,,,,,,,,,,,,,,,,,,,,,,
27739,06:19:00,,,,,,,,,,,,,,,,,,,,,,,,,
27740,06:20:00,,,,,,,,,,,,,,,,,,,,,,,,,
27741,06:21:00,,,,,,,,,,,,,,,,,,,,,,,,,
27742,06:22:00,,,,,,,,,,,,,,,,,,,,,,,,,
27743,06:23:00,,,,,,,,,,,,,,,,,,,,,,,,,
27744,06:24:00,,,,,,,,,,,,,,,,,,,,,,,,,
27745,06:25:00,,,,,,,,,,,,,,,,,,,,,,,,,
27746,06:26:00,,,,,,,,,,,,,,,,,,,,,,,,,
27747,06:27:00,,,,,,,,,,,,,,,,,,,,,,,,,
27748,06:28:00,,,,,,,,,,,,,,,,,,,,,,,,,
27749,06:29:00,,,,,,,,,,,,,,,,,,,,,,,,,
27750,06:30:00,,,,,,,,,,,,,,,,,,,,,,,,,
27751,06:31:00,,,,,,,,,,,,,,,,,,,,,,,,,
27752,06:32:00,,,,,,,,,,,,,,,,,,,,,,,,,
27753,06:33:00,,,,,,,,,,,,,,,,,,,,,,,,,
27754,06:34:00,,,,,,,,,,,,,,,,,,,,,,,,,
27755,06:35:00,,,,,,,,,,,,,,,,,,,,,,,,,
27756,06:36:00,,,,,,,,,,,,,,,,,,,,,,,,,
27757,06:37:00,,,,,,,,,,,,,,,,,,,,,,,,,
27758,06:38:00,,,,,,,,,,,,,,,,,,,,,,,,,
27759,06:39:00,,,,,,,,,,,,,,,,,,,,,,,,,
27760,06:40:00,,,,,,,,,,,,,,,,,,,,,,,,,
27761,06:41:00,,,,,,,,,,,,,,,,,,,,,,,,,
27762,06:42:00,,,,,,,,,,,,,,,,,,,,,,,,,
27763,06:43:00,,,,,,,,,,,,,,,,,,,,,,,,,
27764,06:44:00,,,,,,,,,,,,,,,,,,,,,,,,,
27765,06:45:00,,,,,,,,,,,,,,,,,,,,,,,,,
27766,06:46:00,,,,,,,,,,,,,,,,,,,,,,,,,
27767,06:47:00,,,,,,,,,,,,,,,,,,,,,,,,,
27768,06:48:00,,,,,,,,,,,,,,,,,,,,,,,,,
27769,06:49:00,,,,,,,,,,,,,,,,,,,,,,,,,
27770,06:50:00,,,,,,,,,,,,,,,,,,,,,,,,,
27771,06:51:00,,,,,,,,,,,,,,,,,,,,,,,,,
27772,06:52:00,,,,,,,,,,,,,,,,,,,,,,,,,
27773,06:53:00,,,,,,,,,,,,,,,,,,,,,,,,,
27774,06:54:00,,,,,,,,,,,,,,,,,,,,,,,,,
27775,06:55:00,,,,,,,,,,,,,,,,,,,,,,,,,
27776,06:56:00,,,,,,,,,,,,,,,,,,,,,,,,,
27777,06:57:00,,,,,,,,,,,,,,,,,,,,,,,,,
27778,06:58:00,,,,,,,,,,,,,,,,,,,,,,,,,
27779,06:59:00,,,,,,,,,,,,,,,,,,,,,,,,,
27780,07:00:00,,,,,,,,,,,,,,,,,,,,,,,,,
27781,07:01:00,,,,,,,,,,,,,,,,,,,,,,,,,
27782,07:02:00,,,,,,,,,,,,,,,,,,,,,,,,,
27783,07:03:00,,,,,,,,,,,,,,,,,,,,,,,,,
27784,07:04:00,,,,,,,,,,,,,,,,,,,,,,,,,
27785,07:05:00,,,,,,,,,,,,,,,,,,,,,,,,,
27786,07:06:00,,,,,,,,,,,,,,,,,,,,,,,,,
27787,07:07:00,,,,,,,,,,,,,,,,,,,,,,,,,
27788,07:08:00,,,,,,,,,,,,,,,,,,,,,,,,,
27789,07:09:00,,,,,,,,,,,,,,,,,,,,,,,,,
27790,07:10:00,,,,,,,,,,,,,,,,,,,,,,,,,
27791,07:11:00,,,,,,,,,,,,,,,,,,,,,,,,,
27792,07:12:00,,,,,,,,,,,,,,,,,,,,,,,,,
27793,07:13:00,,,,,,,,,,,,,,,,,,,,,,,,,
27794,07:14:00,,,,,,,,,,,,,,,,,,,,,,,,,
27795,07:15:00,,,,,,,,,,,,,,,,,,,,,,,,,
27796,07:16:00,,,,,,,,,,,,,,,,,,,,,,,,,
27797,07:17:00,,,,,,,,,,,,,,,,,,,,,,,,,
27798,07:18:00,,,,,,,,,,,,,,,,,,,,,,,,,
27799,07:19:00,,,,,,,,,,,,,,,,,,,,,,,,,
27800,07:20:00,,,,,,,,,,,,,,,,,,,,,,,,,
27801,07:21:00,,,,,,,,,,,,,,,,,,,,,,,,,
27802,07:22:00,,,,,,,,,,,,,,,,,,,,,,,,,
27803,07:23:00,,,,,,,,,,,,,,,,,,,,,,,,,
27804,07:24:00,,,,,,,,,,,,,,,,,,,,,,,,,
27805,07:25:00,,,,,,,,,,,,,,,,,,,,,,,,,
27806,07:26:00,,,,,,,,,,,,,,,,,,,,,,,,,
27807,07:27:00,,,,,,,,,,,,,,,,,,,,,,,,,
27808,07:28:00,,,,,,,,,,,,,,,,,,,,,,,,,
27809,07:29:00,,,,,,,,,,,,,,,,,,,,,,,,,
27810,07:30:00,,,,,,,,,,,,,,,,,,,,,,,,,
27811,07:31:00,,,,,,,,,,,,,,,,,,,,,,,,,
27812,07:32:00,,,,,,,,,,,,,,,,,,,,,,,,,
27813,07:33:00,,,,,,,,,,,,,,,,,,,,,,,,,
27814,07:34:00,,,,,,,,,,,,,,,,,,,,,,,,,
27815,07:35:00,,,,,,,,,,,,,,,,,,,,,,,,,
27816,07:36:00,,,,,,,,,,,,,,,,,,,,,,,,,
27817,07:37:00,,,,,,,,,,,,,,,,,,,,,,,,,
27818,07:38:00,,,,,,,,,,,,,,,,,,,,,,,,,
27819,07:39:00,,,,,,,,,,,,,,,,,,,,,,,,,
27820,07:40:00,,,,,,,,,,,,,,,,,,,,,,,,,
27821,07:41:00,,,,,,,,,,,,,,,,,,,,,,,,,
27822,07:42:00,,,,,,,,,,,,,,,,,,,,,,,,,
27823,07:43:00,,,,,,,,,,,,,,,,,,,,,,,,,
27824,07:44:00,,,,,,,,,,,,,,,,,,,,,,,,,
27825,07:45:00,,,,,,,,,,,,,,,,,,,,,,,,,
27826,07:46:00,,,,,,,,,,,,,,,,,,,,,,,,,
27827,07:47:00,,,,,,,,,,,,,,,,,,,,,,,,,
27828,07:48:00,,,,,,,,,,,,,,,,,,,,,,,,,
27829,07:49:00,,,,,,,,,,,,,,,,,,,,,,,,,
27830,07:50:00,,,,,,,,,,,,,,,,,,,,,,,,,
27831,07:51:00,,,,,,,,,,,,,,,,,,,,,,,,,
27832,07:52:00,,,,,,,,,,,,,,,,,,,,,,,,,
27833,07:53:00,,,,,,,,,,,,,,,,,,,,,,,,,
27834,07:54:00,,,,,,,,,,,,,,,,,,,,,,,,,
27835,07:55:00,,,,,,,,,,,,,,,,,,,,,,,,,
27836,07:56:00,,,,,,,,,,,,,,,,,,,,,,,,,
27837,07:57:00,,,,,,,,,,,,,,,,,,,,,,,,,
27838,07:58:00,,,,,,,,,,,,,,,,,,,,,,,,,
27839,07:59:00,,,,,,,,,,,,,,,,,,,,,,,,,
27840,08:00:00,,,,,,,,,,,,,,,,,,,,,,,,,
27841,08:01:00,,,,,,,,,,,,,,,,,,,,,,,,,
27842,08:02:00,,,,,,,,,,,,,,,,,,,,,,,,,
27843,08:03:00,,,,,,,,,,,,,,,,,,,,,,,,,
27844,08:04:00,,,,,,,,,,,,,,,,,,,,,,,,,
27845,08:05:00,,,,,,,,,,,,,,,,,,,,,,,,,
27846,08:06:00,,,,,,,,,,,,,,,,,,,,,,,,,
27847,08:07:00,,,,,,,,,,,,,,,,,,,,,,,,,
27848,08:08:00,,,,,,,,,,,,,,,,,,,,,,,,,
27849,08:09:00,,,,,,,,,,,,,,,,,,,,,,,,,
27850,08:10:00,,,,,,,,,,,,,,,,,,,,,,,,,
27851,08:11:00,,,,,,,,,,,,,,,,,,,,,,,,,
27852,08:12:00,,,,,,,,,,,,,,,,,,,,,,,,,
27853,08:13:00,,,,,,,,,,,,,,,,,,,,,,,,,
27854,08:14:00,,,,,,,,,,,,,,,,,,,,,,,,,
27855,08:15:00,,,,,,,,,,,,,,,,,,,,,,,,,
27856,08:16:00,,,,,,,,,,,,,,,,,,,,,,,,,
27857,08:17:00,,,,,,,,,,,,,,,,,,,,,,,,,
27858,08:18:00,,,,,,,,,,,,,,,,,,,,,,,,,
27859,08:19:00,,,,,,,,,,,,,,,,,,,,,,,,,
27860,08:20:00,,,,,,,,,,,,,,,,,,,,,,,,,
27861,08:21:00,,,,,,,,,,,,,,,,,,,,,,,,,
27862,08:22:00,,,,,,,,,,,,,,,,,,,,,,,,,
27863,08:23:00,,,,,,,,,,,,,,,,,,,,,,,,,
27864,08:24:00,,,,,,,,,,,,,,,,,,,,,,,,,
27865,08:25:00,,,,,,,,,,,,,,,,,,,,,,,,,
27866,08:26:00,,,,,,,,,,,,,,,,,,,,,,,,,
27867,08:27:00,,,,,,,,,,,,,,,,,,,,,,,,,
27868,08:28:00,,,,,,,,,,,,,,,,,,,,,,,,,
27869,08:29:00,,,,,,,,,,,,,,,,,,,,,,,,,
27870,08:30:00,,,,,,,,,,,,,,,,,,,,,,,,,
27871,08:31:00,,,,,,,,,,,,,,,,,,,,,,,,,
27872,08:32:00,,,,,,,,,,,,,,,,,,,,,,,,,
27873,08:33:00,,,,,,,,,,,,,,,,,,,,,,,,,
27874,08:34:00,,,,,,,,,,,,,,,,,,,,,,,,,
27875,08:35:00,,,,,,,,,,,,,,,,,,,,,,,,,
27876,08:36:00,,,,,,,,,,,,,,,,,,,,,,,,,
27877,08:37:00,,,,,,,,,,,,,,,,,,,,,,,,,
27878,08:38:00,,,,,,,,,,,,,,,,,,,,,,,,,
27879,08:39:00,,,,,,,,,,,,,,,,,,,,,,,,,
27880,08:40:00,,,,,,,,,,,,,,,,,,,,,,,,,
27881,08:41:00,,,,,,,,,,,,,,,,,,,,,,,,,
27882,08:42:00,,,,,,,,,,,,,,,,,,,,,,,,,
27883,08:43:00,,,,,,,,,,,,,,,,,,,,,,,,,
27884,08:44:00,,,,,,,,,,,,,,,,,,,,,,,,,
27885,08:45:00,,,,,,,,,,,,,,,,,,,,,,,,,
27886,08:46:00,,,,,,,,,,,,,,,,,,,,,,,,,
27887,08:47:00,,,,,,,,,,,,,,,,,,,,,,,,,
27888,08:48:00,,,,,,,,,,,,,,,,,,,,,,,,,
27889,08:49:00,,,,,,,,,,,,,,,,,,,,,,,,,
27890,08:50:00,,,,,,,,,,,,,,,,,,,,,,,,,
27891,08:51:00,,,,,,,,,,,,,,,,,,,,,,,,,
27892,08:52:00,,,,,,,,,,,,,,,,,,,,,,,,,
27893,08:53:00,,,,,,,,,,,,,,,,,,,,,,,,,
27894,08:54:00,,,,,,,,,,,,,,,,,,,,,,,,,
27895,08:55:00,,,,,,,,,,,,,,,,,,,,,,,,,
27896,08:56:00,,,,,,,,,,,,,,,,,,,,,,,,,
27897,08:57:00,,,,,,,,,,,,,,,,,,,,,,,,,
27898,08:58:00,,,,,,,,,,,,,,,,,,,,,,,,,
27899,08:59:00,,,,,,,,,,,,,,,,,,,,,,,,,
27900,09:00:00,,,,,,,,,,,,,,,,,,,,,,,,,
27901,09:01:00,,,,,,,,,,,,,,,,,,,,,,,,,
27902,09:02:00,,,,,,,,,,,,,,,,,,,,,,,,,
27903,09:03:00,,,,,,,,,,,,,,,,,,,,,,,,,
27904,09:04:00,,,,,,,,,,,,,,,,,,,,,,,,,
27905,09:05:00,,,,,,,,,,,,,,,,,,,,,,,,,
27906,09:06:00,,,,,,,,,,,,,,,,,,,,,,,,,
27907,09:07:00,,,,,,,,,,,,,,,,,,,,,,,,,
27908,09:08:00,,,,,,,,,,,,,,,,,,,,,,,,,
27909,09:09:00,,,,,,,,,,,,,,,,,,,,,,,,,
27910,09:10:00,,,,,,,,,,,,,,,,,,,,,,,,,
27911,09:11:00,,,,,,,,,,,,,,,,,,,,,,,,,
27912,09:12:00,,,,,,,,,,,,,,,,,,,,,,,,,
27913,09:13:00,,,,,,,,,,,,,,,,,,,,,,,,,
27914,09:14:00,,,,,,,,,,,,,,,,,,,,,,,,,
27915,09:15:00,,,,,,,,,,,,,,,,,,,,,,,,,
27916,09:16:00,,,,,,,,,,,,,,,,,,,,,,,,,
27917,09:17:00,,,,,,,,,,,,,,,,,,,,,,,,,
27918,09:18:00,,,,,,,,,,,,,,,,,,,,,,,,,
27919,09:19:00,,,,,,,,,,,,,,,,,,,,,,,,,
27920,09:20:00,,,,,,,,,,,,,,,,,,,,,,,,,
27921,09:21:00,,,,,,,,,,,,,,,,,,,,,,,,,
27922,09:22:00,,,,,,,,,,,,,,,,,,,,,,,,,
27923,09:23:00,,,,,,,,,,,,,,,,,,,,,,,,,
27924,09:24:00,,,,,,,,,,,,,,,,,,,,,,,,,
27925,09:25:00,,,,,,,,,,,,,,,,,,,,,,,,,
27926,09:26:00,,,,,,,,,,,,,,,,,,,,,,,,,
27927,09:27:00,,,,,,,,,,,,,,,,,,,,,,,,,
27928,09:28:00,,,,,,,,,,,,,,,,,,,,,,,,,
27929,09:29:00,,,,,,,,,,,,,,,,,,,,,,,,,
27930,09:30:00,,,,,,,,,,,,,,,,,,,,,,,,,
27931,09:31:00,,,,,,,,,,,,,,,,,,,,,,,,,
27932,09:32:00,,,,,,,,,,,,,,,,,,,,,,,,,
27933,09:33:00,,,,,,,,,,,,,,,,,,,,,,,,,
27934,09:34:00,,,,,,,,,,,,,,,,,,,,,,,,,
27935,09:35:00,,,,,,,,,,,,,,,,,,,,,,,,,
27936,09:36:00,,,,,,,,,,,,,,,,,,,,,,,,,
27937,09:37:00,,,,,,,,,,,,,,,,,,,,,,,,,
27938,09:38:00,,,,,,,,,,,,,,,,,,,,,,,,,
27939,09:39:00,,,,,,,,,,,,,,,,,,,,,,,,,
27940,09:40:00,,,,,,,,,,,,,,,,,,,,,,,,,
27941,09:41:00,,,,,,,,,,,,,,,,,,,,,,,,,
27942,09:42:00,,,,,,,,,,,,,,,,,,,,,,,,,
27943,09:43:00,,,,,,,,,,,,,,,,,,,,,,,,,
27944,09:44:00,,,,,,,,,,,,,,,,,,,,,,,,,
27945,09:45:00,,,,,,,,,,,,,,,,,,,,,,,,,
27946,09:46:00,,,,,,,,,,,,,,,,,,,,,,,,,
27947,09:47:00,,,,,,,,,,,,,,,,,,,,,,,,,
27948,09:48:00,,,,,,,,,,,,,,,,,,,,,,,,,
27949,09:49:00,,,,,,,,,,,,,,,,,,,,,,,,,
27950,09:50:00,,,,,,,,,,,,,,,,,,,,,,,,,
27951,09:51:00,,,,,,,,,,,,,,,,,,,,,,,,,
27952,09:52:00,,,,,,,,,,,,,,,,,,,,,,,,,
27953,09:53:00,,,,,,,,,,,,,,,,,,,,,,,,,
27954,09:54:00,,,,,,,,,,,,,,,,,,,,,,,,,
27955,09:55:00,,,,,,,,,,,,,,,,,,,,,,,,,
27956,09:56:00,,,,,,,,,,,,,,,,,,,,,,,,,
27957,09:57:00,,,,,,,,,,,,,,,,,,,,,,,,,
27958,09:58:00,,,,,,,,,,,,,,,,,,,,,,,,,
27959,09:59:00,,,,,,,,,,,,,,,,,,,,,,,,,
27960,10:00:00,,,,,,,,,,,,,,,,,,,,,,,,,
27961,10:01:00,,,,,,,,,,,,,,,,,,,,,,,,,
27962,10:02:00,,,,,,,,,,,,,,,,,,,,,,,,,
27963,10:03:00,,,,,,,,,,,,,,,,,,,,,,,,,
27964,10:04:00,,,,,,,,,,,,,,,,,,,,,,,,,
27965,10:05:00,,,,,,,,,,,,,,,,,,,,,,,,,
27966,10:06:00,,,,,,,,,,,,,,,,,,,,,,,,,
27967,10:07:00,,,,,,,,,,,,,,,,,,,,,,,,,
27968,10:08:00,,,,,,,,,,,,,,,,,,,,,,,,,
27969,10:09:00,,,,,,,,,,,,,,,,,,,,,,,,,
27970,10:10:00,,,,,,,,,,,,,,,,,,,,,,,,,
27971,10:11:00,,,,,,,,,,,,,,,,,,,,,,,,,
27972,10:12:00,,,,,,,,,,,,,,,,,,,,,,,,,
27973,10:13:00,,,,,,,,,,,,,,,,,,,,,,,,,
27974,10:14:00,,,,,,,,,,,,,,,,,,,,,,,,,
27975,10:15:00,,,,,,,,,,,,,,,,,,,,,,,,,
27976,10:16:00,,,,,,,,,,,,,,,,,,,,,,,,,
27977,10:17:00,,,,,,,,,,,,,,,,,,,,,,,,,
27978,10:18:00,,,,,,,,,,,,,,,,,,,,,,,,,
27979,10:19:00,,,,,,,,,,,,,,,,,,,,,,,,,
27980,10:20:00,,,,,,,,,,,,,,,,,,,,,,,,,
27981,10:21:00,,,,,,,,,,,,,,,,,,,,,,,,,
27982,10:22:00,,,,,,,,,,,,,,,,,,,,,,,,,
27983,10:23:00,,,,,,,,,,,,,,,,,,,,,,,,,
27984,10:24:00,,,,,,,,,,,,,,,,,,,,,,,,,
27985,10:25:00,,,,,,,,,,,,,,,,,,,,,,,,,
27986,10:26:00,,,,,,,,,,,,,,,,,,,,,,,,,
27987,10:27:00,,,,,,,,,,,,,,,,,,,,,,,,,
27988,10:28:00,,,,,,,,,,,,,,,,,,,,,,,,,
27989,10:29:00,,,,,,,,,,,,,,,,,,,,,,,,,
27990,10:30:00,,,,,,,,,,,,,,,,,,,,,,,,,
27991,10:31:00,,,,,,,,,,,,,,,,,,,,,,,,,
27992,10:32:00,,,,,,,,,,,,,,,,,,,,,,,,,
27993,10:33:00,,,,,,,,,,,,,,,,,,,,,,,,,
27994,10:34:00,,,,,,,,,,,,,,,,,,,,,,,,,
27995,10:35:00,,,,,,,,,,,,,,,,,,,,,,,,,
27996,10:36:00,,,,,,,,,,,,,,,,,,,,,,,,,
27997,10:37:00,,,,,,,,,,,,,,,,,,,,,,,,,
27998,10:38:00,,,,,,,,,,,,,,,,,,,,,,,,,
27999,10:39:00,,,,,,,,,,,,,,,,,,,,,,,,,
28000,10:40:00,,,,,,,,,,,,,,,,,,,,,,,,,
28001,10:41:00,,,,,,,,,,,,,,,,,,,,,,,,,
28002,10:42:00,,,,,,,,,,,,,,,,,,,,,,,,,
28003,10:43:00,,,,,,,,,,,,,,,,,,,,,,,,,
28004,10:44:00,,,,,,,,,,,,,,,,,,,,,,,,,
28005,10:45:00,,,,,,,,,,,,,,,,,,,,,,,,,
28006,10:46:00,,,,,,,,,,,,,,,,,,,,,,,,,
28007,10:47:00,,,,,,,,,,,,,,,,,,,,,,,,,
28008,10:48:00,,,,,,,,,,,,,,,,,,,,,,,,,
28009,10:49:00,,,,,,,,,,,,,,,,,,,,,,,,,
28010,10:50:00,,,,,,,,,,,,,,,,,,,,,,,,,
28011,10:51:00,,,,,,,,,,,,,,,,,,,,,,,,,
28012,10:52:00,,,,,,,,,,,,,,,,,,,,,,,,,
28013,10:53:00,,,,,,,,,,,,,,,,,,,,,,,,,
28014,10:54:00,,,,,,,,,,,,,,,,,,,,,,,,,
28015,10:55:00,,,,,,,,,,,,,,,,,,,,,,,,,
28016,10:56:00,,,,,,,,,,,,,,,,,,,,,,,,,
28017,10:57:00,,,,,,,,,,,,,,,,,,,,,,,,,
28018,10:58:00,,,,,,,,,,,,,,,,,,,,,,,,,
28019,10:59:00,,,,,,,,,,,,,,,,,,,,,,,,,
28020,11:00:00,,,,,,,,,,,,,,,,,,,,,,,,,
28021,11:01:00,,,,,,,,,,,,,,,,,,,,,,,,,
28022,11:02:00,,,,,,,,,,,,,,,,,,,,,,,,,
28023,11:03:00,,,,,,,,,,,,,,,,,,,,,,,,,
28024,11:04:00,,,,,,,,,,,,,,,,,,,,,,,,,
28025,11:05:00,,,,,,,,,,,,,,,,,,,,,,,,,
28026,11:06:00,,,,,,,,,,,,,,,,,,,,,,,,,
28027,11:07:00,,,,,,,,,,,,,,,,,,,,,,,,,
28028,11:08:00,,,,,,,,,,,,,,,,,,,,,,,,,
28029,11:09:00,,,,,,,,,,,,,,,,,,,,,,,,,
28030,11:10:00,,,,,,,,,,,,,,,,,,,,,,,,,
28031,11:11:00,,,,,,,,,,,,,,,,,,,,,,,,,
28032,11:12:00,,,,,,,,,,,,,,,,,,,,,,,,,
28033,11:13:00,,,,,,,,,,,,,,,,,,,,,,,,,
28034,11:14:00,,,,,,,,,,,,,,,,,,,,,,,,,
28035,11:15:00,,,,,,,,,,,,,,,,,,,,,,,,,
28036,11:16:00,,,,,,,,,,,,,,,,,,,,,,,,,
28037,11:17:00,,,,,,,,,,,,,,,,,,,,,,,,,
28038,11:18:00,,,,,,,,,,,,,,,,,,,,,,,,,
28039,11:19:00,,,,,,,,,,,,,,,,,,,,,,,,,
28040,11:20:00,,,,,,,,,,,,,,,,,,,,,,,,,
28041,11:21:00,,,,,,,,,,,,,,,,,,,,,,,,,
28042,11:22:00,,,,,,,,,,,,,,,,,,,,,,,,,
28043,11:23:00,,,,,,,,,,,,,,,,,,,,,,,,,
28044,11:24:00,,,,,,,,,,,,,,,,,,,,,,,,,
28045,11:25:00,,,,,,,,,,,,,,,,,,,,,,,,,
28046,11:26:00,,,,,,,,,,,,,,,,,,,,,,,,,
28047,11:27:00,,,,,,,,,,,,,,,,,,,,,,,,,
28048,11:28:00,,,,,,,,,,,,,,,,,,,,,,,,,
28049,11:29:00,,,,,,,,,,,,,,,,,,,,,,,,,
28050,11:30:00,,,,,,,,,,,,,,,,,,,,,,,,,
28051,11:31:00,,,,,,,,,,,,,,,,,,,,,,,,,
28052,11:32:00,,,,,,,,,,,,,,,,,,,,,,,,,
28053,11:33:00,,,,,,,,,,,,,,,,,,,,,,,,,
28054,11:34:00,,,,,,,,,,,,,,,,,,,,,,,,,
28055,11:35:00,,,,,,,,,,,,,,,,,,,,,,,,,
28056,11:36:00,,,,,,,,,,,,,,,,,,,,,,,,,
28057,11:37:00,,,,,,,,,,,,,,,,,,,,,,,,,
28058,11:38:00,,,,,,,,,,,,,,,,,,,,,,,,,
28059,11:39:00,,,,,,,,,,,,,,,,,,,,,,,,,
28060,11:40:00,,,,,,,,,,,,,,,,,,,,,,,,,
28061,11:41:00,,,,,,,,,,,,,,,,,,,,,,,,,
28062,11:42:00,,,,,,,,,,,,,,,,,,,,,,,,,
28063,11:43:00,,,,,,,,,,,,,,,,,,,,,,,,,
28064,11:44:00,,,,,,,,,,,,,,,,,,,,,,,,,
28065,11:45:00,,,,,,,,,,,,,,,,,,,,,,,,,
28066,11:46:00,,,,,,,,,,,,,,,,,,,,,,,,,
28067,11:47:00,,,,,,,,,,,,,,,,,,,,,,,,,
28068,11:48:00,,,,,,,,,,,,,,,,,,,,,,,,,
28069,11:49:00,,,,,,,,,,,,,,,,,,,,,,,,,
28070,11:50:00,,,,,,,,,,,,,,,,,,,,,,,,,
28071,11:51:00,,,,,,,,,,,,,,,,,,,,,,,,,
28072,11:52:00,,,,,,,,,,,,,,,,,,,,,,,,,
28073,11:53:00,,,,,,,,,,,,,,,,,,,,,,,,,
28074,11:54:00,,,,,,,,,,,,,,,,,,,,,,,,,
28075,11:55:00,,,,,,,,,,,,,,,,,,,,,,,,,
28076,11:56:00,,,,,,,,,,,,,,,,,,,,,,,,,
28077,11:57:00,,,,,,,,,,,,,,,,,,,,,,,,,
28078,11:58:00,,,,,,,,,,,,,,,,,,,,,,,,,
28079,11:59:00,,,,,,,,,,,,,,,,,,,,,,,,,
28080,12:00:00,,,,,,,,,,,,,,,,,,,,,,,,,
28081,12:01:00,,,,,,,,,,,,,,,,,,,,,,,,,
28082,12:02:00,,,,,,,,,,,,,,,,,,,,,,,,,
28083,12:03:00,,,,,,,,,,,,,,,,,,,,,,,,,
28084,12:04:00,,,,,,,,,,,,,,,,,,,,,,,,,
28085,12:05:00,,,,,,,,,,,,,,,,,,,,,,,,,
28086,12:06:00,,,,,,,,,,,,,,,,,,,,,,,,,
28087,12:07:00,,,,,,,,,,,,,,,,,,,,,,,,,
28088,12:08:00,,,,,,,,,,,,,,,,,,,,,,,,,
28089,12:09:00,,,,,,,,,,,,,,,,,,,,,,,,,
28090,12:10:00,,,,,,,,,,,,,,,,,,,,,,,,,
28091,12:11:00,,,,,,,,,,,,,,,,,,,,,,,,,
28092,12:12:00,,,,,,,,,,,,,,,,,,,,,,,,,
28093,12:13:00,,,,,,,,,,,,,,,,,,,,,,,,,
28094,12:14:00,,,,,,,,,,,,,,,,,,,,,,,,,
28095,12:15:00,,,,,,,,,,,,,,,,,,,,,,,,,
28096,12:16:00,,,,,,,,,,,,,,,,,,,,,,,,,
28097,12:17:00,,,,,,,,,,,,,,,,,,,,,,,,,
28098,12:18:00,,,,,,,,,,,,,,,,,,,,,,,,,
28099,12:19:00,,,,,,,,,,,,,,,,,,,,,,,,,
28100,12:20:00,,,,,,,,,,,,,,,,,,,,,,,,,
28101,12:21:00,,,,,,,,,,,,,,,,,,,,,,,,,
28102,12:22:00,,,,,,,,,,,,,,,,,,,,,,,,,
28103,12:23:00,,,,,,,,,,,,,,,,,,,,,,,,,
28104,12:24:00,,,,,,,,,,,,,,,,,,,,,,,,,
28105,12:25:00,,,,,,,,,,,,,,,,,,,,,,,,,
28106,12:26:00,,,,,,,,,,,,,,,,,,,,,,,,,
28107,12:27:00,,,,,,,,,,,,,,,,,,,,,,,,,
28108,12:28:00,,,,,,,,,,,,,,,,,,,,,,,,,
28109,12:29:00,,,,,,,,,,,,,,,,,,,,,,,,,
28110,12:30:00,,,,,,,,,,,,,,,,,,,,,,,,,
28111,12:31:00,,,,,,,,,,,,,,,,,,,,,,,,,
28112,12:32:00,,,,,,,,,,,,,,,,,,,,,,,,,
28113,12:33:00,,,,,,,,,,,,,,,,,,,,,,,,,
28114,12:34:00,,,,,,,,,,,,,,,,,,,,,,,,,
28115,12:35:00,,,,,,,,,,,,,,,,,,,,,,,,,
28116,12:36:00,,,,,,,,,,,,,,,,,,,,,,,,,
28117,12:37:00,,,,,,,,,,,,,,,,,,,,,,,,,
28118,12:38:00,,,,,,,,,,,,,,,,,,,,,,,,,
28119,12:39:00,,,,,,,,,,,,,,,,,,,,,,,,,
28120,12:40:00,,,,,,,,,,,,,,,,,,,,,,,,,
28121,12:41:00,,,,,,,,,,,,,,,,,,,,,,,,,
28122,12:42:00,,,,,,,,,,,,,,,,,,,,,,,,,
28123,12:43:00,,,,,,,,,,,,,,,,,,,,,,,,,
28124,12:44:00,,,,,,,,,,,,,,,,,,,,,,,,,
28125,12:45:00,,,,,,,,,,,,,,,,,,,,,,,,,
28126,12:46:00,,,,,,,,,,,,,,,,,,,,,,,,,
28127,12:47:00,,,,,,,,,,,,,,,,,,,,,,,,,
28128,12:48:00,,,,,,,,,,,,,,,,,,,,,,,,,
28129,12:49:00,,,,,,,,,,,,,,,,,,,,,,,,,
28130,12:50:00,,,,,,,,,,,,,,,,,,,,,,,,,
28131,12:51:00,,,,,,,,,,,,,,,,,,,,,,,,,
28132,12:52:00,,,,,,,,,,,,,,,,,,,,,,,,,
28133,12:53:00,,,,,,,,,,,,,,,,,,,,,,,,,
28134,12:54:00,,,,,,,,,,,,,,,,,,,,,,,,,
28135,12:55:00,,,,,,,,,,,,,,,,,,,,,,,,,
28136,12:56:00,,,,,,,,,,,,,,,,,,,,,,,,,
28137,12:57:00,,,,,,,,,,,,,,,,,,,,,,,,,
28138,12:58:00,,,,,,,,,,,,,,,,,,,,,,,,,
28139,12:59:00,,,,,,,,,,,,,,,,,,,,,,,,,
28140,13:00:00,,,,,,,,,,,,,,,,,,,,,,,,,
28141,13:01:00,,,,,,,,,,,,,,,,,,,,,,,,,
28142,13:02:00,,,,,,,,,,,,,,,,,,,,,,,,,
28143,13:03:00,,,,,,,,,,,,,,,,,,,,,,,,,
28144,13:04:00,,,,,,,,,,,,,,,,,,,,,,,,,
28145,13:05:00,,,,,,,,,,,,,,,,,,,,,,,,,
28146,13:06:00,,,,,,,,,,,,,,,,,,,,,,,,,
28147,13:07:00,,,,,,,,,,,,,,,,,,,,,,,,,
28148,13:08:00,,,,,,,,,,,,,,,,,,,,,,,,,
28149,13:09:00,,,,,,,,,,,,,,,,,,,,,,,,,
28150,13:10:00,,,,,,,,,,,,,,,,,,,,,,,,,
28151,13:11:00,,,,,,,,,,,,,,,,,,,,,,,,,
28152,13:12:00,,,,,,,,,,,,,,,,,,,,,,,,,
28153,13:13:00,,,,,,,,,,,,,,,,,,,,,,,,,
28154,13:14:00,,,,,,,,,,,,,,,,,,,,,,,,,
28155,13:15:00,,,,,,,,,,,,,,,,,,,,,,,,,
28156,13:16:00,,,,,,,,,,,,,,,,,,,,,,,,,
28157,13:17:00,,,,,,,,,,,,,,,,,,,,,,,,,
28158,13:18:00,,,,,,,,,,,,,,,,,,,,,,,,,
28159,13:19:00,,,,,,,,,,,,,,,,,,,,,,,,,
28160,13:20:00,,,,,,,,,,,,,,,,,,,,,,,,,
28161,13:21:00,,,,,,,,,,,,,,,,,,,,,,,,,
28162,13:22:00,,,,,,,,,,,,,,,,,,,,,,,,,
28163,13:23:00,,,,,,,,,,,,,,,,,,,,,,,,,
28164,13:24:00,,,,,,,,,,,,,,,,,,,,,,,,,
28165,13:25:00,,,,,,,,,,,,,,,,,,,,,,,,,
28166,13:26:00,,,,,,,,,,,,,,,,,,,,,,,,,
28167,13:27:00,,,,,,,,,,,,,,,,,,,,,,,,,
28168,13:28:00,,,,,,,,,,,,,,,,,,,,,,,,,
28169,13:29:00,,,,,,,,,,,,,,,,,,,,,,,,,
28170,13:30:00,,,,,,,,,,,,,,,,,,,,,,,,,
28171,13:31:00,,,,,,,,,,,,,,,,,,,,,,,,,
28172,13:32:00,,,,,,,,,,,,,,,,,,,,,,,,,
28173,13:33:00,,,,,,,,,,,,,,,,,,,,,,,,,
28174,13:34:00,,,,,,,,,,,,,,,,,,,,,,,,,
28175,13:35:00,,,,,,,,,,,,,,,,,,,,,,,,,
28176,13:36:00,,,,,,,,,,,,,,,,,,,,,,,,,
28177,13:37:00,,,,,,,,,,,,,,,,,,,,,,,,,
28178,13:38:00,,,,,,,,,,,,,,,,,,,,,,,,,
28179,13:39:00,,,,,,,,,,,,,,,,,,,,,,,,,
28180,13:40:00,,,,,,,,,,,,,,,,,,,,,,,,,
28181,13:41:00,,,,,,,,,,,,,,,,,,,,,,,,,
28182,13:42:00,,,,,,,,,,,,,,,,,,,,,,,,,
28183,13:43:00,,,,,,,,,,,,,,,,,,,,,,,,,
28184,13:44:00,,,,,,,,,,,,,,,,,,,,,,,,,
28185,13:45:00,,,,,,,,,,,,,,,,,,,,,,,,,
28186,13:46:00,,,,,,,,,,,,,,,,,,,,,,,,,
28187,13:47:00,,,,,,,,,,,,,,,,,,,,,,,,,
28188,13:48:00,,,,,,,,,,,,,,,,,,,,,,,,,
28189,13:49:00,,,,,,,,,,,,,,,,,,,,,,,,,
28190,13:50:00,,,,,,,,,,,,,,,,,,,,,,,,,
28191,13:51:00,,,,,,,,,,,,,,,,,,,,,,,,,
28192,13:52:00,,,,,,,,,,,,,,,,,,,,,,,,,
28193,13:53:00,,,,,,,,,,,,,,,,,,,,,,,,,
28194,13:54:00,,,,,,,,,,,,,,,,,,,,,,,,,
28195,13:55:00,,,,,,,,,,,,,,,,,,,,,,,,,
28196,13:56:00,,,,,,,,,,,,,,,,,,,,,,,,,
28197,13:57:00,,,,,,,,,,,,,,,,,,,,,,,,,
28198,13:58:00,,,,,,,,,,,,,,,,,,,,,,,,,
28199,13:59:00,,,,,,,,,,,,,,,,,,,,,,,,,
28200,14:00:00,,,,,,,,,,,,,,,,,,,,,,,,,
28201,14:01:00,,,,,,,,,,,,,,,,,,,,,,,,,
28202,14:02:00,,,,,,,,,,,,,,,,,,,,,,,,,
28203,14:03:00,,,,,,,,,,,,,,,,,,,,,,,,,
28204,14:04:00,,,,,,,,,,,,,,,,,,,,,,,,,
28205,14:05:00,,,,,,,,,,,,,,,,,,,,,,,,,
28206,14:06:00,,,,,,,,,,,,,,,,,,,,,,,,,
28207,14:07:00,,,,,,,,,,,,,,,,,,,,,,,,,
28208,14:08:00,,,,,,,,,,,,,,,,,,,,,,,,,
28209,14:09:00,,,,,,,,,,,,,,,,,,,,,,,,,
28210,14:10:00,,,,,,,,,,,,,,,,,,,,,,,,,
28211,14:11:00,,,,,,,,,,,,,,,,,,,,,,,,,
28212,14:12:00,,,,,,,,,,,,,,,,,,,,,,,,,
28213,14:13:00,,,,,,,,,,,,,,,,,,,,,,,,,
28214,14:14:00,,,,,,,,,,,,,,,,,,,,,,,,,
28215,14:15:00,,,,,,,,,,,,,,,,,,,,,,,,,
28216,14:16:00,,,,,,,,,,,,,,,,,,,,,,,,,
28217,14:17:00,,,,,,,,,,,,,,,,,,,,,,,,,
28218,14:18:00,,,,,,,,,,,,,,,,,,,,,,,,,
28219,14:19:00,,,,,,,,,,,,,,,,,,,,,,,,,
28220,14:20:00,,,,,,,,,,,,,,,,,,,,,,,,,
28221,14:21:00,,,,,,,,,,,,,,,,,,,,,,,,,
28222,14:22:00,,,,,,,,,,,,,,,,,,,,,,,,,
28223,14:23:00,,,,,,,,,,,,,,,,,,,,,,,,,
28224,14:24:00,,,,,,,,,,,,,,,,,,,,,,,,,
28225,14:25:00,,,,,,,,,,,,,,,,,,,,,,,,,
28226,14:26:00,,,,,,,,,,,,,,,,,,,,,,,,,
28227,14:27:00,,,,,,,,,,,,,,,,,,,,,,,,,
28228,14:28:00,,,,,,,,,,,,,,,,,,,,,,,,,
28229,14:29:00,,,,,,,,,,,,,,,,,,,,,,,,,
28230,14:30:00,,,,,,,,,,,,,,,,,,,,,,,,,
28231,14:31:00,,,,,,,,,,,,,,,,,,,,,,,,,
28232,14:32:00,,,,,,,,,,,,,,,,,,,,,,,,,
28233,14:33:00,,,,,,,,,,,,,,,,,,,,,,,,,
28234,14:34:00,,,,,,,,,,,,,,,,,,,,,,,,,
28235,14:35:00,,,,,,,,,,,,,,,,,,,,,,,,,
28236,14:36:00,,,,,,,,,,,,,,,,,,,,,,,,,
28237,14:37:00,,,,,,,,,,,,,,,,,,,,,,,,,
28238,14:38:00,,,,,,,,,,,,,,,,,,,,,,,,,
28239,14:39:00,,,,,,,,,,,,,,,,,,,,,,,,,
28240,14:40:00,,,,,,,,,,,,,,,,,,,,,,,,,
28241,14:41:00,,,,,,,,,,,,,,,,,,,,,,,,,
28242,14:42:00,,,,,,,,,,,,,,,,,,,,,,,,,
28243,14:43:00,,,,,,,,,,,,,,,,,,,,,,,,,
28244,14:44:00,,,,,,,,,,,,,,,,,,,,,,,,,
28245,14:45:00,,,,,,,,,,,,,,,,,,,,,,,,,
28246,14:46:00,,,,,,,,,,,,,,,,,,,,,,,,,
28247,14:47:00,,,,,,,,,,,,,,,,,,,,,,,,,
28248,14:48:00,,,,,,,,,,,,,,,,,,,,,,,,,
28249,14:49:00,,,,,,,,,,,,,,,,,,,,,,,,,
28250,14:50:00,,,,,,,,,,,,,,,,,,,,,,,,,
28251,14:51:00,,,,,,,,,,,,,,,,,,,,,,,,,
28252,14:52:00,,,,,,,,,,,,,,,,,,,,,,,,,
28253,14:53:00,,,,,,,,,,,,,,,,,,,,,,,,,
28254,14:54:00,,,,,,,,,,,,,,,,,,,,,,,,,
28255,14:55:00,,,,,,,,,,,,,,,,,,,,,,,,,
28256,14:56:00,,,,,,,,,,,,,,,,,,,,,,,,,
28257,14:57:00,,,,,,,,,,,,,,,,,,,,,,,,,
28258,14:58:00,,,,,,,,,,,,,,,,,,,,,,,,,
28259,14:59:00,,,,,,,,,,,,,,,,,,,,,,,,,
28260,15:00:00,,,,,,,,,,,,,,,,,,,,,,,,,
28261,15:01:00,,,,,,,,,,,,,,,,,,,,,,,,,
28262,15:02:00,,,,,,,,,,,,,,,,,,,,,,,,,
28263,15:03:00,,,,,,,,,,,,,,,,,,,,,,,,,
28264,15:04:00,,,,,,,,,,,,,,,,,,,,,,,,,
28265,15:05:00,,,,,,,,,,,,,,,,,,,,,,,,,
28266,15:06:00,,,,,,,,,,,,,,,,,,,,,,,,,
28267,15:07:00,,,,,,,,,,,,,,,,,,,,,,,,,
28268,15:08:00,,,,,,,,,,,,,,,,,,,,,,,,,
28269,15:09:00,,,,,,,,,,,,,,,,,,,,,,,,,
28270,15:10:00,,,,,,,,,,,,,,,,,,,,,,,,,
28271,15:11:00,,,,,,,,,,,,,,,,,,,,,,,,,
28272,15:12:00,,,,,,,,,,,,,,,,,,,,,,,,,
28273,15:13:00,,,,,,,,,,,,,,,,,,,,,,,,,
28274,15:14:00,,,,,,,,,,,,,,,,,,,,,,,,,
28275,15:15:00,,,,,,,,,,,,,,,,,,,,,,,,,
28276,15:16:00,,,,,,,,,,,,,,,,,,,,,,,,,
28277,15:17:00,,,,,,,,,,,,,,,,,,,,,,,,,
28278,15:18:00,,,,,,,,,,,,,,,,,,,,,,,,,
28279,15:19:00,,,,,,,,,,,,,,,,,,,,,,,,,
28280,15:20:00,,,,,,,,,,,,,,,,,,,,,,,,,
28281,15:21:00,,,,,,,,,,,,,,,,,,,,,,,,,
28282,15:22:00,,,,,,,,,,,,,,,,,,,,,,,,,
28283,15:23:00,,,,,,,,,,,,,,,,,,,,,,,,,
28284,15:24:00,,,,,,,,,,,,,,,,,,,,,,,,,
28285,15:25:00,,,,,,,,,,,,,,,,,,,,,,,,,
28286,15:26:00,,,,,,,,,,,,,,,,,,,,,,,,,
28287,15:27:00,,,,,,,,,,,,,,,,,,,,,,,,,
28288,15:28:00,,,,,,,,,,,,,,,,,,,,,,,,,
28289,15:29:00,,,,,,,,,,,,,,,,,,,,,,,,,
28290,15:30:00,,,,,,,,,,,,,,,,,,,,,,,,,
28291,15:31:00,,,,,,,,,,,,,,,,,,,,,,,,,
28292,15:32:00,,,,,,,,,,,,,,,,,,,,,,,,,
28293,15:33:00,,,,,,,,,,,,,,,,,,,,,,,,,
28294,15:34:00,,,,,,,,,,,,,,,,,,,,,,,,,
28295,15:35:00,,,,,,,,,,,,,,,,,,,,,,,,,
28296,15:36:00,,,,,,,,,,,,,,,,,,,,,,,,,
28297,15:37:00,,,,,,,,,,,,,,,,,,,,,,,,,
28298,15:38:00,,,,,,,,,,,,,,,,,,,,,,,,,
28299,15:39:00,,,,,,,,,,,,,,,,,,,,,,,,,
28300,15:40:00,,,,,,,,,,,,,,,,,,,,,,,,,
28301,15:41:00,,,,,,,,,,,,,,,,,,,,,,,,,
28302,15:42:00,,,,,,,,,,,,,,,,,,,,,,,,,
28303,15:43:00,,,,,,,,,,,,,,,,,,,,,,,,,
28304,15:44:00,,,,,,,,,,,,,,,,,,,,,,,,,
28305,15:45:00,,,,,,,,,,,,,,,,,,,,,,,,,
28306,15:46:00,,,,,,,,,,,,,,,,,,,,,,,,,
28307,15:47:00,,,,,,,,,,,,,,,,,,,,,,,,,
28308,15:48:00,,,,,,,,,,,,,,,,,,,,,,,,,
28309,15:49:00,,,,,,,,,,,,,,,,,,,,,,,,,
28310,15:50:00,,,,,,,,,,,,,,,,,,,,,,,,,
28311,15:51:00,,,,,,,,,,,,,,,,,,,,,,,,,
28312,15:52:00,,,,,,,,,,,,,,,,,,,,,,,,,
28313,15:53:00,,,,,,,,,,,,,,,,,,,,,,,,,
28314,15:54:00,,,,,,,,,,,,,,,,,,,,,,,,,
28315,15:55:00,,,,,,,,,,,,,,,,,,,,,,,,,
28316,15:56:00,,,,,,,,,,,,,,,,,,,,,,,,,
28317,15:57:00,,,,,,,,,,,,,,,,,,,,,,,,,
28318,15:58:00,,,,,,,,,,,,,,,,,,,,,,,,,
28319,15:59:00,,,,,,,,,,,,,,,,,,,,,,,,,
28320,16:00:00,,,,,,,,,,,,,,,,,,,,,,,,,
28321,16:01:00,,,,,,,,,,,,,,,,,,,,,,,,,
28322,16:02:00,,,,,,,,,,,,,,,,,,,,,,,,,
28323,16:03:00,,,,,,,,,,,,,,,,,,,,,,,,,
28324,16:04:00,,,,,,,,,,,,,,,,,,,,,,,,,
28325,16:05:00,,,,,,,,,,,,,,,,,,,,,,,,,
28326,16:06:00,,,,,,,,,,,,,,,,,,,,,,,,,
28327,16:07:00,,,,,,,,,,,,,,,,,,,,,,,,,
28328,16:08:00,,,,,,,,,,,,,,,,,,,,,,,,,
28329,16:09:00,,,,,,,,,,,,,,,,,,,,,,,,,
28330,16:10:00,,,,,,,,,,,,,,,,,,,,,,,,,
28331,16:11:00,,,,,,,,,,,,,,,,,,,,,,,,,
28332,16:12:00,,,,,,,,,,,,,,,,,,,,,,,,,
28333,16:13:00,,,,,,,,,,,,,,,,,,,,,,,,,
28334,16:14:00,,,,,,,,,,,,,,,,,,,,,,,,,
28335,16:15:00,,,,,,,,,,,,,,,,,,,,,,,,,
28336,16:16:00,,,,,,,,,,,,,,,,,,,,,,,,,
28337,16:17:00,,,,,,,,,,,,,,,,,,,,,,,,,
28338,16:18:00,,,,,,,,,,,,,,,,,,,,,,,,,
28339,16:19:00,,,,,,,,,,,,,,,,,,,,,,,,,
28340,16:20:00,,,,,,,,,,,,,,,,,,,,,,,,,
28341,16:21:00,,,,,,,,,,,,,,,,,,,,,,,,,
28342,16:22:00,,,,,,,,,,,,,,,,,,,,,,,,,
28343,16:23:00,,,,,,,,,,,,,,,,,,,,,,,,,
28344,16:24:00,,,,,,,,,,,,,,,,,,,,,,,,,
28345,16:25:00,,,,,,,,,,,,,,,,,,,,,,,,,
28346,16:26:00,,,,,,,,,,,,,,,,,,,,,,,,,
28347,16:27:00,,,,,,,,,,,,,,,,,,,,,,,,,
28348,16:28:00,,,,,,,,,,,,,,,,,,,,,,,,,
28349,16:29:00,,,,,,,,,,,,,,,,,,,,,,,,,
28350,16:30:00,,,,,,,,,,,,,,,,,,,,,,,,,
28351,16:31:00,,,,,,,,,,,,,,,,,,,,,,,,,
28352,16:32:00,,,,,,,,,,,,,,,,,,,,,,,,,
28353,16:33:00,,,,,,,,,,,,,,,,,,,,,,,,,
28354,16:34:00,,,,,,,,,,,,,,,,,,,,,,,,,
28355,16:35:00,,,,,,,,,,,,,,,,,,,,,,,,,
28356,16:36:00,,,,,,,,,,,,,,,,,,,,,,,,,
28357,16:37:00,,,,,,,,,,,,,,,,,,,,,,,,,
28358,16:38:00,,,,,,,,,,,,,,,,,,,,,,,,,
28359,16:39:00,,,,,,,,,,,,,,,,,,,,,,,,,
28360,16:40:00,,,,,,,,,,,,,,,,,,,,,,,,,
28361,16:41:00,,,,,,,,,,,,,,,,,,,,,,,,,
28362,16:42:00,,,,,,,,,,,,,,,,,,,,,,,,,
28363,16:43:00,,,,,,,,,,,,,,,,,,,,,,,,,
28364,16:44:00,,,,,,,,,,,,,,,,,,,,,,,,,
28365,16:45:00,,,,,,,,,,,,,,,,,,,,,,,,,
28366,16:46:00,,,,,,,,,,,,,,,,,,,,,,,,,
28367,16:47:00,,,,,,,,,,,,,,,,,,,,,,,,,
28368,16:48:00,,,,,,,,,,,,,,,,,,,,,,,,,
28369,16:49:00,,,,,,,,,,,,,,,,,,,,,,,,,
28370,16:50:00,,,,,,,,,,,,,,,,,,,,,,,,,
28371,16:51:00,,,,,,,,,,,,,,,,,,,,,,,,,
28372,16:52:00,,,,,,,,,,,,,,,,,,,,,,,,,
28373,16:53:00,,,,,,,,,,,,,,,,,,,,,,,,,
28374,16:54:00,,,,,,,,,,,,,,,,,,,,,,,,,
28375,16:55:00,,,,,,,,,,,,,,,,,,,,,,,,,
28376,16:56:00,,,,,,,,,,,,,,,,,,,,,,,,,
28377,16:57:00,,,,,,,,,,,,,,,,,,,,,,,,,
28378,16:58:00,,,,,,,,,,,,,,,,,,,,,,,,,
28379,16:59:00,,,,,,,,,,,,,,,,,,,,,,,,,
28380,17:00:00,,,,,,,,,,,,,,,,,,,,,,,,,
28381,17:01:00,,,,,,,,,,,,,,,,,,,,,,,,,
28382,17:02:00,,,,,,,,,,,,,,,,,,,,,,,,,
28383,17:03:00,,,,,,,,,,,,,,,,,,,,,,,,,
28384,17:04:00,,,,,,,,,,,,,,,,,,,,,,,,,
28385,17:05:00,,,,,,,,,,,,,,,,,,,,,,,,,
28386,17:06:00,,,,,,,,,,,,,,,,,,,,,,,,,
28387,17:07:00,,,,,,,,,,,,,,,,,,,,,,,,,
28388,17:08:00,,,,,,,,,,,,,,,,,,,,,,,,,
28389,17:09:00,,,,,,,,,,,,,,,,,,,,,,,,,
28390,17:10:00,,,,,,,,,,,,,,,,,,,,,,,,,
28391,17:11:00,,,,,,,,,,,,,,,,,,,,,,,,,
28392,17:12:00,,,,,,,,,,,,,,,,,,,,,,,,,
28393,17:13:00,,,,,,,,,,,,,,,,,,,,,,,,,
28394,17:14:00,,,,,,,,,,,,,,,,,,,,,,,,,
28395,17:15:00,,,,,,,,,,,,,,,,,,,,,,,,,
28396,17:16:00,,,,,,,,,,,,,,,,,,,,,,,,,
28397,17:17:00,,,,,,,,,,,,,,,,,,,,,,,,,
28398,17:18:00,,,,,,,,,,,,,,,,,,,,,,,,,
28399,17:19:00,,,,,,,,,,,,,,,,,,,,,,,,,
28400,17:20:00,,,,,,,,,,,,,,,,,,,,,,,,,
28401,17:21:00,,,,,,,,,,,,,,,,,,,,,,,,,
28402,17:22:00,,,,,,,,,,,,,,,,,,,,,,,,,
28403,17:23:00,,,,,,,,,,,,,,,,,,,,,,,,,
28404,17:24:00,,,,,,,,,,,,,,,,,,,,,,,,,
28405,17:25:00,,,,,,,,,,,,,,,,,,,,,,,,,
28406,17:26:00,,,,,,,,,,,,,,,,,,,,,,,,,
28407,17:27:00,,,,,,,,,,,,,,,,,,,,,,,,,
28408,17:28:00,,,,,,,,,,,,,,,,,,,,,,,,,
28409,17:29:00,,,,,,,,,,,,,,,,,,,,,,,,,
28410,17:30:00,,,,,,,,,,,,,,,,,,,,,,,,,
28411,17:31:00,,,,,,,,,,,,,,,,,,,,,,,,,
28412,17:32:00,,,,,,,,,,,,,,,,,,,,,,,,,
28413,17:33:00,,,,,,,,,,,,,,,,,,,,,,,,,
28414,17:34:00,,,,,,,,,,,,,,,,,,,,,,,,,
28415,17:35:00,,,,,,,,,,,,,,,,,,,,,,,,,
28416,17:36:00,,,,,,,,,,,,,,,,,,,,,,,,,
28417,17:37:00,,,,,,,,,,,,,,,,,,,,,,,,,
28418,17:38:00,,,,,,,,,,,,,,,,,,,,,,,,,
28419,17:39:00,,,,,,,,,,,,,,,,,,,,,,,,,
28420,17:40:00,,,,,,,,,,,,,,,,,,,,,,,,,
28421,17:41:00,,,,,,,,,,,,,,,,,,,,,,,,,
28422,17:42:00,,,,,,,,,,,,,,,,,,,,,,,,,
28423,17:43:00,,,,,,,,,,,,,,,,,,,,,,,,,
28424,17:44:00,,,,,,,,,,,,,,,,,,,,,,,,,
28425,17:45:00,,,,,,,,,,,,,,,,,,,,,,,,,
28426,17:46:00,,,,,,,,,,,,,,,,,,,,,,,,,
28427,17:47:00,,,,,,,,,,,,,,,,,,,,,,,,,
28428,17:48:00,,,,,,,,,,,,,,,,,,,,,,,,,
28429,17:49:00,,,,,,,,,,,,,,,,,,,,,,,,,
28430,17:50:00,,,,,,,,,,,,,,,,,,,,,,,,,
28431,17:51:00,,,,,,,,,,,,,,,,,,,,,,,,,
28432,17:52:00,,,,,,,,,,,,,,,,,,,,,,,,,
28433,17:53:00,,,,,,,,,,,,,,,,,,,,,,,,,
28434,17:54:00,,,,,,,,,,,,,,,,,,,,,,,,,
28435,17:55:00,,,,,,,,,,,,,,,,,,,,,,,,,
28436,17:56:00,,,,,,,,,,,,,,,,,,,,,,,,,
28437,17:57:00,,,,,,,,,,,,,,,,,,,,,,,,,
28438,17:58:00,,,,,,,,,,,,,,,,,,,,,,,,,
28439,17:59:00,,,,,,,,,,,,,,,,,,,,,,,,,
28440,18:00:00,,,,,,,,,,,,,,,,,,,,,,,,,
28441,18:01:00,,,,,,,,,,,,,,,,,,,,,,,,,
28442,18:02:00,,,,,,,,,,,,,,,,,,,,,,,,,
28443,18:03:00,,,,,,,,,,,,,,,,,,,,,,,,,
28444,18:04:00,,,,,,,,,,,,,,,,,,,,,,,,,
28445,18:05:00,,,,,,,,,,,,,,,,,,,,,,,,,
28446,18:06:00,,,,,,,,,,,,,,,,,,,,,,,,,
28447,18:07:00,,,,,,,,,,,,,,,,,,,,,,,,,
28448,18:08:00,,,,,,,,,,,,,,,,,,,,,,,,,
28449,18:09:00,,,,,,,,,,,,,,,,,,,,,,,,,
28450,18:10:00,,,,,,,,,,,,,,,,,,,,,,,,,
28451,18:11:00,,,,,,,,,,,,,,,,,,,,,,,,,
28452,18:12:00,,,,,,,,,,,,,,,,,,,,,,,,,
28453,18:13:00,,,,,,,,,,,,,,,,,,,,,,,,,
28454,18:14:00,,,,,,,,,,,,,,,,,,,,,,,,,
28455,18:15:00,,,,,,,,,,,,,,,,,,,,,,,,,
28456,18:16:00,,,,,,,,,,,,,,,,,,,,,,,,,
28457,18:17:00,,,,,,,,,,,,,,,,,,,,,,,,,
28458,18:18:00,,,,,,,,,,,,,,,,,,,,,,,,,
28459,18:19:00,,,,,,,,,,,,,,,,,,,,,,,,,
28460,18:20:00,,,,,,,,,,,,,,,,,,,,,,,,,
28461,18:21:00,,,,,,,,,,,,,,,,,,,,,,,,,
28462,18:22:00,,,,,,,,,,,,,,,,,,,,,,,,,
28463,18:23:00,,,,,,,,,,,,,,,,,,,,,,,,,
28464,18:24:00,,,,,,,,,,,,,,,,,,,,,,,,,
28465,18:25:00,,,,,,,,,,,,,,,,,,,,,,,,,
28466,18:26:00,,,,,,,,,,,,,,,,,,,,,,,,,
28467,18:27:00,,,,,,,,,,,,,,,,,,,,,,,,,
28468,18:28:00,,,,,,,,,,,,,,,,,,,,,,,,,
28469,18:29:00,,,,,,,,,,,,,,,,,,,,,,,,,
28470,18:30:00,,,,,,,,,,,,,,,,,,,,,,,,,
28471,18:31:00,,,,,,,,,,,,,,,,,,,,,,,,,
28472,18:32:00,,,,,,,,,,,,,,,,,,,,,,,,,
28473,18:33:00,,,,,,,,,,,,,,,,,,,,,,,,,
28474,18:34:00,,,,,,,,,,,,,,,,,,,,,,,,,
28475,18:35:00,,,,,,,,,,,,,,,,,,,,,,,,,
28476,18:36:00,,,,,,,,,,,,,,,,,,,,,,,,,
28477,18:37:00,,,,,,,,,,,,,,,,,,,,,,,,,
28478,18:38:00,,,,,,,,,,,,,,,,,,,,,,,,,
28479,18:39:00,,,,,,,,,,,,,,,,,,,,,,,,,
28480,18:40:00,,,,,,,,,,,,,,,,,,,,,,,,,
28481,18:41:00,,,,,,,,,,,,,,,,,,,,,,,,,
28482,18:42:00,,,,,,,,,,,,,,,,,,,,,,,,,
28483,18:43:00,,,,,,,,,,,,,,,,,,,,,,,,,
28484,18:44:00,,,,,,,,,,,,,,,,,,,,,,,,,
28485,18:45:00,,,,,,,,,,,,,,,,,,,,,,,,,
28486,18:46:00,,,,,,,,,,,,,,,,,,,,,,,,,
28487,18:47:00,,,,,,,,,,,,,,,,,,,,,,,,,
28488,18:48:00,,,,,,,,,,,,,,,,,,,,,,,,,
28489,18:49:00,,,,,,,,,,,,,,,,,,,,,,,,,
28490,18:50:00,,,,,,,,,,,,,,,,,,,,,,,,,
28491,18:51:00,,,,,,,,,,,,,,,,,,,,,,,,,
28492,18:52:00,,,,,,,,,,,,,,,,,,,,,,,,,
28493,18:53:00,,,,,,,,,,,,,,,,,,,,,,,,,
28494,18:54:00,,,,,,,,,,,,,,,,,,,,,,,,,
28495,18:55:00,,,,,,,,,,,,,,,,,,,,,,,,,
28496,18:56:00,,,,,,,,,,,,,,,,,,,,,,,,,
28497,18:57:00,,,,,,,,,,,,,,,,,,,,,,,,,
28498,18:58:00,,,,,,,,,,,,,,,,,,,,,,,,,
28499,18:59:00,,,,,,,,,,,,,,,,,,,,,,,,,
28500,19:00:00,,,,,,,,,,,,,,,,,,,,,,,,,
28501,19:01:00,,,,,,,,,,,,,,,,,,,,,,,,,
28502,19:02:00,,,,,,,,,,,,,,,,,,,,,,,,,
28503,19:03:00,,,,,,,,,,,,,,,,,,,,,,,,,
28504,19:04:00,,,,,,,,,,,,,,,,,,,,,,,,,
28505,19:05:00,,,,,,,,,,,,,,,,,,,,,,,,,
28506,19:06:00,,,,,,,,,,,,,,,,,,,,,,,,,
28507,19:07:00,,,,,,,,,,,,,,,,,,,,,,,,,
28508,19:08:00,,,,,,,,,,,,,,,,,,,,,,,,,
28509,19:09:00,,,,,,,,,,,,,,,,,,,,,,,,,
28510,19:10:00,,,,,,,,,,,,,,,,,,,,,,,,,
28511,19:11:00,,,,,,,,,,,,,,,,,,,,,,,,,
28512,19:12:00,,,,,,,,,,,,,,,,,,,,,,,,,
28513,19:13:00,,,,,,,,,,,,,,,,,,,,,,,,,
28514,19:14:00,,,,,,,,,,,,,,,,,,,,,,,,,
28515,19:15:00,,,,,,,,,,,,,,,,,,,,,,,,,
28516,19:16:00,,,,,,,,,,,,,,,,,,,,,,,,,
28517,19:17:00,,,,,,,,,,,,,,,,,,,,,,,,,
28518,19:18:00,,,,,,,,,,,,,,,,,,,,,,,,,
28519,19:19:00,,,,,,,,,,,,,,,,,,,,,,,,,
28520,19:20:00,,,,,,,,,,,,,,,,,,,,,,,,,
28521,19:21:00,,,,,,,,,,,,,,,,,,,,,,,,,
28522,19:22:00,,,,,,,,,,,,,,,,,,,,,,,,,
28523,19:23:00,,,,,,,,,,,,,,,,,,,,,,,,,
28524,19:24:00,,,,,,,,,,,,,,,,,,,,,,,,,
28525,19:25:00,,,,,,,,,,,,,,,,,,,,,,,,,
28526,19:26:00,,,,,,,,,,,,,,,,,,,,,,,,,
28527,19:27:00,,,,,,,,,,,,,,,,,,,,,,,,,
28528,19:28:00,,,,,,,,,,,,,,,,,,,,,,,,,
28529,19:29:00,,,,,,,,,,,,,,,,,,,,,,,,,
28530,19:30:00,,,,,,,,,,,,,,,,,,,,,,,,,
28531,19:31:00,,,,,,,,,,,,,,,,,,,,,,,,,
28532,19:32:00,,,,,,,,,,,,,,,,,,,,,,,,,
28533,19:33:00,,,,,,,,,,,,,,,,,,,,,,,,,
28534,19:34:00,,,,,,,,,,,,,,,,,,,,,,,,,
28535,19:35:00,,,,,,,,,,,,,,,,,,,,,,,,,
28536,19:36:00,,,,,,,,,,,,,,,,,,,,,,,,,
28537,19:37:00,,,,,,,,,,,,,,,,,,,,,,,,,
28538,19:38:00,,,,,,,,,,,,,,,,,,,,,,,,,
28539,19:39:00,,,,,,,,,,,,,,,,,,,,,,,,,
28540,19:40:00,,,,,,,,,,,,,,,,,,,,,,,,,
28541,19:41:00,,,,,,,,,,,,,,,,,,,,,,,,,
28542,19:42:00,,,,,,,,,,,,,,,,,,,,,,,,,
28543,19:43:00,,,,,,,,,,,,,,,,,,,,,,,,,
28544,19:44:00,,,,,,,,,,,,,,,,,,,,,,,,,
28545,19:45:00,,,,,,,,,,,,,,,,,,,,,,,,,
28546,19:46:00,,,,,,,,,,,,,,,,,,,,,,,,,
28547,19:47:00,,,,,,,,,,,,,,,,,,,,,,,,,
28548,19:48:00,,,,,,,,,,,,,,,,,,,,,,,,,
28549,19:49:00,,,,,,,,,,,,,,,,,,,,,,,,,
28550,19:50:00,,,,,,,,,,,,,,,,,,,,,,,,,
28551,19:51:00,,,,,,,,,,,,,,,,,,,,,,,,,
28552,19:52:00,,,,,,,,,,,,,,,,,,,,,,,,,
28553,19:53:00,,,,,,,,,,,,,,,,,,,,,,,,,
28554,19:54:00,,,,,,,,,,,,,,,,,,,,,,,,,
28555,19:55:00,,,,,,,,,,,,,,,,,,,,,,,,,
28556,19:56:00,,,,,,,,,,,,,,,,,,,,,,,,,
28557,19:57:00,,,,,,,,,,,,,,,,,,,,,,,,,
28558,19:58:00,,,,,,,,,,,,,,,,,,,,,,,,,
28559,19:59:00,,,,,,,,,,,,,,,,,,,,,,,,,
28560,20:00:00,,,,,,,,,,,,,,,,,,,,,,,,,
28561,20:01:00,,,,,,,,,,,,,,,,,,,,,,,,,
28562,20:02:00,,,,,,,,,,,,,,,,,,,,,,,,,
28563,20:03:00,,,,,,,,,,,,,,,,,,,,,,,,,
28564,20:04:00,,,,,,,,,,,,,,,,,,,,,,,,,
28565,20:05:00,,,,,,,,,,,,,,,,,,,,,,,,,
28566,20:06:00,,,,,,,,,,,,,,,,,,,,,,,,,
28567,20:07:00,,,,,,,,,,,,,,,,,,,,,,,,,
28568,20:08:00,,,,,,,,,,,,,,,,,,,,,,,,,
28569,20:09:00,,,,,,,,,,,,,,,,,,,,,,,,,
28570,20:10:00,,,,,,,,,,,,,,,,,,,,,,,,,
28571,20:11:00,,,,,,,,,,,,,,,,,,,,,,,,,
28572,20:12:00,,,,,,,,,,,,,,,,,,,,,,,,,
28573,20:13:00,,,,,,,,,,,,,,,,,,,,,,,,,
28574,20:14:00,,,,,,,,,,,,,,,,,,,,,,,,,
28575,20:15:00,,,,,,,,,,,,,,,,,,,,,,,,,
28576,20:16:00,,,,,,,,,,,,,,,,,,,,,,,,,
28577,20:17:00,,,,,,,,,,,,,,,,,,,,,,,,,
28578,20:18:00,,,,,,,,,,,,,,,,,,,,,,,,,
28579,20:19:00,,,,,,,,,,,,,,,,,,,,,,,,,
28580,20:20:00,,,,,,,,,,,,,,,,,,,,,,,,,
28581,20:21:00,,,,,,,,,,,,,,,,,,,,,,,,,
28582,20:22:00,,,,,,,,,,,,,,,,,,,,,,,,,
28583,20:23:00,,,,,,,,,,,,,,,,,,,,,,,,,
28584,20:24:00,,,,,,,,,,,,,,,,,,,,,,,,,
28585,20:25:00,,,,,,,,,,,,,,,,,,,,,,,,,
28586,20:26:00,,,,,,,,,,,,,,,,,,,,,,,,,
28587,20:27:00,,,,,,,,,,,,,,,,,,,,,,,,,
28588,20:28:00,,,,,,,,,,,,,,,,,,,,,,,,,
28589,20:29:00,,,,,,,,,,,,,,,,,,,,,,,,,
28590,20:30:00,,,,,,,,,,,,,,,,,,,,,,,,,
28591,20:31:00,,,,,,,,,,,,,,,,,,,,,,,,,
28592,20:32:00,,,,,,,,,,,,,,,,,,,,,,,,,
28593,20:33:00,,,,,,,,,,,,,,,,,,,,,,,,,
28594,20:34:00,,,,,,,,,,,,,,,,,,,,,,,,,
28595,20:35:00,,,,,,,,,,,,,,,,,,,,,,,,,
28596,20:36:00,,,,,,,,,,,,,,,,,,,,,,,,,
28597,20:37:00,,,,,,,,,,,,,,,,,,,,,,,,,
28598,20:38:00,,,,,,,,,,,,,,,,,,,,,,,,,
28599,20:39:00,,,,,,,,,,,,,,,,,,,,,,,,,
28600,20:40:00,,,,,,,,,,,,,,,,,,,,,,,,,
28601,20:41:00,,,,,,,,,,,,,,,,,,,,,,,,,
28602,20:42:00,,,,,,,,,,,,,,,,,,,,,,,,,
28603,20:43:00,,,,,,,,,,,,,,,,,,,,,,,,,
28604,20:44:00,,,,,,,,,,,,,,,,,,,,,,,,,
28605,20:45:00,,,,,,,,,,,,,,,,,,,,,,,,,
28606,20:46:00,,,,,,,,,,,,,,,,,,,,,,,,,
28607,20:47:00,,,,,,,,,,,,,,,,,,,,,,,,,
28608,20:48:00,,,,,,,,,,,,,,,,,,,,,,,,,
28609,20:49:00,,,,,,,,,,,,,,,,,,,,,,,,,
28610,20:50:00,,,,,,,,,,,,,,,,,,,,,,,,,
28611,20:51:00,,,,,,,,,,,,,,,,,,,,,,,,,
28612,20:52:00,,,,,,,,,,,,,,,,,,,,,,,,,
28613,20:53:00,,,,,,,,,,,,,,,,,,,,,,,,,
28614,20:54:00,,,,,,,,,,,,,,,,,,,,,,,,,
28615,20:55:00,,,,,,,,,,,,,,,,,,,,,,,,,
28616,20:56:00,,,,,,,,,,,,,,,,,,,,,,,,,
28617,20:57:00,,,,,,,,,,,,,,,,,,,,,,,,,
28618,20:58:00,,,,,,,,,,,,,,,,,,,,,,,,,
28619,20:59:00,,,,,,,,,,,,,,,,,,,,,,,,,
28620,21:00:00,,,,,,,,,,,,,,,,,,,,,,,,,
28621,21:01:00,,,,,,,,,,,,,,,,,,,,,,,,,
28622,21:02:00,,,,,,,,,,,,,,,,,,,,,,,,,
28623,21:03:00,,,,,,,,,,,,,,,,,,,,,,,,,
28624,21:04:00,,,,,,,,,,,,,,,,,,,,,,,,,
28625,21:05:00,,,,,,,,,,,,,,,,,,,,,,,,,
28626,21:06:00,,,,,,,,,,,,,,,,,,,,,,,,,
28627,21:07:00,,,,,,,,,,,,,,,,,,,,,,,,,
28628,21:08:00,,,,,,,,,,,,,,,,,,,,,,,,,
28629,21:09:00,,,,,,,,,,,,,,,,,,,,,,,,,
28630,21:10:00,,,,,,,,,,,,,,,,,,,,,,,,,
28631,21:11:00,,,,,,,,,,,,,,,,,,,,,,,,,
28632,21:12:00,,,,,,,,,,,,,,,,,,,,,,,,,
28633,21:13:00,,,,,,,,,,,,,,,,,,,,,,,,,
28634,21:14:00,,,,,,,,,,,,,,,,,,,,,,,,,
28635,21:15:00,,,,,,,,,,,,,,,,,,,,,,,,,
28636,21:16:00,,,,,,,,,,,,,,,,,,,,,,,,,
28637,21:17:00,,,,,,,,,,,,,,,,,,,,,,,,,
28638,21:18:00,,,,,,,,,,,,,,,,,,,,,,,,,
28639,21:19:00,,,,,,,,,,,,,,,,,,,,,,,,,
28640,21:20:00,,,,,,,,,,,,,,,,,,,,,,,,,
28641,21:21:00,,,,,,,,,,,,,,,,,,,,,,,,,
28642,21:22:00,,,,,,,,,,,,,,,,,,,,,,,,,
28643,21:23:00,,,,,,,,,,,,,,,,,,,,,,,,,
28644,21:24:00,,,,,,,,,,,,,,,,,,,,,,,,,
28645,21:25:00,,,,,,,,,,,,,,,,,,,,,,,,,
28646,21:26:00,,,,,,,,,,,,,,,,,,,,,,,,,
28647,21:27:00,,,,,,,,,,,,,,,,,,,,,,,,,
28648,21:28:00,,,,,,,,,,,,,,,,,,,,,,,,,
28649,21:29:00,,,,,,,,,,,,,,,,,,,,,,,,,
28650,21:30:00,,,,,,,,,,,,,,,,,,,,,,,,,
28651,21:31:00,,,,,,,,,,,,,,,,,,,,,,,,,
28652,21:32:00,,,,,,,,,,,,,,,,,,,,,,,,,
28653,21:33:00,,,,,,,,,,,,,,,,,,,,,,,,,
28654,21:34:00,,,,,,,,,,,,,,,,,,,,,,,,,
28655,21:35:00,,,,,,,,,,,,,,,,,,,,,,,,,
28656,21:36:00,,,,,,,,,,,,,,,,,,,,,,,,,
28657,21:37:00,,,,,,,,,,,,,,,,,,,,,,,,,
28658,21:38:00,,,,,,,,,,,,,,,,,,,,,,,,,
28659,21:39:00,,,,,,,,,,,,,,,,,,,,,,,,,
28660,21:40:00,,,,,,,,,,,,,,,,,,,,,,,,,
28661,21:41:00,,,,,,,,,,,,,,,,,,,,,,,,,
28662,21:42:00,,,,,,,,,,,,,,,,,,,,,,,,,
28663,21:43:00,,,,,,,,,,,,,,,,,,,,,,,,,
28664,21:44:00,,,,,,,,,,,,,,,,,,,,,,,,,
28665,21:45:00,,,,,,,,,,,,,,,,,,,,,,,,,
28666,21:46:00,,,,,,,,,,,,,,,,,,,,,,,,,
28667,21:47:00,,,,,,,,,,,,,,,,,,,,,,,,,
28668,21:48:00,,,,,,,,,,,,,,,,,,,,,,,,,
28669,21:49:00,,,,,,,,,,,,,,,,,,,,,,,,,
28670,21:50:00,,,,,,,,,,,,,,,,,,,,,,,,,
28671,21:51:00,,,,,,,,,,,,,,,,,,,,,,,,,
28672,21:52:00,,,,,,,,,,,,,,,,,,,,,,,,,
28673,21:53:00,,,,,,,,,,,,,,,,,,,,,,,,,
28674,21:54:00,,,,,,,,,,,,,,,,,,,,,,,,,
28675,21:55:00,,,,,,,,,,,,,,,,,,,,,,,,,
28676,21:56:00,,,,,,,,,,,,,,,,,,,,,,,,,
28677,21:57:00,,,,,,,,,,,,,,,,,,,,,,,,,
28678,21:58:00,,,,,,,,,,,,,,,,,,,,,,,,,
28679,21:59:00,,,,,,,,,,,,,,,,,,,,,,,,,
28680,22:00:00,,,,,,,,,,,,,,,,,,,,,,,,,
28681,22:01:00,,,,,,,,,,,,,,,,,,,,,,,,,
28682,22:02:00,,,,,,,,,,,,,,,,,,,,,,,,,
28683,22:03:00,,,,,,,,,,,,,,,,,,,,,,,,,
28684,22:04:00,,,,,,,,,,,,,,,,,,,,,,,,,
28685,22:05:00,,,,,,,,,,,,,,,,,,,,,,,,,
28686,22:06:00,,,,,,,,,,,,,,,,,,,,,,,,,
28687,22:07:00,,,,,,,,,,,,,,,,,,,,,,,,,
28688,22:08:00,,,,,,,,,,,,,,,,,,,,,,,,,
28689,22:09:00,,,,,,,,,,,,,,,,,,,,,,,,,
28690,22:10:00,,,,,,,,,,,,,,,,,,,,,,,,,
28691,22:11:00,,,,,,,,,,,,,,,,,,,,,,,,,
28692,22:12:00,,,,,,,,,,,,,,,,,,,,,,,,,
28693,22:13:00,,,,,,,,,,,,,,,,,,,,,,,,,
28694,22:14:00,,,,,,,,,,,,,,,,,,,,,,,,,
28695,22:15:00,,,,,,,,,,,,,,,,,,,,,,,,,
28696,22:16:00,,,,,,,,,,,,,,,,,,,,,,,,,
28697,22:17:00,,,,,,,,,,,,,,,,,,,,,,,,,
28698,22:18:00,,,,,,,,,,,,,,,,,,,,,,,,,
28699,22:19:00,,,,,,,,,,,,,,,,,,,,,,,,,
28700,22:20:00,,,,,,,,,,,,,,,,,,,,,,,,,
28701,22:21:00,,,,,,,,,,,,,,,,,,,,,,,,,
28702,22:22:00,,,,,,,,,,,,,,,,,,,,,,,,,
28703,22:23:00,,,,,,,,,,,,,,,,,,,,,,,,,
28704,22:24:00,,,,,,,,,,,,,,,,,,,,,,,,,
28705,22:25:00,,,,,,,,,,,,,,,,,,,,,,,,,
28706,22:26:00,,,,,,,,,,,,,,,,,,,,,,,,,
28707,22:27:00,,,,,,,,,,,,,,,,,,,,,,,,,
28708,22:28:00,,,,,,,,,,,,,,,,,,,,,,,,,
28709,22:29:00,,,,,,,,,,,,,,,,,,,,,,,,,
28710,22:30:00,,,,,,,,,,,,,,,,,,,,,,,,,
28711,22:31:00,,,,,,,,,,,,,,,,,,,,,,,,,
28712,22:32:00,,,,,,,,,,,,,,,,,,,,,,,,,
28713,22:33:00,,,,,,,,,,,,,,,,,,,,,,,,,
28714,22:34:00,,,,,,,,,,,,,,,,,,,,,,,,,
28715,22:35:00,,,,,,,,,,,,,,,,,,,,,,,,,
28716,22:36:00,,,,,,,,,,,,,,,,,,,,,,,,,
28717,22:37:00,,,,,,,,,,,,,,,,,,,,,,,,,
28718,22:38:00,,,,,,,,,,,,,,,,,,,,,,,,,
28719,22:39:00,,,,,,,,,,,,,,,,,,,,,,,,,
28720,22:40:00,,,,,,,,,,,,,,,,,,,,,,,,,
28721,22:41:00,,,,,,,,,,,,,,,,,,,,,,,,,
28722,22:42:00,,,,,,,,,,,,,,,,,,,,,,,,,
28723,22:43:00,,,,,,,,,,,,,,,,,,,,,,,,,
28724,22:44:00,,,,,,,,,,,,,,,,,,,,,,,,,
28725,22:45:00,,,,,,,,,,,,,,,,,,,,,,,,,
28726,22:46:00,,,,,,,,,,,,,,,,,,,,,,,,,
28727,22:47:00,,,,,,,,,,,,,,,,,,,,,,,,,
28728,22:48:00,,,,,,,,,,,,,,,,,,,,,,,,,
28729,22:49:00,,,,,,,,,,,,,,,,,,,,,,,,,
28730,22:50:00,,,,,,,,,,,,,,,,,,,,,,,,,
28731,22:51:00,,,,,,,,,,,,,,,,,,,,,,,,,
28732,22:52:00,,,,,,,,,,,,,,,,,,,,,,,,,
28733,22:53:00,,,,,,,,,,,,,,,,,,,,,,,,,
28734,22:54:00,,,,,,,,,,,,,,,,,,,,,,,,,
28735,22:55:00,,,,,,,,,,,,,,,,,,,,,,,,,
28736,22:56:00,,,,,,,,,,,,,,,,,,,,,,,,,
28737,22:57:00,,,,,,,,,,,,,,,,,,,,,,,,,
28738,22:58:00,,,,,,,,,,,,,,,,,,,,,,,,,
28739,22:59:00,,,,,,,,,,,,,,,,,,,,,,,,,
28740,23:00:00,,,,,,,,,,,,,,,,,,,,,,,,,
28741,23:01:00,,,,,,,,,,,,,,,,,,,,,,,,,
28742,23:02:00,,,,,,,,,,,,,,,,,,,,,,,,,
28743,23:03:00,,,,,,,,,,,,,,,,,,,,,,,,,
28744,23:04:00,,,,,,,,,,,,,,,,,,,,,,,,,
28745,23:05:00,,,,,,,,,,,,,,,,,,,,,,,,,
28746,23:06:00,,,,,,,,,,,,,,,,,,,,,,,,,
28747,23:07:00,,,,,,,,,,,,,,,,,,,,,,,,,
28748,23:08:00,,,,,,,,,,,,,,,,,,,,,,,,,
28749,23:09:00,,,,,,,,,,,,,,,,,,,,,,,,,
28750,23:10:00,,,,,,,,,,,,,,,,,,,,,,,,,
28751,23:11:00,,,,,,,,,,,,,,,,,,,,,,,,,
28752,23:12:00,,,,,,,,,,,,,,,,,,,,,,,,,
28753,23:13:00,,,,,,,,,,,,,,,,,,,,,,,,,
28754,23:14:00,,,,,,,,,,,,,,,,,,,,,,,,,
28755,23:15:00,,,,,,,,,,,,,,,,,,,,,,,,,
28756,23:16:00,,,,,,,,,,,,,,,,,,,,,,,,,
28757,23:17:00,,,,,,,,,,,,,,,,,,,,,,,,,
28758,23:18:00,,,,,,,,,,,,,,,,,,,,,,,,,
28759,23:19:00,,,,,,,,,,,,,,,,,,,,,,,,,
28760,23:20:00,,,,,,,,,,,,,,,,,,,,,,,,,
28761,23:21:00,,,,,,,,,,,,,,,,,,,,,,,,,
28762,23:22:00,,,,,,,,,,,,,,,,,,,,,,,,,
28763,23:23:00,,,,,,,,,,,,,,,,,,,,,,,,,
28764,23:24:00,,,,,,,,,,,,,,,,,,,,,,,,,
28765,23:25:00,,,,,,,,,,,,,,,,,,,,,,,,,
28766,23:26:00,,,,,,,,,,,,,,,,,,,,,,,,,
28767,23:27:00,,,,,,,,,,,,,,,,,,,,,,,,,
28768,23:28:00,,,,,,,,,,,,,,,,,,,,,,,,,
28769,23:29:00,,,,,,,,,,,,,,,,,,,,,,,,,
28770,23:30:00,,,,,,,,,,,,,,,,,,,,,,,,,
28771,23:31:00,,,,,,,,,,,,,,,,,,,,,,,,,
28772,23:32:00,,,,,,,,,,,,,,,,,,,,,,,,,
28773,23:33:00,,,,,,,,,,,,,,,,,,,,,,,,,
28774,23:34:00,,,,,,,,,,,,,,,,,,,,,,,,,
28775,23:35:00,,,,,,,,,,,,,,,,,,,,,,,,,
28776,23:36:00,,,,,,,,,,,,,,,,,,,,,,,,,
28777,23:37:00,,,,,,,,,,,,,,,,,,,,,,,,,
28778,23:38:00,,,,,,,,,,,,,,,,,,,,,,,,,
28779,23:39:00,,,,,,,,,,,,,,,,,,,,,,,,,
28780,23:40:00,,,,,,,,,,,,,,,,,,,,,,,,,
28781,23:41:00,,,,,,,,,,,,,,,,,,,,,,,,,
28782,23:42:00,,,,,,,,,,,,,,,,,,,,,,,,,
28783,23:43:00,,,,,,,,,,,,,,,,,,,,,,,,,
28784,23:44:00,,,,,,,,,,,,,,,,,,,,,,,,,
28785,23:45:00,,,,,,,,,,,,,,,,,,,,,,,,,
28786,23:46:00,,,,,,,,,,,,,,,,,,,,,,,,,
28787,23:47:00,,,,,,,,,,,,,,,,,,,,,,,,,
28788,23:48:00,,,,,,,,,,,,,,,,,,,,,,,,,
28789,23:49:00,,,,,,,,,,,,,,,,,,,,,,,,,
28790,23:50:00,,,,,,,,,,,,,,,,,,,,,,,,,
28791,23:51:00,,,,,,,,,,,,,,,,,,,,,,,,,
28792,23:52:00,,,,,,,,,,,,,,,,,,,,,,,,,
28793,23:53:00,,,,,,,,,,,,,,,,,,,,,,,,,
28794,23:54:00,,,,,,,,,,,,,,,,,,,,,,,,,
28795,23:55:00,,,,,,,,,,,,,,,,,,,,,,,,,
28796,23:56:00,,,,,,,,,,,,,,,,,,,,,,,,,
28797,23:57:00,,,,,,,,,,,,,,,,,,,,,,,,,
28798,23:58:00,,,,,,,,,,,,,,,,,,,,,,,,,
28799,23:59:00,,,,,,,,,,,,,,,,,,,,,,,,,
28800,00:00:00,,,,,,,,,,,,,,,,,,,,,,,,,
28801,00:01:00,,,,,,,,,,,,,,,,,,,,,,,,,
28802,00:02:00,,,,,,,,,,,,,,,,,,,,,,,,,
28803,00:03:00,,,,,,,,,,,,,,,,,,,,,,,,,
28804,00:04:00,,,,,,,,,,,,,,,,,,,,,,,,,
28805,00:05:00,,,,,,,,,,,,,,,,,,,,,,,,,
28806,00:06:00,,,,,,,,,,,,,,,,,,,,,,,,,
28807,00:07:00,,,,,,,,,,,,,,,,,,,,,,,,,
28808,00:08:00,,,,,,,,,,,,,,,,,,,,,,,,,
28809,00:09:00,,,,,,,,,,,,,,,,,,,,,,,,,
28810,00:10:00,,,,,,,,,,,,,,,,,,,,,,,,,
28811,00:11:00,,,,,,,,,,,,,,,,,,,,,,,,,
28812,00:12:00,,,,,,,,,,,,,,,,,,,,,,,,,
28813,00:13:00,,,,,,,,,,,,,,,,,,,,,,,,,
28814,00:14:00,,,,,,,,,,,,,,,,,,,,,,,,,
28815,00:15:00,,,,,,,,,,,,,,,,,,,,,,,,,
28816,00:16:00,,,,,,,,,,,,,,,,,,,,,,,,,
28817,00:17:00,,,,,,,,,,,,,,,,,,,,,,,,,
28818,00:18:00,,,,,,,,,,,,,,,,,,,,,,,,,
28819,00:19:00,,,,,,,,,,,,,,,,,,,,,,,,,
28820,00:20:00,,,,,,,,,,,,,,,,,,,,,,,,,
28821,00:21:00,,,,,,,,,,,,,,,,,,,,,,,,,
28822,00:22:00,,,,,,,,,,,,,,,,,,,,,,,,,
28823,00:23:00,,,,,,,,,,,,,,,,,,,,,,,,,
28824,00:24:00,,,,,,,,,,,,,,,,,,,,,,,,,
28825,00:25:00,,,,,,,,,,,,,,,,,,,,,,,,,
28826,00:26:00,,,,,,,,,,,,,,,,,,,,,,,,,
28827,00:27:00,,,,,,,,,,,,,,,,,,,,,,,,,
28828,00:28:00,,,,,,,,,,,,,,,,,,,,,,,,,
28829,00:29:00,,,,,,,,,,,,,,,,,,,,,,,,,
28830,00:30:00,,,,,,,,,,,,,,,,,,,,,,,,,
28831,00:31:00,,,,,,,,,,,,,,,,,,,,,,,,,
28832,00:32:00,,,,,,,,,,,,,,,,,,,,,,,,,
28833,00:33:00,,,,,,,,,,,,,,,,,,,,,,,,,
28834,00:34:00,,,,,,,,,,,,,,,,,,,,,,,,,
28835,00:35:00,,,,,,,,,,,,,,,,,,,,,,,,,
28836,00:36:00,,,,,,,,,,,,,,,,,,,,,,,,,
28837,00:37:00,,,,,,,,,,,,,,,,,,,,,,,,,
28838,00:38:00,,,,,,,,,,,,,,,,,,,,,,,,,
28839,00:39:00,,,,,,,,,,,,,,,,,,,,,,,,,
28840,00:40:00,,,,,,,,,,,,,,,,,,,,,,,,,
28841,00:41:00,,,,,,,,,,,,,,,,,,,,,,,,,
28842,00:42:00,,,,,,,,,,,,,,,,,,,,,,,,,
28843,00:43:00,,,,,,,,,,,,,,,,,,,,,,,,,
28844,00:44:00,,,,,,,,,,,,,,,,,,,,,,,,,
28845,00:45:00,,,,,,,,,,,,,,,,,,,,,,,,,
28846,00:46:00,,,,,,,,,,,,,,,,,,,,,,,,,
28847,00:47:00,,,,,,,,,,,,,,,,,,,,,,,,,
28848,00:48:00,,,,,,,,,,,,,,,,,,,,,,,,,
28849,00:49:00,,,,,,,,,,,,,,,,,,,,,,,,,
28850,00:50:00,,,,,,,,,,,,,,,,,,,,,,,,,
28851,00:51:00,,,,,,,,,,,,,,,,,,,,,,,,,
28852,00:52:00,,,,,,,,,,,,,,,,,,,,,,,,,
28853,00:53:00,,,,,,,,,,,,,,,,,,,,,,,,,
28854,00:54:00,,,,,,,,,,,,,,,,,,,,,,,,,
28855,00:55:00,,,,,,,,,,,,,,,,,,,,,,,,,
28856,00:56:00,,,,,,,,,,,,,,,,,,,,,,,,,
28857,00:57:00,,,,,,,,,,,,,,,,,,,,,,,,,
28858,00:58:00,,,,,,,,,,,,,,,,,,,,,,,,,
28859,00:59:00,,,,,,,,,,,,,,,,,,,,,,,,,
28860,01:00:00,,,,,,,,,,,,,,,,,,,,,,,,,
28861,01:01:00,,,,,,,,,,,,,,,,,,,,,,,,,
28862,01:02:00,,,,,,,,,,,,,,,,,,,,,,,,,
28863,01:03:00,,,,,,,,,,,,,,,,,,,,,,,,,
28864,01:04:00,,,,,,,,,,,,,,,,,,,,,,,,,
28865,01:05:00,,,,,,,,,,,,,,,,,,,,,,,,,
28866,01:06:00,,,,,,,,,,,,,,,,,,,,,,,,,
28867,01:07:00,,,,,,,,,,,,,,,,,,,,,,,,,
28868,01:08:00,,,,,,,,,,,,,,,,,,,,,,,,,
28869,01:09:00,,,,,,,,,,,,,,,,,,,,,,,,,
28870,01:10:00,,,,,,,,,,,,,,,,,,,,,,,,,
28871,01:11:00,,,,,,,,,,,,,,,,,,,,,,,,,
28872,01:12:00,,,,,,,,,,,,,,,,,,,,,,,,,
28873,01:13:00,,,,,,,,,,,,,,,,,,,,,,,,,
28874,01:14:00,,,,,,,,,,,,,,,,,,,,,,,,,
28875,01:15:00,,,,,,,,,,,,,,,,,,,,,,,,,
28876,01:16:00,,,,,,,,,,,,,,,,,,,,,,,,,
28877,01:17:00,,,,,,,,,,,,,,,,,,,,,,,,,
28878,01:18:00,,,,,,,,,,,,,,,,,,,,,,,,,
28879,01:19:00,,,,,,,,,,,,,,,,,,,,,,,,,
28880,01:20:00,,,,,,,,,,,,,,,,,,,,,,,,,
28881,01:21:00,,,,,,,,,,,,,,,,,,,,,,,,,
28882,01:22:00,,,,,,,,,,,,,,,,,,,,,,,,,
28883,01:23:00,,,,,,,,,,,,,,,,,,,,,,,,,
28884,01:24:00,,,,,,,,,,,,,,,,,,,,,,,,,
28885,01:25:00,,,,,,,,,,,,,,,,,,,,,,,,,
28886,01:26:00,,,,,,,,,,,,,,,,,,,,,,,,,
28887,01:27:00,,,,,,,,,,,,,,,,,,,,,,,,,
28888,01:28:00,,,,,,,,,,,,,,,,,,,,,,,,,
28889,01:29:00,,,,,,,,,,,,,,,,,,,,,,,,,
28890,01:30:00,,,,,,,,,,,,,,,,,,,,,,,,,
28891,01:31:00,,,,,,,,,,,,,,,,,,,,,,,,,
28892,01:32:00,,,,,,,,,,,,,,,,,,,,,,,,,
28893,01:33:00,,,,,,,,,,,,,,,,,,,,,,,,,
28894,01:34:00,,,,,,,,,,,,,,,,,,,,,,,,,
28895,01:35:00,,,,,,,,,,,,,,,,,,,,,,,,,
28896,01:36:00,,,,,,,,,,,,,,,,,,,,,,,,,
28897,01:37:00,,,,,,,,,,,,,,,,,,,,,,,,,
28898,01:38:00,,,,,,,,,,,,,,,,,,,,,,,,,
28899,01:39:00,,,,,,,,,,,,,,,,,,,,,,,,,
28900,01:40:00,,,,,,,,,,,,,,,,,,,,,,,,,
28901,01:41:00,,,,,,,,,,,,,,,,,,,,,,,,,
28902,01:42:00,,,,,,,,,,,,,,,,,,,,,,,,,
28903,01:43:00,,,,,,,,,,,,,,,,,,,,,,,,,
28904,01:44:00,,,,,,,,,,,,,,,,,,,,,,,,,
28905,01:45:00,,,,,,,,,,,,,,,,,,,,,,,,,
28906,01:46:00,,,,,,,,,,,,,,,,,,,,,,,,,
28907,01:47:00,,,,,,,,,,,,,,,,,,,,,,,,,
28908,01:48:00,,,,,,,,,,,,,,,,,,,,,,,,,
28909,01:49:00,,,,,,,,,,,,,,,,,,,,,,,,,
28910,01:50:00,,,,,,,,,,,,,,,,,,,,,,,,,
28911,01:51:00,,,,,,,,,,,,,,,,,,,,,,,,,
28912,01:52:00,,,,,,,,,,,,,,,,,,,,,,,,,
28913,01:53:00,,,,,,,,,,,,,,,,,,,,,,,,,
28914,01:54:00,,,,,,,,,,,,,,,,,,,,,,,,,
28915,01:55:00,,,,,,,,,,,,,,,,,,,,,,,,,
28916,01:56:00,,,,,,,,,,,,,,,,,,,,,,,,,
28917,01:57:00,,,,,,,,,,,,,,,,,,,,,,,,,
28918,01:58:00,,,,,,,,,,,,,,,,,,,,,,,,,
28919,01:59:00,,,,,,,,,,,,,,,,,,,,,,,,,
28920,02:00:00,,,,,,,,,,,,,,,,,,,,,,,,,
28921,02:01:00,,,,,,,,,,,,,,,,,,,,,,,,,
28922,02:02:00,,,,,,,,,,,,,,,,,,,,,,,,,
28923,02:03:00,,,,,,,,,,,,,,,,,,,,,,,,,
28924,02:04:00,,,,,,,,,,,,,,,,,,,,,,,,,
28925,02:05:00,,,,,,,,,,,,,,,,,,,,,,,,,
28926,02:06:00,,,,,,,,,,,,,,,,,,,,,,,,,
28927,02:07:00,,,,,,,,,,,,,,,,,,,,,,,,,
28928,02:08:00,,,,,,,,,,,,,,,,,,,,,,,,,
28929,02:09:00,,,,,,,,,,,,,,,,,,,,,,,,,
28930,02:10:00,,,,,,,,,,,,,,,,,,,,,,,,,
28931,02:11:00,,,,,,,,,,,,,,,,,,,,,,,,,
28932,02:12:00,,,,,,,,,,,,,,,,,,,,,,,,,
28933,02:13:00,,,,,,,,,,,,,,,,,,,,,,,,,
28934,02:14:00,,,,,,,,,,,,,,,,,,,,,,,,,
28935,02:15:00,,,,,,,,,,,,,,,,,,,,,,,,,
28936,02:16:00,,,,,,,,,,,,,,,,,,,,,,,,,
28937,02:17:00,,,,,,,,,,,,,,,,,,,,,,,,,
28938,02:18:00,,,,,,,,,,,,,,,,,,,,,,,,,
28939,02:19:00,,,,,,,,,,,,,,,,,,,,,,,,,
28940,02:20:00,,,,,,,,,,,,,,,,,,,,,,,,,
28941,02:21:00,,,,,,,,,,,,,,,,,,,,,,,,,
28942,02:22:00,,,,,,,,,,,,,,,,,,,,,,,,,
28943,02:23:00,,,,,,,,,,,,,,,,,,,,,,,,,
28944,02:24:00,,,,,,,,,,,,,,,,,,,,,,,,,
28945,02:25:00,,,,,,,,,,,,,,,,,,,,,,,,,
28946,02:26:00,,,,,,,,,,,,,,,,,,,,,,,,,
28947,02:27:00,,,,,,,,,,,,,,,,,,,,,,,,,
28948,02:28:00,,,,,,,,,,,,,,,,,,,,,,,,,
28949,02:29:00,,,,,,,,,,,,,,,,,,,,,,,,,
28950,02:30:00,,,,,,,,,,,,,,,,,,,,,,,,,
28951,02:31:00,,,,,,,,,,,,,,,,,,,,,,,,,
28952,02:32:00,,,,,,,,,,,,,,,,,,,,,,,,,
28953,02:33:00,,,,,,,,,,,,,,,,,,,,,,,,,
28954,02:34:00,,,,,,,,,,,,,,,,,,,,,,,,,
28955,02:35:00,,,,,,,,,,,,,,,,,,,,,,,,,
28956,02:36:00,,,,,,,,,,,,,,,,,,,,,,,,,
28957,02:37:00,,,,,,,,,,,,,,,,,,,,,,,,,
28958,02:38:00,,,,,,,,,,,,,,,,,,,,,,,,,
28959,02:39:00,,,,,,,,,,,,,,,,,,,,,,,,,
28960,02:40:00,,,,,,,,,,,,,,,,,,,,,,,,,
28961,02:41:00,,,,,,,,,,,,,,,,,,,,,,,,,
28962,02:42:00,,,,,,,,,,,,,,,,,,,,,,,,,
28963,02:43:00,,,,,,,,,,,,,,,,,,,,,,,,,
28964,02:44:00,,,,,,,,,,,,,,,,,,,,,,,,,
28965,02:45:00,,,,,,,,,,,,,,,,,,,,,,,,,
28966,02:46:00,,,,,,,,,,,,,,,,,,,,,,,,,
28967,02:47:00,,,,,,,,,,,,,,,,,,,,,,,,,
28968,02:48:00,,,,,,,,,,,,,,,,,,,,,,,,,
28969,02:49:00,,,,,,,,,,,,,,,,,,,,,,,,,
28970,02:50:00,,,,,,,,,,,,,,,,,,,,,,,,,
28971,02:51:00,,,,,,,,,,,,,,,,,,,,,,,,,
28972,02:52:00,,,,,,,,,,,,,,,,,,,,,,,,,
28973,02:53:00,,,,,,,,,,,,,,,,,,,,,,,,,
28974,02:54:00,,,,,,,,,,,,,,,,,,,,,,,,,
28975,02:55:00,,,,,,,,,,,,,,,,,,,,,,,,,
28976,02:56:00,,,,,,,,,,,,,,,,,,,,,,,,,
28977,02:57:00,,,,,,,,,,,,,,,,,,,,,,,,,
28978,02:58:00,,,,,,,,,,,,,,,,,,,,,,,,,
28979,02:59:00,,,,,,,,,,,,,,,,,,,,,,,,,
28980,03:00:00,,,,,,,,,,,,,,,,,,,,,,,,,
28981,03:01:00,,,,,,,,,,,,,,,,,,,,,,,,,
28982,03:02:00,,,,,,,,,,,,,,,,,,,,,,,,,
28983,03:03:00,,,,,,,,,,,,,,,,,,,,,,,,,
28984,03:04:00,,,,,,,,,,,,,,,,,,,,,,,,,
28985,03:05:00,,,,,,,,,,,,,,,,,,,,,,,,,
28986,03:06:00,,,,,,,,,,,,,,,,,,,,,,,,,
28987,03:07:00,,,,,,,,,,,,,,,,,,,,,,,,,
28988,03:08:00,,,,,,,,,,,,,,,,,,,,,,,,,
28989,03:09:00,,,,,,,,,,,,,,,,,,,,,,,,,
28990,03:10:00,,,,,,,,,,,,,,,,,,,,,,,,,
28991,03:11:00,,,,,,,,,,,,,,,,,,,,,,,,,
28992,03:12:00,,,,,,,,,,,,,,,,,,,,,,,,,
28993,03:13:00,,,,,,,,,,,,,,,,,,,,,,,,,
28994,03:14:00,,,,,,,,,,,,,,,,,,,,,,,,,
28995,03:15:00,,,,,,,,,,,,,,,,,,,,,,,,,
28996,03:16:00,,,,,,,,,,,,,,,,,,,,,,,,,
28997,03:17:00,,,,,,,,,,,,,,,,,,,,,,,,,
28998,03:18:00,,,,,,,,,,,,,,,,,,,,,,,,,
28999,03:19:00,,,,,,,,,,,,,,,,,,,,,,,,,
29000,03:20:00,,,,,,,,,,,,,,,,,,,,,,,,,
29001,03:21:00,,,,,,,,,,,,,,,,,,,,,,,,,
29002,03:22:00,,,,,,,,,,,,,,,,,,,,,,,,,
29003,03:23:00,,,,,,,,,,,,,,,,,,,,,,,,,
29004,03:24:00,,,,,,,,,,,,,,,,,,,,,,,,,
29005,03:25:00,,,,,,,,,,,,,,,,,,,,,,,,,
29006,03:26:00,,,,,,,,,,,,,,,,,,,,,,,,,
29007,03:27:00,,,,,,,,,,,,,,,,,,,,,,,,,
29008,03:28:00,,,,,,,,,,,,,,,,,,,,,,,,,
29009,03:29:00,,,,,,,,,,,,,,,,,,,,,,,,,
29010,03:30:00,,,,,,,,,,,,,,,,,,,,,,,,,
29011,03:31:00,,,,,,,,,,,,,,,,,,,,,,,,,
29012,03:32:00,,,,,,,,,,,,,,,,,,,,,,,,,
29013,03:33:00,,,,,,,,,,,,,,,,,,,,,,,,,
29014,03:34:00,,,,,,,,,,,,,,,,,,,,,,,,,
29015,03:35:00,,,,,,,,,,,,,,,,,,,,,,,,,
29016,03:36:00,,,,,,,,,,,,,,,,,,,,,,,,,
29017,03:37:00,,,,,,,,,,,,,,,,,,,,,,,,,
29018,03:38:00,,,,,,,,,,,,,,,,,,,,,,,,,
29019,03:39:00,,,,,,,,,,,,,,,,,,,,,,,,,
29020,03:40:00,,,,,,,,,,,,,,,,,,,,,,,,,
29021,03:41:00,,,,,,,,,,,,,,,,,,,,,,,,,
29022,03:42:00,,,,,,,,,,,,,,,,,,,,,,,,,
29023,03:43:00,,,,,,,,,,,,,,,,,,,,,,,,,
29024,03:44:00,,,,,,,,,,,,,,,,,,,,,,,,,
29025,03:45:00,,,,,,,,,,,,,,,,,,,,,,,,,
29026,03:46:00,,,,,,,,,,,,,,,,,,,,,,,,,
29027,03:47:00,,,,,,,,,,,,,,,,,,,,,,,,,
29028,03:48:00,,,,,,,,,,,,,,,,,,,,,,,,,
29029,03:49:00,,,,,,,,,,,,,,,,,,,,,,,,,
29030,03:50:00,,,,,,,,,,,,,,,,,,,,,,,,,
29031,03:51:00,,,,,,,,,,,,,,,,,,,,,,,,,
29032,03:52:00,,,,,,,,,,,,,,,,,,,,,,,,,
29033,03:53:00,,,,,,,,,,,,,,,,,,,,,,,,,
29034,03:54:00,,,,,,,,,,,,,,,,,,,,,,,,,
29035,03:55:00,,,,,,,,,,,,,,,,,,,,,,,,,
29036,03:56:00,,,,,,,,,,,,,,,,,,,,,,,,,
29037,03:57:00,,,,,,,,,,,,,,,,,,,,,,,,,
29038,03:58:00,,,,,,,,,,,,,,,,,,,,,,,,,
29039,03:59:00,,,,,,,,,,,,,,,,,,,,,,,,,
29040,04:00:00,,,,,,,,,,,,,,,,,,,,,,,,,
29041,04:01:00,,,,,,,,,,,,,,,,,,,,,,,,,
29042,04:02:00,,,,,,,,,,,,,,,,,,,,,,,,,
29043,04:03:00,,,,,,,,,,,,,,,,,,,,,,,,,
29044,04:04:00,,,,,,,,,,,,,,,,,,,,,,,,,
29045,04:05:00,,,,,,,,,,,,,,,,,,,,,,,,,
29046,04:06:00,,,,,,,,,,,,,,,,,,,,,,,,,
29047,04:07:00,,,,,,,,,,,,,,,,,,,,,,,,,
29048,04:08:00,,,,,,,,,,,,,,,,,,,,,,,,,
29049,04:09:00,,,,,,,,,,,,,,,,,,,,,,,,,
29050,04:10:00,,,,,,,,,,,,,,,,,,,,,,,,,
29051,04:11:00,,,,,,,,,,,,,,,,,,,,,,,,,
29052,04:12:00,,,,,,,,,,,,,,,,,,,,,,,,,
29053,04:13:00,,,,,,,,,,,,,,,,,,,,,,,,,
29054,04:14:00,,,,,,,,,,,,,,,,,,,,,,,,,
29055,04:15:00,,,,,,,,,,,,,,,,,,,,,,,,,
29056,04:16:00,,,,,,,,,,,,,,,,,,,,,,,,,
29057,04:17:00,,,,,,,,,,,,,,,,,,,,,,,,,
29058,04:18:00,,,,,,,,,,,,,,,,,,,,,,,,,
29059,04:19:00,,,,,,,,,,,,,,,,,,,,,,,,,
29060,04:20:00,,,,,,,,,,,,,,,,,,,,,,,,,
29061,04:21:00,,,,,,,,,,,,,,,,,,,,,,,,,
29062,04:22:00,,,,,,,,,,,,,,,,,,,,,,,,,
29063,04:23:00,,,,,,,,,,,,,,,,,,,,,,,,,
29064,04:24:00,,,,,,,,,,,,,,,,,,,,,,,,,
29065,04:25:00,,,,,,,,,,,,,,,,,,,,,,,,,
29066,04:26:00,,,,,,,,,,,,,,,,,,,,,,,,,
29067,04:27:00,,,,,,,,,,,,,,,,,,,,,,,,,
29068,04:28:00,,,,,,,,,,,,,,,,,,,,,,,,,
29069,04:29:00,,,,,,,,,,,,,,,,,,,,,,,,,
29070,04:30:00,,,,,,,,,,,,,,,,,,,,,,,,,
29071,04:31:00,,,,,,,,,,,,,,,,,,,,,,,,,
29072,04:32:00,,,,,,,,,,,,,,,,,,,,,,,,,
29073,04:33:00,,,,,,,,,,,,,,,,,,,,,,,,,
29074,04:34:00,,,,,,,,,,,,,,,,,,,,,,,,,
29075,04:35:00,,,,,,,,,,,,,,,,,,,,,,,,,
29076,04:36:00,,,,,,,,,,,,,,,,,,,,,,,,,
29077,04:37:00,,,,,,,,,,,,,,,,,,,,,,,,,
29078,04:38:00,,,,,,,,,,,,,,,,,,,,,,,,,
29079,04:39:00,,,,,,,,,,,,,,,,,,,,,,,,,
29080,04:40:00,,,,,,,,,,,,,,,,,,,,,,,,,
29081,04:41:00,,,,,,,,,,,,,,,,,,,,,,,,,
29082,04:42:00,,,,,,,,,,,,,,,,,,,,,,,,,
29083,04:43:00,,,,,,,,,,,,,,,,,,,,,,,,,
29084,04:44:00,,,,,,,,,,,,,,,,,,,,,,,,,
29085,04:45:00,,,,,,,,,,,,,,,,,,,,,,,,,
29086,04:46:00,,,,,,,,,,,,,,,,,,,,,,,,,
29087,04:47:00,,,,,,,,,,,,,,,,,,,,,,,,,
29088,04:48:00,,,,,,,,,,,,,,,,,,,,,,,,,
29089,04:49:00,,,,,,,,,,,,,,,,,,,,,,,,,
29090,04:50:00,,,,,,,,,,,,,,,,,,,,,,,,,
29091,04:51:00,,,,,,,,,,,,,,,,,,,,,,,,,
29092,04:52:00,,,,,,,,,,,,,,,,,,,,,,,,,
29093,04:53:00,,,,,,,,,,,,,,,,,,,,,,,,,
29094,04:54:00,,,,,,,,,,,,,,,,,,,,,,,,,
29095,04:55:00,,,,,,,,,,,,,,,,,,,,,,,,,
29096,04:56:00,,,,,,,,,,,,,,,,,,,,,,,,,
29097,04:57:00,,,,,,,,,,,,,,,,,,,,,,,,,
29098,04:58:00,,,,,,,,,,,,,,,,,,,,,,,,,
29099,04:59:00,,,,,,,,,,,,,,,,,,,,,,,,,
29100,05:00:00,,,,,,,,,,,,,,,,,,,,,,,,,
29101,05:01:00,,,,,,,,,,,,,,,,,,,,,,,,,
29102,05:02:00,,,,,,,,,,,,,,,,,,,,,,,,,
29103,05:03:00,,,,,,,,,,,,,,,,,,,,,,,,,
29104,05:04:00,,,,,,,,,,,,,,,,,,,,,,,,,
29105,05:05:00,,,,,,,,,,,,,,,,,,,,,,,,,
29106,05:06:00,,,,,,,,,,,,,,,,,,,,,,,,,
29107,05:07:00,,,,,,,,,,,,,,,,,,,,,,,,,
29108,05:08:00,,,,,,,,,,,,,,,,,,,,,,,,,
29109,05:09:00,,,,,,,,,,,,,,,,,,,,,,,,,
29110,05:10:00,,,,,,,,,,,,,,,,,,,,,,,,,
29111,05:11:00,,,,,,,,,,,,,,,,,,,,,,,,,
29112,05:12:00,,,,,,,,,,,,,,,,,,,,,,,,,
29113,05:13:00,,,,,,,,,,,,,,,,,,,,,,,,,
29114,05:14:00,,,,,,,,,,,,,,,,,,,,,,,,,
29115,05:15:00,,,,,,,,,,,,,,,,,,,,,,,,,
29116,05:16:00,,,,,,,,,,,,,,,,,,,,,,,,,
29117,05:17:00,,,,,,,,,,,,,,,,,,,,,,,,,
29118,05:18:00,,,,,,,,,,,,,,,,,,,,,,,,,
29119,05:19:00,,,,,,,,,,,,,,,,,,,,,,,,,
29120,05:20:00,,,,,,,,,,,,,,,,,,,,,,,,,
29121,05:21:00,,,,,,,,,,,,,,,,,,,,,,,,,
29122,05:22:00,,,,,,,,,,,,,,,,,,,,,,,,,
29123,05:23:00,,,,,,,,,,,,,,,,,,,,,,,,,
29124,05:24:00,,,,,,,,,,,,,,,,,,,,,,,,,
29125,05:25:00,,,,,,,,,,,,,,,,,,,,,,,,,
29126,05:26:00,,,,,,,,,,,,,,,,,,,,,,,,,
29127,05:27:00,,,,,,,,,,,,,,,,,,,,,,,,,
29128,05:28:00,,,,,,,,,,,,,,,,,,,,,,,,,
29129,05:29:00,,,,,,,,,,,,,,,,,,,,,,,,,
29130,05:30:00,,,,,,,,,,,,,,,,,,,,,,,,,
29131,05:31:00,,,,,,,,,,,,,,,,,,,,,,,,,
29132,05:32:00,,,,,,,,,,,,,,,,,,,,,,,,,
29133,05:33:00,,,,,,,,,,,,,,,,,,,,,,,,,
29134,05:34:00,,,,,,,,,,,,,,,,,,,,,,,,,
29135,05:35:00,,,,,,,,,,,,,,,,,,,,,,,,,
29136,05:36:00,,,,,,,,,,,,,,,,,,,,,,,,,
29137,05:37:00,,,,,,,,,,,,,,,,,,,,,,,,,
29138,05:38:00,,,,,,,,,,,,,,,,,,,,,,,,,
29139,05:39:00,,,,,,,,,,,,,,,,,,,,,,,,,
29140,05:40:00,,,,,,,,,,,,,,,,,,,,,,,,,
29141,05:41:00,,,,,,,,,,,,,,,,,,,,,,,,,
29142,05:42:00,,,,,,,,,,,,,,,,,,,,,,,,,
29143,05:43:00,,,,,,,,,,,,,,,,,,,,,,,,,
29144,05:44:00,,,,,,,,,,,,,,,,,,,,,,,,,
29145,05:45:00,,,,,,,,,,,,,,,,,,,,,,,,,
29146,05:46:00,,,,,,,,,,,,,,,,,,,,,,,,,
29147,05:47:00,,,,,,,,,,,,,,,,,,,,,,,,,
29148,05:48:00,,,,,,,,,,,,,,,,,,,,,,,,,
29149,05:49:00,,,,,,,,,,,,,,,,,,,,,,,,,
29150,05:50:00,,,,,,,,,,,,,,,,,,,,,,,,,
29151,05:51:00,,,,,,,,,,,,,,,,,,,,,,,,,
29152,05:52:00,,,,,,,,,,,,,,,,,,,,,,,,,
29153,05:53:00,,,,,,,,,,,,,,,,,,,,,,,,,
29154,05:54:00,,,,,,,,,,,,,,,,,,,,,,,,,
29155,05:55:00,,,,,,,,,,,,,,,,,,,,,,,,,
29156,05:56:00,,,,,,,,,,,,,,,,,,,,,,,,,
29157,05:57:00,,,,,,,,,,,,,,,,,,,,,,,,,
29158,05:58:00,,,,,,,,,,,,,,,,,,,,,,,,,
29159,05:59:00,,,,,,,,,,,,,,,,,,,,,,,,,
29160,06:00:00,,,,,,,,,,,,,,,,,,,,,,,,,
29161,06:01:00,,,,,,,,,,,,,,,,,,,,,,,,,
29162,06:02:00,,,,,,,,,,,,,,,,,,,,,,,,,
29163,06:03:00,,,,,,,,,,,,,,,,,,,,,,,,,
29164,06:04:00,,,,,,,,,,,,,,,,,,,,,,,,,
29165,06:05:00,,,,,,,,,,,,,,,,,,,,,,,,,
29166,06:06:00,,,,,,,,,,,,,,,,,,,,,,,,,
29167,06:07:00,,,,,,,,,,,,,,,,,,,,,,,,,
29168,06:08:00,,,,,,,,,,,,,,,,,,,,,,,,,
29169,06:09:00,,,,,,,,,,,,,,,,,,,,,,,,,
29170,06:10:00,,,,,,,,,,,,,,,,,,,,,,,,,
29171,06:11:00,,,,,,,,,,,,,,,,,,,,,,,,,
29172,06:12:00,,,,,,,,,,,,,,,,,,,,,,,,,
29173,06:13:00,,,,,,,,,,,,,,,,,,,,,,,,,
29174,06:14:00,,,,,,,,,,,,,,,,,,,,,,,,,
29175,06:15:00,,,,,,,,,,,,,,,,,,,,,,,,,
29176,06:16:00,,,,,,,,,,,,,,,,,,,,,,,,,
29177,06:17:00,,,,,,,,,,,,,,,,,,,,,,,,,
29178,06:18:00,,,,,,,,,,,,,,,,,,,,,,,,,
29179,06:19:00,,,,,,,,,,,,,,,,,,,,,,,,,
29180,06:20:00,,,,,,,,,,,,,,,,,,,,,,,,,
29181,06:21:00,,,,,,,,,,,,,,,,,,,,,,,,,
29182,06:22:00,,,,,,,,,,,,,,,,,,,,,,,,,
29183,06:23:00,,,,,,,,,,,,,,,,,,,,,,,,,
29184,06:24:00,,,,,,,,,,,,,,,,,,,,,,,,,
29185,06:25:00,,,,,,,,,,,,,,,,,,,,,,,,,
29186,06:26:00,,,,,,,,,,,,,,,,,,,,,,,,,
29187,06:27:00,,,,,,,,,,,,,,,,,,,,,,,,,
29188,06:28:00,,,,,,,,,,,,,,,,,,,,,,,,,
29189,06:29:00,,,,,,,,,,,,,,,,,,,,,,,,,
29190,06:30:00,,,,,,,,,,,,,,,,,,,,,,,,,
29191,06:31:00,,,,,,,,,,,,,,,,,,,,,,,,,
29192,06:32:00,,,,,,,,,,,,,,,,,,,,,,,,,
29193,06:33:00,,,,,,,,,,,,,,,,,,,,,,,,,
29194,06:34:00,,,,,,,,,,,,,,,,,,,,,,,,,
29195,06:35:00,,,,,,,,,,,,,,,,,,,,,,,,,
29196,06:36:00,,,,,,,,,,,,,,,,,,,,,,,,,
29197,06:37:00,,,,,,,,,,,,,,,,,,,,,,,,,
29198,06:38:00,,,,,,,,,,,,,,,,,,,,,,,,,
29199,06:39:00,,,,,,,,,,,,,,,,,,,,,,,,,
29200,06:40:00,,,,,,,,,,,,,,,,,,,,,,,,,
29201,06:41:00,,,,,,,,,,,,,,,,,,,,,,,,,
29202,06:42:00,,,,,,,,,,,,,,,,,,,,,,,,,
29203,06:43:00,,,,,,,,,,,,,,,,,,,,,,,,,
29204,06:44:00,,,,,,,,,,,,,,,,,,,,,,,,,
29205,06:45:00,,,,,,,,,,,,,,,,,,,,,,,,,
29206,06:46:00,,,,,,,,,,,,,,,,,,,,,,,,,
29207,06:47:00,,,,,,,,,,,,,,,,,,,,,,,,,
29208,06:48:00,,,,,,,,,,,,,,,,,,,,,,,,,
29209,06:49:00,,,,,,,,,,,,,,,,,,,,,,,,,
29210,06:50:00,,,,,,,,,,,,,,,,,,,,,,,,,
29211,06:51:00,,,,,,,,,,,,,,,,,,,,,,,,,
29212,06:52:00,,,,,,,,,,,,,,,,,,,,,,,,,
29213,06:53:00,,,,,,,,,,,,,,,,,,,,,,,,,
29214,06:54:00,,,,,,,,,,,,,,,,,,,,,,,,,
29215,06:55:00,,,,,,,,,,,,,,,,,,,,,,,,,
29216,06:56:00,,,,,,,,,,,,,,,,,,,,,,,,,
29217,06:57:00,,,,,,,,,,,,,,,,,,,,,,,,,
29218,06:58:00,,,,,,,,,,,,,,,,,,,,,,,,,
29219,06:59:00,,,,,,,,,,,,,,,,,,,,,,,,,
29220,07:00:00,,,,,,,,,,,,,,,,,,,,,,,,,
29221,07:01:00,,,,,,,,,,,,,,,,,,,,,,,,,
29222,07:02:00,,,,,,,,,,,,,,,,,,,,,,,,,
29223,07:03:00,,,,,,,,,,,,,,,,,,,,,,,,,
29224,07:04:00,,,,,,,,,,,,,,,,,,,,,,,,,
29225,07:05:00,,,,,,,,,,,,,,,,,,,,,,,,,
29226,07:06:00,,,,,,,,,,,,,,,,,,,,,,,,,
29227,07:07:00,,,,,,,,,,,,,,,,,,,,,,,,,
29228,07:08:00,,,,,,,,,,,,,,,,,,,,,,,,,
29229,07:09:00,,,,,,,,,,,,,,,,,,,,,,,,,
29230,07:10:00,,,,,,,,,,,,,,,,,,,,,,,,,
29231,07:11:00,,,,,,,,,,,,,,,,,,,,,,,,,
29232,07:12:00,,,,,,,,,,,,,,,,,,,,,,,,,
29233,07:13:00,,,,,,,,,,,,,,,,,,,,,,,,,
29234,07:14:00,,,,,,,,,,,,,,,,,,,,,,,,,
29235,07:15:00,,,,,,,,,,,,,,,,,,,,,,,,,
29236,07:16:00,,,,,,,,,,,,,,,,,,,,,,,,,
29237,07:17:00,,,,,,,,,,,,,,,,,,,,,,,,,
29238,07:18:00,,,,,,,,,,,,,,,,,,,,,,,,,
29239,07:19:00,,,,,,,,,,,,,,,,,,,,,,,,,
29240,07:20:00,,,,,,,,,,,,,,,,,,,,,,,,,
29241,07:21:00,,,,,,,,,,,,,,,,,,,,,,,,,
29242,07:22:00,,,,,,,,,,,,,,,,,,,,,,,,,
29243,07:23:00,,,,,,,,,,,,,,,,,,,,,,,,,
29244,07:24:00,,,,,,,,,,,,,,,,,,,,,,,,,
29245,07:25:00,,,,,,,,,,,,,,,,,,,,,,,,,
29246,07:26:00,,,,,,,,,,,,,,,,,,,,,,,,,
29247,07:27:00,,,,,,,,,,,,,,,,,,,,,,,,,
29248,07:28:00,,,,,,,,,,,,,,,,,,,,,,,,,
29249,07:29:00,,,,,,,,,,,,,,,,,,,,,,,,,
29250,07:30:00,,,,,,,,,,,,,,,,,,,,,,,,,
29251,07:31:00,,,,,,,,,,,,,,,,,,,,,,,,,
29252,07:32:00,,,,,,,,,,,,,,,,,,,,,,,,,
29253,07:33:00,,,,,,,,,,,,,,,,,,,,,,,,,
29254,07:34:00,,,,,,,,,,,,,,,,,,,,,,,,,
29255,07:35:00,,,,,,,,,,,,,,,,,,,,,,,,,
29256,07:36:00,,,,,,,,,,,,,,,,,,,,,,,,,
29257,07:37:00,,,,,,,,,,,,,,,,,,,,,,,,,
29258,07:38:00,,,,,,,,,,,,,,,,,,,,,,,,,
29259,07:39:00,,,,,,,,,,,,,,,,,,,,,,,,,
29260,07:40:00,,,,,,,,,,,,,,,,,,,,,,,,,
29261,07:41:00,,,,,,,,,,,,,,,,,,,,,,,,,
29262,07:42:00,,,,,,,,,,,,,,,,,,,,,,,,,
29263,07:43:00,,,,,,,,,,,,,,,,,,,,,,,,,
29264,07:44:00,,,,,,,,,,,,,,,,,,,,,,,,,
29265,07:45:00,,,,,,,,,,,,,,,,,,,,,,,,,
29266,07:46:00,,,,,,,,,,,,,,,,,,,,,,,,,
29267,07:47:00,,,,,,,,,,,,,,,,,,,,,,,,,
29268,07:48:00,,,,,,,,,,,,,,,,,,,,,,,,,
29269,07:49:00,,,,,,,,,,,,,,,,,,,,,,,,,
29270,07:50:00,,,,,,,,,,,,,,,,,,,,,,,,,
29271,07:51:00,,,,,,,,,,,,,,,,,,,,,,,,,
29272,07:52:00,,,,,,,,,,,,,,,,,,,,,,,,,
29273,07:53:00,,,,,,,,,,,,,,,,,,,,,,,,,
29274,07:54:00,,,,,,,,,,,,,,,,,,,,,,,,,
29275,07:55:00,,,,,,,,,,,,,,,,,,,,,,,,,
29276,07:56:00,,,,,,,,,,,,,,,,,,,,,,,,,
29277,07:57:00,,,,,,,,,,,,,,,,,,,,,,,,,
29278,07:58:00,,,,,,,,,,,,,,,,,,,,,,,,,
29279,07:59:00,,,,,,,,,,,,,,,,,,,,,,,,,
29280,08:00:00,,,,,,,,,,,,,,,,,,,,,,,,,
29281,08:01:00,,,,,,,,,,,,,,,,,,,,,,,,,
29282,08:02:00,,,,,,,,,,,,,,,,,,,,,,,,,
29283,08:03:00,,,,,,,,,,,,,,,,,,,,,,,,,
29284,08:04:00,,,,,,,,,,,,,,,,,,,,,,,,,
29285,08:05:00,,,,,,,,,,,,,,,,,,,,,,,,,
29286,08:06:00,,,,,,,,,,,,,,,,,,,,,,,,,
29287,08:07:00,,,,,,,,,,,,,,,,,,,,,,,,,
29288,08:08:00,,,,,,,,,,,,,,,,,,,,,,,,,
29289,08:09:00,,,,,,,,,,,,,,,,,,,,,,,,,
29290,08:10:00,,,,,,,,,,,,,,,,,,,,,,,,,
29291,08:11:00,,,,,,,,,,,,,,,,,,,,,,,,,
29292,08:12:00,,,,,,,,,,,,,,,,,,,,,,,,,
29293,08:13:00,,,,,,,,,,,,,,,,,,,,,,,,,
29294,08:14:00,,,,,,,,,,,,,,,,,,,,,,,,,
29295,08:15:00,,,,,,,,,,,,,,,,,,,,,,,,,
29296,08:16:00,,,,,,,,,,,,,,,,,,,,,,,,,
29297,08:17:00,,,,,,,,,,,,,,,,,,,,,,,,,
29298,08:18:00,,,,,,,,,,,,,,,,,,,,,,,,,
29299,08:19:00,,,,,,,,,,,,,,,,,,,,,,,,,
29300,08:20:00,,,,,,,,,,,,,,,,,,,,,,,,,
29301,08:21:00,,,,,,,,,,,,,,,,,,,,,,,,,
29302,08:22:00,,,,,,,,,,,,,,,,,,,,,,,,,
29303,08:23:00,,,,,,,,,,,,,,,,,,,,,,,,,
29304,08:24:00,,,,,,,,,,,,,,,,,,,,,,,,,
29305,08:25:00,,,,,,,,,,,,,,,,,,,,,,,,,
29306,08:26:00,,,,,,,,,,,,,,,,,,,,,,,,,
29307,08:27:00,,,,,,,,,,,,,,,,,,,,,,,,,
29308,08:28:00,,,,,,,,,,,,,,,,,,,,,,,,,
29309,08:29:00,,,,,,,,,,,,,,,,,,,,,,,,,
29310,08:30:00,,,,,,,,,,,,,,,,,,,,,,,,,
29311,08:31:00,,,,,,,,,,,,,,,,,,,,,,,,,
29312,08:32:00,,,,,,,,,,,,,,,,,,,,,,,,,
29313,08:33:00,,,,,,,,,,,,,,,,,,,,,,,,,
29314,08:34:00,,,,,,,,,,,,,,,,,,,,,,,,,
29315,08:35:00,,,,,,,,,,,,,,,,,,,,,,,,,
29316,08:36:00,,,,,,,,,,,,,,,,,,,,,,,,,
29317,08:37:00,,,,,,,,,,,,,,,,,,,,,,,,,
29318,08:38:00,,,,,,,,,,,,,,,,,,,,,,,,,
29319,08:39:00,,,,,,,,,,,,,,,,,,,,,,,,,
29320,08:40:00,,,,,,,,,,,,,,,,,,,,,,,,,
29321,08:41:00,,,,,,,,,,,,,,,,,,,,,,,,,
29322,08:42:00,,,,,,,,,,,,,,,,,,,,,,,,,
29323,08:43:00,,,,,,,,,,,,,,,,,,,,,,,,,
29324,08:44:00,,,,,,,,,,,,,,,,,,,,,,,,,
29325,08:45:00,,,,,,,,,,,,,,,,,,,,,,,,,
29326,08:46:00,,,,,,,,,,,,,,,,,,,,,,,,,
29327,08:47:00,,,,,,,,,,,,,,,,,,,,,,,,,
29328,08:48:00,,,,,,,,,,,,,,,,,,,,,,,,,
29329,08:49:00,,,,,,,,,,,,,,,,,,,,,,,,,
29330,08:50:00,,,,,,,,,,,,,,,,,,,,,,,,,
29331,08:51:00,,,,,,,,,,,,,,,,,,,,,,,,,
29332,08:52:00,,,,,,,,,,,,,,,,,,,,,,,,,
29333,08:53:00,,,,,,,,,,,,,,,,,,,,,,,,,
29334,08:54:00,,,,,,,,,,,,,,,,,,,,,,,,,
29335,08:55:00,,,,,,,,,,,,,,,,,,,,,,,,,
29336,08:56:00,,,,,,,,,,,,,,,,,,,,,,,,,
29337,08:57:00,,,,,,,,,,,,,,,,,,,,,,,,,
29338,08:58:00,,,,,,,,,,,,,,,,,,,,,,,,,
29339,08:59:00,,,,,,,,,,,,,,,,,,,,,,,,,
29340,09:00:00,,,,,,,,,,,,,,,,,,,,,,,,,
29341,09:01:00,,,,,,,,,,,,,,,,,,,,,,,,,
29342,09:02:00,,,,,,,,,,,,,,,,,,,,,,,,,
29343,09:03:00,,,,,,,,,,,,,,,,,,,,,,,,,
29344,09:04:00,,,,,,,,,,,,,,,,,,,,,,,,,
29345,09:05:00,,,,,,,,,,,,,,,,,,,,,,,,,
29346,09:06:00,,,,,,,,,,,,,,,,,,,,,,,,,
29347,09:07:00,,,,,,,,,,,,,,,,,,,,,,,,,
29348,09:08:00,,,,,,,,,,,,,,,,,,,,,,,,,
29349,09:09:00,,,,,,,,,,,,,,,,,,,,,,,,,
29350,09:10:00,,,,,,,,,,,,,,,,,,,,,,,,,
29351,09:11:00,,,,,,,,,,,,,,,,,,,,,,,,,
29352,09:12:00,,,,,,,,,,,,,,,,,,,,,,,,,
29353,09:13:00,,,,,,,,,,,,,,,,,,,,,,,,,
29354,09:14:00,,,,,,,,,,,,,,,,,,,,,,,,,
29355,09:15:00,,,,,,,,,,,,,,,,,,,,,,,,,
29356,09:16:00,,,,,,,,,,,,,,,,,,,,,,,,,
29357,09:17:00,,,,,,,,,,,,,,,,,,,,,,,,,
29358,09:18:00,,,,,,,,,,,,,,,,,,,,,,,,,
29359,09:19:00,,,,,,,,,,,,,,,,,,,,,,,,,
29360,09:20:00,,,,,,,,,,,,,,,,,,,,,,,,,
29361,09:21:00,,,,,,,,,,,,,,,,,,,,,,,,,
29362,09:22:00,,,,,,,,,,,,,,,,,,,,,,,,,
29363,09:23:00,,,,,,,,,,,,,,,,,,,,,,,,,
29364,09:24:00,,,,,,,,,,,,,,,,,,,,,,,,,
29365,09:25:00,,,,,,,,,,,,,,,,,,,,,,,,,
29366,09:26:00,,,,,,,,,,,,,,,,,,,,,,,,,
29367,09:27:00,,,,,,,,,,,,,,,,,,,,,,,,,
29368,09:28:00,,,,,,,,,,,,,,,,,,,,,,,,,
29369,09:29:00,,,,,,,,,,,,,,,,,,,,,,,,,
29370,09:30:00,,,,,,,,,,,,,,,,,,,,,,,,,
29371,09:31:00,,,,,,,,,,,,,,,,,,,,,,,,,
29372,09:32:00,,,,,,,,,,,,,,,,,,,,,,,,,
29373,09:33:00,,,,,,,,,,,,,,,,,,,,,,,,,
29374,09:34:00,,,,,,,,,,,,,,,,,,,,,,,,,
29375,09:35:00,,,,,,,,,,,,,,,,,,,,,,,,,
29376,09:36:00,,,,,,,,,,,,,,,,,,,,,,,,,
29377,09:37:00,,,,,,,,,,,,,,,,,,,,,,,,,
29378,09:38:00,,,,,,,,,,,,,,,,,,,,,,,,,
29379,09:39:00,,,,,,,,,,,,,,,,,,,,,,,,,
29380,09:40:00,,,,,,,,,,,,,,,,,,,,,,,,,
29381,09:41:00,,,,,,,,,,,,,,,,,,,,,,,,,
29382,09:42:00,,,,,,,,,,,,,,,,,,,,,,,,,
29383,09:43:00,,,,,,,,,,,,,,,,,,,,,,,,,
29384,09:44:00,,,,,,,,,,,,,,,,,,,,,,,,,
29385,09:45:00,,,,,,,,,,,,,,,,,,,,,,,,,
29386,09:46:00,,,,,,,,,,,,,,,,,,,,,,,,,
29387,09:47:00,,,,,,,,,,,,,,,,,,,,,,,,,
29388,09:48:00,,,,,,,,,,,,,,,,,,,,,,,,,
29389,09:49:00,,,,,,,,,,,,,,,,,,,,,,,,,
29390,09:50:00,,,,,,,,,,,,,,,,,,,,,,,,,
29391,09:51:00,,,,,,,,,,,,,,,,,,,,,,,,,
29392,09:52:00,,,,,,,,,,,,,,,,,,,,,,,,,
29393,09:53:00,,,,,,,,,,,,,,,,,,,,,,,,,
29394,09:54:00,,,,,,,,,,,,,,,,,,,,,,,,,
29395,09:55:00,,,,,,,,,,,,,,,,,,,,,,,,,
29396,09:56:00,,,,,,,,,,,,,,,,,,,,,,,,,
29397,09:57:00,,,,,,,,,,,,,,,,,,,,,,,,,
29398,09:58:00,,,,,,,,,,,,,,,,,,,,,,,,,
29399,09:59:00,,,,,,,,,,,,,,,,,,,,,,,,,
29400,10:00:00,,,,,,,,,,,,,,,,,,,,,,,,,
29401,10:01:00,,,,,,,,,,,,,,,,,,,,,,,,,
29402,10:02:00,,,,,,,,,,,,,,,,,,,,,,,,,
29403,10:03:00,,,,,,,,,,,,,,,,,,,,,,,,,
29404,10:04:00,,,,,,,,,,,,,,,,,,,,,,,,,
29405,10:05:00,,,,,,,,,,,,,,,,,,,,,,,,,
29406,10:06:00,,,,,,,,,,,,,,,,,,,,,,,,,
29407,10:07:00,,,,,,,,,,,,,,,,,,,,,,,,,
29408,10:08:00,,,,,,,,,,,,,,,,,,,,,,,,,
29409,10:09:00,,,,,,,,,,,,,,,,,,,,,,,,,
29410,10:10:00,,,,,,,,,,,,,,,,,,,,,,,,,
29411,10:11:00,,,,,,,,,,,,,,,,,,,,,,,,,
29412,10:12:00,,,,,,,,,,,,,,,,,,,,,,,,,
29413,10:13:00,,,,,,,,,,,,,,,,,,,,,,,,,
29414,10:14:00,,,,,,,,,,,,,,,,,,,,,,,,,
29415,10:15:00,,,,,,,,,,,,,,,,,,,,,,,,,
29416,10:16:00,,,,,,,,,,,,,,,,,,,,,,,,,
29417,10:17:00,,,,,,,,,,,,,,,,,,,,,,,,,
29418,10:18:00,,,,,,,,,,,,,,,,,,,,,,,,,
29419,10:19:00,,,,,,,,,,,,,,,,,,,,,,,,,
29420,10:20:00,,,,,,,,,,,,,,,,,,,,,,,,,
29421,10:21:00,,,,,,,,,,,,,,,,,,,,,,,,,
29422,10:22:00,,,,,,,,,,,,,,,,,,,,,,,,,
29423,10:23:00,,,,,,,,,,,,,,,,,,,,,,,,,
29424,10:24:00,,,,,,,,,,,,,,,,,,,,,,,,,
29425,10:25:00,,,,,,,,,,,,,,,,,,,,,,,,,
29426,10:26:00,,,,,,,,,,,,,,,,,,,,,,,,,
29427,10:27:00,,,,,,,,,,,,,,,,,,,,,,,,,
29428,10:28:00,,,,,,,,,,,,,,,,,,,,,,,,,
29429,10:29:00,,,,,,,,,,,,,,,,,,,,,,,,,
29430,10:30:00,,,,,,,,,,,,,,,,,,,,,,,,,
29431,10:31:00,,,,,,,,,,,,,,,,,,,,,,,,,
29432,10:32:00,,,,,,,,,,,,,,,,,,,,,,,,,
29433,10:33:00,,,,,,,,,,,,,,,,,,,,,,,,,
29434,10:34:00,,,,,,,,,,,,,,,,,,,,,,,,,
29435,10:35:00,,,,,,,,,,,,,,,,,,,,,,,,,
29436,10:36:00,,,,,,,,,,,,,,,,,,,,,,,,,
29437,10:37:00,,,,,,,,,,,,,,,,,,,,,,,,,
29438,10:38:00,,,,,,,,,,,,,,,,,,,,,,,,,
29439,10:39:00,,,,,,,,,,,,,,,,,,,,,,,,,
29440,10:40:00,,,,,,,,,,,,,,,,,,,,,,,,,
29441,10:41:00,,,,,,,,,,,,,,,,,,,,,,,,,
29442,10:42:00,,,,,,,,,,,,,,,,,,,,,,,,,
29443,10:43:00,,,,,,,,,,,,,,,,,,,,,,,,,
29444,10:44:00,,,,,,,,,,,,,,,,,,,,,,,,,
29445,10:45:00,,,,,,,,,,,,,,,,,,,,,,,,,
29446,10:46:00,,,,,,,,,,,,,,,,,,,,,,,,,
29447,10:47:00,,,,,,,,,,,,,,,,,,,,,,,,,
29448,10:48:00,,,,,,,,,,,,,,,,,,,,,,,,,
29449,10:49:00,,,,,,,,,,,,,,,,,,,,,,,,,
29450,10:50:00,,,,,,,,,,,,,,,,,,,,,,,,,
29451,10:51:00,,,,,,,,,,,,,,,,,,,,,,,,,
29452,10:52:00,,,,,,,,,,,,,,,,,,,,,,,,,
29453,10:53:00,,,,,,,,,,,,,,,,,,,,,,,,,
29454,10:54:00,,,,,,,,,,,,,,,,,,,,,,,,,
29455,10:55:00,,,,,,,,,,,,,,,,,,,,,,,,,
29456,10:56:00,,,,,,,,,,,,,,,,,,,,,,,,,
29457,10:57:00,,,,,,,,,,,,,,,,,,,,,,,,,
29458,10:58:00,,,,,,,,,,,,,,,,,,,,,,,,,
29459,10:59:00,,,,,,,,,,,,,,,,,,,,,,,,,
29460,11:00:00,,,,,,,,,,,,,,,,,,,,,,,,,
29461,11:01:00,,,,,,,,,,,,,,,,,,,,,,,,,
29462,11:02:00,,,,,,,,,,,,,,,,,,,,,,,,,
29463,11:03:00,,,,,,,,,,,,,,,,,,,,,,,,,
29464,11:04:00,,,,,,,,,,,,,,,,,,,,,,,,,
29465,11:05:00,,,,,,,,,,,,,,,,,,,,,,,,,
29466,11:06:00,,,,,,,,,,,,,,,,,,,,,,,,,
29467,11:07:00,,,,,,,,,,,,,,,,,,,,,,,,,
29468,11:08:00,,,,,,,,,,,,,,,,,,,,,,,,,
29469,11:09:00,,,,,,,,,,,,,,,,,,,,,,,,,
29470,11:10:00,,,,,,,,,,,,,,,,,,,,,,,,,
29471,11:11:00,,,,,,,,,,,,,,,,,,,,,,,,,
29472,11:12:00,,,,,,,,,,,,,,,,,,,,,,,,,
29473,11:13:00,,,,,,,,,,,,,,,,,,,,,,,,,
29474,11:14:00,,,,,,,,,,,,,,,,,,,,,,,,,
29475,11:15:00,,,,,,,,,,,,,,,,,,,,,,,,,
29476,11:16:00,,,,,,,,,,,,,,,,,,,,,,,,,
29477,11:17:00,,,,,,,,,,,,,,,,,,,,,,,,,
29478,11:18:00,,,,,,,,,,,,,,,,,,,,,,,,,
29479,11:19:00,,,,,,,,,,,,,,,,,,,,,,,,,
29480,11:20:00,,,,,,,,,,,,,,,,,,,,,,,,,
29481,11:21:00,,,,,,,,,,,,,,,,,,,,,,,,,
29482,11:22:00,,,,,,,,,,,,,,,,,,,,,,,,,
29483,11:23:00,,,,,,,,,,,,,,,,,,,,,,,,,
29484,11:24:00,,,,,,,,,,,,,,,,,,,,,,,,,
29485,11:25:00,,,,,,,,,,,,,,,,,,,,,,,,,
29486,11:26:00,,,,,,,,,,,,,,,,,,,,,,,,,
29487,11:27:00,,,,,,,,,,,,,,,,,,,,,,,,,
29488,11:28:00,,,,,,,,,,,,,,,,,,,,,,,,,
29489,11:29:00,,,,,,,,,,,,,,,,,,,,,,,,,
29490,11:30:00,,,,,,,,,,,,,,,,,,,,,,,,,
29491,11:31:00,,,,,,,,,,,,,,,,,,,,,,,,,
29492,11:32:00,,,,,,,,,,,,,,,,,,,,,,,,,
29493,11:33:00,,,,,,,,,,,,,,,,,,,,,,,,,
29494,11:34:00,,,,,,,,,,,,,,,,,,,,,,,,,
29495,11:35:00,,,,,,,,,,,,,,,,,,,,,,,,,
29496,11:36:00,,,,,,,,,,,,,,,,,,,,,,,,,
29497,11:37:00,,,,,,,,,,,,,,,,,,,,,,,,,
29498,11:38:00,,,,,,,,,,,,,,,,,,,,,,,,,
29499,11:39:00,,,,,,,,,,,,,,,,,,,,,,,,,
29500,11:40:00,,,,,,,,,,,,,,,,,,,,,,,,,
29501,11:41:00,,,,,,,,,,,,,,,,,,,,,,,,,
29502,11:42:00,,,,,,,,,,,,,,,,,,,,,,,,,
29503,11:43:00,,,,,,,,,,,,,,,,,,,,,,,,,
29504,11:44:00,,,,,,,,,,,,,,,,,,,,,,,,,
29505,11:45:00,,,,,,,,,,,,,,,,,,,,,,,,,
29506,11:46:00,,,,,,,,,,,,,,,,,,,,,,,,,
29507,11:47:00,,,,,,,,,,,,,,,,,,,,,,,,,
29508,11:48:00,,,,,,,,,,,,,,,,,,,,,,,,,
29509,11:49:00,,,,,,,,,,,,,,,,,,,,,,,,,
29510,11:50:00,,,,,,,,,,,,,,,,,,,,,,,,,
29511,11:51:00,,,,,,,,,,,,,,,,,,,,,,,,,
29512,11:52:00,,,,,,,,,,,,,,,,,,,,,,,,,
29513,11:53:00,,,,,,,,,,,,,,,,,,,,,,,,,
29514,11:54:00,,,,,,,,,,,,,,,,,,,,,,,,,
29515,11:55:00,,,,,,,,,,,,,,,,,,,,,,,,,
29516,11:56:00,,,,,,,,,,,,,,,,,,,,,,,,,
29517,11:57:00,,,,,,,,,,,,,,,,,,,,,,,,,
29518,11:58:00,,,,,,,,,,,,,,,,,,,,,,,,,
29519,11:59:00,,,,,,,,,,,,,,,,,,,,,,,,,
29520,12:00:00,,,,,,,,,,,,,,,,,,,,,,,,,
29521,12:01:00,,,,,,,,,,,,,,,,,,,,,,,,,
29522,12:02:00,,,,,,,,,,,,,,,,,,,,,,,,,
29523,12:03:00,,,,,,,,,,,,,,,,,,,,,,,,,
29524,12:04:00,,,,,,,,,,,,,,,,,,,,,,,,,
29525,12:05:00,,,,,,,,,,,,,,,,,,,,,,,,,
29526,12:06:00,,,,,,,,,,,,,,,,,,,,,,,,,
29527,12:07:00,,,,,,,,,,,,,,,,,,,,,,,,,
29528,12:08:00,,,,,,,,,,,,,,,,,,,,,,,,,
29529,12:09:00,,,,,,,,,,,,,,,,,,,,,,,,,
29530,12:10:00,,,,,,,,,,,,,,,,,,,,,,,,,
29531,12:11:00,,,,,,,,,,,,,,,,,,,,,,,,,
29532,12:12:00,,,,,,,,,,,,,,,,,,,,,,,,,
29533,12:13:00,,,,,,,,,,,,,,,,,,,,,,,,,
29534,12:14:00,,,,,,,,,,,,,,,,,,,,,,,,,
29535,12:15:00,,,,,,,,,,,,,,,,,,,,,,,,,
29536,12:16:00,,,,,,,,,,,,,,,,,,,,,,,,,
29537,12:17:00,,,,,,,,,,,,,,,,,,,,,,,,,
29538,12:18:00,,,,,,,,,,,,,,,,,,,,,,,,,
29539,12:19:00,,,,,,,,,,,,,,,,,,,,,,,,,
29540,12:20:00,,,,,,,,,,,,,,,,,,,,,,,,,
29541,12:21:00,,,,,,,,,,,,,,,,,,,,,,,,,
29542,12:22:00,,,,,,,,,,,,,,,,,,,,,,,,,
29543,12:23:00,,,,,,,,,,,,,,,,,,,,,,,,,
29544,12:24:00,,,,,,,,,,,,,,,,,,,,,,,,,
29545,12:25:00,,,,,,,,,,,,,,,,,,,,,,,,,
29546,12:26:00,,,,,,,,,,,,,,,,,,,,,,,,,
29547,12:27:00,,,,,,,,,,,,,,,,,,,,,,,,,
29548,12:28:00,,,,,,,,,,,,,,,,,,,,,,,,,
29549,12:29:00,,,,,,,,,,,,,,,,,,,,,,,,,
29550,12:30:00,,,,,,,,,,,,,,,,,,,,,,,,,
29551,12:31:00,,,,,,,,,,,,,,,,,,,,,,,,,
29552,12:32:00,,,,,,,,,,,,,,,,,,,,,,,,,
29553,12:33:00,,,,,,,,,,,,,,,,,,,,,,,,,
29554,12:34:00,,,,,,,,,,,,,,,,,,,,,,,,,
29555,12:35:00,,,,,,,,,,,,,,,,,,,,,,,,,
29556,12:36:00,,,,,,,,,,,,,,,,,,,,,,,,,
29557,12:37:00,,,,,,,,,,,,,,,,,,,,,,,,,
29558,12:38:00,,,,,,,,,,,,,,,,,,,,,,,,,
29559,12:39:00,,,,,,,,,,,,,,,,,,,,,,,,,
29560,12:40:00,,,,,,,,,,,,,,,,,,,,,,,,,
29561,12:41:00,,,,,,,,,,,,,,,,,,,,,,,,,
29562,12:42:00,,,,,,,,,,,,,,,,,,,,,,,,,
29563,12:43:00,,,,,,,,,,,,,,,,,,,,,,,,,
29564,12:44:00,,,,,,,,,,,,,,,,,,,,,,,,,
29565,12:45:00,,,,,,,,,,,,,,,,,,,,,,,,,
29566,12:46:00,,,,,,,,,,,,,,,,,,,,,,,,,
29567,12:47:00,,,,,,,,,,,,,,,,,,,,,,,,,
29568,12:48:00,,,,,,,,,,,,,,,,,,,,,,,,,
29569,12:49:00,,,,,,,,,,,,,,,,,,,,,,,,,
29570,12:50:00,,,,,,,,,,,,,,,,,,,,,,,,,
29571,12:51:00,,,,,,,,,,,,,,,,,,,,,,,,,
29572,12:52:00,,,,,,,,,,,,,,,,,,,,,,,,,
29573,12:53:00,,,,,,,,,,,,,,,,,,,,,,,,,
29574,12:54:00,,,,,,,,,,,,,,,,,,,,,,,,,
29575,12:55:00,,,,,,,,,,,,,,,,,,,,,,,,,
29576,12:56:00,,,,,,,,,,,,,,,,,,,,,,,,,
29577,12:57:00,,,,,,,,,,,,,,,,,,,,,,,,,
29578,12:58:00,,,,,,,,,,,,,,,,,,,,,,,,,
29579,12:59:00,,,,,,,,,,,,,,,,,,,,,,,,,
29580,13:00:00,,,,,,,,,,,,,,,,,,,,,,,,,
29581,13:01:00,,,,,,,,,,,,,,,,,,,,,,,,,
29582,13:02:00,,,,,,,,,,,,,,,,,,,,,,,,,
29583,13:03:00,,,,,,,,,,,,,,,,,,,,,,,,,
29584,13:04:00,,,,,,,,,,,,,,,,,,,,,,,,,
29585,13:05:00,,,,,,,,,,,,,,,,,,,,,,,,,
29586,13:06:00,,,,,,,,,,,,,,,,,,,,,,,,,
29587,13:07:00,,,,,,,,,,,,,,,,,,,,,,,,,
29588,13:08:00,,,,,,,,,,,,,,,,,,,,,,,,,
29589,13:09:00,,,,,,,,,,,,,,,,,,,,,,,,,
29590,13:10:00,,,,,,,,,,,,,,,,,,,,,,,,,
29591,13:11:00,,,,,,,,,,,,,,,,,,,,,,,,,
29592,13:12:00,,,,,,,,,,,,,,,,,,,,,,,,,
29593,13:13:00,,,,,,,,,,,,,,,,,,,,,,,,,
29594,13:14:00,,,,,,,,,,,,,,,,,,,,,,,,,
29595,13:15:00,,,,,,,,,,,,,,,,,,,,,,,,,
29596,13:16:00,,,,,,,,,,,,,,,,,,,,,,,,,
29597,13:17:00,,,,,,,,,,,,,,,,,,,,,,,,,
29598,13:18:00,,,,,,,,,,,,,,,,,,,,,,,,,
29599,13:19:00,,,,,,,,,,,,,,,,,,,,,,,,,
29600,13:20:00,,,,,,,,,,,,,,,,,,,,,,,,,
29601,13:21:00,,,,,,,,,,,,,,,,,,,,,,,,,
29602,13:22:00,,,,,,,,,,,,,,,,,,,,,,,,,
29603,13:23:00,,,,,,,,,,,,,,,,,,,,,,,,,
29604,13:24:00,,,,,,,,,,,,,,,,,,,,,,,,,
29605,13:25:00,,,,,,,,,,,,,,,,,,,,,,,,,
29606,13:26:00,,,,,,,,,,,,,,,,,,,,,,,,,
29607,13:27:00,,,,,,,,,,,,,,,,,,,,,,,,,
29608,13:28:00,,,,,,,,,,,,,,,,,,,,,,,,,
29609,13:29:00,,,,,,,,,,,,,,,,,,,,,,,,,
29610,13:30:00,,,,,,,,,,,,,,,,,,,,,,,,,
29611,13:31:00,,,,,,,,,,,,,,,,,,,,,,,,,
29612,13:32:00,,,,,,,,,,,,,,,,,,,,,,,,,
29613,13:33:00,,,,,,,,,,,,,,,,,,,,,,,,,
29614,13:34:00,,,,,,,,,,,,,,,,,,,,,,,,,
29615,13:35:00,,,,,,,,,,,,,,,,,,,,,,,,,
29616,13:36:00,,,,,,,,,,,,,,,,,,,,,,,,,
29617,13:37:00,,,,,,,,,,,,,,,,,,,,,,,,,
29618,13:38:00,,,,,,,,,,,,,,,,,,,,,,,,,
29619,13:39:00,,,,,,,,,,,,,,,,,,,,,,,,,
29620,13:40:00,,,,,,,,,,,,,,,,,,,,,,,,,
29621,13:41:00,,,,,,,,,,,,,,,,,,,,,,,,,
29622,13:42:00,,,,,,,,,,,,,,,,,,,,,,,,,
29623,13:43:00,,,,,,,,,,,,,,,,,,,,,,,,,
29624,13:44:00,,,,,,,,,,,,,,,,,,,,,,,,,
29625,13:45:00,,,,,,,,,,,,,,,,,,,,,,,,,
29626,13:46:00,,,,,,,,,,,,,,,,,,,,,,,,,
29627,13:47:00,,,,,,,,,,,,,,,,,,,,,,,,,
29628,13:48:00,,,,,,,,,,,,,,,,,,,,,,,,,
29629,13:49:00,,,,,,,,,,,,,,,,,,,,,,,,,
29630,13:50:00,,,,,,,,,,,,,,,,,,,,,,,,,
29631,13:51:00,,,,,,,,,,,,,,,,,,,,,,,,,
29632,13:52:00,,,,,,,,,,,,,,,,,,,,,,,,,
29633,13:53:00,,,,,,,,,,,,,,,,,,,,,,,,,
29634,13:54:00,,,,,,,,,,,,,,,,,,,,,,,,,
29635,13:55:00,,,,,,,,,,,,,,,,,,,,,,,,,
29636,13:56:00,,,,,,,,,,,,,,,,,,,,,,,,,
29637,13:57:00,,,,,,,,,,,,,,,,,,,,,,,,,
29638,13:58:00,,,,,,,,,,,,,,,,,,,,,,,,,
29639,13:59:00,,,,,,,,,,,,,,,,,,,,,,,,,
29640,14:00:00,,,,,,,,,,,,,,,,,,,,,,,,,
29641,14:01:00,,,,,,,,,,,,,,,,,,,,,,,,,
29642,14:02:00,,,,,,,,,,,,,,,,,,,,,,,,,
29643,14:03:00,,,,,,,,,,,,,,,,,,,,,,,,,
29644,14:04:00,,,,,,,,,,,,,,,,,,,,,,,,,
29645,14:05:00,,,,,,,,,,,,,,,,,,,,,,,,,
29646,14:06:00,,,,,,,,,,,,,,,,,,,,,,,,,
29647,14:07:00,,,,,,,,,,,,,,,,,,,,,,,,,
29648,14:08:00,,,,,,,,,,,,,,,,,,,,,,,,,
29649,14:09:00,,,,,,,,,,,,,,,,,,,,,,,,,
29650,14:10:00,,,,,,,,,,,,,,,,,,,,,,,,,
29651,14:11:00,,,,,,,,,,,,,,,,,,,,,,,,,
29652,14:12:00,,,,,,,,,,,,,,,,,,,,,,,,,
29653,14:13:00,,,,,,,,,,,,,,,,,,,,,,,,,
29654,14:14:00,,,,,,,,,,,,,,,,,,,,,,,,,
29655,14:15:00,,,,,,,,,,,,,,,,,,,,,,,,,
29656,14:16:00,,,,,,,,,,,,,,,,,,,,,,,,,
29657,14:17:00,,,,,,,,,,,,,,,,,,,,,,,,,
29658,14:18:00,,,,,,,,,,,,,,,,,,,,,,,,,
29659,14:19:00,,,,,,,,,,,,,,,,,,,,,,,,,
29660,14:20:00,,,,,,,,,,,,,,,,,,,,,,,,,
29661,14:21:00,,,,,,,,,,,,,,,,,,,,,,,,,
29662,14:22:00,,,,,,,,,,,,,,,,,,,,,,,,,
29663,14:23:00,,,,,,,,,,,,,,,,,,,,,,,,,
29664,14:24:00,,,,,,,,,,,,,,,,,,,,,,,,,
29665,14:25:00,,,,,,,,,,,,,,,,,,,,,,,,,
29666,14:26:00,,,,,,,,,,,,,,,,,,,,,,,,,
29667,14:27:00,,,,,,,,,,,,,,,,,,,,,,,,,
29668,14:28:00,,,,,,,,,,,,,,,,,,,,,,,,,
29669,14:29:00,,,,,,,,,,,,,,,,,,,,,,,,,
29670,14:30:00,,,,,,,,,,,,,,,,,,,,,,,,,
29671,14:31:00,,,,,,,,,,,,,,,,,,,,,,,,,
29672,14:32:00,,,,,,,,,,,,,,,,,,,,,,,,,
29673,14:33:00,,,,,,,,,,,,,,,,,,,,,,,,,
29674,14:34:00,,,,,,,,,,,,,,,,,,,,,,,,,
29675,14:35:00,,,,,,,,,,,,,,,,,,,,,,,,,
29676,14:36:00,,,,,,,,,,,,,,,,,,,,,,,,,
29677,14:37:00,,,,,,,,,,,,,,,,,,,,,,,,,
29678,14:38:00,,,,,,,,,,,,,,,,,,,,,,,,,
29679,14:39:00,,,,,,,,,,,,,,,,,,,,,,,,,
29680,14:40:00,,,,,,,,,,,,,,,,,,,,,,,,,
29681,14:41:00,,,,,,,,,,,,,,,,,,,,,,,,,
29682,14:42:00,,,,,,,,,,,,,,,,,,,,,,,,,
29683,14:43:00,,,,,,,,,,,,,,,,,,,,,,,,,
29684,14:44:00,,,,,,,,,,,,,,,,,,,,,,,,,
29685,14:45:00,,,,,,,,,,,,,,,,,,,,,,,,,
29686,14:46:00,,,,,,,,,,,,,,,,,,,,,,,,,
29687,14:47:00,,,,,,,,,,,,,,,,,,,,,,,,,
29688,14:48:00,,,,,,,,,,,,,,,,,,,,,,,,,
29689,14:49:00,,,,,,,,,,,,,,,,,,,,,,,,,
29690,14:50:00,,,,,,,,,,,,,,,,,,,,,,,,,
29691,14:51:00,,,,,,,,,,,,,,,,,,,,,,,,,
29692,14:52:00,,,,,,,,,,,,,,,,,,,,,,,,,
29693,14:53:00,,,,,,,,,,,,,,,,,,,,,,,,,
29694,14:54:00,,,,,,,,,,,,,,,,,,,,,,,,,
29695,14:55:00,,,,,,,,,,,,,,,,,,,,,,,,,
29696,14:56:00,,,,,,,,,,,,,,,,,,,,,,,,,
29697,14:57:00,,,,,,,,,,,,,,,,,,,,,,,,,
29698,14:58:00,,,,,,,,,,,,,,,,,,,,,,,,,
29699,14:59:00,,,,,,,,,,,,,,,,,,,,,,,,,
29700,15:00:00,,,,,,,,,,,,,,,,,,,,,,,,,
29701,15:01:00,,,,,,,,,,,,,,,,,,,,,,,,,
29702,15:02:00,,,,,,,,,,,,,,,,,,,,,,,,,
29703,15:03:00,,,,,,,,,,,,,,,,,,,,,,,,,
29704,15:04:00,,,,,,,,,,,,,,,,,,,,,,,,,
29705,15:05:00,,,,,,,,,,,,,,,,,,,,,,,,,
29706,15:06:00,,,,,,,,,,,,,,,,,,,,,,,,,
29707,15:07:00,,,,,,,,,,,,,,,,,,,,,,,,,
29708,15:08:00,,,,,,,,,,,,,,,,,,,,,,,,,
29709,15:09:00,,,,,,,,,,,,,,,,,,,,,,,,,
29710,15:10:00,,,,,,,,,,,,,,,,,,,,,,,,,
29711,15:11:00,,,,,,,,,,,,,,,,,,,,,,,,,
29712,15:12:00,,,,,,,,,,,,,,,,,,,,,,,,,
29713,15:13:00,,,,,,,,,,,,,,,,,,,,,,,,,
29714,15:14:00,,,,,,,,,,,,,,,,,,,,,,,,,
29715,15:15:00,,,,,,,,,,,,,,,,,,,,,,,,,
29716,15:16:00,,,,,,,,,,,,,,,,,,,,,,,,,
29717,15:17:00,,,,,,,,,,,,,,,,,,,,,,,,,
29718,15:18:00,,,,,,,,,,,,,,,,,,,,,,,,,
29719,15:19:00,,,,,,,,,,,,,,,,,,,,,,,,,
29720,15:20:00,,,,,,,,,,,,,,,,,,,,,,,,,
29721,15:21:00,,,,,,,,,,,,,,,,,,,,,,,,,
29722,15:22:00,,,,,,,,,,,,,,,,,,,,,,,,,
29723,15:23:00,,,,,,,,,,,,,,,,,,,,,,,,,
29724,15:24:00,,,,,,,,,,,,,,,,,,,,,,,,,
29725,15:25:00,,,,,,,,,,,,,,,,,,,,,,,,,
29726,15:26:00,,,,,,,,,,,,,,,,,,,,,,,,,
29727,15:27:00,,,,,,,,,,,,,,,,,,,,,,,,,
29728,15:28:00,,,,,,,,,,,,,,,,,,,,,,,,,
29729,15:29:00,,,,,,,,,,,,,,,,,,,,,,,,,
29730,15:30:00,,,,,,,,,,,,,,,,,,,,,,,,,
29731,15:31:00,,,,,,,,,,,,,,,,,,,,,,,,,
29732,15:32:00,,,,,,,,,,,,,,,,,,,,,,,,,
29733,15:33:00,,,,,,,,,,,,,,,,,,,,,,,,,
29734,15:34:00,,,,,,,,,,,,,,,,,,,,,,,,,
29735,15:35:00,,,,,,,,,,,,,,,,,,,,,,,,,
29736,15:36:00,,,,,,,,,,,,,,,,,,,,,,,,,
29737,15:37:00,,,,,,,,,,,,,,,,,,,,,,,,,
29738,15:38:00,,,,,,,,,,,,,,,,,,,,,,,,,
29739,15:39:00,,,,,,,,,,,,,,,,,,,,,,,,,
29740,15:40:00,,,,,,,,,,,,,,,,,,,,,,,,,
29741,15:41:00,,,,,,,,,,,,,,,,,,,,,,,,,
29742,15:42:00,,,,,,,,,,,,,,,,,,,,,,,,,
29743,15:43:00,,,,,,,,,,,,,,,,,,,,,,,,,
29744,15:44:00,,,,,,,,,,,,,,,,,,,,,,,,,
29745,15:45:00,,,,,,,,,,,,,,,,,,,,,,,,,
29746,15:46:00,,,,,,,,,,,,,,,,,,,,,,,,,
29747,15:47:00,,,,,,,,,,,,,,,,,,,,,,,,,
29748,15:48:00,,,,,,,,,,,,,,,,,,,,,,,,,
29749,15:49:00,,,,,,,,,,,,,,,,,,,,,,,,,
29750,15:50:00,,,,,,,,,,,,,,,,,,,,,,,,,
29751,15:51:00,,,,,,,,,,,,,,,,,,,,,,,,,
29752,15:52:00,,,,,,,,,,,,,,,,,,,,,,,,,
29753,15:53:00,,,,,,,,,,,,,,,,,,,,,,,,,
29754,15:54:00,,,,,,,,,,,,,,,,,,,,,,,,,
29755,15:55:00,,,,,,,,,,,,,,,,,,,,,,,,,
29756,15:56:00,,,,,,,,,,,,,,,,,,,,,,,,,
29757,15:57:00,,,,,,,,,,,,,,,,,,,,,,,,,
29758,15:58:00,,,,,,,,,,,,,,,,,,,,,,,,,
29759,15:59:00,,,,,,,,,,,,,,,,,,,,,,,,,
29760,16:00:00,,,,,,,,,,,,,,,,,,,,,,,,,
29761,16:01:00,,,,,,,,,,,,,,,,,,,,,,,,,
29762,16:02:00,,,,,,,,,,,,,,,,,,,,,,,,,
29763,16:03:00,,,,,,,,,,,,,,,,,,,,,,,,,
29764,16:04:00,,,,,,,,,,,,,,,,,,,,,,,,,
29765,16:05:00,,,,,,,,,,,,,,,,,,,,,,,,,
29766,16:06:00,,,,,,,,,,,,,,,,,,,,,,,,,
29767,16:07:00,,,,,,,,,,,,,,,,,,,,,,,,,
29768,16:08:00,,,,,,,,,,,,,,,,,,,,,,,,,
29769,16:09:00,,,,,,,,,,,,,,,,,,,,,,,,,
29770,16:10:00,,,,,,,,,,,,,,,,,,,,,,,,,
29771,16:11:00,,,,,,,,,,,,,,,,,,,,,,,,,
29772,16:12:00,,,,,,,,,,,,,,,,,,,,,,,,,
29773,16:13:00,,,,,,,,,,,,,,,,,,,,,,,,,
29774,16:14:00,,,,,,,,,,,,,,,,,,,,,,,,,
29775,16:15:00,,,,,,,,,,,,,,,,,,,,,,,,,
29776,16:16:00,,,,,,,,,,,,,,,,,,,,,,,,,
29777,16:17:00,,,,,,,,,,,,,,,,,,,,,,,,,
29778,16:18:00,,,,,,,,,,,,,,,,,,,,,,,,,
29779,16:19:00,,,,,,,,,,,,,,,,,,,,,,,,,
29780,16:20:00,,,,,,,,,,,,,,,,,,,,,,,,,
29781,16:21:00,,,,,,,,,,,,,,,,,,,,,,,,,
29782,16:22:00,,,,,,,,,,,,,,,,,,,,,,,,,
29783,16:23:00,,,,,,,,,,,,,,,,,,,,,,,,,
29784,16:24:00,,,,,,,,,,,,,,,,,,,,,,,,,
29785,16:25:00,,,,,,,,,,,,,,,,,,,,,,,,,
29786,16:26:00,,,,,,,,,,,,,,,,,,,,,,,,,
29787,16:27:00,,,,,,,,,,,,,,,,,,,,,,,,,
29788,16:28:00,,,,,,,,,,,,,,,,,,,,,,,,,
29789,16:29:00,,,,,,,,,,,,,,,,,,,,,,,,,
29790,16:30:00,,,,,,,,,,,,,,,,,,,,,,,,,
29791,16:31:00,,,,,,,,,,,,,,,,,,,,,,,,,
29792,16:32:00,,,,,,,,,,,,,,,,,,,,,,,,,
29793,16:33:00,,,,,,,,,,,,,,,,,,,,,,,,,
29794,16:34:00,,,,,,,,,,,,,,,,,,,,,,,,,
29795,16:35:00,,,,,,,,,,,,,,,,,,,,,,,,,
29796,16:36:00,,,,,,,,,,,,,,,,,,,,,,,,,
29797,16:37:00,,,,,,,,,,,,,,,,,,,,,,,,,
29798,16:38:00,,,,,,,,,,,,,,,,,,,,,,,,,
29799,16:39:00,,,,,,,,,,,,,,,,,,,,,,,,,
29800,16:40:00,,,,,,,,,,,,,,,,,,,,,,,,,
29801,16:41:00,,,,,,,,,,,,,,,,,,,,,,,,,
29802,16:42:00,,,,,,,,,,,,,,,,,,,,,,,,,
29803,16:43:00,,,,,,,,,,,,,,,,,,,,,,,,,
29804,16:44:00,,,,,,,,,,,,,,,,,,,,,,,,,
29805,16:45:00,,,,,,,,,,,,,,,,,,,,,,,,,
29806,16:46:00,,,,,,,,,,,,,,,,,,,,,,,,,
29807,16:47:00,,,,,,,,,,,,,,,,,,,,,,,,,
29808,16:48:00,,,,,,,,,,,,,,,,,,,,,,,,,
29809,16:49:00,,,,,,,,,,,,,,,,,,,,,,,,,
29810,16:50:00,,,,,,,,,,,,,,,,,,,,,,,,,
29811,16:51:00,,,,,,,,,,,,,,,,,,,,,,,,,
29812,16:52:00,,,,,,,,,,,,,,,,,,,,,,,,,
29813,16:53:00,,,,,,,,,,,,,,,,,,,,,,,,,
29814,16:54:00,,,,,,,,,,,,,,,,,,,,,,,,,
29815,16:55:00,,,,,,,,,,,,,,,,,,,,,,,,,
29816,16:56:00,,,,,,,,,,,,,,,,,,,,,,,,,
29817,16:57:00,,,,,,,,,,,,,,,,,,,,,,,,,
29818,16:58:00,,,,,,,,,,,,,,,,,,,,,,,,,
29819,16:59:00,,,,,,,,,,,,,,,,,,,,,,,,,
29820,17:00:00,,,,,,,,,,,,,,,,,,,,,,,,,
29821,17:01:00,,,,,,,,,,,,,,,,,,,,,,,,,
29822,17:02:00,,,,,,,,,,,,,,,,,,,,,,,,,
29823,17:03:00,,,,,,,,,,,,,,,,,,,,,,,,,
29824,17:04:00,,,,,,,,,,,,,,,,,,,,,,,,,
29825,17:05:00,,,,,,,,,,,,,,,,,,,,,,,,,
29826,17:06:00,,,,,,,,,,,,,,,,,,,,,,,,,
29827,17:07:00,,,,,,,,,,,,,,,,,,,,,,,,,
29828,17:08:00,,,,,,,,,,,,,,,,,,,,,,,,,
29829,17:09:00,,,,,,,,,,,,,,,,,,,,,,,,,
29830,17:10:00,,,,,,,,,,,,,,,,,,,,,,,,,
29831,17:11:00,,,,,,,,,,,,,,,,,,,,,,,,,
29832,17:12:00,,,,,,,,,,,,,,,,,,,,,,,,,
29833,17:13:00,,,,,,,,,,,,,,,,,,,,,,,,,
29834,17:14:00,,,,,,,,,,,,,,,,,,,,,,,,,
29835,17:15:00,,,,,,,,,,,,,,,,,,,,,,,,,
29836,17:16:00,,,,,,,,,,,,,,,,,,,,,,,,,
29837,17:17:00,,,,,,,,,,,,,,,,,,,,,,,,,
29838,17:18:00,,,,,,,,,,,,,,,,,,,,,,,,,
29839,17:19:00,,,,,,,,,,,,,,,,,,,,,,,,,
29840,17:20:00,,,,,,,,,,,,,,,,,,,,,,,,,
29841,17:21:00,,,,,,,,,,,,,,,,,,,,,,,,,
29842,17:22:00,,,,,,,,,,,,,,,,,,,,,,,,,
29843,17:23:00,,,,,,,,,,,,,,,,,,,,,,,,,
29844,17:24:00,,,,,,,,,,,,,,,,,,,,,,,,,
29845,17:25:00,,,,,,,,,,,,,,,,,,,,,,,,,
29846,17:26:00,,,,,,,,,,,,,,,,,,,,,,,,,
29847,17:27:00,,,,,,,,,,,,,,,,,,,,,,,,,
29848,17:28:00,,,,,,,,,,,,,,,,,,,,,,,,,
29849,17:29:00,,,,,,,,,,,,,,,,,,,,,,,,,
29850,17:30:00,,,,,,,,,,,,,,,,,,,,,,,,,
29851,17:31:00,,,,,,,,,,,,,,,,,,,,,,,,,
29852,17:32:00,,,,,,,,,,,,,,,,,,,,,,,,,
29853,17:33:00,,,,,,,,,,,,,,,,,,,,,,,,,
29854,17:34:00,,,,,,,,,,,,,,,,,,,,,,,,,
29855,17:35:00,,,,,,,,,,,,,,,,,,,,,,,,,
29856,17:36:00,,,,,,,,,,,,,,,,,,,,,,,,,
29857,17:37:00,,,,,,,,,,,,,,,,,,,,,,,,,
29858,17:38:00,,,,,,,,,,,,,,,,,,,,,,,,,
29859,17:39:00,,,,,,,,,,,,,,,,,,,,,,,,,
29860,17:40:00,,,,,,,,,,,,,,,,,,,,,,,,,
29861,17:41:00,,,,,,,,,,,,,,,,,,,,,,,,,
29862,17:42:00,,,,,,,,,,,,,,,,,,,,,,,,,
29863,17:43:00,,,,,,,,,,,,,,,,,,,,,,,,,
29864,17:44:00,,,,,,,,,,,,,,,,,,,,,,,,,
29865,17:45:00,,,,,,,,,,,,,,,,,,,,,,,,,
29866,17:46:00,,,,,,,,,,,,,,,,,,,,,,,,,
29867,17:47:00,,,,,,,,,,,,,,,,,,,,,,,,,
29868,17:48:00,,,,,,,,,,,,,,,,,,,,,,,,,
29869,17:49:00,,,,,,,,,,,,,,,,,,,,,,,,,
29870,17:50:00,,,,,,,,,,,,,,,,,,,,,,,,,
29871,17:51:00,,,,,,,,,,,,,,,,,,,,,,,,,
29872,17:52:00,,,,,,,,,,,,,,,,,,,,,,,,,
29873,17:53:00,,,,,,,,,,,,,,,,,,,,,,,,,
29874,17:54:00,,,,,,,,,,,,,,,,,,,,,,,,,
29875,17:55:00,,,,,,,,,,,,,,,,,,,,,,,,,
29876,17:56:00,,,,,,,,,,,,,,,,,,,,,,,,,
29877,17:57:00,,,,,,,,,,,,,,,,,,,,,,,,,
29878,17:58:00,,,,,,,,,,,,,,,,,,,,,,,,,
29879,17:59:00,,,,,,,,,,,,,,,,,,,,,,,,,
29880,18:00:00,,,,,,,,,,,,,,,,,,,,,,,,,
29881,18:01:00,,,,,,,,,,,,,,,,,,,,,,,,,
29882,18:02:00,,,,,,,,,,,,,,,,,,,,,,,,,
29883,18:03:00,,,,,,,,,,,,,,,,,,,,,,,,,
29884,18:04:00,,,,,,,,,,,,,,,,,,,,,,,,,
29885,18:05:00,,,,,,,,,,,,,,,,,,,,,,,,,
29886,18:06:00,,,,,,,,,,,,,,,,,,,,,,,,,
29887,18:07:00,,,,,,,,,,,,,,,,,,,,,,,,,
29888,18:08:00,,,,,,,,,,,,,,,,,,,,,,,,,
29889,18:09:00,,,,,,,,,,,,,,,,,,,,,,,,,
29890,18:10:00,,,,,,,,,,,,,,,,,,,,,,,,,
29891,18:11:00,,,,,,,,,,,,,,,,,,,,,,,,,
29892,18:12:00,,,,,,,,,,,,,,,,,,,,,,,,,
29893,18:13:00,,,,,,,,,,,,,,,,,,,,,,,,,
29894,18:14:00,,,,,,,,,,,,,,,,,,,,,,,,,
29895,18:15:00,,,,,,,,,,,,,,,,,,,,,,,,,
29896,18:16:00,,,,,,,,,,,,,,,,,,,,,,,,,
29897,18:17:00,,,,,,,,,,,,,,,,,,,,,,,,,
29898,18:18:00,,,,,,,,,,,,,,,,,,,,,,,,,
29899,18:19:00,,,,,,,,,,,,,,,,,,,,,,,,,
29900,18:20:00,,,,,,,,,,,,,,,,,,,,,,,,,
29901,18:21:00,,,,,,,,,,,,,,,,,,,,,,,,,
29902,18:22:00,,,,,,,,,,,,,,,,,,,,,,,,,
29903,18:23:00,,,,,,,,,,,,,,,,,,,,,,,,,
29904,18:24:00,,,,,,,,,,,,,,,,,,,,,,,,,
29905,18:25:00,,,,,,,,,,,,,,,,,,,,,,,,,
29906,18:26:00,,,,,,,,,,,,,,,,,,,,,,,,,
29907,18:27:00,,,,,,,,,,,,,,,,,,,,,,,,,
29908,18:28:00,,,,,,,,,,,,,,,,,,,,,,,,,
29909,18:29:00,,,,,,,,,,,,,,,,,,,,,,,,,
29910,18:30:00,,,,,,,,,,,,,,,,,,,,,,,,,
29911,18:31:00,,,,,,,,,,,,,,,,,,,,,,,,,
29912,18:32:00,,,,,,,,,,,,,,,,,,,,,,,,,
29913,18:33:00,,,,,,,,,,,,,,,,,,,,,,,,,
29914,18:34:00,,,,,,,,,,,,,,,,,,,,,,,,,
29915,18:35:00,,,,,,,,,,,,,,,,,,,,,,,,,
29916,18:36:00,,,,,,,,,,,,,,,,,,,,,,,,,
29917,18:37:00,,,,,,,,,,,,,,,,,,,,,,,,,
29918,18:38:00,,,,,,,,,,,,,,,,,,,,,,,,,
29919,18:39:00,,,,,,,,,,,,,,,,,,,,,,,,,
29920,18:40:00,,,,,,,,,,,,,,,,,,,,,,,,,
29921,18:41:00,,,,,,,,,,,,,,,,,,,,,,,,,
29922,18:42:00,,,,,,,,,,,,,,,,,,,,,,,,,
29923,18:43:00,,,,,,,,,,,,,,,,,,,,,,,,,
29924,18:44:00,,,,,,,,,,,,,,,,,,,,,,,,,
29925,18:45:00,,,,,,,,,,,,,,,,,,,,,,,,,
29926,18:46:00,,,,,,,,,,,,,,,,,,,,,,,,,
29927,18:47:00,,,,,,,,,,,,,,,,,,,,,,,,,
29928,18:48:00,,,,,,,,,,,,,,,,,,,,,,,,,
29929,18:49:00,,,,,,,,,,,,,,,,,,,,,,,,,
29930,18:50:00,,,,,,,,,,,,,,,,,,,,,,,,,
29931,18:51:00,,,,,,,,,,,,,,,,,,,,,,,,,
29932,18:52:00,,,,,,,,,,,,,,,,,,,,,,,,,
29933,18:53:00,,,,,,,,,,,,,,,,,,,,,,,,,
29934,18:54:00,,,,,,,,,,,,,,,,,,,,,,,,,
29935,18:55:00,,,,,,,,,,,,,,,,,,,,,,,,,
29936,18:56:00,,,,,,,,,,,,,,,,,,,,,,,,,
29937,18:57:00,,,,,,,,,,,,,,,,,,,,,,,,,
29938,18:58:00,,,,,,,,,,,,,,,,,,,,,,,,,
29939,18:59:00,,,,,,,,,,,,,,,,,,,,,,,,,
29940,19:00:00,,,,,,,,,,,,,,,,,,,,,,,,,
29941,19:01:00,,,,,,,,,,,,,,,,,,,,,,,,,
29942,19:02:00,,,,,,,,,,,,,,,,,,,,,,,,,
29943,19:03:00,,,,,,,,,,,,,,,,,,,,,,,,,
29944,19:04:00,,,,,,,,,,,,,,,,,,,,,,,,,
29945,19:05:00,,,,,,,,,,,,,,,,,,,,,,,,,
29946,19:06:00,,,,,,,,,,,,,,,,,,,,,,,,,
29947,19:07:00,,,,,,,,,,,,,,,,,,,,,,,,,
29948,19:08:00,,,,,,,,,,,,,,,,,,,,,,,,,
29949,19:09:00,,,,,,,,,,,,,,,,,,,,,,,,,
29950,19:10:00,,,,,,,,,,,,,,,,,,,,,,,,,
29951,19:11:00,,,,,,,,,,,,,,,,,,,,,,,,,
29952,19:12:00,,,,,,,,,,,,,,,,,,,,,,,,,
29953,19:13:00,,,,,,,,,,,,,,,,,,,,,,,,,
29954,19:14:00,,,,,,,,,,,,,,,,,,,,,,,,,
29955,19:15:00,,,,,,,,,,,,,,,,,,,,,,,,,
29956,19:16:00,,,,,,,,,,,,,,,,,,,,,,,,,
29957,19:17:00,,,,,,,,,,,,,,,,,,,,,,,,,
29958,19:18:00,,,,,,,,,,,,,,,,,,,,,,,,,
29959,19:19:00,,,,,,,,,,,,,,,,,,,,,,,,,
29960,19:20:00,,,,,,,,,,,,,,,,,,,,,,,,,
29961,19:21:00,,,,,,,,,,,,,,,,,,,,,,,,,
29962,19:22:00,,,,,,,,,,,,,,,,,,,,,,,,,
29963,19:23:00,,,,,,,,,,,,,,,,,,,,,,,,,
29964,19:24:00,,,,,,,,,,,,,,,,,,,,,,,,,
29965,19:25:00,,,,,,,,,,,,,,,,,,,,,,,,,
29966,19:26:00,,,,,,,,,,,,,,,,,,,,,,,,,
29967,19:27:00,,,,,,,,,,,,,,,,,,,,,,,,,
29968,19:28:00,,,,,,,,,,,,,,,,,,,,,,,,,
29969,19:29:00,,,,,,,,,,,,,,,,,,,,,,,,,
29970,19:30:00,,,,,,,,,,,,,,,,,,,,,,,,,
29971,19:31:00,,,,,,,,,,,,,,,,,,,,,,,,,
29972,19:32:00,,,,,,,,,,,,,,,,,,,,,,,,,
29973,19:33:00,,,,,,,,,,,,,,,,,,,,,,,,,
29974,19:34:00,,,,,,,,,,,,,,,,,,,,,,,,,
29975,19:35:00,,,,,,,,,,,,,,,,,,,,,,,,,
29976,19:36:00,,,,,,,,,,,,,,,,,,,,,,,,,
29977,19:37:00,,,,,,,,,,,,,,,,,,,,,,,,,
29978,19:38:00,,,,,,,,,,,,,,,,,,,,,,,,,
29979,19:39:00,,,,,,,,,,,,,,,,,,,,,,,,,
29980,19:40:00,,,,,,,,,,,,,,,,,,,,,,,,,
29981,19:41:00,,,,,,,,,,,,,,,,,,,,,,,,,
29982,19:42:00,,,,,,,,,,,,,,,,,,,,,,,,,
29983,19:43:00,,,,,,,,,,,,,,,,,,,,,,,,,
29984,19:44:00,,,,,,,,,,,,,,,,,,,,,,,,,
29985,19:45:00,,,,,,,,,,,,,,,,,,,,,,,,,
29986,19:46:00,,,,,,,,,,,,,,,,,,,,,,,,,
29987,19:47:00,,,,,,,,,,,,,,,,,,,,,,,,,
29988,19:48:00,,,,,,,,,,,,,,,,,,,,,,,,,
29989,19:49:00,,,,,,,,,,,,,,,,,,,,,,,,,
29990,19:50:00,,,,,,,,,,,,,,,,,,,,,,,,,
29991,19:51:00,,,,,,,,,,,,,,,,,,,,,,,,,
29992,19:52:00,,,,,,,,,,,,,,,,,,,,,,,,,
29993,19:53:00,,,,,,,,,,,,,,,,,,,,,,,,,
29994,19:54:00,,,,,,,,,,,,,,,,,,,,,,,,,
29995,19:55:00,,,,,,,,,,,,,,,,,,,,,,,,,
29996,19:56:00,,,,,,,,,,,,,,,,,,,,,,,,,
29997,19:57:00,,,,,,,,,,,,,,,,,,,,,,,,,
29998,19:58:00,,,,,,,,,,,,,,,,,,,,,,,,,
29999,19:59:00,,,,,,,,,,,,,,,,,,,,,,,,,
30000,20:00:00,,,,,,,,,,,,,,,,,,,,,,,,,
30001,20:01:00,,,,,,,,,,,,,,,,,,,,,,,,,
30002,20:02:00,,,,,,,,,,,,,,,,,,,,,,,,,
30003,20:03:00,,,,,,,,,,,,,,,,,,,,,,,,,
30004,20:04:00,,,,,,,,,,,,,,,,,,,,,,,,,
30005,20:05:00,,,,,,,,,,,,,,,,,,,,,,,,,
30006,20:06:00,,,,,,,,,,,,,,,,,,,,,,,,,
30007,20:07:00,,,,,,,,,,,,,,,,,,,,,,,,,
30008,20:08:00,,,,,,,,,,,,,,,,,,,,,,,,,
30009,20:09:00,,,,,,,,,,,,,,,,,,,,,,,,,
30010,20:10:00,,,,,,,,,,,,,,,,,,,,,,,,,
30011,20:11:00,,,,,,,,,,,,,,,,,,,,,,,,,
30012,20:12:00,,,,,,,,,,,,,,,,,,,,,,,,,
30013,20:13:00,,,,,,,,,,,,,,,,,,,,,,,,,
30014,20:14:00,,,,,,,,,,,,,,,,,,,,,,,,,
30015,20:15:00,,,,,,,,,,,,,,,,,,,,,,,,,
30016,20:16:00,,,,,,,,,,,,,,,,,,,,,,,,,
30017,20:17:00,,,,,,,,,,,,,,,,,,,,,,,,,
30018,20:18:00,,,,,,,,,,,,,,,,,,,,,,,,,
30019,20:19:00,,,,,,,,,,,,,,,,,,,,,,,,,
30020,20:20:00,,,,,,,,,,,,,,,,,,,,,,,,,
30021,20:21:00,,,,,,,,,,,,,,,,,,,,,,,,,
30022,20:22:00,,,,,,,,,,,,,,,,,,,,,,,,,
30023,20:23:00,,,,,,,,,,,,,,,,,,,,,,,,,
30024,20:24:00,,,,,,,,,,,,,,,,,,,,,,,,,
30025,20:25:00,,,,,,,,,,,,,,,,,,,,,,,,,
30026,20:26:00,,,,,,,,,,,,,,,,,,,,,,,,,
30027,20:27:00,,,,,,,,,,,,,,,,,,,,,,,,,
30028,20:28:00,,,,,,,,,,,,,,,,,,,,,,,,,
30029,20:29:00,,,,,,,,,,,,,,,,,,,,,,,,,
30030,20:30:00,,,,,,,,,,,,,,,,,,,,,,,,,
30031,20:31:00,,,,,,,,,,,,,,,,,,,,,,,,,
30032,20:32:00,,,,,,,,,,,,,,,,,,,,,,,,,
30033,20:33:00,,,,,,,,,,,,,,,,,,,,,,,,,
30034,20:34:00,,,,,,,,,,,,,,,,,,,,,,,,,
30035,20:35:00,,,,,,,,,,,,,,,,,,,,,,,,,
30036,20:36:00,,,,,,,,,,,,,,,,,,,,,,,,,
30037,20:37:00,,,,,,,,,,,,,,,,,,,,,,,,,
30038,20:38:00,,,,,,,,,,,,,,,,,,,,,,,,,
30039,20:39:00,,,,,,,,,,,,,,,,,,,,,,,,,
30040,20:40:00,,,,,,,,,,,,,,,,,,,,,,,,,
30041,20:41:00,,,,,,,,,,,,,,,,,,,,,,,,,
30042,20:42:00,,,,,,,,,,,,,,,,,,,,,,,,,
30043,20:43:00,,,,,,,,,,,,,,,,,,,,,,,,,
30044,20:44:00,,,,,,,,,,,,,,,,,,,,,,,,,
30045,20:45:00,,,,,,,,,,,,,,,,,,,,,,,,,
30046,20:46:00,,,,,,,,,,,,,,,,,,,,,,,,,
30047,20:47:00,,,,,,,,,,,,,,,,,,,,,,,,,
30048,20:48:00,,,,,,,,,,,,,,,,,,,,,,,,,
30049,20:49:00,,,,,,,,,,,,,,,,,,,,,,,,,
30050,20:50:00,,,,,,,,,,,,,,,,,,,,,,,,,
30051,20:51:00,,,,,,,,,,,,,,,,,,,,,,,,,
30052,20:52:00,,,,,,,,,,,,,,,,,,,,,,,,,
30053,20:53:00,,,,,,,,,,,,,,,,,,,,,,,,,
30054,20:54:00,,,,,,,,,,,,,,,,,,,,,,,,,
30055,20:55:00,,,,,,,,,,,,,,,,,,,,,,,,,
30056,20:56:00,,,,,,,,,,,,,,,,,,,,,,,,,
30057,20:57:00,,,,,,,,,,,,,,,,,,,,,,,,,
30058,20:58:00,,,,,,,,,,,,,,,,,,,,,,,,,
30059,20:59:00,,,,,,,,,,,,,,,,,,,,,,,,,
30060,21:00:00,,,,,,,,,,,,,,,,,,,,,,,,,
30061,21:01:00,,,,,,,,,,,,,,,,,,,,,,,,,
30062,21:02:00,,,,,,,,,,,,,,,,,,,,,,,,,
30063,21:03:00,,,,,,,,,,,,,,,,,,,,,,,,,
30064,21:04:00,,,,,,,,,,,,,,,,,,,,,,,,,
30065,21:05:00,,,,,,,,,,,,,,,,,,,,,,,,,
30066,21:06:00,,,,,,,,,,,,,,,,,,,,,,,,,
30067,21:07:00,,,,,,,,,,,,,,,,,,,,,,,,,
30068,21:08:00,,,,,,,,,,,,,,,,,,,,,,,,,
30069,21:09:00,,,,,,,,,,,,,,,,,,,,,,,,,
30070,21:10:00,,,,,,,,,,,,,,,,,,,,,,,,,
30071,21:11:00,,,,,,,,,,,,,,,,,,,,,,,,,
30072,21:12:00,,,,,,,,,,,,,,,,,,,,,,,,,
30073,21:13:00,,,,,,,,,,,,,,,,,,,,,,,,,
30074,21:14:00,,,,,,,,,,,,,,,,,,,,,,,,,
30075,21:15:00,,,,,,,,,,,,,,,,,,,,,,,,,
30076,21:16:00,,,,,,,,,,,,,,,,,,,,,,,,,
30077,21:17:00,,,,,,,,,,,,,,,,,,,,,,,,,
30078,21:18:00,,,,,,,,,,,,,,,,,,,,,,,,,
30079,21:19:00,,,,,,,,,,,,,,,,,,,,,,,,,
30080,21:20:00,,,,,,,,,,,,,,,,,,,,,,,,,
30081,21:21:00,,,,,,,,,,,,,,,,,,,,,,,,,
30082,21:22:00,,,,,,,,,,,,,,,,,,,,,,,,,
30083,21:23:00,,,,,,,,,,,,,,,,,,,,,,,,,
30084,21:24:00,,,,,,,,,,,,,,,,,,,,,,,,,
30085,21:25:00,,,,,,,,,,,,,,,,,,,,,,,,,
30086,21:26:00,,,,,,,,,,,,,,,,,,,,,,,,,
30087,21:27:00,,,,,,,,,,,,,,,,,,,,,,,,,
30088,21:28:00,,,,,,,,,,,,,,,,,,,,,,,,,
30089,21:29:00,,,,,,,,,,,,,,,,,,,,,,,,,
30090,21:30:00,,,,,,,,,,,,,,,,,,,,,,,,,
30091,21:31:00,,,,,,,,,,,,,,,,,,,,,,,,,
30092,21:32:00,,,,,,,,,,,,,,,,,,,,,,,,,
30093,21:33:00,,,,,,,,,,,,,,,,,,,,,,,,,
30094,21:34:00,,,,,,,,,,,,,,,,,,,,,,,,,
30095,21:35:00,,,,,,,,,,,,,,,,,,,,,,,,,
30096,21:36:00,,,,,,,,,,,,,,,,,,,,,,,,,
30097,21:37:00,,,,,,,,,,,,,,,,,,,,,,,,,
30098,21:38:00,,,,,,,,,,,,,,,,,,,,,,,,,
30099,21:39:00,,,,,,,,,,,,,,,,,,,,,,,,,
30100,21:40:00,,,,,,,,,,,,,,,,,,,,,,,,,
30101,21:41:00,,,,,,,,,,,,,,,,,,,,,,,,,
30102,21:42:00,,,,,,,,,,,,,,,,,,,,,,,,,
30103,21:43:00,,,,,,,,,,,,,,,,,,,,,,,,,
30104,21:44:00,,,,,,,,,,,,,,,,,,,,,,,,,
30105,21:45:00,,,,,,,,,,,,,,,,,,,,,,,,,
30106,21:46:00,,,,,,,,,,,,,,,,,,,,,,,,,
30107,21:47:00,,,,,,,,,,,,,,,,,,,,,,,,,
30108,21:48:00,,,,,,,,,,,,,,,,,,,,,,,,,
30109,21:49:00,,,,,,,,,,,,,,,,,,,,,,,,,
30110,21:50:00,,,,,,,,,,,,,,,,,,,,,,,,,
30111,21:51:00,,,,,,,,,,,,,,,,,,,,,,,,,
30112,21:52:00,,,,,,,,,,,,,,,,,,,,,,,,,
30113,21:53:00,,,,,,,,,,,,,,,,,,,,,,,,,
30114,21:54:00,,,,,,,,,,,,,,,,,,,,,,,,,
30115,21:55:00,,,,,,,,,,,,,,,,,,,,,,,,,
30116,21:56:00,,,,,,,,,,,,,,,,,,,,,,,,,
30117,21:57:00,,,,,,,,,,,,,,,,,,,,,,,,,
30118,21:58:00,,,,,,,,,,,,,,,,,,,,,,,,,
30119,21:59:00,,,,,,,,,,,,,,,,,,,,,,,,,
30120,22:00:00,,,,,,,,,,,,,,,,,,,,,,,,,
30121,22:01:00,,,,,,,,,,,,,,,,,,,,,,,,,
30122,22:02:00,,,,,,,,,,,,,,,,,,,,,,,,,
30123,22:03:00,,,,,,,,,,,,,,,,,,,,,,,,,
30124,22:04:00,,,,,,,,,,,,,,,,,,,,,,,,,
30125,22:05:00,,,,,,,,,,,,,,,,,,,,,,,,,
30126,22:06:00,,,,,,,,,,,,,,,,,,,,,,,,,
30127,22:07:00,,,,,,,,,,,,,,,,,,,,,,,,,
30128,22:08:00,,,,,,,,,,,,,,,,,,,,,,,,,
30129,22:09:00,,,,,,,,,,,,,,,,,,,,,,,,,
30130,22:10:00,,,,,,,,,,,,,,,,,,,,,,,,,
30131,22:11:00,,,,,,,,,,,,,,,,,,,,,,,,,
30132,22:12:00,,,,,,,,,,,,,,,,,,,,,,,,,
30133,22:13:00,,,,,,,,,,,,,,,,,,,,,,,,,
30134,22:14:00,,,,,,,,,,,,,,,,,,,,,,,,,
30135,22:15:00,,,,,,,,,,,,,,,,,,,,,,,,,
30136,22:16:00,,,,,,,,,,,,,,,,,,,,,,,,,
30137,22:17:00,,,,,,,,,,,,,,,,,,,,,,,,,
30138,22:18:00,,,,,,,,,,,,,,,,,,,,,,,,,
30139,22:19:00,,,,,,,,,,,,,,,,,,,,,,,,,
30140,22:20:00,,,,,,,,,,,,,,,,,,,,,,,,,
30141,22:21:00,,,,,,,,,,,,,,,,,,,,,,,,,
30142,22:22:00,,,,,,,,,,,,,,,,,,,,,,,,,
30143,22:23:00,,,,,,,,,,,,,,,,,,,,,,,,,
30144,22:24:00,,,,,,,,,,,,,,,,,,,,,,,,,
30145,22:25:00,,,,,,,,,,,,,,,,,,,,,,,,,
30146,22:26:00,,,,,,,,,,,,,,,,,,,,,,,,,
30147,22:27:00,,,,,,,,,,,,,,,,,,,,,,,,,
30148,22:28:00,,,,,,,,,,,,,,,,,,,,,,,,,
30149,22:29:00,,,,,,,,,,,,,,,,,,,,,,,,,
30150,22:30:00,,,,,,,,,,,,,,,,,,,,,,,,,
30151,22:31:00,,,,,,,,,,,,,,,,,,,,,,,,,
30152,22:32:00,,,,,,,,,,,,,,,,,,,,,,,,,
30153,22:33:00,,,,,,,,,,,,,,,,,,,,,,,,,
30154,22:34:00,,,,,,,,,,,,,,,,,,,,,,,,,
30155,22:35:00,,,,,,,,,,,,,,,,,,,,,,,,,
30156,22:36:00,,,,,,,,,,,,,,,,,,,,,,,,,
30157,22:37:00,,,,,,,,,,,,,,,,,,,,,,,,,
30158,22:38:00,,,,,,,,,,,,,,,,,,,,,,,,,
30159,22:39:00,,,,,,,,,,,,,,,,,,,,,,,,,
30160,22:40:00,,,,,,,,,,,,,,,,,,,,,,,,,
30161,22:41:00,,,,,,,,,,,,,,,,,,,,,,,,,
30162,22:42:00,,,,,,,,,,,,,,,,,,,,,,,,,
30163,22:43:00,,,,,,,,,,,,,,,,,,,,,,,,,
30164,22:44:00,,,,,,,,,,,,,,,,,,,,,,,,,
30165,22:45:00,,,,,,,,,,,,,,,,,,,,,,,,,
30166,22:46:00,,,,,,,,,,,,,,,,,,,,,,,,,
30167,22:47:00,,,,,,,,,,,,,,,,,,,,,,,,,
30168,22:48:00,,,,,,,,,,,,,,,,,,,,,,,,,
30169,22:49:00,,,,,,,,,,,,,,,,,,,,,,,,,
30170,22:50:00,,,,,,,,,,,,,,,,,,,,,,,,,
30171,22:51:00,,,,,,,,,,,,,,,,,,,,,,,,,
30172,22:52:00,,,,,,,,,,,,,,,,,,,,,,,,,
30173,22:53:00,,,,,,,,,,,,,,,,,,,,,,,,,
30174,22:54:00,,,,,,,,,,,,,,,,,,,,,,,,,
30175,22:55:00,,,,,,,,,,,,,,,,,,,,,,,,,
30176,22:56:00,,,,,,,,,,,,,,,,,,,,,,,,,
30177,22:57:00,,,,,,,,,,,,,,,,,,,,,,,,,
30178,22:58:00,,,,,,,,,,,,,,,,,,,,,,,,,
30179,22:59:00,,,,,,,,,,,,,,,,,,,,,,,,,
30180,23:00:00,,,,,,,,,,,,,,,,,,,,,,,,,
30181,23:01:00,,,,,,,,,,,,,,,,,,,,,,,,,
30182,23:02:00,,,,,,,,,,,,,,,,,,,,,,,,,
30183,23:03:00,,,,,,,,,,,,,,,,,,,,,,,,,
30184,23:04:00,,,,,,,,,,,,,,,,,,,,,,,,,
30185,23:05:00,,,,,,,,,,,,,,,,,,,,,,,,,
30186,23:06:00,,,,,,,,,,,,,,,,,,,,,,,,,
30187,23:07:00,,,,,,,,,,,,,,,,,,,,,,,,,
30188,23:08:00,,,,,,,,,,,,,,,,,,,,,,,,,
30189,23:09:00,,,,,,,,,,,,,,,,,,,,,,,,,
30190,23:10:00,,,,,,,,,,,,,,,,,,,,,,,,,
30191,23:11:00,,,,,,,,,,,,,,,,,,,,,,,,,
30192,23:12:00,,,,,,,,,,,,,,,,,,,,,,,,,
30193,23:13:00,,,,,,,,,,,,,,,,,,,,,,,,,
30194,23:14:00,,,,,,,,,,,,,,,,,,,,,,,,,
30195,23:15:00,,,,,,,,,,,,,,,,,,,,,,,,,
30196,23:16:00,,,,,,,,,,,,,,,,,,,,,,,,,
30197,23:17:00,,,,,,,,,,,,,,,,,,,,,,,,,
30198,23:18:00,,,,,,,,,,,,,,,,,,,,,,,,,
30199,23:19:00,,,,,,,,,,,,,,,,,,,,,,,,,
30200,23:20:00,,,,,,,,,,,,,,,,,,,,,,,,,
30201,23:21:00,,,,,,,,,,,,,,,,,,,,,,,,,
30202,23:22:00,,,,,,,,,,,,,,,,,,,,,,,,,
30203,23:23:00,,,,,,,,,,,,,,,,,,,,,,,,,
30204,23:24:00,,,,,,,,,,,,,,,,,,,,,,,,,
30205,23:25:00,,,,,,,,,,,,,,,,,,,,,,,,,
30206,23:26:00,,,,,,,,,,,,,,,,,,,,,,,,,
30207,23:27:00,,,,,,,,,,,,,,,,,,,,,,,,,
30208,23:28:00,,,,,,,,,,,,,,,,,,,,,,,,,
30209,23:29:00,,,,,,,,,,,,,,,,,,,,,,,,,
30210,23:30:00,,,,,,,,,,,,,,,,,,,,,,,,,
30211,23:31:00,,,,,,,,,,,,,,,,,,,,,,,,,
30212,23:32:00,,,,,,,,,,,,,,,,,,,,,,,,,
30213,23:33:00,,,,,,,,,,,,,,,,,,,,,,,,,
30214,23:34:00,,,,,,,,,,,,,,,,,,,,,,,,,
30215,23:35:00,,,,,,,,,,,,,,,,,,,,,,,,,
30216,23:36:00,,,,,,,,,,,,,,,,,,,,,,,,,
30217,23:37:00,,,,,,,,,,,,,,,,,,,,,,,,,
30218,23:38:00,,,,,,,,,,,,,,,,,,,,,,,,,
30219,23:39:00,,,,,,,,,,,,,,,,,,,,,,,,,
30220,23:40:00,,,,,,,,,,,,,,,,,,,,,,,,,
30221,23:41:00,,,,,,,,,,,,,,,,,,,,,,,,,
30222,23:42:00,,,,,,,,,,,,,,,,,,,,,,,,,
30223,23:43:00,,,,,,,,,,,,,,,,,,,,,,,,,
30224,23:44:00,,,,,,,,,,,,,,,,,,,,,,,,,
30225,23:45:00,,,,,,,,,,,,,,,,,,,,,,,,,
30226,23:46:00,,,,,,,,,,,,,,,,,,,,,,,,,
30227,23:47:00,,,,,,,,,,,,,,,,,,,,,,,,,
30228,23:48:00,,,,,,,,,,,,,,,,,,,,,,,,,
30229,23:49:00,,,,,,,,,,,,,,,,,,,,,,,,,
30230,23:50:00,,,,,,,,,,,,,,,,,,,,,,,,,
30231,23:51:00,,,,,,,,,,,,,,,,,,,,,,,,,
30232,23:52:00,,,,,,,,,,,,,,,,,,,,,,,,,
30233,23:53:00,,,,,,,,,,,,,,,,,,,,,,,,,
30234,23:54:00,,,,,,,,,,,,,,,,,,,,,,,,,
30235,23:55:00,,,,,,,,,,,,,,,,,,,,,,,,,
30236,23:56:00,,,,,,,,,,,,,,,,,,,,,,,,,
30237,23:57:00,,,,,,,,,,,,,,,,,,,,,,,,,
30238,23:58:00,,,,,,,,,,,,,,,,,,,,,,,,,
30239,23:59:00,,,,,,,,,,,,,,,,,,,,,,,,,
30240,00:00:00,,,,,,,,,,,,,,,,,,,,,,,,,
30241,00:01:00,,,,,,,,,,,,,,,,,,,,,,,,,
30242,00:02:00,,,,,,,,,,,,,,,,,,,,,,,,,
30243,00:03:00,,,,,,,,,,,,,,,,,,,,,,,,,
30244,00:04:00,,,,,,,,,,,,,,,,,,,,,,,,,
30245,00:05:00,,,,,,,,,,,,,,,,,,,,,,,,,
30246,00:06:00,,,,,,,,,,,,,,,,,,,,,,,,,
30247,00:07:00,,,,,,,,,,,,,,,,,,,,,,,,,
30248,00:08:00,,,,,,,,,,,,,,,,,,,,,,,,,
30249,00:09:00,,,,,,,,,,,,,,,,,,,,,,,,,
30250,00:10:00,,,,,,,,,,,,,,,,,,,,,,,,,
30251,00:11:00,,,,,,,,,,,,,,,,,,,,,,,,,
30252,00:12:00,,,,,,,,,,,,,,,,,,,,,,,,,
30253,00:13:00,,,,,,,,,,,,,,,,,,,,,,,,,
30254,00:14:00,,,,,,,,,,,,,,,,,,,,,,,,,
30255,00:15:00,,,,,,,,,,,,,,,,,,,,,,,,,
30256,00:16:00,,,,,,,,,,,,,,,,,,,,,,,,,
30257,00:17:00,,,,,,,,,,,,,,,,,,,,,,,,,
30258,00:18:00,,,,,,,,,,,,,,,,,,,,,,,,,
30259,00:19:00,,,,,,,,,,,,,,,,,,,,,,,,,
30260,00:20:00,,,,,,,,,,,,,,,,,,,,,,,,,
30261,00:21:00,,,,,,,,,,,,,,,,,,,,,,,,,
30262,00:22:00,,,,,,,,,,,,,,,,,,,,,,,,,
30263,00:23:00,,,,,,,,,,,,,,,,,,,,,,,,,
30264,00:24:00,,,,,,,,,,,,,,,,,,,,,,,,,
30265,00:25:00,,,,,,,,,,,,,,,,,,,,,,,,,
30266,00:26:00,,,,,,,,,,,,,,,,,,,,,,,,,
30267,00:27:00,,,,,,,,,,,,,,,,,,,,,,,,,
30268,00:28:00,,,,,,,,,,,,,,,,,,,,,,,,,
30269,00:29:00,,,,,,,,,,,,,,,,,,,,,,,,,
30270,00:30:00,,,,,,,,,,,,,,,,,,,,,,,,,
30271,00:31:00,,,,,,,,,,,,,,,,,,,,,,,,,
30272,00:32:00,,,,,,,,,,,,,,,,,,,,,,,,,
30273,00:33:00,,,,,,,,,,,,,,,,,,,,,,,,,
30274,00:34:00,,,,,,,,,,,,,,,,,,,,,,,,,
30275,00:35:00,,,,,,,,,,,,,,,,,,,,,,,,,
30276,00:36:00,,,,,,,,,,,,,,,,,,,,,,,,,
30277,00:37:00,,,,,,,,,,,,,,,,,,,,,,,,,
30278,00:38:00,,,,,,,,,,,,,,,,,,,,,,,,,
30279,00:39:00,,,,,,,,,,,,,,,,,,,,,,,,,
30280,00:40:00,,,,,,,,,,,,,,,,,,,,,,,,,
30281,00:41:00,,,,,,,,,,,,,,,,,,,,,,,,,
30282,00:42:00,,,,,,,,,,,,,,,,,,,,,,,,,
30283,00:43:00,,,,,,,,,,,,,,,,,,,,,,,,,
30284,00:44:00,,,,,,,,,,,,,,,,,,,,,,,,,
30285,00:45:00,,,,,,,,,,,,,,,,,,,,,,,,,
30286,00:46:00,,,,,,,,,,,,,,,,,,,,,,,,,
30287,00:47:00,,,,,,,,,,,,,,,,,,,,,,,,,
30288,00:48:00,,,,,,,,,,,,,,,,,,,,,,,,,
30289,00:49:00,,,,,,,,,,,,,,,,,,,,,,,,,
30290,00:50:00,,,,,,,,,,,,,,,,,,,,,,,,,
30291,00:51:00,,,,,,,,,,,,,,,,,,,,,,,,,
30292,00:52:00,,,,,,,,,,,,,,,,,,,,,,,,,
30293,00:53:00,,,,,,,,,,,,,,,,,,,,,,,,,
30294,00:54:00,,,,,,,,,,,,,,,,,,,,,,,,,
30295,00:55:00,,,,,,,,,,,,,,,,,,,,,,,,,
30296,00:56:00,,,,,,,,,,,,,,,,,,,,,,,,,
30297,00:57:00,,,,,,,,,,,,,,,,,,,,,,,,,
30298,00:58:00,,,,,,,,,,,,,,,,,,,,,,,,,
30299,00:59:00,,,,,,,,,,,,,,,,,,,,,,,,,
30300,01:00:00,,,,,,,,,,,,,,,,,,,,,,,,,
30301,01:01:00,,,,,,,,,,,,,,,,,,,,,,,,,
30302,01:02:00,,,,,,,,,,,,,,,,,,,,,,,,,
30303,01:03:00,,,,,,,,,,,,,,,,,,,,,,,,,
30304,01:04:00,,,,,,,,,,,,,,,,,,,,,,,,,
30305,01:05:00,,,,,,,,,,,,,,,,,,,,,,,,,
30306,01:06:00,,,,,,,,,,,,,,,,,,,,,,,,,
30307,01:07:00,,,,,,,,,,,,,,,,,,,,,,,,,
30308,01:08:00,,,,,,,,,,,,,,,,,,,,,,,,,
30309,01:09:00,,,,,,,,,,,,,,,,,,,,,,,,,
30310,01:10:00,,,,,,,,,,,,,,,,,,,,,,,,,
30311,01:11:00,,,,,,,,,,,,,,,,,,,,,,,,,
30312,01:12:00,,,,,,,,,,,,,,,,,,,,,,,,,
30313,01:13:00,,,,,,,,,,,,,,,,,,,,,,,,,
30314,01:14:00,,,,,,,,,,,,,,,,,,,,,,,,,
30315,01:15:00,,,,,,,,,,,,,,,,,,,,,,,,,
30316,01:16:00,,,,,,,,,,,,,,,,,,,,,,,,,
30317,01:17:00,,,,,,,,,,,,,,,,,,,,,,,,,
30318,01:18:00,,,,,,,,,,,,,,,,,,,,,,,,,
30319,01:19:00,,,,,,,,,,,,,,,,,,,,,,,,,
30320,01:20:00,,,,,,,,,,,,,,,,,,,,,,,,,
30321,01:21:00,,,,,,,,,,,,,,,,,,,,,,,,,
30322,01:22:00,,,,,,,,,,,,,,,,,,,,,,,,,
30323,01:23:00,,,,,,,,,,,,,,,,,,,,,,,,,
30324,01:24:00,,,,,,,,,,,,,,,,,,,,,,,,,
30325,01:25:00,,,,,,,,,,,,,,,,,,,,,,,,,
30326,01:26:00,,,,,,,,,,,,,,,,,,,,,,,,,
30327,01:27:00,,,,,,,,,,,,,,,,,,,,,,,,,
30328,01:28:00,,,,,,,,,,,,,,,,,,,,,,,,,
30329,01:29:00,,,,,,,,,,,,,,,,,,,,,,,,,
30330,01:30:00,,,,,,,,,,,,,,,,,,,,,,,,,
30331,01:31:00,,,,,,,,,,,,,,,,,,,,,,,,,
30332,01:32:00,,,,,,,,,,,,,,,,,,,,,,,,,
30333,01:33:00,,,,,,,,,,,,,,,,,,,,,,,,,
30334,01:34:00,,,,,,,,,,,,,,,,,,,,,,,,,
30335,01:35:00,,,,,,,,,,,,,,,,,,,,,,,,,
30336,01:36:00,,,,,,,,,,,,,,,,,,,,,,,,,
30337,01:37:00,,,,,,,,,,,,,,,,,,,,,,,,,
30338,01:38:00,,,,,,,,,,,,,,,,,,,,,,,,,
30339,01:39:00,,,,,,,,,,,,,,,,,,,,,,,,,
30340,01:40:00,,,,,,,,,,,,,,,,,,,,,,,,,
30341,01:41:00,,,,,,,,,,,,,,,,,,,,,,,,,
30342,01:42:00,,,,,,,,,,,,,,,,,,,,,,,,,
30343,01:43:00,,,,,,,,,,,,,,,,,,,,,,,,,
30344,01:44:00,,,,,,,,,,,,,,,,,,,,,,,,,
30345,01:45:00,,,,,,,,,,,,,,,,,,,,,,,,,
30346,01:46:00,,,,,,,,,,,,,,,,,,,,,,,,,
30347,01:47:00,,,,,,,,,,,,,,,,,,,,,,,,,
30348,01:48:00,,,,,,,,,,,,,,,,,,,,,,,,,
30349,01:49:00,,,,,,,,,,,,,,,,,,,,,,,,,
30350,01:50:00,,,,,,,,,,,,,,,,,,,,,,,,,
30351,01:51:00,,,,,,,,,,,,,,,,,,,,,,,,,
30352,01:52:00,,,,,,,,,,,,,,,,,,,,,,,,,
30353,01:53:00,,,,,,,,,,,,,,,,,,,,,,,,,
30354,01:54:00,,,,,,,,,,,,,,,,,,,,,,,,,
30355,01:55:00,,,,,,,,,,,,,,,,,,,,,,,,,
30356,01:56:00,,,,,,,,,,,,,,,,,,,,,,,,,
30357,01:57:00,,,,,,,,,,,,,,,,,,,,,,,,,
30358,01:58:00,,,,,,,,,,,,,,,,,,,,,,,,,
30359,01:59:00,,,,,,,,,,,,,,,,,,,,,,,,,
30360,02:00:00,,,,,,,,,,,,,,,,,,,,,,,,,
30361,02:01:00,,,,,,,,,,,,,,,,,,,,,,,,,
30362,02:02:00,,,,,,,,,,,,,,,,,,,,,,,,,
30363,02:03:00,,,,,,,,,,,,,,,,,,,,,,,,,
30364,02:04:00,,,,,,,,,,,,,,,,,,,,,,,,,
30365,02:05:00,,,,,,,,,,,,,,,,,,,,,,,,,
30366,02:06:00,,,,,,,,,,,,,,,,,,,,,,,,,
30367,02:07:00,,,,,,,,,,,,,,,,,,,,,,,,,
30368,02:08:00,,,,,,,,,,,,,,,,,,,,,,,,,
30369,02:09:00,,,,,,,,,,,,,,,,,,,,,,,,,
30370,02:10:00,,,,,,,,,,,,,,,,,,,,,,,,,
30371,02:11:00,,,,,,,,,,,,,,,,,,,,,,,,,
30372,02:12:00,,,,,,,,,,,,,,,,,,,,,,,,,
30373,02:13:00,,,,,,,,,,,,,,,,,,,,,,,,,
30374,02:14:00,,,,,,,,,,,,,,,,,,,,,,,,,
30375,02:15:00,,,,,,,,,,,,,,,,,,,,,,,,,
30376,02:16:00,,,,,,,,,,,,,,,,,,,,,,,,,
30377,02:17:00,,,,,,,,,,,,,,,,,,,,,,,,,
30378,02:18:00,,,,,,,,,,,,,,,,,,,,,,,,,
30379,02:19:00,,,,,,,,,,,,,,,,,,,,,,,,,
30380,02:20:00,,,,,,,,,,,,,,,,,,,,,,,,,
30381,02:21:00,,,,,,,,,,,,,,,,,,,,,,,,,
30382,02:22:00,,,,,,,,,,,,,,,,,,,,,,,,,
30383,02:23:00,,,,,,,,,,,,,,,,,,,,,,,,,
30384,02:24:00,,,,,,,,,,,,,,,,,,,,,,,,,
30385,02:25:00,,,,,,,,,,,,,,,,,,,,,,,,,
30386,02:26:00,,,,,,,,,,,,,,,,,,,,,,,,,
30387,02:27:00,,,,,,,,,,,,,,,,,,,,,,,,,
30388,02:28:00,,,,,,,,,,,,,,,,,,,,,,,,,
30389,02:29:00,,,,,,,,,,,,,,,,,,,,,,,,,
30390,02:30:00,,,,,,,,,,,,,,,,,,,,,,,,,
30391,02:31:00,,,,,,,,,,,,,,,,,,,,,,,,,
30392,02:32:00,,,,,,,,,,,,,,,,,,,,,,,,,
30393,02:33:00,,,,,,,,,,,,,,,,,,,,,,,,,
30394,02:34:00,,,,,,,,,,,,,,,,,,,,,,,,,
30395,02:35:00,,,,,,,,,,,,,,,,,,,,,,,,,
30396,02:36:00,,,,,,,,,,,,,,,,,,,,,,,,,
30397,02:37:00,,,,,,,,,,,,,,,,,,,,,,,,,
30398,02:38:00,,,,,,,,,,,,,,,,,,,,,,,,,
30399,02:39:00,,,,,,,,,,,,,,,,,,,,,,,,,
30400,02:40:00,,,,,,,,,,,,,,,,,,,,,,,,,
30401,02:41:00,,,,,,,,,,,,,,,,,,,,,,,,,
30402,02:42:00,,,,,,,,,,,,,,,,,,,,,,,,,
30403,02:43:00,,,,,,,,,,,,,,,,,,,,,,,,,
30404,02:44:00,,,,,,,,,,,,,,,,,,,,,,,,,
30405,02:45:00,,,,,,,,,,,,,,,,,,,,,,,,,
30406,02:46:00,,,,,,,,,,,,,,,,,,,,,,,,,
30407,02:47:00,,,,,,,,,,,,,,,,,,,,,,,,,
30408,02:48:00,,,,,,,,,,,,,,,,,,,,,,,,,
30409,02:49:00,,,,,,,,,,,,,,,,,,,,,,,,,
30410,02:50:00,,,,,,,,,,,,,,,,,,,,,,,,,
30411,02:51:00,,,,,,,,,,,,,,,,,,,,,,,,,
30412,02:52:00,,,,,,,,,,,,,,,,,,,,,,,,,
30413,02:53:00,,,,,,,,,,,,,,,,,,,,,,,,,
30414,02:54:00,,,,,,,,,,,,,,,,,,,,,,,,,
30415,02:55:00,,,,,,,,,,,,,,,,,,,,,,,,,
30416,02:56:00,,,,,,,,,,,,,,,,,,,,,,,,,
30417,02:57:00,,,,,,,,,,,,,,,,,,,,,,,,,
30418,02:58:00,,,,,,,,,,,,,,,,,,,,,,,,,
30419,02:59:00,,,,,,,,,,,,,,,,,,,,,,,,,
30420,03:00:00,,,,,,,,,,,,,,,,,,,,,,,,,
30421,03:01:00,,,,,,,,,,,,,,,,,,,,,,,,,
30422,03:02:00,,,,,,,,,,,,,,,,,,,,,,,,,
30423,03:03:00,,,,,,,,,,,,,,,,,,,,,,,,,
30424,03:04:00,,,,,,,,,,,,,,,,,,,,,,,,,
30425,03:05:00,,,,,,,,,,,,,,,,,,,,,,,,,
30426,03:06:00,,,,,,,,,,,,,,,,,,,,,,,,,
30427,03:07:00,,,,,,,,,,,,,,,,,,,,,,,,,
30428,03:08:00,,,,,,,,,,,,,,,,,,,,,,,,,
30429,03:09:00,,,,,,,,,,,,,,,,,,,,,,,,,
30430,03:10:00,,,,,,,,,,,,,,,,,,,,,,,,,
30431,03:11:00,,,,,,,,,,,,,,,,,,,,,,,,,
30432,03:12:00,,,,,,,,,,,,,,,,,,,,,,,,,
30433,03:13:00,,,,,,,,,,,,,,,,,,,,,,,,,
30434,03:14:00,,,,,,,,,,,,,,,,,,,,,,,,,
30435,03:15:00,,,,,,,,,,,,,,,,,,,,,,,,,
30436,03:16:00,,,,,,,,,,,,,,,,,,,,,,,,,
30437,03:17:00,,,,,,,,,,,,,,,,,,,,,,,,,
30438,03:18:00,,,,,,,,,,,,,,,,,,,,,,,,,
30439,03:19:00,,,,,,,,,,,,,,,,,,,,,,,,,
30440,03:20:00,,,,,,,,,,,,,,,,,,,,,,,,,
30441,03:21:00,,,,,,,,,,,,,,,,,,,,,,,,,
30442,03:22:00,,,,,,,,,,,,,,,,,,,,,,,,,
30443,03:23:00,,,,,,,,,,,,,,,,,,,,,,,,,
30444,03:24:00,,,,,,,,,,,,,,,,,,,,,,,,,
30445,03:25:00,,,,,,,,,,,,,,,,,,,,,,,,,
30446,03:26:00,,,,,,,,,,,,,,,,,,,,,,,,,
30447,03:27:00,,,,,,,,,,,,,,,,,,,,,,,,,
30448,03:28:00,,,,,,,,,,,,,,,,,,,,,,,,,
30449,03:29:00,,,,,,,,,,,,,,,,,,,,,,,,,
30450,03:30:00,,,,,,,,,,,,,,,,,,,,,,,,,
30451,03:31:00,,,,,,,,,,,,,,,,,,,,,,,,,
30452,03:32:00,,,,,,,,,,,,,,,,,,,,,,,,,
30453,03:33:00,,,,,,,,,,,,,,,,,,,,,,,,,
30454,03:34:00,,,,,,,,,,,,,,,,,,,,,,,,,
30455,03:35:00,,,,,,,,,,,,,,,,,,,,,,,,,
30456,03:36:00,,,,,,,,,,,,,,,,,,,,,,,,,
30457,03:37:00,,,,,,,,,,,,,,,,,,,,,,,,,
30458,03:38:00,,,,,,,,,,,,,,,,,,,,,,,,,
30459,03:39:00,,,,,,,,,,,,,,,,,,,,,,,,,
30460,03:40:00,,,,,,,,,,,,,,,,,,,,,,,,,
30461,03:41:00,,,,,,,,,,,,,,,,,,,,,,,,,
30462,03:42:00,,,,,,,,,,,,,,,,,,,,,,,,,
30463,03:43:00,,,,,,,,,,,,,,,,,,,,,,,,,
30464,03:44:00,,,,,,,,,,,,,,,,,,,,,,,,,
30465,03:45:00,,,,,,,,,,,,,,,,,,,,,,,,,
30466,03:46:00,,,,,,,,,,,,,,,,,,,,,,,,,
30467,03:47:00,,,,,,,,,,,,,,,,,,,,,,,,,
30468,03:48:00,,,,,,,,,,,,,,,,,,,,,,,,,
30469,03:49:00,,,,,,,,,,,,,,,,,,,,,,,,,
30470,03:50:00,,,,,,,,,,,,,,,,,,,,,,,,,
30471,03:51:00,,,,,,,,,,,,,,,,,,,,,,,,,
30472,03:52:00,,,,,,,,,,,,,,,,,,,,,,,,,
30473,03:53:00,,,,,,,,,,,,,,,,,,,,,,,,,
30474,03:54:00,,,,,,,,,,,,,,,,,,,,,,,,,
30475,03:55:00,,,,,,,,,,,,,,,,,,,,,,,,,
30476,03:56:00,,,,,,,,,,,,,,,,,,,,,,,,,
30477,03:57:00,,,,,,,,,,,,,,,,,,,,,,,,,
30478,03:58:00,,,,,,,,,,,,,,,,,,,,,,,,,
30479,03:59:00,,,,,,,,,,,,,,,,,,,,,,,,,
30480,04:00:00,,,,,,,,,,,,,,,,,,,,,,,,,
30481,04:01:00,,,,,,,,,,,,,,,,,,,,,,,,,
30482,04:02:00,,,,,,,,,,,,,,,,,,,,,,,,,
30483,04:03:00,,,,,,,,,,,,,,,,,,,,,,,,,
30484,04:04:00,,,,,,,,,,,,,,,,,,,,,,,,,
30485,04:05:00,,,,,,,,,,,,,,,,,,,,,,,,,
30486,04:06:00,,,,,,,,,,,,,,,,,,,,,,,,,
30487,04:07:00,,,,,,,,,,,,,,,,,,,,,,,,,
30488,04:08:00,,,,,,,,,,,,,,,,,,,,,,,,,
30489,04:09:00,,,,,,,,,,,,,,,,,,,,,,,,,
30490,04:10:00,,,,,,,,,,,,,,,,,,,,,,,,,
30491,04:11:00,,,,,,,,,,,,,,,,,,,,,,,,,
30492,04:12:00,,,,,,,,,,,,,,,,,,,,,,,,,
30493,04:13:00,,,,,,,,,,,,,,,,,,,,,,,,,
30494,04:14:00,,,,,,,,,,,,,,,,,,,,,,,,,
30495,04:15:00,,,,,,,,,,,,,,,,,,,,,,,,,
30496,04:16:00,,,,,,,,,,,,,,,,,,,,,,,,,
30497,04:17:00,,,,,,,,,,,,,,,,,,,,,,,,,
30498,04:18:00,,,,,,,,,,,,,,,,,,,,,,,,,
30499,04:19:00,,,,,,,,,,,,,,,,,,,,,,,,,
30500,04:20:00,,,,,,,,,,,,,,,,,,,,,,,,,
30501,04:21:00,,,,,,,,,,,,,,,,,,,,,,,,,
30502,04:22:00,,,,,,,,,,,,,,,,,,,,,,,,,
30503,04:23:00,,,,,,,,,,,,,,,,,,,,,,,,,
30504,04:24:00,,,,,,,,,,,,,,,,,,,,,,,,,
30505,04:25:00,,,,,,,,,,,,,,,,,,,,,,,,,
30506,04:26:00,,,,,,,,,,,,,,,,,,,,,,,,,
30507,04:27:00,,,,,,,,,,,,,,,,,,,,,,,,,
30508,04:28:00,,,,,,,,,,,,,,,,,,,,,,,,,
30509,04:29:00,,,,,,,,,,,,,,,,,,,,,,,,,
30510,04:30:00,,,,,,,,,,,,,,,,,,,,,,,,,
30511,04:31:00,,,,,,,,,,,,,,,,,,,,,,,,,
30512,04:32:00,,,,,,,,,,,,,,,,,,,,,,,,,
30513,04:33:00,,,,,,,,,,,,,,,,,,,,,,,,,
30514,04:34:00,,,,,,,,,,,,,,,,,,,,,,,,,
30515,04:35:00,,,,,,,,,,,,,,,,,,,,,,,,,
30516,04:36:00,,,,,,,,,,,,,,,,,,,,,,,,,
30517,04:37:00,,,,,,,,,,,,,,,,,,,,,,,,,
30518,04:38:00,,,,,,,,,,,,,,,,,,,,,,,,,
30519,04:39:00,,,,,,,,,,,,,,,,,,,,,,,,,
30520,04:40:00,,,,,,,,,,,,,,,,,,,,,,,,,
30521,04:41:00,,,,,,,,,,,,,,,,,,,,,,,,,
30522,04:42:00,,,,,,,,,,,,,,,,,,,,,,,,,
30523,04:43:00,,,,,,,,,,,,,,,,,,,,,,,,,
30524,04:44:00,,,,,,,,,,,,,,,,,,,,,,,,,
30525,04:45:00,,,,,,,,,,,,,,,,,,,,,,,,,
30526,04:46:00,,,,,,,,,,,,,,,,,,,,,,,,,
30527,04:47:00,,,,,,,,,,,,,,,,,,,,,,,,,
30528,04:48:00,,,,,,,,,,,,,,,,,,,,,,,,,
30529,04:49:00,,,,,,,,,,,,,,,,,,,,,,,,,
30530,04:50:00,,,,,,,,,,,,,,,,,,,,,,,,,
30531,04:51:00,,,,,,,,,,,,,,,,,,,,,,,,,
30532,04:52:00,,,,,,,,,,,,,,,,,,,,,,,,,
30533,04:53:00,,,,,,,,,,,,,,,,,,,,,,,,,
30534,04:54:00,,,,,,,,,,,,,,,,,,,,,,,,,
30535,04:55:00,,,,,,,,,,,,,,,,,,,,,,,,,
30536,04:56:00,,,,,,,,,,,,,,,,,,,,,,,,,
30537,04:57:00,,,,,,,,,,,,,,,,,,,,,,,,,
30538,04:58:00,,,,,,,,,,,,,,,,,,,,,,,,,
30539,04:59:00,,,,,,,,,,,,,,,,,,,,,,,,,
30540,05:00:00,,,,,,,,,,,,,,,,,,,,,,,,,
30541,05:01:00,,,,,,,,,,,,,,,,,,,,,,,,,
30542,05:02:00,,,,,,,,,,,,,,,,,,,,,,,,,
30543,05:03:00,,,,,,,,,,,,,,,,,,,,,,,,,
30544,05:04:00,,,,,,,,,,,,,,,,,,,,,,,,,
30545,05:05:00,,,,,,,,,,,,,,,,,,,,,,,,,
30546,05:06:00,,,,,,,,,,,,,,,,,,,,,,,,,
30547,05:07:00,,,,,,,,,,,,,,,,,,,,,,,,,
30548,05:08:00,,,,,,,,,,,,,,,,,,,,,,,,,
30549,05:09:00,,,,,,,,,,,,,,,,,,,,,,,,,
30550,05:10:00,,,,,,,,,,,,,,,,,,,,,,,,,
30551,05:11:00,,,,,,,,,,,,,,,,,,,,,,,,,
30552,05:12:00,,,,,,,,,,,,,,,,,,,,,,,,,
30553,05:13:00,,,,,,,,,,,,,,,,,,,,,,,,,
30554,05:14:00,,,,,,,,,,,,,,,,,,,,,,,,,
30555,05:15:00,,,,,,,,,,,,,,,,,,,,,,,,,
30556,05:16:00,,,,,,,,,,,,,,,,,,,,,,,,,
30557,05:17:00,,,,,,,,,,,,,,,,,,,,,,,,,
30558,05:18:00,,,,,,,,,,,,,,,,,,,,,,,,,
30559,05:19:00,,,,,,,,,,,,,,,,,,,,,,,,,
30560,05:20:00,,,,,,,,,,,,,,,,,,,,,,,,,
30561,05:21:00,,,,,,,,,,,,,,,,,,,,,,,,,
30562,05:22:00,,,,,,,,,,,,,,,,,,,,,,,,,
30563,05:23:00,,,,,,,,,,,,,,,,,,,,,,,,,
30564,05:24:00,,,,,,,,,,,,,,,,,,,,,,,,,
30565,05:25:00,,,,,,,,,,,,,,,,,,,,,,,,,
30566,05:26:00,,,,,,,,,,,,,,,,,,,,,,,,,
30567,05:27:00,,,,,,,,,,,,,,,,,,,,,,,,,
30568,05:28:00,,,,,,,,,,,,,,,,,,,,,,,,,
30569,05:29:00,,,,,,,,,,,,,,,,,,,,,,,,,
30570,05:30:00,,,,,,,,,,,,,,,,,,,,,,,,,
30571,05:31:00,,,,,,,,,,,,,,,,,,,,,,,,,
30572,05:32:00,,,,,,,,,,,,,,,,,,,,,,,,,
30573,05:33:00,,,,,,,,,,,,,,,,,,,,,,,,,
30574,05:34:00,,,,,,,,,,,,,,,,,,,,,,,,,
30575,05:35:00,,,,,,,,,,,,,,,,,,,,,,,,,
30576,05:36:00,,,,,,,,,,,,,,,,,,,,,,,,,
30577,05:37:00,,,,,,,,,,,,,,,,,,,,,,,,,
30578,05:38:00,,,,,,,,,,,,,,,,,,,,,,,,,
30579,05:39:00,,,,,,,,,,,,,,,,,,,,,,,,,
30580,05:40:00,,,,,,,,,,,,,,,,,,,,,,,,,
30581,05:41:00,,,,,,,,,,,,,,,,,,,,,,,,,
30582,05:42:00,,,,,,,,,,,,,,,,,,,,,,,,,
30583,05:43:00,,,,,,,,,,,,,,,,,,,,,,,,,
30584,05:44:00,,,,,,,,,,,,,,,,,,,,,,,,,
30585,05:45:00,,,,,,,,,,,,,,,,,,,,,,,,,
30586,05:46:00,,,,,,,,,,,,,,,,,,,,,,,,,
30587,05:47:00,,,,,,,,,,,,,,,,,,,,,,,,,
30588,05:48:00,,,,,,,,,,,,,,,,,,,,,,,,,
30589,05:49:00,,,,,,,,,,,,,,,,,,,,,,,,,
30590,05:50:00,,,,,,,,,,,,,,,,,,,,,,,,,
30591,05:51:00,,,,,,,,,,,,,,,,,,,,,,,,,
30592,05:52:00,,,,,,,,,,,,,,,,,,,,,,,,,
30593,05:53:00,,,,,,,,,,,,,,,,,,,,,,,,,
30594,05:54:00,,,,,,,,,,,,,,,,,,,,,,,,,
30595,05:55:00,,,,,,,,,,,,,,,,,,,,,,,,,
30596,05:56:00,,,,,,,,,,,,,,,,,,,,,,,,,
30597,05:57:00,,,,,,,,,,,,,,,,,,,,,,,,,
30598,05:58:00,,,,,,,,,,,,,,,,,,,,,,,,,
30599,05:59:00,,,,,,,,,,,,,,,,,,,,,,,,,
30600,06:00:00,,,,,,,,,,,,,,,,,,,,,,,,,
30601,06:01:00,,,,,,,,,,,,,,,,,,,,,,,,,
30602,06:02:00,,,,,,,,,,,,,,,,,,,,,,,,,
30603,06:03:00,,,,,,,,,,,,,,,,,,,,,,,,,
30604,06:04:00,,,,,,,,,,,,,,,,,,,,,,,,,
30605,06:05:00,,,,,,,,,,,,,,,,,,,,,,,,,
30606,06:06:00,,,,,,,,,,,,,,,,,,,,,,,,,
30607,06:07:00,,,,,,,,,,,,,,,,,,,,,,,,,
30608,06:08:00,,,,,,,,,,,,,,,,,,,,,,,,,
30609,06:09:00,,,,,,,,,,,,,,,,,,,,,,,,,
30610,06:10:00,,,,,,,,,,,,,,,,,,,,,,,,,
30611,06:11:00,,,,,,,,,,,,,,,,,,,,,,,,,
30612,06:12:00,,,,,,,,,,,,,,,,,,,,,,,,,
30613,06:13:00,,,,,,,,,,,,,,,,,,,,,,,,,
30614,06:14:00,,,,,,,,,,,,,,,,,,,,,,,,,
30615,06:15:00,,,,,,,,,,,,,,,,,,,,,,,,,
30616,06:16:00,,,,,,,,,,,,,,,,,,,,,,,,,
30617,06:17:00,,,,,,,,,,,,,,,,,,,,,,,,,
30618,06:18:00,,,,,,,,,,,,,,,,,,,,,,,,,
30619,06:19:00,,,,,,,,,,,,,,,,,,,,,,,,,
30620,06:20:00,,,,,,,,,,,,,,,,,,,,,,,,,
30621,06:21:00,,,,,,,,,,,,,,,,,,,,,,,,,
30622,06:22:00,,,,,,,,,,,,,,,,,,,,,,,,,
30623,06:23:00,,,,,,,,,,,,,,,,,,,,,,,,,
30624,06:24:00,,,,,,,,,,,,,,,,,,,,,,,,,
30625,06:25:00,,,,,,,,,,,,,,,,,,,,,,,,,
30626,06:26:00,,,,,,,,,,,,,,,,,,,,,,,,,
30627,06:27:00,,,,,,,,,,,,,,,,,,,,,,,,,
30628,06:28:00,,,,,,,,,,,,,,,,,,,,,,,,,
30629,06:29:00,,,,,,,,,,,,,,,,,,,,,,,,,
30630,06:30:00,,,,,,,,,,,,,,,,,,,,,,,,,
30631,06:31:00,,,,,,,,,,,,,,,,,,,,,,,,,
30632,06:32:00,,,,,,,,,,,,,,,,,,,,,,,,,
30633,06:33:00,,,,,,,,,,,,,,,,,,,,,,,,,
30634,06:34:00,,,,,,,,,,,,,,,,,,,,,,,,,
30635,06:35:00,,,,,,,,,,,,,,,,,,,,,,,,,
30636,06:36:00,,,,,,,,,,,,,,,,,,,,,,,,,
30637,06:37:00,,,,,,,,,,,,,,,,,,,,,,,,,
30638,06:38:00,,,,,,,,,,,,,,,,,,,,,,,,,
30639,06:39:00,,,,,,,,,,,,,,,,,,,,,,,,,
30640,06:40:00,,,,,,,,,,,,,,,,,,,,,,,,,
30641,06:41:00,,,,,,,,,,,,,,,,,,,,,,,,,
30642,06:42:00,,,,,,,,,,,,,,,,,,,,,,,,,
30643,06:43:00,,,,,,,,,,,,,,,,,,,,,,,,,
30644,06:44:00,,,,,,,,,,,,,,,,,,,,,,,,,
30645,06:45:00,,,,,,,,,,,,,,,,,,,,,,,,,
30646,06:46:00,,,,,,,,,,,,,,,,,,,,,,,,,
30647,06:47:00,,,,,,,,,,,,,,,,,,,,,,,,,
30648,06:48:00,,,,,,,,,,,,,,,,,,,,,,,,,
30649,06:49:00,,,,,,,,,,,,,,,,,,,,,,,,,
30650,06:50:00,,,,,,,,,,,,,,,,,,,,,,,,,
30651,06:51:00,,,,,,,,,,,,,,,,,,,,,,,,,
30652,06:52:00,,,,,,,,,,,,,,,,,,,,,,,,,
30653,06:53:00,,,,,,,,,,,,,,,,,,,,,,,,,
30654,06:54:00,,,,,,,,,,,,,,,,,,,,,,,,,
30655,06:55:00,,,,,,,,,,,,,,,,,,,,,,,,,
30656,06:56:00,,,,,,,,,,,,,,,,,,,,,,,,,
30657,06:57:00,,,,,,,,,,,,,,,,,,,,,,,,,
30658,06:58:00,,,,,,,,,,,,,,,,,,,,,,,,,
30659,06:59:00,,,,,,,,,,,,,,,,,,,,,,,,,
30660,07:00:00,,,,,,,,,,,,,,,,,,,,,,,,,
30661,07:01:00,,,,,,,,,,,,,,,,,,,,,,,,,
30662,07:02:00,,,,,,,,,,,,,,,,,,,,,,,,,
30663,07:03:00,,,,,,,,,,,,,,,,,,,,,,,,,
30664,07:04:00,,,,,,,,,,,,,,,,,,,,,,,,,
30665,07:05:00,,,,,,,,,,,,,,,,,,,,,,,,,
30666,07:06:00,,,,,,,,,,,,,,,,,,,,,,,,,
30667,07:07:00,,,,,,,,,,,,,,,,,,,,,,,,,
30668,07:08:00,,,,,,,,,,,,,,,,,,,,,,,,,
30669,07:09:00,,,,,,,,,,,,,,,,,,,,,,,,,
30670,07:10:00,,,,,,,,,,,,,,,,,,,,,,,,,
30671,07:11:00,,,,,,,,,,,,,,,,,,,,,,,,,
30672,07:12:00,,,,,,,,,,,,,,,,,,,,,,,,,
30673,07:13:00,,,,,,,,,,,,,,,,,,,,,,,,,
30674,07:14:00,,,,,,,,,,,,,,,,,,,,,,,,,
30675,07:15:00,,,,,,,,,,,,,,,,,,,,,,,,,
30676,07:16:00,,,,,,,,,,,,,,,,,,,,,,,,,
30677,07:17:00,,,,,,,,,,,,,,,,,,,,,,,,,
30678,07:18:00,,,,,,,,,,,,,,,,,,,,,,,,,
30679,07:19:00,,,,,,,,,,,,,,,,,,,,,,,,,
30680,07:20:00,,,,,,,,,,,,,,,,,,,,,,,,,
30681,07:21:00,,,,,,,,,,,,,,,,,,,,,,,,,
30682,07:22:00,,,,,,,,,,,,,,,,,,,,,,,,,
30683,07:23:00,,,,,,,,,,,,,,,,,,,,,,,,,
30684,07:24:00,,,,,,,,,,,,,,,,,,,,,,,,,
30685,07:25:00,,,,,,,,,,,,,,,,,,,,,,,,,
30686,07:26:00,,,,,,,,,,,,,,,,,,,,,,,,,
30687,07:27:00,,,,,,,,,,,,,,,,,,,,,,,,,
30688,07:28:00,,,,,,,,,,,,,,,,,,,,,,,,,
30689,07:29:00,,,,,,,,,,,,,,,,,,,,,,,,,
30690,07:30:00,,,,,,,,,,,,,,,,,,,,,,,,,
30691,07:31:00,,,,,,,,,,,,,,,,,,,,,,,,,
30692,07:32:00,,,,,,,,,,,,,,,,,,,,,,,,,
30693,07:33:00,,,,,,,,,,,,,,,,,,,,,,,,,
30694,07:34:00,,,,,,,,,,,,,,,,,,,,,,,,,
30695,07:35:00,,,,,,,,,,,,,,,,,,,,,,,,,
30696,07:36:00,,,,,,,,,,,,,,,,,,,,,,,,,
30697,07:37:00,,,,,,,,,,,,,,,,,,,,,,,,,
30698,07:38:00,,,,,,,,,,,,,,,,,,,,,,,,,
30699,07:39:00,,,,,,,,,,,,,,,,,,,,,,,,,
30700,07:40:00,,,,,,,,,,,,,,,,,,,,,,,,,
30701,07:41:00,,,,,,,,,,,,,,,,,,,,,,,,,
30702,07:42:00,,,,,,,,,,,,,,,,,,,,,,,,,
30703,07:43:00,,,,,,,,,,,,,,,,,,,,,,,,,
30704,07:44:00,,,,,,,,,,,,,,,,,,,,,,,,,
30705,07:45:00,,,,,,,,,,,,,,,,,,,,,,,,,
30706,07:46:00,,,,,,,,,,,,,,,,,,,,,,,,,
30707,07:47:00,,,,,,,,,,,,,,,,,,,,,,,,,
30708,07:48:00,,,,,,,,,,,,,,,,,,,,,,,,,
30709,07:49:00,,,,,,,,,,,,,,,,,,,,,,,,,
30710,07:50:00,,,,,,,,,,,,,,,,,,,,,,,,,
30711,07:51:00,,,,,,,,,,,,,,,,,,,,,,,,,
30712,07:52:00,,,,,,,,,,,,,,,,,,,,,,,,,
30713,07:53:00,,,,,,,,,,,,,,,,,,,,,,,,,
30714,07:54:00,,,,,,,,,,,,,,,,,,,,,,,,,
30715,07:55:00,,,,,,,,,,,,,,,,,,,,,,,,,
30716,07:56:00,,,,,,,,,,,,,,,,,,,,,,,,,
30717,07:57:00,,,,,,,,,,,,,,,,,,,,,,,,,
30718,07:58:00,,,,,,,,,,,,,,,,,,,,,,,,,
30719,07:59:00,,,,,,,,,,,,,,,,,,,,,,,,,
30720,08:00:00,,,,,,,,,,,,,,,,,,,,,,,,,
30721,08:01:00,,,,,,,,,,,,,,,,,,,,,,,,,
30722,08:02:00,,,,,,,,,,,,,,,,,,,,,,,,,
30723,08:03:00,,,,,,,,,,,,,,,,,,,,,,,,,
30724,08:04:00,,,,,,,,,,,,,,,,,,,,,,,,,
30725,08:05:00,,,,,,,,,,,,,,,,,,,,,,,,,
30726,08:06:00,,,,,,,,,,,,,,,,,,,,,,,,,
30727,08:07:00,,,,,,,,,,,,,,,,,,,,,,,,,
30728,08:08:00,,,,,,,,,,,,,,,,,,,,,,,,,
30729,08:09:00,,,,,,,,,,,,,,,,,,,,,,,,,
30730,08:10:00,,,,,,,,,,,,,,,,,,,,,,,,,
30731,08:11:00,,,,,,,,,,,,,,,,,,,,,,,,,
30732,08:12:00,,,,,,,,,,,,,,,,,,,,,,,,,
30733,08:13:00,,,,,,,,,,,,,,,,,,,,,,,,,
30734,08:14:00,,,,,,,,,,,,,,,,,,,,,,,,,
30735,08:15:00,,,,,,,,,,,,,,,,,,,,,,,,,
30736,08:16:00,,,,,,,,,,,,,,,,,,,,,,,,,
30737,08:17:00,,,,,,,,,,,,,,,,,,,,,,,,,
30738,08:18:00,,,,,,,,,,,,,,,,,,,,,,,,,
30739,08:19:00,,,,,,,,,,,,,,,,,,,,,,,,,
30740,08:20:00,,,,,,,,,,,,,,,,,,,,,,,,,
30741,08:21:00,,,,,,,,,,,,,,,,,,,,,,,,,
30742,08:22:00,,,,,,,,,,,,,,,,,,,,,,,,,
30743,08:23:00,,,,,,,,,,,,,,,,,,,,,,,,,
30744,08:24:00,,,,,,,,,,,,,,,,,,,,,,,,,
30745,08:25:00,,,,,,,,,,,,,,,,,,,,,,,,,
30746,08:26:00,,,,,,,,,,,,,,,,,,,,,,,,,
30747,08:27:00,,,,,,,,,,,,,,,,,,,,,,,,,
30748,08:28:00,,,,,,,,,,,,,,,,,,,,,,,,,
30749,08:29:00,,,,,,,,,,,,,,,,,,,,,,,,,
30750,08:30:00,,,,,,,,,,,,,,,,,,,,,,,,,
30751,08:31:00,,,,,,,,,,,,,,,,,,,,,,,,,
30752,08:32:00,,,,,,,,,,,,,,,,,,,,,,,,,
30753,08:33:00,,,,,,,,,,,,,,,,,,,,,,,,,
30754,08:34:00,,,,,,,,,,,,,,,,,,,,,,,,,
30755,08:35:00,,,,,,,,,,,,,,,,,,,,,,,,,
30756,08:36:00,,,,,,,,,,,,,,,,,,,,,,,,,
30757,08:37:00,,,,,,,,,,,,,,,,,,,,,,,,,
30758,08:38:00,,,,,,,,,,,,,,,,,,,,,,,,,
30759,08:39:00,,,,,,,,,,,,,,,,,,,,,,,,,
30760,08:40:00,,,,,,,,,,,,,,,,,,,,,,,,,
30761,08:41:00,,,,,,,,,,,,,,,,,,,,,,,,,
30762,08:42:00,,,,,,,,,,,,,,,,,,,,,,,,,
30763,08:43:00,,,,,,,,,,,,,,,,,,,,,,,,,
30764,08:44:00,,,,,,,,,,,,,,,,,,,,,,,,,
30765,08:45:00,,,,,,,,,,,,,,,,,,,,,,,,,
30766,08:46:00,,,,,,,,,,,,,,,,,,,,,,,,,
30767,08:47:00,,,,,,,,,,,,,,,,,,,,,,,,,
30768,08:48:00,,,,,,,,,,,,,,,,,,,,,,,,,
30769,08:49:00,,,,,,,,,,,,,,,,,,,,,,,,,
30770,08:50:00,,,,,,,,,,,,,,,,,,,,,,,,,
30771,08:51:00,,,,,,,,,,,,,,,,,,,,,,,,,
30772,08:52:00,,,,,,,,,,,,,,,,,,,,,,,,,
30773,08:53:00,,,,,,,,,,,,,,,,,,,,,,,,,
30774,08:54:00,,,,,,,,,,,,,,,,,,,,,,,,,
30775,08:55:00,,,,,,,,,,,,,,,,,,,,,,,,,
30776,08:56:00,,,,,,,,,,,,,,,,,,,,,,,,,
30777,08:57:00,,,,,,,,,,,,,,,,,,,,,,,,,
30778,08:58:00,,,,,,,,,,,,,,,,,,,,,,,,,
30779,08:59:00,,,,,,,,,,,,,,,,,,,,,,,,,
30780,09:00:00,,,,,,,,,,,,,,,,,,,,,,,,,
30781,09:01:00,,,,,,,,,,,,,,,,,,,,,,,,,
30782,09:02:00,,,,,,,,,,,,,,,,,,,,,,,,,
30783,09:03:00,,,,,,,,,,,,,,,,,,,,,,,,,
30784,09:04:00,,,,,,,,,,,,,,,,,,,,,,,,,
30785,09:05:00,,,,,,,,,,,,,,,,,,,,,,,,,
30786,09:06:00,,,,,,,,,,,,,,,,,,,,,,,,,
30787,09:07:00,,,,,,,,,,,,,,,,,,,,,,,,,
30788,09:08:00,,,,,,,,,,,,,,,,,,,,,,,,,
30789,09:09:00,,,,,,,,,,,,,,,,,,,,,,,,,
30790,09:10:00,,,,,,,,,,,,,,,,,,,,,,,,,
30791,09:11:00,,,,,,,,,,,,,,,,,,,,,,,,,
30792,09:12:00,,,,,,,,,,,,,,,,,,,,,,,,,
30793,09:13:00,,,,,,,,,,,,,,,,,,,,,,,,,
30794,09:14:00,,,,,,,,,,,,,,,,,,,,,,,,,
30795,09:15:00,,,,,,,,,,,,,,,,,,,,,,,,,
30796,09:16:00,,,,,,,,,,,,,,,,,,,,,,,,,
30797,09:17:00,,,,,,,,,,,,,,,,,,,,,,,,,
30798,09:18:00,,,,,,,,,,,,,,,,,,,,,,,,,
30799,09:19:00,,,,,,,,,,,,,,,,,,,,,,,,,
30800,09:20:00,,,,,,,,,,,,,,,,,,,,,,,,,
30801,09:21:00,,,,,,,,,,,,,,,,,,,,,,,,,
30802,09:22:00,,,,,,,,,,,,,,,,,,,,,,,,,
30803,09:23:00,,,,,,,,,,,,,,,,,,,,,,,,,
30804,09:24:00,,,,,,,,,,,,,,,,,,,,,,,,,
30805,09:25:00,,,,,,,,,,,,,,,,,,,,,,,,,
30806,09:26:00,,,,,,,,,,,,,,,,,,,,,,,,,
30807,09:27:00,,,,,,,,,,,,,,,,,,,,,,,,,
30808,09:28:00,,,,,,,,,,,,,,,,,,,,,,,,,
30809,09:29:00,,,,,,,,,,,,,,,,,,,,,,,,,
30810,09:30:00,,,,,,,,,,,,,,,,,,,,,,,,,
30811,09:31:00,,,,,,,,,,,,,,,,,,,,,,,,,
30812,09:32:00,,,,,,,,,,,,,,,,,,,,,,,,,
30813,09:33:00,,,,,,,,,,,,,,,,,,,,,,,,,
30814,09:34:00,,,,,,,,,,,,,,,,,,,,,,,,,
30815,09:35:00,,,,,,,,,,,,,,,,,,,,,,,,,
30816,09:36:00,,,,,,,,,,,,,,,,,,,,,,,,,
30817,09:37:00,,,,,,,,,,,,,,,,,,,,,,,,,
30818,09:38:00,,,,,,,,,,,,,,,,,,,,,,,,,
30819,09:39:00,,,,,,,,,,,,,,,,,,,,,,,,,
30820,09:40:00,,,,,,,,,,,,,,,,,,,,,,,,,
30821,09:41:00,,,,,,,,,,,,,,,,,,,,,,,,,
30822,09:42:00,,,,,,,,,,,,,,,,,,,,,,,,,
30823,09:43:00,,,,,,,,,,,,,,,,,,,,,,,,,
30824,09:44:00,,,,,,,,,,,,,,,,,,,,,,,,,
30825,09:45:00,,,,,,,,,,,,,,,,,,,,,,,,,
30826,09:46:00,,,,,,,,,,,,,,,,,,,,,,,,,
30827,09:47:00,,,,,,,,,,,,,,,,,,,,,,,,,
30828,09:48:00,,,,,,,,,,,,,,,,,,,,,,,,,
30829,09:49:00,,,,,,,,,,,,,,,,,,,,,,,,,
30830,09:50:00,,,,,,,,,,,,,,,,,,,,,,,,,
30831,09:51:00,,,,,,,,,,,,,,,,,,,,,,,,,
30832,09:52:00,,,,,,,,,,,,,,,,,,,,,,,,,
30833,09:53:00,,,,,,,,,,,,,,,,,,,,,,,,,
30834,09:54:00,,,,,,,,,,,,,,,,,,,,,,,,,
30835,09:55:00,,,,,,,,,,,,,,,,,,,,,,,,,
30836,09:56:00,,,,,,,,,,,,,,,,,,,,,,,,,
30837,09:57:00,,,,,,,,,,,,,,,,,,,,,,,,,
30838,09:58:00,,,,,,,,,,,,,,,,,,,,,,,,,
30839,09:59:00,,,,,,,,,,,,,,,,,,,,,,,,,
30840,10:00:00,,,,,,,,,,,,,,,,,,,,,,,,,
30841,10:01:00,,,,,,,,,,,,,,,,,,,,,,,,,
30842,10:02:00,,,,,,,,,,,,,,,,,,,,,,,,,
30843,10:03:00,,,,,,,,,,,,,,,,,,,,,,,,,
30844,10:04:00,,,,,,,,,,,,,,,,,,,,,,,,,
30845,10:05:00,,,,,,,,,,,,,,,,,,,,,,,,,
30846,10:06:00,,,,,,,,,,,,,,,,,,,,,,,,,
30847,10:07:00,,,,,,,,,,,,,,,,,,,,,,,,,
30848,10:08:00,,,,,,,,,,,,,,,,,,,,,,,,,
30849,10:09:00,,,,,,,,,,,,,,,,,,,,,,,,,
30850,10:10:00,,,,,,,,,,,,,,,,,,,,,,,,,
30851,10:11:00,,,,,,,,,,,,,,,,,,,,,,,,,
30852,10:12:00,,,,,,,,,,,,,,,,,,,,,,,,,
30853,10:13:00,,,,,,,,,,,,,,,,,,,,,,,,,
30854,10:14:00,,,,,,,,,,,,,,,,,,,,,,,,,
30855,10:15:00,,,,,,,,,,,,,,,,,,,,,,,,,
30856,10:16:00,,,,,,,,,,,,,,,,,,,,,,,,,
30857,10:17:00,,,,,,,,,,,,,,,,,,,,,,,,,
30858,10:18:00,,,,,,,,,,,,,,,,,,,,,,,,,
30859,10:19:00,,,,,,,,,,,,,,,,,,,,,,,,,
30860,10:20:00,,,,,,,,,,,,,,,,,,,,,,,,,
30861,10:21:00,,,,,,,,,,,,,,,,,,,,,,,,,
30862,10:22:00,,,,,,,,,,,,,,,,,,,,,,,,,
30863,10:23:00,,,,,,,,,,,,,,,,,,,,,,,,,
30864,10:24:00,,,,,,,,,,,,,,,,,,,,,,,,,
30865,10:25:00,,,,,,,,,,,,,,,,,,,,,,,,,
30866,10:26:00,,,,,,,,,,,,,,,,,,,,,,,,,
30867,10:27:00,,,,,,,,,,,,,,,,,,,,,,,,,
30868,10:28:00,,,,,,,,,,,,,,,,,,,,,,,,,
30869,10:29:00,,,,,,,,,,,,,,,,,,,,,,,,,
30870,10:30:00,,,,,,,,,,,,,,,,,,,,,,,,,
30871,10:31:00,,,,,,,,,,,,,,,,,,,,,,,,,
30872,10:32:00,,,,,,,,,,,,,,,,,,,,,,,,,
30873,10:33:00,,,,,,,,,,,,,,,,,,,,,,,,,
30874,10:34:00,,,,,,,,,,,,,,,,,,,,,,,,,
30875,10:35:00,,,,,,,,,,,,,,,,,,,,,,,,,
30876,10:36:00,,,,,,,,,,,,,,,,,,,,,,,,,
30877,10:37:00,,,,,,,,,,,,,,,,,,,,,,,,,
30878,10:38:00,,,,,,,,,,,,,,,,,,,,,,,,,
30879,10:39:00,,,,,,,,,,,,,,,,,,,,,,,,,
30880,10:40:00,,,,,,,,,,,,,,,,,,,,,,,,,
30881,10:41:00,,,,,,,,,,,,,,,,,,,,,,,,,
30882,10:42:00,,,,,,,,,,,,,,,,,,,,,,,,,
30883,10:43:00,,,,,,,,,,,,,,,,,,,,,,,,,
30884,10:44:00,,,,,,,,,,,,,,,,,,,,,,,,,
30885,10:45:00,,,,,,,,,,,,,,,,,,,,,,,,,
30886,10:46:00,,,,,,,,,,,,,,,,,,,,,,,,,
30887,10:47:00,,,,,,,,,,,,,,,,,,,,,,,,,
30888,10:48:00,,,,,,,,,,,,,,,,,,,,,,,,,
30889,10:49:00,,,,,,,,,,,,,,,,,,,,,,,,,
30890,10:50:00,,,,,,,,,,,,,,,,,,,,,,,,,
30891,10:51:00,,,,,,,,,,,,,,,,,,,,,,,,,
30892,10:52:00,,,,,,,,,,,,,,,,,,,,,,,,,
30893,10:53:00,,,,,,,,,,,,,,,,,,,,,,,,,
30894,10:54:00,,,,,,,,,,,,,,,,,,,,,,,,,
30895,10:55:00,,,,,,,,,,,,,,,,,,,,,,,,,
30896,10:56:00,,,,,,,,,,,,,,,,,,,,,,,,,
30897,10:57:00,,,,,,,,,,,,,,,,,,,,,,,,,
30898,10:58:00,,,,,,,,,,,,,,,,,,,,,,,,,
30899,10:59:00,,,,,,,,,,,,,,,,,,,,,,,,,
30900,11:00:00,,,,,,,,,,,,,,,,,,,,,,,,,
30901,11:01:00,,,,,,,,,,,,,,,,,,,,,,,,,
30902,11:02:00,,,,,,,,,,,,,,,,,,,,,,,,,
30903,11:03:00,,,,,,,,,,,,,,,,,,,,,,,,,
30904,11:04:00,,,,,,,,,,,,,,,,,,,,,,,,,
30905,11:05:00,,,,,,,,,,,,,,,,,,,,,,,,,
30906,11:06:00,,,,,,,,,,,,,,,,,,,,,,,,,
30907,11:07:00,,,,,,,,,,,,,,,,,,,,,,,,,
30908,11:08:00,,,,,,,,,,,,,,,,,,,,,,,,,
30909,11:09:00,,,,,,,,,,,,,,,,,,,,,,,,,
30910,11:10:00,,,,,,,,,,,,,,,,,,,,,,,,,
30911,11:11:00,,,,,,,,,,,,,,,,,,,,,,,,,
30912,11:12:00,,,,,,,,,,,,,,,,,,,,,,,,,
30913,11:13:00,,,,,,,,,,,,,,,,,,,,,,,,,
30914,11:14:00,,,,,,,,,,,,,,,,,,,,,,,,,
30915,11:15:00,,,,,,,,,,,,,,,,,,,,,,,,,
30916,11:16:00,,,,,,,,,,,,,,,,,,,,,,,,,
30917,11:17:00,,,,,,,,,,,,,,,,,,,,,,,,,
30918,11:18:00,,,,,,,,,,,,,,,,,,,,,,,,,
30919,11:19:00,,,,,,,,,,,,,,,,,,,,,,,,,
30920,11:20:00,,,,,,,,,,,,,,,,,,,,,,,,,
30921,11:21:00,,,,,,,,,,,,,,,,,,,,,,,,,
30922,11:22:00,,,,,,,,,,,,,,,,,,,,,,,,,
30923,11:23:00,,,,,,,,,,,,,,,,,,,,,,,,,
30924,11:24:00,,,,,,,,,,,,,,,,,,,,,,,,,
30925,11:25:00,,,,,,,,,,,,,,,,,,,,,,,,,
30926,11:26:00,,,,,,,,,,,,,,,,,,,,,,,,,
30927,11:27:00,,,,,,,,,,,,,,,,,,,,,,,,,
30928,11:28:00,,,,,,,,,,,,,,,,,,,,,,,,,
30929,11:29:00,,,,,,,,,,,,,,,,,,,,,,,,,
30930,11:30:00,,,,,,,,,,,,,,,,,,,,,,,,,
30931,11:31:00,,,,,,,,,,,,,,,,,,,,,,,,,
30932,11:32:00,,,,,,,,,,,,,,,,,,,,,,,,,
30933,11:33:00,,,,,,,,,,,,,,,,,,,,,,,,,
30934,11:34:00,,,,,,,,,,,,,,,,,,,,,,,,,
30935,11:35:00,,,,,,,,,,,,,,,,,,,,,,,,,
30936,11:36:00,,,,,,,,,,,,,,,,,,,,,,,,,
30937,11:37:00,,,,,,,,,,,,,,,,,,,,,,,,,
30938,11:38:00,,,,,,,,,,,,,,,,,,,,,,,,,
30939,11:39:00,,,,,,,,,,,,,,,,,,,,,,,,,
30940,11:40:00,,,,,,,,,,,,,,,,,,,,,,,,,
30941,11:41:00,,,,,,,,,,,,,,,,,,,,,,,,,
30942,11:42:00,,,,,,,,,,,,,,,,,,,,,,,,,
30943,11:43:00,,,,,,,,,,,,,,,,,,,,,,,,,
30944,11:44:00,,,,,,,,,,,,,,,,,,,,,,,,,
30945,11:45:00,,,,,,,,,,,,,,,,,,,,,,,,,
30946,11:46:00,,,,,,,,,,,,,,,,,,,,,,,,,
30947,11:47:00,,,,,,,,,,,,,,,,,,,,,,,,,
30948,11:48:00,,,,,,,,,,,,,,,,,,,,,,,,,
30949,11:49:00,,,,,,,,,,,,,,,,,,,,,,,,,
30950,11:50:00,,,,,,,,,,,,,,,,,,,,,,,,,
30951,11:51:00,,,,,,,,,,,,,,,,,,,,,,,,,
30952,11:52:00,,,,,,,,,,,,,,,,,,,,,,,,,
30953,11:53:00,,,,,,,,,,,,,,,,,,,,,,,,,
30954,11:54:00,,,,,,,,,,,,,,,,,,,,,,,,,
30955,11:55:00,,,,,,,,,,,,,,,,,,,,,,,,,
30956,11:56:00,,,,,,,,,,,,,,,,,,,,,,,,,
30957,11:57:00,,,,,,,,,,,,,,,,,,,,,,,,,
30958,11:58:00,,,,,,,,,,,,,,,,,,,,,,,,,
30959,11:59:00,,,,,,,,,,,,,,,,,,,,,,,,,
30960,12:00:00,,,,,,,,,,,,,,,,,,,,,,,,,
30961,12:01:00,,,,,,,,,,,,,,,,,,,,,,,,,
30962,12:02:00,,,,,,,,,,,,,,,,,,,,,,,,,
30963,12:03:00,,,,,,,,,,,,,,,,,,,,,,,,,
30964,12:04:00,,,,,,,,,,,,,,,,,,,,,,,,,
30965,12:05:00,,,,,,,,,,,,,,,,,,,,,,,,,
30966,12:06:00,,,,,,,,,,,,,,,,,,,,,,,,,
30967,12:07:00,,,,,,,,,,,,,,,,,,,,,,,,,
30968,12:08:00,,,,,,,,,,,,,,,,,,,,,,,,,
30969,12:09:00,,,,,,,,,,,,,,,,,,,,,,,,,
30970,12:10:00,,,,,,,,,,,,,,,,,,,,,,,,,
30971,12:11:00,,,,,,,,,,,,,,,,,,,,,,,,,
30972,12:12:00,,,,,,,,,,,,,,,,,,,,,,,,,
30973,12:13:00,,,,,,,,,,,,,,,,,,,,,,,,,
30974,12:14:00,,,,,,,,,,,,,,,,,,,,,,,,,
30975,12:15:00,,,,,,,,,,,,,,,,,,,,,,,,,
30976,12:16:00,,,,,,,,,,,,,,,,,,,,,,,,,
30977,12:17:00,,,,,,,,,,,,,,,,,,,,,,,,,
30978,12:18:00,,,,,,,,,,,,,,,,,,,,,,,,,
30979,12:19:00,,,,,,,,,,,,,,,,,,,,,,,,,
30980,12:20:00,,,,,,,,,,,,,,,,,,,,,,,,,
30981,12:21:00,,,,,,,,,,,,,,,,,,,,,,,,,
30982,12:22:00,,,,,,,,,,,,,,,,,,,,,,,,,
30983,12:23:00,,,,,,,,,,,,,,,,,,,,,,,,,
30984,12:24:00,,,,,,,,,,,,,,,,,,,,,,,,,
30985,12:25:00,,,,,,,,,,,,,,,,,,,,,,,,,
30986,12:26:00,,,,,,,,,,,,,,,,,,,,,,,,,
30987,12:27:00,,,,,,,,,,,,,,,,,,,,,,,,,
30988,12:28:00,,,,,,,,,,,,,,,,,,,,,,,,,
30989,12:29:00,,,,,,,,,,,,,,,,,,,,,,,,,
30990,12:30:00,,,,,,,,,,,,,,,,,,,,,,,,,
30991,12:31:00,,,,,,,,,,,,,,,,,,,,,,,,,
30992,12:32:00,,,,,,,,,,,,,,,,,,,,,,,,,
30993,12:33:00,,,,,,,,,,,,,,,,,,,,,,,,,
30994,12:34:00,,,,,,,,,,,,,,,,,,,,,,,,,
30995,12:35:00,,,,,,,,,,,,,,,,,,,,,,,,,
30996,12:36:00,,,,,,,,,,,,,,,,,,,,,,,,,
30997,12:37:00,,,,,,,,,,,,,,,,,,,,,,,,,
30998,12:38:00,,,,,,,,,,,,,,,,,,,,,,,,,
30999,12:39:00,,,,,,,,,,,,,,,,,,,,,,,,,
31000,12:40:00,,,,,,,,,,,,,,,,,,,,,,,,,
31001,12:41:00,,,,,,,,,,,,,,,,,,,,,,,,,
31002,12:42:00,,,,,,,,,,,,,,,,,,,,,,,,,
31003,12:43:00,,,,,,,,,,,,,,,,,,,,,,,,,
31004,12:44:00,,,,,,,,,,,,,,,,,,,,,,,,,
31005,12:45:00,,,,,,,,,,,,,,,,,,,,,,,,,
31006,12:46:00,,,,,,,,,,,,,,,,,,,,,,,,,
31007,12:47:00,,,,,,,,,,,,,,,,,,,,,,,,,
31008,12:48:00,,,,,,,,,,,,,,,,,,,,,,,,,
31009,12:49:00,,,,,,,,,,,,,,,,,,,,,,,,,
31010,12:50:00,,,,,,,,,,,,,,,,,,,,,,,,,
31011,12:51:00,,,,,,,,,,,,,,,,,,,,,,,,,
31012,12:52:00,,,,,,,,,,,,,,,,,,,,,,,,,
31013,12:53:00,,,,,,,,,,,,,,,,,,,,,,,,,
31014,12:54:00,,,,,,,,,,,,,,,,,,,,,,,,,
31015,12:55:00,,,,,,,,,,,,,,,,,,,,,,,,,
31016,12:56:00,,,,,,,,,,,,,,,,,,,,,,,,,
31017,12:57:00,,,,,,,,,,,,,,,,,,,,,,,,,
31018,12:58:00,,,,,,,,,,,,,,,,,,,,,,,,,
31019,12:59:00,,,,,,,,,,,,,,,,,,,,,,,,,
31020,13:00:00,,,,,,,,,,,,,,,,,,,,,,,,,
31021,13:01:00,,,,,,,,,,,,,,,,,,,,,,,,,
31022,13:02:00,,,,,,,,,,,,,,,,,,,,,,,,,
31023,13:03:00,,,,,,,,,,,,,,,,,,,,,,,,,
31024,13:04:00,,,,,,,,,,,,,,,,,,,,,,,,,
31025,13:05:00,,,,,,,,,,,,,,,,,,,,,,,,,
31026,13:06:00,,,,,,,,,,,,,,,,,,,,,,,,,
31027,13:07:00,,,,,,,,,,,,,,,,,,,,,,,,,
31028,13:08:00,,,,,,,,,,,,,,,,,,,,,,,,,
31029,13:09:00,,,,,,,,,,,,,,,,,,,,,,,,,
31030,13:10:00,,,,,,,,,,,,,,,,,,,,,,,,,
31031,13:11:00,,,,,,,,,,,,,,,,,,,,,,,,,
31032,13:12:00,,,,,,,,,,,,,,,,,,,,,,,,,
31033,13:13:00,,,,,,,,,,,,,,,,,,,,,,,,,
31034,13:14:00,,,,,,,,,,,,,,,,,,,,,,,,,
31035,13:15:00,,,,,,,,,,,,,,,,,,,,,,,,,
31036,13:16:00,,,,,,,,,,,,,,,,,,,,,,,,,
31037,13:17:00,,,,,,,,,,,,,,,,,,,,,,,,,
31038,13:18:00,,,,,,,,,,,,,,,,,,,,,,,,,
31039,13:19:00,,,,,,,,,,,,,,,,,,,,,,,,,
31040,13:20:00,,,,,,,,,,,,,,,,,,,,,,,,,
31041,13:21:00,,,,,,,,,,,,,,,,,,,,,,,,,
31042,13:22:00,,,,,,,,,,,,,,,,,,,,,,,,,
31043,13:23:00,,,,,,,,,,,,,,,,,,,,,,,,,
31044,13:24:00,,,,,,,,,,,,,,,,,,,,,,,,,
31045,13:25:00,,,,,,,,,,,,,,,,,,,,,,,,,
31046,13:26:00,,,,,,,,,,,,,,,,,,,,,,,,,
31047,13:27:00,,,,,,,,,,,,,,,,,,,,,,,,,
31048,13:28:00,,,,,,,,,,,,,,,,,,,,,,,,,
31049,13:29:00,,,,,,,,,,,,,,,,,,,,,,,,,
31050,13:30:00,,,,,,,,,,,,,,,,,,,,,,,,,
31051,13:31:00,,,,,,,,,,,,,,,,,,,,,,,,,
31052,13:32:00,,,,,,,,,,,,,,,,,,,,,,,,,
31053,13:33:00,,,,,,,,,,,,,,,,,,,,,,,,,
31054,13:34:00,,,,,,,,,,,,,,,,,,,,,,,,,
31055,13:35:00,,,,,,,,,,,,,,,,,,,,,,,,,
31056,13:36:00,,,,,,,,,,,,,,,,,,,,,,,,,
31057,13:37:00,,,,,,,,,,,,,,,,,,,,,,,,,
31058,13:38:00,,,,,,,,,,,,,,,,,,,,,,,,,
31059,13:39:00,,,,,,,,,,,,,,,,,,,,,,,,,
31060,13:40:00,,,,,,,,,,,,,,,,,,,,,,,,,
31061,13:41:00,,,,,,,,,,,,,,,,,,,,,,,,,
31062,13:42:00,,,,,,,,,,,,,,,,,,,,,,,,,
31063,13:43:00,,,,,,,,,,,,,,,,,,,,,,,,,
31064,13:44:00,,,,,,,,,,,,,,,,,,,,,,,,,
31065,13:45:00,,,,,,,,,,,,,,,,,,,,,,,,,
31066,13:46:00,,,,,,,,,,,,,,,,,,,,,,,,,
31067,13:47:00,,,,,,,,,,,,,,,,,,,,,,,,,
31068,13:48:00,,,,,,,,,,,,,,,,,,,,,,,,,
31069,13:49:00,,,,,,,,,,,,,,,,,,,,,,,,,
31070,13:50:00,,,,,,,,,,,,,,,,,,,,,,,,,
31071,13:51:00,,,,,,,,,,,,,,,,,,,,,,,,,
31072,13:52:00,,,,,,,,,,,,,,,,,,,,,,,,,
31073,13:53:00,,,,,,,,,,,,,,,,,,,,,,,,,
31074,13:54:00,,,,,,,,,,,,,,,,,,,,,,,,,
31075,13:55:00,,,,,,,,,,,,,,,,,,,,,,,,,
31076,13:56:00,,,,,,,,,,,,,,,,,,,,,,,,,
31077,13:57:00,,,,,,,,,,,,,,,,,,,,,,,,,
31078,13:58:00,,,,,,,,,,,,,,,,,,,,,,,,,
31079,13:59:00,,,,,,,,,,,,,,,,,,,,,,,,,
31080,14:00:00,,,,,,,,,,,,,,,,,,,,,,,,,
31081,14:01:00,,,,,,,,,,,,,,,,,,,,,,,,,
31082,14:02:00,,,,,,,,,,,,,,,,,,,,,,,,,
31083,14:03:00,,,,,,,,,,,,,,,,,,,,,,,,,
31084,14:04:00,,,,,,,,,,,,,,,,,,,,,,,,,
31085,14:05:00,,,,,,,,,,,,,,,,,,,,,,,,,
31086,14:06:00,,,,,,,,,,,,,,,,,,,,,,,,,
31087,14:07:00,,,,,,,,,,,,,,,,,,,,,,,,,
31088,14:08:00,,,,,,,,,,,,,,,,,,,,,,,,,
31089,14:09:00,,,,,,,,,,,,,,,,,,,,,,,,,
31090,14:10:00,,,,,,,,,,,,,,,,,,,,,,,,,
31091,14:11:00,,,,,,,,,,,,,,,,,,,,,,,,,
31092,14:12:00,,,,,,,,,,,,,,,,,,,,,,,,,
31093,14:13:00,,,,,,,,,,,,,,,,,,,,,,,,,
31094,14:14:00,,,,,,,,,,,,,,,,,,,,,,,,,
31095,14:15:00,,,,,,,,,,,,,,,,,,,,,,,,,
31096,14:16:00,,,,,,,,,,,,,,,,,,,,,,,,,
31097,14:17:00,,,,,,,,,,,,,,,,,,,,,,,,,
31098,14:18:00,,,,,,,,,,,,,,,,,,,,,,,,,
31099,14:19:00,,,,,,,,,,,,,,,,,,,,,,,,,
31100,14:20:00,,,,,,,,,,,,,,,,,,,,,,,,,
31101,14:21:00,,,,,,,,,,,,,,,,,,,,,,,,,
31102,14:22:00,,,,,,,,,,,,,,,,,,,,,,,,,
31103,14:23:00,,,,,,,,,,,,,,,,,,,,,,,,,
31104,14:24:00,,,,,,,,,,,,,,,,,,,,,,,,,
31105,14:25:00,,,,,,,,,,,,,,,,,,,,,,,,,
31106,14:26:00,,,,,,,,,,,,,,,,,,,,,,,,,
31107,14:27:00,,,,,,,,,,,,,,,,,,,,,,,,,
31108,14:28:00,,,,,,,,,,,,,,,,,,,,,,,,,
31109,14:29:00,,,,,,,,,,,,,,,,,,,,,,,,,
31110,14:30:00,,,,,,,,,,,,,,,,,,,,,,,,,
31111,14:31:00,,,,,,,,,,,,,,,,,,,,,,,,,
31112,14:32:00,,,,,,,,,,,,,,,,,,,,,,,,,
31113,14:33:00,,,,,,,,,,,,,,,,,,,,,,,,,
31114,14:34:00,,,,,,,,,,,,,,,,,,,,,,,,,
31115,14:35:00,,,,,,,,,,,,,,,,,,,,,,,,,
31116,14:36:00,,,,,,,,,,,,,,,,,,,,,,,,,
31117,14:37:00,,,,,,,,,,,,,,,,,,,,,,,,,
31118,14:38:00,,,,,,,,,,,,,,,,,,,,,,,,,
31119,14:39:00,,,,,,,,,,,,,,,,,,,,,,,,,
31120,14:40:00,,,,,,,,,,,,,,,,,,,,,,,,,
31121,14:41:00,,,,,,,,,,,,,,,,,,,,,,,,,
31122,14:42:00,,,,,,,,,,,,,,,,,,,,,,,,,
31123,14:43:00,,,,,,,,,,,,,,,,,,,,,,,,,
31124,14:44:00,,,,,,,,,,,,,,,,,,,,,,,,,
31125,14:45:00,,,,,,,,,,,,,,,,,,,,,,,,,
31126,14:46:00,,,,,,,,,,,,,,,,,,,,,,,,,
31127,14:47:00,,,,,,,,,,,,,,,,,,,,,,,,,
31128,14:48:00,,,,,,,,,,,,,,,,,,,,,,,,,
31129,14:49:00,,,,,,,,,,,,,,,,,,,,,,,,,
31130,14:50:00,,,,,,,,,,,,,,,,,,,,,,,,,
31131,14:51:00,,,,,,,,,,,,,,,,,,,,,,,,,
31132,14:52:00,,,,,,,,,,,,,,,,,,,,,,,,,
31133,14:53:00,,,,,,,,,,,,,,,,,,,,,,,,,
31134,14:54:00,,,,,,,,,,,,,,,,,,,,,,,,,
31135,14:55:00,,,,,,,,,,,,,,,,,,,,,,,,,
31136,14:56:00,,,,,,,,,,,,,,,,,,,,,,,,,
31137,14:57:00,,,,,,,,,,,,,,,,,,,,,,,,,
31138,14:58:00,,,,,,,,,,,,,,,,,,,,,,,,,
31139,14:59:00,,,,,,,,,,,,,,,,,,,,,,,,,
31140,15:00:00,,,,,,,,,,,,,,,,,,,,,,,,,
31141,15:01:00,,,,,,,,,,,,,,,,,,,,,,,,,
31142,15:02:00,,,,,,,,,,,,,,,,,,,,,,,,,
31143,15:03:00,,,,,,,,,,,,,,,,,,,,,,,,,
31144,15:04:00,,,,,,,,,,,,,,,,,,,,,,,,,
31145,15:05:00,,,,,,,,,,,,,,,,,,,,,,,,,
31146,15:06:00,,,,,,,,,,,,,,,,,,,,,,,,,
31147,15:07:00,,,,,,,,,,,,,,,,,,,,,,,,,
31148,15:08:00,,,,,,,,,,,,,,,,,,,,,,,,,
31149,15:09:00,,,,,,,,,,,,,,,,,,,,,,,,,
31150,15:10:00,,,,,,,,,,,,,,,,,,,,,,,,,
31151,15:11:00,,,,,,,,,,,,,,,,,,,,,,,,,
31152,15:12:00,,,,,,,,,,,,,,,,,,,,,,,,,
31153,15:13:00,,,,,,,,,,,,,,,,,,,,,,,,,
31154,15:14:00,,,,,,,,,,,,,,,,,,,,,,,,,
31155,15:15:00,,,,,,,,,,,,,,,,,,,,,,,,,
31156,15:16:00,,,,,,,,,,,,,,,,,,,,,,,,,
31157,15:17:00,,,,,,,,,,,,,,,,,,,,,,,,,
31158,15:18:00,,,,,,,,,,,,,,,,,,,,,,,,,
31159,15:19:00,,,,,,,,,,,,,,,,,,,,,,,,,
31160,15:20:00,,,,,,,,,,,,,,,,,,,,,,,,,
31161,15:21:00,,,,,,,,,,,,,,,,,,,,,,,,,
31162,15:22:00,,,,,,,,,,,,,,,,,,,,,,,,,
31163,15:23:00,,,,,,,,,,,,,,,,,,,,,,,,,
31164,15:24:00,,,,,,,,,,,,,,,,,,,,,,,,,
31165,15:25:00,,,,,,,,,,,,,,,,,,,,,,,,,
31166,15:26:00,,,,,,,,,,,,,,,,,,,,,,,,,
31167,15:27:00,,,,,,,,,,,,,,,,,,,,,,,,,
31168,15:28:00,,,,,,,,,,,,,,,,,,,,,,,,,
31169,15:29:00,,,,,,,,,,,,,,,,,,,,,,,,,
31170,15:30:00,,,,,,,,,,,,,,,,,,,,,,,,,
31171,15:31:00,,,,,,,,,,,,,,,,,,,,,,,,,
31172,15:32:00,,,,,,,,,,,,,,,,,,,,,,,,,
31173,15:33:00,,,,,,,,,,,,,,,,,,,,,,,,,
31174,15:34:00,,,,,,,,,,,,,,,,,,,,,,,,,
31175,15:35:00,,,,,,,,,,,,,,,,,,,,,,,,,
31176,15:36:00,,,,,,,,,,,,,,,,,,,,,,,,,
31177,15:37:00,,,,,,,,,,,,,,,,,,,,,,,,,
31178,15:38:00,,,,,,,,,,,,,,,,,,,,,,,,,
31179,15:39:00,,,,,,,,,,,,,,,,,,,,,,,,,
31180,15:40:00,,,,,,,,,,,,,,,,,,,,,,,,,
31181,15:41:00,,,,,,,,,,,,,,,,,,,,,,,,,
31182,15:42:00,,,,,,,,,,,,,,,,,,,,,,,,,
31183,15:43:00,,,,,,,,,,,,,,,,,,,,,,,,,
31184,15:44:00,,,,,,,,,,,,,,,,,,,,,,,,,
31185,15:45:00,,,,,,,,,,,,,,,,,,,,,,,,,
31186,15:46:00,,,,,,,,,,,,,,,,,,,,,,,,,
31187,15:47:00,,,,,,,,,,,,,,,,,,,,,,,,,
31188,15:48:00,,,,,,,,,,,,,,,,,,,,,,,,,
31189,15:49:00,,,,,,,,,,,,,,,,,,,,,,,,,
31190,15:50:00,,,,,,,,,,,,,,,,,,,,,,,,,
31191,15:51:00,,,,,,,,,,,,,,,,,,,,,,,,,
31192,15:52:00,,,,,,,,,,,,,,,,,,,,,,,,,
31193,15:53:00,,,,,,,,,,,,,,,,,,,,,,,,,
31194,15:54:00,,,,,,,,,,,,,,,,,,,,,,,,,
31195,15:55:00,,,,,,,,,,,,,,,,,,,,,,,,,
31196,15:56:00,,,,,,,,,,,,,,,,,,,,,,,,,
31197,15:57:00,,,,,,,,,,,,,,,,,,,,,,,,,
31198,15:58:00,,,,,,,,,,,,,,,,,,,,,,,,,
31199,15:59:00,,,,,,,,,,,,,,,,,,,,,,,,,
31200,16:00:00,,,,,,,,,,,,,,,,,,,,,,,,,
31201,16:01:00,,,,,,,,,,,,,,,,,,,,,,,,,
31202,16:02:00,,,,,,,,,,,,,,,,,,,,,,,,,
31203,16:03:00,,,,,,,,,,,,,,,,,,,,,,,,,
31204,16:04:00,,,,,,,,,,,,,,,,,,,,,,,,,
31205,16:05:00,,,,,,,,,,,,,,,,,,,,,,,,,
31206,16:06:00,,,,,,,,,,,,,,,,,,,,,,,,,
31207,16:07:00,,,,,,,,,,,,,,,,,,,,,,,,,
31208,16:08:00,,,,,,,,,,,,,,,,,,,,,,,,,
31209,16:09:00,,,,,,,,,,,,,,,,,,,,,,,,,
31210,16:10:00,,,,,,,,,,,,,,,,,,,,,,,,,
31211,16:11:00,,,,,,,,,,,,,,,,,,,,,,,,,
31212,16:12:00,,,,,,,,,,,,,,,,,,,,,,,,,
31213,16:13:00,,,,,,,,,,,,,,,,,,,,,,,,,
31214,16:14:00,,,,,,,,,,,,,,,,,,,,,,,,,
31215,16:15:00,,,,,,,,,,,,,,,,,,,,,,,,,
31216,16:16:00,,,,,,,,,,,,,,,,,,,,,,,,,
31217,16:17:00,,,,,,,,,,,,,,,,,,,,,,,,,
31218,16:18:00,,,,,,,,,,,,,,,,,,,,,,,,,
31219,16:19:00,,,,,,,,,,,,,,,,,,,,,,,,,
31220,16:20:00,,,,,,,,,,,,,,,,,,,,,,,,,
31221,16:21:00,,,,,,,,,,,,,,,,,,,,,,,,,
31222,16:22:00,,,,,,,,,,,,,,,,,,,,,,,,,
31223,16:23:00,,,,,,,,,,,,,,,,,,,,,,,,,
31224,16:24:00,,,,,,,,,,,,,,,,,,,,,,,,,
31225,16:25:00,,,,,,,,,,,,,,,,,,,,,,,,,
31226,16:26:00,,,,,,,,,,,,,,,,,,,,,,,,,
31227,16:27:00,,,,,,,,,,,,,,,,,,,,,,,,,
31228,16:28:00,,,,,,,,,,,,,,,,,,,,,,,,,
31229,16:29:00,,,,,,,,,,,,,,,,,,,,,,,,,
31230,16:30:00,,,,,,,,,,,,,,,,,,,,,,,,,
31231,16:31:00,,,,,,,,,,,,,,,,,,,,,,,,,
31232,16:32:00,,,,,,,,,,,,,,,,,,,,,,,,,
31233,16:33:00,,,,,,,,,,,,,,,,,,,,,,,,,
31234,16:34:00,,,,,,,,,,,,,,,,,,,,,,,,,
31235,16:35:00,,,,,,,,,,,,,,,,,,,,,,,,,
31236,16:36:00,,,,,,,,,,,,,,,,,,,,,,,,,
31237,16:37:00,,,,,,,,,,,,,,,,,,,,,,,,,
31238,16:38:00,,,,,,,,,,,,,,,,,,,,,,,,,
31239,16:39:00,,,,,,,,,,,,,,,,,,,,,,,,,
31240,16:40:00,,,,,,,,,,,,,,,,,,,,,,,,,
31241,16:41:00,,,,,,,,,,,,,,,,,,,,,,,,,
31242,16:42:00,,,,,,,,,,,,,,,,,,,,,,,,,
31243,16:43:00,,,,,,,,,,,,,,,,,,,,,,,,,
31244,16:44:00,,,,,,,,,,,,,,,,,,,,,,,,,
31245,16:45:00,,,,,,,,,,,,,,,,,,,,,,,,,
31246,16:46:00,,,,,,,,,,,,,,,,,,,,,,,,,
31247,16:47:00,,,,,,,,,,,,,,,,,,,,,,,,,
31248,16:48:00,,,,,,,,,,,,,,,,,,,,,,,,,
31249,16:49:00,,,,,,,,,,,,,,,,,,,,,,,,,
31250,16:50:00,,,,,,,,,,,,,,,,,,,,,,,,,
31251,16:51:00,,,,,,,,,,,,,,,,,,,,,,,,,
31252,16:52:00,,,,,,,,,,,,,,,,,,,,,,,,,
31253,16:53:00,,,,,,,,,,,,,,,,,,,,,,,,,
31254,16:54:00,,,,,,,,,,,,,,,,,,,,,,,,,
31255,16:55:00,,,,,,,,,,,,,,,,,,,,,,,,,
31256,16:56:00,,,,,,,,,,,,,,,,,,,,,,,,,
31257,16:57:00,,,,,,,,,,,,,,,,,,,,,,,,,
31258,16:58:00,,,,,,,,,,,,,,,,,,,,,,,,,
31259,16:59:00,,,,,,,,,,,,,,,,,,,,,,,,,
31260,17:00:00,,,,,,,,,,,,,,,,,,,,,,,,,
31261,17:01:00,,,,,,,,,,,,,,,,,,,,,,,,,
31262,17:02:00,,,,,,,,,,,,,,,,,,,,,,,,,
31263,17:03:00,,,,,,,,,,,,,,,,,,,,,,,,,
31264,17:04:00,,,,,,,,,,,,,,,,,,,,,,,,,
31265,17:05:00,,,,,,,,,,,,,,,,,,,,,,,,,
31266,17:06:00,,,,,,,,,,,,,,,,,,,,,,,,,
31267,17:07:00,,,,,,,,,,,,,,,,,,,,,,,,,
31268,17:08:00,,,,,,,,,,,,,,,,,,,,,,,,,
31269,17:09:00,,,,,,,,,,,,,,,,,,,,,,,,,
31270,17:10:00,,,,,,,,,,,,,,,,,,,,,,,,,
31271,17:11:00,,,,,,,,,,,,,,,,,,,,,,,,,
31272,17:12:00,,,,,,,,,,,,,,,,,,,,,,,,,
31273,17:13:00,,,,,,,,,,,,,,,,,,,,,,,,,
31274,17:14:00,,,,,,,,,,,,,,,,,,,,,,,,,
31275,17:15:00,,,,,,,,,,,,,,,,,,,,,,,,,
31276,17:16:00,,,,,,,,,,,,,,,,,,,,,,,,,
31277,17:17:00,,,,,,,,,,,,,,,,,,,,,,,,,
31278,17:18:00,,,,,,,,,,,,,,,,,,,,,,,,,
31279,17:19:00,,,,,,,,,,,,,,,,,,,,,,,,,
31280,17:20:00,,,,,,,,,,,,,,,,,,,,,,,,,
31281,17:21:00,,,,,,,,,,,,,,,,,,,,,,,,,
31282,17:22:00,,,,,,,,,,,,,,,,,,,,,,,,,
31283,17:23:00,,,,,,,,,,,,,,,,,,,,,,,,,
31284,17:24:00,,,,,,,,,,,,,,,,,,,,,,,,,
31285,17:25:00,,,,,,,,,,,,,,,,,,,,,,,,,
31286,17:26:00,,,,,,,,,,,,,,,,,,,,,,,,,
31287,17:27:00,,,,,,,,,,,,,,,,,,,,,,,,,
31288,17:28:00,,,,,,,,,,,,,,,,,,,,,,,,,
31289,17:29:00,,,,,,,,,,,,,,,,,,,,,,,,,
31290,17:30:00,,,,,,,,,,,,,,,,,,,,,,,,,
31291,17:31:00,,,,,,,,,,,,,,,,,,,,,,,,,
31292,17:32:00,,,,,,,,,,,,,,,,,,,,,,,,,
31293,17:33:00,,,,,,,,,,,,,,,,,,,,,,,,,
31294,17:34:00,,,,,,,,,,,,,,,,,,,,,,,,,
31295,17:35:00,,,,,,,,,,,,,,,,,,,,,,,,,
31296,17:36:00,,,,,,,,,,,,,,,,,,,,,,,,,
31297,17:37:00,,,,,,,,,,,,,,,,,,,,,,,,,
31298,17:38:00,,,,,,,,,,,,,,,,,,,,,,,,,
31299,17:39:00,,,,,,,,,,,,,,,,,,,,,,,,,
31300,17:40:00,,,,,,,,,,,,,,,,,,,,,,,,,
31301,17:41:00,,,,,,,,,,,,,,,,,,,,,,,,,
31302,17:42:00,,,,,,,,,,,,,,,,,,,,,,,,,
31303,17:43:00,,,,,,,,,,,,,,,,,,,,,,,,,
31304,17:44:00,,,,,,,,,,,,,,,,,,,,,,,,,
31305,17:45:00,,,,,,,,,,,,,,,,,,,,,,,,,
31306,17:46:00,,,,,,,,,,,,,,,,,,,,,,,,,
31307,17:47:00,,,,,,,,,,,,,,,,,,,,,,,,,
31308,17:48:00,,,,,,,,,,,,,,,,,,,,,,,,,
31309,17:49:00,,,,,,,,,,,,,,,,,,,,,,,,,
31310,17:50:00,,,,,,,,,,,,,,,,,,,,,,,,,
31311,17:51:00,,,,,,,,,,,,,,,,,,,,,,,,,
31312,17:52:00,,,,,,,,,,,,,,,,,,,,,,,,,
31313,17:53:00,,,,,,,,,,,,,,,,,,,,,,,,,
31314,17:54:00,,,,,,,,,,,,,,,,,,,,,,,,,
31315,17:55:00,,,,,,,,,,,,,,,,,,,,,,,,,
31316,17:56:00,,,,,,,,,,,,,,,,,,,,,,,,,
31317,17:57:00,,,,,,,,,,,,,,,,,,,,,,,,,
31318,17:58:00,,,,,,,,,,,,,,,,,,,,,,,,,
31319,17:59:00,,,,,,,,,,,,,,,,,,,,,,,,,
31320,18:00:00,,,,,,,,,,,,,,,,,,,,,,,,,
31321,18:01:00,,,,,,,,,,,,,,,,,,,,,,,,,
31322,18:02:00,,,,,,,,,,,,,,,,,,,,,,,,,
31323,18:03:00,,,,,,,,,,,,,,,,,,,,,,,,,
31324,18:04:00,,,,,,,,,,,,,,,,,,,,,,,,,
31325,18:05:00,,,,,,,,,,,,,,,,,,,,,,,,,
31326,18:06:00,,,,,,,,,,,,,,,,,,,,,,,,,
31327,18:07:00,,,,,,,,,,,,,,,,,,,,,,,,,
31328,18:08:00,,,,,,,,,,,,,,,,,,,,,,,,,
31329,18:09:00,,,,,,,,,,,,,,,,,,,,,,,,,
31330,18:10:00,,,,,,,,,,,,,,,,,,,,,,,,,
31331,18:11:00,,,,,,,,,,,,,,,,,,,,,,,,,
31332,18:12:00,,,,,,,,,,,,,,,,,,,,,,,,,
31333,18:13:00,,,,,,,,,,,,,,,,,,,,,,,,,
31334,18:14:00,,,,,,,,,,,,,,,,,,,,,,,,,
31335,18:15:00,,,,,,,,,,,,,,,,,,,,,,,,,
31336,18:16:00,,,,,,,,,,,,,,,,,,,,,,,,,
31337,18:17:00,,,,,,,,,,,,,,,,,,,,,,,,,
31338,18:18:00,,,,,,,,,,,,,,,,,,,,,,,,,
31339,18:19:00,,,,,,,,,,,,,,,,,,,,,,,,,
31340,18:20:00,,,,,,,,,,,,,,,,,,,,,,,,,
31341,18:21:00,,,,,,,,,,,,,,,,,,,,,,,,,
31342,18:22:00,,,,,,,,,,,,,,,,,,,,,,,,,
31343,18:23:00,,,,,,,,,,,,,,,,,,,,,,,,,
31344,18:24:00,,,,,,,,,,,,,,,,,,,,,,,,,
31345,18:25:00,,,,,,,,,,,,,,,,,,,,,,,,,
31346,18:26:00,,,,,,,,,,,,,,,,,,,,,,,,,
31347,18:27:00,,,,,,,,,,,,,,,,,,,,,,,,,
31348,18:28:00,,,,,,,,,,,,,,,,,,,,,,,,,
31349,18:29:00,,,,,,,,,,,,,,,,,,,,,,,,,
31350,18:30:00,,,,,,,,,,,,,,,,,,,,,,,,,
31351,18:31:00,,,,,,,,,,,,,,,,,,,,,,,,,
31352,18:32:00,,,,,,,,,,,,,,,,,,,,,,,,,
31353,18:33:00,,,,,,,,,,,,,,,,,,,,,,,,,
31354,18:34:00,,,,,,,,,,,,,,,,,,,,,,,,,
31355,18:35:00,,,,,,,,,,,,,,,,,,,,,,,,,
31356,18:36:00,,,,,,,,,,,,,,,,,,,,,,,,,
31357,18:37:00,,,,,,,,,,,,,,,,,,,,,,,,,
31358,18:38:00,,,,,,,,,,,,,,,,,,,,,,,,,
31359,18:39:00,,,,,,,,,,,,,,,,,,,,,,,,,
31360,18:40:00,,,,,,,,,,,,,,,,,,,,,,,,,
31361,18:41:00,,,,,,,,,,,,,,,,,,,,,,,,,
31362,18:42:00,,,,,,,,,,,,,,,,,,,,,,,,,
31363,18:43:00,,,,,,,,,,,,,,,,,,,,,,,,,
31364,18:44:00,,,,,,,,,,,,,,,,,,,,,,,,,
31365,18:45:00,,,,,,,,,,,,,,,,,,,,,,,,,
31366,18:46:00,,,,,,,,,,,,,,,,,,,,,,,,,
31367,18:47:00,,,,,,,,,,,,,,,,,,,,,,,,,
31368,18:48:00,,,,,,,,,,,,,,,,,,,,,,,,,
31369,18:49:00,,,,,,,,,,,,,,,,,,,,,,,,,
31370,18:50:00,,,,,,,,,,,,,,,,,,,,,,,,,
31371,18:51:00,,,,,,,,,,,,,,,,,,,,,,,,,
31372,18:52:00,,,,,,,,,,,,,,,,,,,,,,,,,
31373,18:53:00,,,,,,,,,,,,,,,,,,,,,,,,,
31374,18:54:00,,,,,,,,,,,,,,,,,,,,,,,,,
31375,18:55:00,,,,,,,,,,,,,,,,,,,,,,,,,
31376,18:56:00,,,,,,,,,,,,,,,,,,,,,,,,,
31377,18:57:00,,,,,,,,,,,,,,,,,,,,,,,,,
31378,18:58:00,,,,,,,,,,,,,,,,,,,,,,,,,
31379,18:59:00,,,,,,,,,,,,,,,,,,,,,,,,,
31380,19:00:00,,,,,,,,,,,,,,,,,,,,,,,,,
31381,19:01:00,,,,,,,,,,,,,,,,,,,,,,,,,
31382,19:02:00,,,,,,,,,,,,,,,,,,,,,,,,,
31383,19:03:00,,,,,,,,,,,,,,,,,,,,,,,,,
31384,19:04:00,,,,,,,,,,,,,,,,,,,,,,,,,
31385,19:05:00,,,,,,,,,,,,,,,,,,,,,,,,,
31386,19:06:00,,,,,,,,,,,,,,,,,,,,,,,,,
31387,19:07:00,,,,,,,,,,,,,,,,,,,,,,,,,
31388,19:08:00,,,,,,,,,,,,,,,,,,,,,,,,,
31389,19:09:00,,,,,,,,,,,,,,,,,,,,,,,,,
31390,19:10:00,,,,,,,,,,,,,,,,,,,,,,,,,
31391,19:11:00,,,,,,,,,,,,,,,,,,,,,,,,,
31392,19:12:00,,,,,,,,,,,,,,,,,,,,,,,,,
31393,19:13:00,,,,,,,,,,,,,,,,,,,,,,,,,
31394,19:14:00,,,,,,,,,,,,,,,,,,,,,,,,,
31395,19:15:00,,,,,,,,,,,,,,,,,,,,,,,,,
31396,19:16:00,,,,,,,,,,,,,,,,,,,,,,,,,
31397,19:17:00,,,,,,,,,,,,,,,,,,,,,,,,,
31398,19:18:00,,,,,,,,,,,,,,,,,,,,,,,,,
31399,19:19:00,,,,,,,,,,,,,,,,,,,,,,,,,
31400,19:20:00,,,,,,,,,,,,,,,,,,,,,,,,,
31401,19:21:00,,,,,,,,,,,,,,,,,,,,,,,,,
31402,19:22:00,,,,,,,,,,,,,,,,,,,,,,,,,
31403,19:23:00,,,,,,,,,,,,,,,,,,,,,,,,,
31404,19:24:00,,,,,,,,,,,,,,,,,,,,,,,,,
31405,19:25:00,,,,,,,,,,,,,,,,,,,,,,,,,
31406,19:26:00,,,,,,,,,,,,,,,,,,,,,,,,,
31407,19:27:00,,,,,,,,,,,,,,,,,,,,,,,,,
31408,19:28:00,,,,,,,,,,,,,,,,,,,,,,,,,
31409,19:29:00,,,,,,,,,,,,,,,,,,,,,,,,,
31410,19:30:00,,,,,,,,,,,,,,,,,,,,,,,,,
31411,19:31:00,,,,,,,,,,,,,,,,,,,,,,,,,
31412,19:32:00,,,,,,,,,,,,,,,,,,,,,,,,,
31413,19:33:00,,,,,,,,,,,,,,,,,,,,,,,,,
31414,19:34:00,,,,,,,,,,,,,,,,,,,,,,,,,
31415,19:35:00,,,,,,,,,,,,,,,,,,,,,,,,,
31416,19:36:00,,,,,,,,,,,,,,,,,,,,,,,,,
31417,19:37:00,,,,,,,,,,,,,,,,,,,,,,,,,
31418,19:38:00,,,,,,,,,,,,,,,,,,,,,,,,,
31419,19:39:00,,,,,,,,,,,,,,,,,,,,,,,,,
31420,19:40:00,,,,,,,,,,,,,,,,,,,,,,,,,
31421,19:41:00,,,,,,,,,,,,,,,,,,,,,,,,,
31422,19:42:00,,,,,,,,,,,,,,,,,,,,,,,,,
31423,19:43:00,,,,,,,,,,,,,,,,,,,,,,,,,
31424,19:44:00,,,,,,,,,,,,,,,,,,,,,,,,,
31425,19:45:00,,,,,,,,,,,,,,,,,,,,,,,,,
31426,19:46:00,,,,,,,,,,,,,,,,,,,,,,,,,
31427,19:47:00,,,,,,,,,,,,,,,,,,,,,,,,,
31428,19:48:00,,,,,,,,,,,,,,,,,,,,,,,,,
31429,19:49:00,,,,,,,,,,,,,,,,,,,,,,,,,
31430,19:50:00,,,,,,,,,,,,,,,,,,,,,,,,,
31431,19:51:00,,,,,,,,,,,,,,,,,,,,,,,,,
31432,19:52:00,,,,,,,,,,,,,,,,,,,,,,,,,
31433,19:53:00,,,,,,,,,,,,,,,,,,,,,,,,,
31434,19:54:00,,,,,,,,,,,,,,,,,,,,,,,,,
31435,19:55:00,,,,,,,,,,,,,,,,,,,,,,,,,
31436,19:56:00,,,,,,,,,,,,,,,,,,,,,,,,,
31437,19:57:00,,,,,,,,,,,,,,,,,,,,,,,,,
31438,19:58:00,,,,,,,,,,,,,,,,,,,,,,,,,
31439,19:59:00,,,,,,,,,,,,,,,,,,,,,,,,,
31440,20:00:00,,,,,,,,,,,,,,,,,,,,,,,,,
31441,20:01:00,,,,,,,,,,,,,,,,,,,,,,,,,
31442,20:02:00,,,,,,,,,,,,,,,,,,,,,,,,,
31443,20:03:00,,,,,,,,,,,,,,,,,,,,,,,,,
31444,20:04:00,,,,,,,,,,,,,,,,,,,,,,,,,
31445,20:05:00,,,,,,,,,,,,,,,,,,,,,,,,,
31446,20:06:00,,,,,,,,,,,,,,,,,,,,,,,,,
31447,20:07:00,,,,,,,,,,,,,,,,,,,,,,,,,
31448,20:08:00,,,,,,,,,,,,,,,,,,,,,,,,,
31449,20:09:00,,,,,,,,,,,,,,,,,,,,,,,,,
31450,20:10:00,,,,,,,,,,,,,,,,,,,,,,,,,
31451,20:11:00,,,,,,,,,,,,,,,,,,,,,,,,,
31452,20:12:00,,,,,,,,,,,,,,,,,,,,,,,,,
31453,20:13:00,,,,,,,,,,,,,,,,,,,,,,,,,
31454,20:14:00,,,,,,,,,,,,,,,,,,,,,,,,,
31455,20:15:00,,,,,,,,,,,,,,,,,,,,,,,,,
31456,20:16:00,,,,,,,,,,,,,,,,,,,,,,,,,
31457,20:17:00,,,,,,,,,,,,,,,,,,,,,,,,,
31458,20:18:00,,,,,,,,,,,,,,,,,,,,,,,,,
31459,20:19:00,,,,,,,,,,,,,,,,,,,,,,,,,
31460,20:20:00,,,,,,,,,,,,,,,,,,,,,,,,,
31461,20:21:00,,,,,,,,,,,,,,,,,,,,,,,,,
31462,20:22:00,,,,,,,,,,,,,,,,,,,,,,,,,
31463,20:23:00,,,,,,,,,,,,,,,,,,,,,,,,,
31464,20:24:00,,,,,,,,,,,,,,,,,,,,,,,,,
31465,20:25:00,,,,,,,,,,,,,,,,,,,,,,,,,
31466,20:26:00,,,,,,,,,,,,,,,,,,,,,,,,,
31467,20:27:00,,,,,,,,,,,,,,,,,,,,,,,,,
31468,20:28:00,,,,,,,,,,,,,,,,,,,,,,,,,
31469,20:29:00,,,,,,,,,,,,,,,,,,,,,,,,,
31470,20:30:00,,,,,,,,,,,,,,,,,,,,,,,,,
31471,20:31:00,,,,,,,,,,,,,,,,,,,,,,,,,
31472,20:32:00,,,,,,,,,,,,,,,,,,,,,,,,,
31473,20:33:00,,,,,,,,,,,,,,,,,,,,,,,,,
31474,20:34:00,,,,,,,,,,,,,,,,,,,,,,,,,
31475,20:35:00,,,,,,,,,,,,,,,,,,,,,,,,,
31476,20:36:00,,,,,,,,,,,,,,,,,,,,,,,,,
31477,20:37:00,,,,,,,,,,,,,,,,,,,,,,,,,
31478,20:38:00,,,,,,,,,,,,,,,,,,,,,,,,,
31479,20:39:00,,,,,,,,,,,,,,,,,,,,,,,,,
31480,20:40:00,,,,,,,,,,,,,,,,,,,,,,,,,
31481,20:41:00,,,,,,,,,,,,,,,,,,,,,,,,,
31482,20:42:00,,,,,,,,,,,,,,,,,,,,,,,,,
31483,20:43:00,,,,,,,,,,,,,,,,,,,,,,,,,
31484,20:44:00,,,,,,,,,,,,,,,,,,,,,,,,,
31485,20:45:00,,,,,,,,,,,,,,,,,,,,,,,,,
31486,20:46:00,,,,,,,,,,,,,,,,,,,,,,,,,
31487,20:47:00,,,,,,,,,,,,,,,,,,,,,,,,,
31488,20:48:00,,,,,,,,,,,,,,,,,,,,,,,,,
31489,20:49:00,,,,,,,,,,,,,,,,,,,,,,,,,
31490,20:50:00,,,,,,,,,,,,,,,,,,,,,,,,,
31491,20:51:00,,,,,,,,,,,,,,,,,,,,,,,,,
31492,20:52:00,,,,,,,,,,,,,,,,,,,,,,,,,
31493,20:53:00,,,,,,,,,,,,,,,,,,,,,,,,,
31494,20:54:00,,,,,,,,,,,,,,,,,,,,,,,,,
31495,20:55:00,,,,,,,,,,,,,,,,,,,,,,,,,
31496,20:56:00,,,,,,,,,,,,,,,,,,,,,,,,,
31497,20:57:00,,,,,,,,,,,,,,,,,,,,,,,,,
31498,20:58:00,,,,,,,,,,,,,,,,,,,,,,,,,
31499,20:59:00,,,,,,,,,,,,,,,,,,,,,,,,,
31500,21:00:00,,,,,,,,,,,,,,,,,,,,,,,,,
31501,21:01:00,,,,,,,,,,,,,,,,,,,,,,,,,
31502,21:02:00,,,,,,,,,,,,,,,,,,,,,,,,,
31503,21:03:00,,,,,,,,,,,,,,,,,,,,,,,,,
31504,21:04:00,,,,,,,,,,,,,,,,,,,,,,,,,
31505,21:05:00,,,,,,,,,,,,,,,,,,,,,,,,,
31506,21:06:00,,,,,,,,,,,,,,,,,,,,,,,,,
31507,21:07:00,,,,,,,,,,,,,,,,,,,,,,,,,
31508,21:08:00,,,,,,,,,,,,,,,,,,,,,,,,,
31509,21:09:00,,,,,,,,,,,,,,,,,,,,,,,,,
31510,21:10:00,,,,,,,,,,,,,,,,,,,,,,,,,
31511,21:11:00,,,,,,,,,,,,,,,,,,,,,,,,,
31512,21:12:00,,,,,,,,,,,,,,,,,,,,,,,,,
31513,21:13:00,,,,,,,,,,,,,,,,,,,,,,,,,
31514,21:14:00,,,,,,,,,,,,,,,,,,,,,,,,,
31515,21:15:00,,,,,,,,,,,,,,,,,,,,,,,,,
31516,21:16:00,,,,,,,,,,,,,,,,,,,,,,,,,
31517,21:17:00,,,,,,,,,,,,,,,,,,,,,,,,,
31518,21:18:00,,,,,,,,,,,,,,,,,,,,,,,,,
31519,21:19:00,,,,,,,,,,,,,,,,,,,,,,,,,
31520,21:20:00,,,,,,,,,,,,,,,,,,,,,,,,,
31521,21:21:00,,,,,,,,,,,,,,,,,,,,,,,,,
31522,21:22:00,,,,,,,,,,,,,,,,,,,,,,,,,
31523,21:23:00,,,,,,,,,,,,,,,,,,,,,,,,,
31524,21:24:00,,,,,,,,,,,,,,,,,,,,,,,,,
31525,21:25:00,,,,,,,,,,,,,,,,,,,,,,,,,
31526,21:26:00,,,,,,,,,,,,,,,,,,,,,,,,,
31527,21:27:00,,,,,,,,,,,,,,,,,,,,,,,,,
31528,21:28:00,,,,,,,,,,,,,,,,,,,,,,,,,
31529,21:29:00,,,,,,,,,,,,,,,,,,,,,,,,,
31530,21:30:00,,,,,,,,,,,,,,,,,,,,,,,,,
31531,21:31:00,,,,,,,,,,,,,,,,,,,,,,,,,
31532,21:32:00,,,,,,,,,,,,,,,,,,,,,,,,,
31533,21:33:00,,,,,,,,,,,,,,,,,,,,,,,,,
31534,21:34:00,,,,,,,,,,,,,,,,,,,,,,,,,
31535,21:35:00,,,,,,,,,,,,,,,,,,,,,,,,,
31536,21:36:00,,,,,,,,,,,,,,,,,,,,,,,,,
31537,21:37:00,,,,,,,,,,,,,,,,,,,,,,,,,
31538,21:38:00,,,,,,,,,,,,,,,,,,,,,,,,,
31539,21:39:00,,,,,,,,,,,,,,,,,,,,,,,,,
31540,21:40:00,,,,,,,,,,,,,,,,,,,,,,,,,
31541,21:41:00,,,,,,,,,,,,,,,,,,,,,,,,,
31542,21:42:00,,,,,,,,,,,,,,,,,,,,,,,,,
31543,21:43:00,,,,,,,,,,,,,,,,,,,,,,,,,
31544,21:44:00,,,,,,,,,,,,,,,,,,,,,,,,,
31545,21:45:00,,,,,,,,,,,,,,,,,,,,,,,,,
31546,21:46:00,,,,,,,,,,,,,,,,,,,,,,,,,
31547,21:47:00,,,,,,,,,,,,,,,,,,,,,,,,,
31548,21:48:00,,,,,,,,,,,,,,,,,,,,,,,,,
31549,21:49:00,,,,,,,,,,,,,,,,,,,,,,,,,
31550,21:50:00,,,,,,,,,,,,,,,,,,,,,,,,,
31551,21:51:00,,,,,,,,,,,,,,,,,,,,,,,,,
31552,21:52:00,,,,,,,,,,,,,,,,,,,,,,,,,
31553,21:53:00,,,,,,,,,,,,,,,,,,,,,,,,,
31554,21:54:00,,,,,,,,,,,,,,,,,,,,,,,,,
31555,21:55:00,,,,,,,,,,,,,,,,,,,,,,,,,
31556,21:56:00,,,,,,,,,,,,,,,,,,,,,,,,,
31557,21:57:00,,,,,,,,,,,,,,,,,,,,,,,,,
31558,21:58:00,,,,,,,,,,,,,,,,,,,,,,,,,
31559,21:59:00,,,,,,,,,,,,,,,,,,,,,,,,,
31560,22:00:00,,,,,,,,,,,,,,,,,,,,,,,,,
31561,22:01:00,,,,,,,,,,,,,,,,,,,,,,,,,
31562,22:02:00,,,,,,,,,,,,,,,,,,,,,,,,,
31563,22:03:00,,,,,,,,,,,,,,,,,,,,,,,,,
31564,22:04:00,,,,,,,,,,,,,,,,,,,,,,,,,
31565,22:05:00,,,,,,,,,,,,,,,,,,,,,,,,,
31566,22:06:00,,,,,,,,,,,,,,,,,,,,,,,,,
31567,22:07:00,,,,,,,,,,,,,,,,,,,,,,,,,
31568,22:08:00,,,,,,,,,,,,,,,,,,,,,,,,,
31569,22:09:00,,,,,,,,,,,,,,,,,,,,,,,,,
31570,22:10:00,,,,,,,,,,,,,,,,,,,,,,,,,
31571,22:11:00,,,,,,,,,,,,,,,,,,,,,,,,,
31572,22:12:00,,,,,,,,,,,,,,,,,,,,,,,,,
31573,22:13:00,,,,,,,,,,,,,,,,,,,,,,,,,
31574,22:14:00,,,,,,,,,,,,,,,,,,,,,,,,,
31575,22:15:00,,,,,,,,,,,,,,,,,,,,,,,,,
31576,22:16:00,,,,,,,,,,,,,,,,,,,,,,,,,
31577,22:17:00,,,,,,,,,,,,,,,,,,,,,,,,,
31578,22:18:00,,,,,,,,,,,,,,,,,,,,,,,,,
31579,22:19:00,,,,,,,,,,,,,,,,,,,,,,,,,
31580,22:20:00,,,,,,,,,,,,,,,,,,,,,,,,,
31581,22:21:00,,,,,,,,,,,,,,,,,,,,,,,,,
31582,22:22:00,,,,,,,,,,,,,,,,,,,,,,,,,
31583,22:23:00,,,,,,,,,,,,,,,,,,,,,,,,,
31584,22:24:00,,,,,,,,,,,,,,,,,,,,,,,,,
31585,22:25:00,,,,,,,,,,,,,,,,,,,,,,,,,
31586,22:26:00,,,,,,,,,,,,,,,,,,,,,,,,,
31587,22:27:00,,,,,,,,,,,,,,,,,,,,,,,,,
31588,22:28:00,,,,,,,,,,,,,,,,,,,,,,,,,
31589,22:29:00,,,,,,,,,,,,,,,,,,,,,,,,,
31590,22:30:00,,,,,,,,,,,,,,,,,,,,,,,,,
31591,22:31:00,,,,,,,,,,,,,,,,,,,,,,,,,
31592,22:32:00,,,,,,,,,,,,,,,,,,,,,,,,,
31593,22:33:00,,,,,,,,,,,,,,,,,,,,,,,,,
31594,22:34:00,,,,,,,,,,,,,,,,,,,,,,,,,
31595,22:35:00,,,,,,,,,,,,,,,,,,,,,,,,,
31596,22:36:00,,,,,,,,,,,,,,,,,,,,,,,,,
31597,22:37:00,,,,,,,,,,,,,,,,,,,,,,,,,
31598,22:38:00,,,,,,,,,,,,,,,,,,,,,,,,,
31599,22:39:00,,,,,,,,,,,,,,,,,,,,,,,,,
31600,22:40:00,,,,,,,,,,,,,,,,,,,,,,,,,
31601,22:41:00,,,,,,,,,,,,,,,,,,,,,,,,,
31602,22:42:00,,,,,,,,,,,,,,,,,,,,,,,,,
31603,22:43:00,,,,,,,,,,,,,,,,,,,,,,,,,
31604,22:44:00,,,,,,,,,,,,,,,,,,,,,,,,,
31605,22:45:00,,,,,,,,,,,,,,,,,,,,,,,,,
31606,22:46:00,,,,,,,,,,,,,,,,,,,,,,,,,
31607,22:47:00,,,,,,,,,,,,,,,,,,,,,,,,,
31608,22:48:00,,,,,,,,,,,,,,,,,,,,,,,,,
31609,22:49:00,,,,,,,,,,,,,,,,,,,,,,,,,
31610,22:50:00,,,,,,,,,,,,,,,,,,,,,,,,,
31611,22:51:00,,,,,,,,,,,,,,,,,,,,,,,,,
31612,22:52:00,,,,,,,,,,,,,,,,,,,,,,,,,
31613,22:53:00,,,,,,,,,,,,,,,,,,,,,,,,,
31614,22:54:00,,,,,,,,,,,,,,,,,,,,,,,,,
31615,22:55:00,,,,,,,,,,,,,,,,,,,,,,,,,
31616,22:56:00,,,,,,,,,,,,,,,,,,,,,,,,,
31617,22:57:00,,,,,,,,,,,,,,,,,,,,,,,,,
31618,22:58:00,,,,,,,,,,,,,,,,,,,,,,,,,
31619,22:59:00,,,,,,,,,,,,,,,,,,,,,,,,,
31620,23:00:00,,,,,,,,,,,,,,,,,,,,,,,,,
31621,23:01:00,,,,,,,,,,,,,,,,,,,,,,,,,
31622,23:02:00,,,,,,,,,,,,,,,,,,,,,,,,,
31623,23:03:00,,,,,,,,,,,,,,,,,,,,,,,,,
31624,23:04:00,,,,,,,,,,,,,,,,,,,,,,,,,
31625,23:05:00,,,,,,,,,,,,,,,,,,,,,,,,,
31626,23:06:00,,,,,,,,,,,,,,,,,,,,,,,,,
31627,23:07:00,,,,,,,,,,,,,,,,,,,,,,,,,
31628,23:08:00,,,,,,,,,,,,,,,,,,,,,,,,,
31629,23:09:00,,,,,,,,,,,,,,,,,,,,,,,,,
31630,23:10:00,,,,,,,,,,,,,,,,,,,,,,,,,
31631,23:11:00,,,,,,,,,,,,,,,,,,,,,,,,,
31632,23:12:00,,,,,,,,,,,,,,,,,,,,,,,,,
31633,23:13:00,,,,,,,,,,,,,,,,,,,,,,,,,
31634,23:14:00,,,,,,,,,,,,,,,,,,,,,,,,,
31635,23:15:00,,,,,,,,,,,,,,,,,,,,,,,,,
31636,23:16:00,,,,,,,,,,,,,,,,,,,,,,,,,
31637,23:17:00,,,,,,,,,,,,,,,,,,,,,,,,,
31638,23:18:00,,,,,,,,,,,,,,,,,,,,,,,,,
31639,23:19:00,,,,,,,,,,,,,,,,,,,,,,,,,
31640,23:20:00,,,,,,,,,,,,,,,,,,,,,,,,,
31641,23:21:00,,,,,,,,,,,,,,,,,,,,,,,,,
31642,23:22:00,,,,,,,,,,,,,,,,,,,,,,,,,
31643,23:23:00,,,,,,,,,,,,,,,,,,,,,,,,,
31644,23:24:00,,,,,,,,,,,,,,,,,,,,,,,,,
31645,23:25:00,,,,,,,,,,,,,,,,,,,,,,,,,
31646,23:26:00,,,,,,,,,,,,,,,,,,,,,,,,,
31647,23:27:00,,,,,,,,,,,,,,,,,,,,,,,,,
31648,23:28:00,,,,,,,,,,,,,,,,,,,,,,,,,
31649,23:29:00,,,,,,,,,,,,,,,,,,,,,,,,,
31650,23:30:00,,,,,,,,,,,,,,,,,,,,,,,,,
31651,23:31:00,,,,,,,,,,,,,,,,,,,,,,,,,
31652,23:32:00,,,,,,,,,,,,,,,,,,,,,,,,,
31653,23:33:00,,,,,,,,,,,,,,,,,,,,,,,,,
31654,23:34:00,,,,,,,,,,,,,,,,,,,,,,,,,
31655,23:35:00,,,,,,,,,,,,,,,,,,,,,,,,,
31656,23:36:00,,,,,,,,,,,,,,,,,,,,,,,,,
31657,23:37:00,,,,,,,,,,,,,,,,,,,,,,,,,
31658,23:38:00,,,,,,,,,,,,,,,,,,,,,,,,,
31659,23:39:00,,,,,,,,,,,,,,,,,,,,,,,,,
31660,23:40:00,,,,,,,,,,,,,,,,,,,,,,,,,
31661,23:41:00,,,,,,,,,,,,,,,,,,,,,,,,,
31662,23:42:00,,,,,,,,,,,,,,,,,,,,,,,,,
31663,23:43:00,,,,,,,,,,,,,,,,,,,,,,,,,
31664,23:44:00,,,,,,,,,,,,,,,,,,,,,,,,,
31665,23:45:00,,,,,,,,,,,,,,,,,,,,,,,,,
31666,23:46:00,,,,,,,,,,,,,,,,,,,,,,,,,
31667,23:47:00,,,,,,,,,,,,,,,,,,,,,,,,,
31668,23:48:00,,,,,,,,,,,,,,,,,,,,,,,,,
31669,23:49:00,,,,,,,,,,,,,,,,,,,,,,,,,
31670,23:50:00,,,,,,,,,,,,,,,,,,,,,,,,,
31671,23:51:00,,,,,,,,,,,,,,,,,,,,,,,,,
31672,23:52:00,,,,,,,,,,,,,,,,,,,,,,,,,
31673,23:53:00,,,,,,,,,,,,,,,,,,,,,,,,,
31674,23:54:00,,,,,,,,,,,,,,,,,,,,,,,,,
31675,23:55:00,,,,,,,,,,,,,,,,,,,,,,,,,
31676,23:56:00,,,,,,,,,,,,,,,,,,,,,,,,,
31677,23:57:00,,,,,,,,,,,,,,,,,,,,,,,,,
31678,23:58:00,,,,,,,,,,,,,,,,,,,,,,,,,
31679,23:59:00,,,,,,,,,,,,,,,,,,,,,,,,,
31680,00:00:00,,,,,,,,,,,,,,,,,,,,,,,,,
31681,00:01:00,,,,,,,,,,,,,,,,,,,,,,,,,
31682,00:02:00,,,,,,,,,,,,,,,,,,,,,,,,,
31683,00:03:00,,,,,,,,,,,,,,,,,,,,,,,,,
31684,00:04:00,,,,,,,,,,,,,,,,,,,,,,,,,
31685,00:05:00,,,,,,,,,,,,,,,,,,,,,,,,,
31686,00:06:00,,,,,,,,,,,,,,,,,,,,,,,,,
31687,00:07:00,,,,,,,,,,,,,,,,,,,,,,,,,
31688,00:08:00,,,,,,,,,,,,,,,,,,,,,,,,,
31689,00:09:00,,,,,,,,,,,,,,,,,,,,,,,,,
31690,00:10:00,,,,,,,,,,,,,,,,,,,,,,,,,
31691,00:11:00,,,,,,,,,,,,,,,,,,,,,,,,,
31692,00:12:00,,,,,,,,,,,,,,,,,,,,,,,,,
31693,00:13:00,,,,,,,,,,,,,,,,,,,,,,,,,
31694,00:14:00,,,,,,,,,,,,,,,,,,,,,,,,,
31695,00:15:00,,,,,,,,,,,,,,,,,,,,,,,,,
31696,00:16:00,,,,,,,,,,,,,,,,,,,,,,,,,
31697,00:17:00,,,,,,,,,,,,,,,,,,,,,,,,,
31698,00:18:00,,,,,,,,,,,,,,,,,,,,,,,,,
31699,00:19:00,,,,,,,,,,,,,,,,,,,,,,,,,
31700,00:20:00,,,,,,,,,,,,,,,,,,,,,,,,,
31701,00:21:00,,,,,,,,,,,,,,,,,,,,,,,,,
31702,00:22:00,,,,,,,,,,,,,,,,,,,,,,,,,
31703,00:23:00,,,,,,,,,,,,,,,,,,,,,,,,,
31704,00:24:00,,,,,,,,,,,,,,,,,,,,,,,,,
31705,00:25:00,,,,,,,,,,,,,,,,,,,,,,,,,
31706,00:26:00,,,,,,,,,,,,,,,,,,,,,,,,,
31707,00:27:00,,,,,,,,,,,,,,,,,,,,,,,,,
31708,00:28:00,,,,,,,,,,,,,,,,,,,,,,,,,
31709,00:29:00,,,,,,,,,,,,,,,,,,,,,,,,,
31710,00:30:00,,,,,,,,,,,,,,,,,,,,,,,,,
31711,00:31:00,,,,,,,,,,,,,,,,,,,,,,,,,
31712,00:32:00,,,,,,,,,,,,,,,,,,,,,,,,,
31713,00:33:00,,,,,,,,,,,,,,,,,,,,,,,,,
31714,00:34:00,,,,,,,,,,,,,,,,,,,,,,,,,
31715,00:35:00,,,,,,,,,,,,,,,,,,,,,,,,,
31716,00:36:00,,,,,,,,,,,,,,,,,,,,,,,,,
31717,00:37:00,,,,,,,,,,,,,,,,,,,,,,,,,
31718,00:38:00,,,,,,,,,,,,,,,,,,,,,,,,,
31719,00:39:00,,,,,,,,,,,,,,,,,,,,,,,,,
31720,00:40:00,,,,,,,,,,,,,,,,,,,,,,,,,
31721,00:41:00,,,,,,,,,,,,,,,,,,,,,,,,,
31722,00:42:00,,,,,,,,,,,,,,,,,,,,,,,,,
31723,00:43:00,,,,,,,,,,,,,,,,,,,,,,,,,
31724,00:44:00,,,,,,,,,,,,,,,,,,,,,,,,,
31725,00:45:00,,,,,,,,,,,,,,,,,,,,,,,,,
31726,00:46:00,,,,,,,,,,,,,,,,,,,,,,,,,
31727,00:47:00,,,,,,,,,,,,,,,,,,,,,,,,,
31728,00:48:00,,,,,,,,,,,,,,,,,,,,,,,,,
31729,00:49:00,,,,,,,,,,,,,,,,,,,,,,,,,
31730,00:50:00,,,,,,,,,,,,,,,,,,,,,,,,,
31731,00:51:00,,,,,,,,,,,,,,,,,,,,,,,,,
31732,00:52:00,,,,,,,,,,,,,,,,,,,,,,,,,
31733,00:53:00,,,,,,,,,,,,,,,,,,,,,,,,,
31734,00:54:00,,,,,,,,,,,,,,,,,,,,,,,,,
31735,00:55:00,,,,,,,,,,,,,,,,,,,,,,,,,
31736,00:56:00,,,,,,,,,,,,,,,,,,,,,,,,,
31737,00:57:00,,,,,,,,,,,,,,,,,,,,,,,,,
31738,00:58:00,,,,,,,,,,,,,,,,,,,,,,,,,
31739,00:59:00,,,,,,,,,,,,,,,,,,,,,,,,,
31740,01:00:00,,,,,,,,,,,,,,,,,,,,,,,,,
31741,01:01:00,,,,,,,,,,,,,,,,,,,,,,,,,
31742,01:02:00,,,,,,,,,,,,,,,,,,,,,,,,,
31743,01:03:00,,,,,,,,,,,,,,,,,,,,,,,,,
31744,01:04:00,,,,,,,,,,,,,,,,,,,,,,,,,
31745,01:05:00,,,,,,,,,,,,,,,,,,,,,,,,,
31746,01:06:00,,,,,,,,,,,,,,,,,,,,,,,,,
31747,01:07:00,,,,,,,,,,,,,,,,,,,,,,,,,
31748,01:08:00,,,,,,,,,,,,,,,,,,,,,,,,,
31749,01:09:00,,,,,,,,,,,,,,,,,,,,,,,,,
31750,01:10:00,,,,,,,,,,,,,,,,,,,,,,,,,
31751,01:11:00,,,,,,,,,,,,,,,,,,,,,,,,,
31752,01:12:00,,,,,,,,,,,,,,,,,,,,,,,,,
31753,01:13:00,,,,,,,,,,,,,,,,,,,,,,,,,
31754,01:14:00,,,,,,,,,,,,,,,,,,,,,,,,,
31755,01:15:00,,,,,,,,,,,,,,,,,,,,,,,,,
31756,01:16:00,,,,,,,,,,,,,,,,,,,,,,,,,
31757,01:17:00,,,,,,,,,,,,,,,,,,,,,,,,,
31758,01:18:00,,,,,,,,,,,,,,,,,,,,,,,,,
31759,01:19:00,,,,,,,,,,,,,,,,,,,,,,,,,
31760,01:20:00,,,,,,,,,,,,,,,,,,,,,,,,,
31761,01:21:00,,,,,,,,,,,,,,,,,,,,,,,,,
31762,01:22:00,,,,,,,,,,,,,,,,,,,,,,,,,
31763,01:23:00,,,,,,,,,,,,,,,,,,,,,,,,,
31764,01:24:00,,,,,,,,,,,,,,,,,,,,,,,,,
31765,01:25:00,,,,,,,,,,,,,,,,,,,,,,,,,
31766,01:26:00,,,,,,,,,,,,,,,,,,,,,,,,,
31767,01:27:00,,,,,,,,,,,,,,,,,,,,,,,,,
31768,01:28:00,,,,,,,,,,,,,,,,,,,,,,,,,
31769,01:29:00,,,,,,,,,,,,,,,,,,,,,,,,,
31770,01:30:00,,,,,,,,,,,,,,,,,,,,,,,,,
31771,01:31:00,,,,,,,,,,,,,,,,,,,,,,,,,
31772,01:32:00,,,,,,,,,,,,,,,,,,,,,,,,,
31773,01:33:00,,,,,,,,,,,,,,,,,,,,,,,,,
31774,01:34:00,,,,,,,,,,,,,,,,,,,,,,,,,
31775,01:35:00,,,,,,,,,,,,,,,,,,,,,,,,,
31776,01:36:00,,,,,,,,,,,,,,,,,,,,,,,,,
31777,01:37:00,,,,,,,,,,,,,,,,,,,,,,,,,
31778,01:38:00,,,,,,,,,,,,,,,,,,,,,,,,,
31779,01:39:00,,,,,,,,,,,,,,,,,,,,,,,,,
31780,01:40:00,,,,,,,,,,,,,,,,,,,,,,,,,
31781,01:41:00,,,,,,,,,,,,,,,,,,,,,,,,,
31782,01:42:00,,,,,,,,,,,,,,,,,,,,,,,,,
31783,01:43:00,,,,,,,,,,,,,,,,,,,,,,,,,
31784,01:44:00,,,,,,,,,,,,,,,,,,,,,,,,,
31785,01:45:00,,,,,,,,,,,,,,,,,,,,,,,,,
31786,01:46:00,,,,,,,,,,,,,,,,,,,,,,,,,
31787,01:47:00,,,,,,,,,,,,,,,,,,,,,,,,,
31788,01:48:00,,,,,,,,,,,,,,,,,,,,,,,,,
31789,01:49:00,,,,,,,,,,,,,,,,,,,,,,,,,
31790,01:50:00,,,,,,,,,,,,,,,,,,,,,,,,,
31791,01:51:00,,,,,,,,,,,,,,,,,,,,,,,,,
31792,01:52:00,,,,,,,,,,,,,,,,,,,,,,,,,
31793,01:53:00,,,,,,,,,,,,,,,,,,,,,,,,,
31794,01:54:00,,,,,,,,,,,,,,,,,,,,,,,,,
31795,01:55:00,,,,,,,,,,,,,,,,,,,,,,,,,
31796,01:56:00,,,,,,,,,,,,,,,,,,,,,,,,,
31797,01:57:00,,,,,,,,,,,,,,,,,,,,,,,,,
31798,01:58:00,,,,,,,,,,,,,,,,,,,,,,,,,
31799,01:59:00,,,,,,,,,,,,,,,,,,,,,,,,,
31800,02:00:00,,,,,,,,,,,,,,,,,,,,,,,,,
31801,02:01:00,,,,,,,,,,,,,,,,,,,,,,,,,
31802,02:02:00,,,,,,,,,,,,,,,,,,,,,,,,,
31803,02:03:00,,,,,,,,,,,,,,,,,,,,,,,,,
31804,02:04:00,,,,,,,,,,,,,,,,,,,,,,,,,
31805,02:05:00,,,,,,,,,,,,,,,,,,,,,,,,,
31806,02:06:00,,,,,,,,,,,,,,,,,,,,,,,,,
31807,02:07:00,,,,,,,,,,,,,,,,,,,,,,,,,
31808,02:08:00,,,,,,,,,,,,,,,,,,,,,,,,,
31809,02:09:00,,,,,,,,,,,,,,,,,,,,,,,,,
31810,02:10:00,,,,,,,,,,,,,,,,,,,,,,,,,
31811,02:11:00,,,,,,,,,,,,,,,,,,,,,,,,,
31812,02:12:00,,,,,,,,,,,,,,,,,,,,,,,,,
31813,02:13:00,,,,,,,,,,,,,,,,,,,,,,,,,
31814,02:14:00,,,,,,,,,,,,,,,,,,,,,,,,,
31815,02:15:00,,,,,,,,,,,,,,,,,,,,,,,,,
31816,02:16:00,,,,,,,,,,,,,,,,,,,,,,,,,
31817,02:17:00,,,,,,,,,,,,,,,,,,,,,,,,,
31818,02:18:00,,,,,,,,,,,,,,,,,,,,,,,,,
31819,02:19:00,,,,,,,,,,,,,,,,,,,,,,,,,
31820,02:20:00,,,,,,,,,,,,,,,,,,,,,,,,,
31821,02:21:00,,,,,,,,,,,,,,,,,,,,,,,,,
31822,02:22:00,,,,,,,,,,,,,,,,,,,,,,,,,
31823,02:23:00,,,,,,,,,,,,,,,,,,,,,,,,,
31824,02:24:00,,,,,,,,,,,,,,,,,,,,,,,,,
31825,02:25:00,,,,,,,,,,,,,,,,,,,,,,,,,
31826,02:26:00,,,,,,,,,,,,,,,,,,,,,,,,,
31827,02:27:00,,,,,,,,,,,,,,,,,,,,,,,,,
31828,02:28:00,,,,,,,,,,,,,,,,,,,,,,,,,
31829,02:29:00,,,,,,,,,,,,,,,,,,,,,,,,,
31830,02:30:00,,,,,,,,,,,,,,,,,,,,,,,,,
31831,02:31:00,,,,,,,,,,,,,,,,,,,,,,,,,
31832,02:32:00,,,,,,,,,,,,,,,,,,,,,,,,,
31833,02:33:00,,,,,,,,,,,,,,,,,,,,,,,,,
31834,02:34:00,,,,,,,,,,,,,,,,,,,,,,,,,
31835,02:35:00,,,,,,,,,,,,,,,,,,,,,,,,,
31836,02:36:00,,,,,,,,,,,,,,,,,,,,,,,,,
31837,02:37:00,,,,,,,,,,,,,,,,,,,,,,,,,
31838,02:38:00,,,,,,,,,,,,,,,,,,,,,,,,,
31839,02:39:00,,,,,,,,,,,,,,,,,,,,,,,,,
31840,02:40:00,,,,,,,,,,,,,,,,,,,,,,,,,
31841,02:41:00,,,,,,,,,,,,,,,,,,,,,,,,,
31842,02:42:00,,,,,,,,,,,,,,,,,,,,,,,,,
31843,02:43:00,,,,,,,,,,,,,,,,,,,,,,,,,
31844,02:44:00,,,,,,,,,,,,,,,,,,,,,,,,,
31845,02:45:00,,,,,,,,,,,,,,,,,,,,,,,,,
31846,02:46:00,,,,,,,,,,,,,,,,,,,,,,,,,
31847,02:47:00,,,,,,,,,,,,,,,,,,,,,,,,,
31848,02:48:00,,,,,,,,,,,,,,,,,,,,,,,,,
31849,02:49:00,,,,,,,,,,,,,,,,,,,,,,,,,
31850,02:50:00,,,,,,,,,,,,,,,,,,,,,,,,,
31851,02:51:00,,,,,,,,,,,,,,,,,,,,,,,,,
31852,02:52:00,,,,,,,,,,,,,,,,,,,,,,,,,
31853,02:53:00,,,,,,,,,,,,,,,,,,,,,,,,,
31854,02:54:00,,,,,,,,,,,,,,,,,,,,,,,,,
31855,02:55:00,,,,,,,,,,,,,,,,,,,,,,,,,
31856,02:56:00,,,,,,,,,,,,,,,,,,,,,,,,,
31857,02:57:00,,,,,,,,,,,,,,,,,,,,,,,,,
31858,02:58:00,,,,,,,,,,,,,,,,,,,,,,,,,
31859,02:59:00,,,,,,,,,,,,,,,,,,,,,,,,,
31860,03:00:00,,,,,,,,,,,,,,,,,,,,,,,,,
31861,03:01:00,,,,,,,,,,,,,,,,,,,,,,,,,
31862,03:02:00,,,,,,,,,,,,,,,,,,,,,,,,,
31863,03:03:00,,,,,,,,,,,,,,,,,,,,,,,,,
31864,03:04:00,,,,,,,,,,,,,,,,,,,,,,,,,
31865,03:05:00,,,,,,,,,,,,,,,,,,,,,,,,,
31866,03:06:00,,,,,,,,,,,,,,,,,,,,,,,,,
31867,03:07:00,,,,,,,,,,,,,,,,,,,,,,,,,
31868,03:08:00,,,,,,,,,,,,,,,,,,,,,,,,,
31869,03:09:00,,,,,,,,,,,,,,,,,,,,,,,,,
31870,03:10:00,,,,,,,,,,,,,,,,,,,,,,,,,
31871,03:11:00,,,,,,,,,,,,,,,,,,,,,,,,,
31872,03:12:00,,,,,,,,,,,,,,,,,,,,,,,,,
31873,03:13:00,,,,,,,,,,,,,,,,,,,,,,,,,
31874,03:14:00,,,,,,,,,,,,,,,,,,,,,,,,,
31875,03:15:00,,,,,,,,,,,,,,,,,,,,,,,,,
31876,03:16:00,,,,,,,,,,,,,,,,,,,,,,,,,
31877,03:17:00,,,,,,,,,,,,,,,,,,,,,,,,,
31878,03:18:00,,,,,,,,,,,,,,,,,,,,,,,,,
31879,03:19:00,,,,,,,,,,,,,,,,,,,,,,,,,
31880,03:20:00,,,,,,,,,,,,,,,,,,,,,,,,,
31881,03:21:00,,,,,,,,,,,,,,,,,,,,,,,,,
31882,03:22:00,,,,,,,,,,,,,,,,,,,,,,,,,
31883,03:23:00,,,,,,,,,,,,,,,,,,,,,,,,,
31884,03:24:00,,,,,,,,,,,,,,,,,,,,,,,,,
31885,03:25:00,,,,,,,,,,,,,,,,,,,,,,,,,
31886,03:26:00,,,,,,,,,,,,,,,,,,,,,,,,,
31887,03:27:00,,,,,,,,,,,,,,,,,,,,,,,,,
31888,03:28:00,,,,,,,,,,,,,,,,,,,,,,,,,
31889,03:29:00,,,,,,,,,,,,,,,,,,,,,,,,,
31890,03:30:00,,,,,,,,,,,,,,,,,,,,,,,,,
31891,03:31:00,,,,,,,,,,,,,,,,,,,,,,,,,
31892,03:32:00,,,,,,,,,,,,,,,,,,,,,,,,,
31893,03:33:00,,,,,,,,,,,,,,,,,,,,,,,,,
31894,03:34:00,,,,,,,,,,,,,,,,,,,,,,,,,
31895,03:35:00,,,,,,,,,,,,,,,,,,,,,,,,,
31896,03:36:00,,,,,,,,,,,,,,,,,,,,,,,,,
31897,03:37:00,,,,,,,,,,,,,,,,,,,,,,,,,
31898,03:38:00,,,,,,,,,,,,,,,,,,,,,,,,,
31899,03:39:00,,,,,,,,,,,,,,,,,,,,,,,,,
31900,03:40:00,,,,,,,,,,,,,,,,,,,,,,,,,
31901,03:41:00,,,,,,,,,,,,,,,,,,,,,,,,,
31902,03:42:00,,,,,,,,,,,,,,,,,,,,,,,,,
31903,03:43:00,,,,,,,,,,,,,,,,,,,,,,,,,
31904,03:44:00,,,,,,,,,,,,,,,,,,,,,,,,,
31905,03:45:00,,,,,,,,,,,,,,,,,,,,,,,,,
31906,03:46:00,,,,,,,,,,,,,,,,,,,,,,,,,
31907,03:47:00,,,,,,,,,,,,,,,,,,,,,,,,,
31908,03:48:00,,,,,,,,,,,,,,,,,,,,,,,,,
31909,03:49:00,,,,,,,,,,,,,,,,,,,,,,,,,
31910,03:50:00,,,,,,,,,,,,,,,,,,,,,,,,,
31911,03:51:00,,,,,,,,,,,,,,,,,,,,,,,,,
31912,03:52:00,,,,,,,,,,,,,,,,,,,,,,,,,
31913,03:53:00,,,,,,,,,,,,,,,,,,,,,,,,,
31914,03:54:00,,,,,,,,,,,,,,,,,,,,,,,,,
31915,03:55:00,,,,,,,,,,,,,,,,,,,,,,,,,
31916,03:56:00,,,,,,,,,,,,,,,,,,,,,,,,,
31917,03:57:00,,,,,,,,,,,,,,,,,,,,,,,,,
31918,03:58:00,,,,,,,,,,,,,,,,,,,,,,,,,
31919,03:59:00,,,,,,,,,,,,,,,,,,,,,,,,,
31920,04:00:00,,,,,,,,,,,,,,,,,,,,,,,,,
31921,04:01:00,,,,,,,,,,,,,,,,,,,,,,,,,
31922,04:02:00,,,,,,,,,,,,,,,,,,,,,,,,,
31923,04:03:00,,,,,,,,,,,,,,,,,,,,,,,,,
31924,04:04:00,,,,,,,,,,,,,,,,,,,,,,,,,
31925,04:05:00,,,,,,,,,,,,,,,,,,,,,,,,,
31926,04:06:00,,,,,,,,,,,,,,,,,,,,,,,,,
31927,04:07:00,,,,,,,,,,,,,,,,,,,,,,,,,
31928,04:08:00,,,,,,,,,,,,,,,,,,,,,,,,,
31929,04:09:00,,,,,,,,,,,,,,,,,,,,,,,,,
31930,04:10:00,,,,,,,,,,,,,,,,,,,,,,,,,
31931,04:11:00,,,,,,,,,,,,,,,,,,,,,,,,,
31932,04:12:00,,,,,,,,,,,,,,,,,,,,,,,,,
31933,04:13:00,,,,,,,,,,,,,,,,,,,,,,,,,
31934,04:14:00,,,,,,,,,,,,,,,,,,,,,,,,,
31935,04:15:00,,,,,,,,,,,,,,,,,,,,,,,,,
31936,04:16:00,,,,,,,,,,,,,,,,,,,,,,,,,
31937,04:17:00,,,,,,,,,,,,,,,,,,,,,,,,,
31938,04:18:00,,,,,,,,,,,,,,,,,,,,,,,,,
31939,04:19:00,,,,,,,,,,,,,,,,,,,,,,,,,
31940,04:20:00,,,,,,,,,,,,,,,,,,,,,,,,,
31941,04:21:00,,,,,,,,,,,,,,,,,,,,,,,,,
31942,04:22:00,,,,,,,,,,,,,,,,,,,,,,,,,
31943,04:23:00,,,,,,,,,,,,,,,,,,,,,,,,,
31944,04:24:00,,,,,,,,,,,,,,,,,,,,,,,,,
31945,04:25:00,,,,,,,,,,,,,,,,,,,,,,,,,
31946,04:26:00,,,,,,,,,,,,,,,,,,,,,,,,,
31947,04:27:00,,,,,,,,,,,,,,,,,,,,,,,,,
31948,04:28:00,,,,,,,,,,,,,,,,,,,,,,,,,
31949,04:29:00,,,,,,,,,,,,,,,,,,,,,,,,,
31950,04:30:00,,,,,,,,,,,,,,,,,,,,,,,,,
31951,04:31:00,,,,,,,,,,,,,,,,,,,,,,,,,
31952,04:32:00,,,,,,,,,,,,,,,,,,,,,,,,,
31953,04:33:00,,,,,,,,,,,,,,,,,,,,,,,,,
31954,04:34:00,,,,,,,,,,,,,,,,,,,,,,,,,
31955,04:35:00,,,,,,,,,,,,,,,,,,,,,,,,,
31956,04:36:00,,,,,,,,,,,,,,,,,,,,,,,,,
31957,04:37:00,,,,,,,,,,,,,,,,,,,,,,,,,
31958,04:38:00,,,,,,,,,,,,,,,,,,,,,,,,,
31959,04:39:00,,,,,,,,,,,,,,,,,,,,,,,,,
31960,04:40:00,,,,,,,,,,,,,,,,,,,,,,,,,
31961,04:41:00,,,,,,,,,,,,,,,,,,,,,,,,,
31962,04:42:00,,,,,,,,,,,,,,,,,,,,,,,,,
31963,04:43:00,,,,,,,,,,,,,,,,,,,,,,,,,
31964,04:44:00,,,,,,,,,,,,,,,,,,,,,,,,,
31965,04:45:00,,,,,,,,,,,,,,,,,,,,,,,,,
31966,04:46:00,,,,,,,,,,,,,,,,,,,,,,,,,
31967,04:47:00,,,,,,,,,,,,,,,,,,,,,,,,,
31968,04:48:00,,,,,,,,,,,,,,,,,,,,,,,,,
31969,04:49:00,,,,,,,,,,,,,,,,,,,,,,,,,
31970,04:50:00,,,,,,,,,,,,,,,,,,,,,,,,,
31971,04:51:00,,,,,,,,,,,,,,,,,,,,,,,,,
31972,04:52:00,,,,,,,,,,,,,,,,,,,,,,,,,
31973,04:53:00,,,,,,,,,,,,,,,,,,,,,,,,,
31974,04:54:00,,,,,,,,,,,,,,,,,,,,,,,,,
31975,04:55:00,,,,,,,,,,,,,,,,,,,,,,,,,
31976,04:56:00,,,,,,,,,,,,,,,,,,,,,,,,,
31977,04:57:00,,,,,,,,,,,,,,,,,,,,,,,,,
31978,04:58:00,,,,,,,,,,,,,,,,,,,,,,,,,
31979,04:59:00,,,,,,,,,,,,,,,,,,,,,,,,,
31980,05:00:00,,,,,,,,,,,,,,,,,,,,,,,,,
31981,05:01:00,,,,,,,,,,,,,,,,,,,,,,,,,
31982,05:02:00,,,,,,,,,,,,,,,,,,,,,,,,,
31983,05:03:00,,,,,,,,,,,,,,,,,,,,,,,,,
31984,05:04:00,,,,,,,,,,,,,,,,,,,,,,,,,
31985,05:05:00,,,,,,,,,,,,,,,,,,,,,,,,,
31986,05:06:00,,,,,,,,,,,,,,,,,,,,,,,,,
31987,05:07:00,,,,,,,,,,,,,,,,,,,,,,,,,
31988,05:08:00,,,,,,,,,,,,,,,,,,,,,,,,,
31989,05:09:00,,,,,,,,,,,,,,,,,,,,,,,,,
31990,05:10:00,,,,,,,,,,,,,,,,,,,,,,,,,
31991,05:11:00,,,,,,,,,,,,,,,,,,,,,,,,,
31992,05:12:00,,,,,,,,,,,,,,,,,,,,,,,,,
31993,05:13:00,,,,,,,,,,,,,,,,,,,,,,,,,
31994,05:14:00,,,,,,,,,,,,,,,,,,,,,,,,,
31995,05:15:00,,,,,,,,,,,,,,,,,,,,,,,,,
31996,05:16:00,,,,,,,,,,,,,,,,,,,,,,,,,
31997,05:17:00,,,,,,,,,,,,,,,,,,,,,,,,,
31998,05:18:00,,,,,,,,,,,,,,,,,,,,,,,,,
31999,05:19:00,,,,,,,,,,,,,,,,,,,,,,,,,
32000,05:20:00,,,,,,,,,,,,,,,,,,,,,,,,,
32001,05:21:00,,,,,,,,,,,,,,,,,,,,,,,,,
32002,05:22:00,,,,,,,,,,,,,,,,,,,,,,,,,
32003,05:23:00,,,,,,,,,,,,,,,,,,,,,,,,,
32004,05:24:00,,,,,,,,,,,,,,,,,,,,,,,,,
32005,05:25:00,,,,,,,,,,,,,,,,,,,,,,,,,
32006,05:26:00,,,,,,,,,,,,,,,,,,,,,,,,,
32007,05:27:00,,,,,,,,,,,,,,,,,,,,,,,,,
32008,05:28:00,,,,,,,,,,,,,,,,,,,,,,,,,
32009,05:29:00,,,,,,,,,,,,,,,,,,,,,,,,,
32010,05:30:00,,,,,,,,,,,,,,,,,,,,,,,,,
32011,05:31:00,,,,,,,,,,,,,,,,,,,,,,,,,
32012,05:32:00,,,,,,,,,,,,,,,,,,,,,,,,,
32013,05:33:00,,,,,,,,,,,,,,,,,,,,,,,,,
32014,05:34:00,,,,,,,,,,,,,,,,,,,,,,,,,
32015,05:35:00,,,,,,,,,,,,,,,,,,,,,,,,,
32016,05:36:00,,,,,,,,,,,,,,,,,,,,,,,,,
32017,05:37:00,,,,,,,,,,,,,,,,,,,,,,,,,
32018,05:38:00,,,,,,,,,,,,,,,,,,,,,,,,,
32019,05:39:00,,,,,,,,,,,,,,,,,,,,,,,,,
32020,05:40:00,,,,,,,,,,,,,,,,,,,,,,,,,
32021,05:41:00,,,,,,,,,,,,,,,,,,,,,,,,,
32022,05:42:00,,,,,,,,,,,,,,,,,,,,,,,,,
32023,05:43:00,,,,,,,,,,,,,,,,,,,,,,,,,
32024,05:44:00,,,,,,,,,,,,,,,,,,,,,,,,,
32025,05:45:00,,,,,,,,,,,,,,,,,,,,,,,,,
32026,05:46:00,,,,,,,,,,,,,,,,,,,,,,,,,
32027,05:47:00,,,,,,,,,,,,,,,,,,,,,,,,,
32028,05:48:00,,,,,,,,,,,,,,,,,,,,,,,,,
32029,05:49:00,,,,,,,,,,,,,,,,,,,,,,,,,
32030,05:50:00,,,,,,,,,,,,,,,,,,,,,,,,,
32031,05:51:00,,,,,,,,,,,,,,,,,,,,,,,,,
32032,05:52:00,,,,,,,,,,,,,,,,,,,,,,,,,
32033,05:53:00,,,,,,,,,,,,,,,,,,,,,,,,,
32034,05:54:00,,,,,,,,,,,,,,,,,,,,,,,,,
32035,05:55:00,,,,,,,,,,,,,,,,,,,,,,,,,
32036,05:56:00,,,,,,,,,,,,,,,,,,,,,,,,,
32037,05:57:00,,,,,,,,,,,,,,,,,,,,,,,,,
32038,05:58:00,,,,,,,,,,,,,,,,,,,,,,,,,
32039,05:59:00,,,,,,,,,,,,,,,,,,,,,,,,,
32040,06:00:00,,,,,,,,,,,,,,,,,,,,,,,,,
32041,06:01:00,,,,,,,,,,,,,,,,,,,,,,,,,
32042,06:02:00,,,,,,,,,,,,,,,,,,,,,,,,,
32043,06:03:00,,,,,,,,,,,,,,,,,,,,,,,,,
32044,06:04:00,,,,,,,,,,,,,,,,,,,,,,,,,
32045,06:05:00,,,,,,,,,,,,,,,,,,,,,,,,,
32046,06:06:00,,,,,,,,,,,,,,,,,,,,,,,,,
32047,06:07:00,,,,,,,,,,,,,,,,,,,,,,,,,
32048,06:08:00,,,,,,,,,,,,,,,,,,,,,,,,,
32049,06:09:00,,,,,,,,,,,,,,,,,,,,,,,,,
32050,06:10:00,,,,,,,,,,,,,,,,,,,,,,,,,
32051,06:11:00,,,,,,,,,,,,,,,,,,,,,,,,,
32052,06:12:00,,,,,,,,,,,,,,,,,,,,,,,,,
32053,06:13:00,,,,,,,,,,,,,,,,,,,,,,,,,
32054,06:14:00,,,,,,,,,,,,,,,,,,,,,,,,,
32055,06:15:00,,,,,,,,,,,,,,,,,,,,,,,,,
32056,06:16:00,,,,,,,,,,,,,,,,,,,,,,,,,
32057,06:17:00,,,,,,,,,,,,,,,,,,,,,,,,,
32058,06:18:00,,,,,,,,,,,,,,,,,,,,,,,,,
32059,06:19:00,,,,,,,,,,,,,,,,,,,,,,,,,
32060,06:20:00,,,,,,,,,,,,,,,,,,,,,,,,,
32061,06:21:00,,,,,,,,,,,,,,,,,,,,,,,,,
32062,06:22:00,,,,,,,,,,,,,,,,,,,,,,,,,
32063,06:23:00,,,,,,,,,,,,,,,,,,,,,,,,,
32064,06:24:00,,,,,,,,,,,,,,,,,,,,,,,,,
32065,06:25:00,,,,,,,,,,,,,,,,,,,,,,,,,
32066,06:26:00,,,,,,,,,,,,,,,,,,,,,,,,,
32067,06:27:00,,,,,,,,,,,,,,,,,,,,,,,,,
32068,06:28:00,,,,,,,,,,,,,,,,,,,,,,,,,
32069,06:29:00,,,,,,,,,,,,,,,,,,,,,,,,,
32070,06:30:00,,,,,,,,,,,,,,,,,,,,,,,,,
32071,06:31:00,,,,,,,,,,,,,,,,,,,,,,,,,
32072,06:32:00,,,,,,,,,,,,,,,,,,,,,,,,,
32073,06:33:00,,,,,,,,,,,,,,,,,,,,,,,,,
32074,06:34:00,,,,,,,,,,,,,,,,,,,,,,,,,
32075,06:35:00,,,,,,,,,,,,,,,,,,,,,,,,,
32076,06:36:00,,,,,,,,,,,,,,,,,,,,,,,,,
32077,06:37:00,,,,,,,,,,,,,,,,,,,,,,,,,
32078,06:38:00,,,,,,,,,,,,,,,,,,,,,,,,,
32079,06:39:00,,,,,,,,,,,,,,,,,,,,,,,,,
32080,06:40:00,,,,,,,,,,,,,,,,,,,,,,,,,
32081,06:41:00,,,,,,,,,,,,,,,,,,,,,,,,,
32082,06:42:00,,,,,,,,,,,,,,,,,,,,,,,,,
32083,06:43:00,,,,,,,,,,,,,,,,,,,,,,,,,
32084,06:44:00,,,,,,,,,,,,,,,,,,,,,,,,,
32085,06:45:00,,,,,,,,,,,,,,,,,,,,,,,,,
32086,06:46:00,,,,,,,,,,,,,,,,,,,,,,,,,
32087,06:47:00,,,,,,,,,,,,,,,,,,,,,,,,,
32088,06:48:00,,,,,,,,,,,,,,,,,,,,,,,,,
32089,06:49:00,,,,,,,,,,,,,,,,,,,,,,,,,
32090,06:50:00,,,,,,,,,,,,,,,,,,,,,,,,,
32091,06:51:00,,,,,,,,,,,,,,,,,,,,,,,,,
32092,06:52:00,,,,,,,,,,,,,,,,,,,,,,,,,
32093,06:53:00,,,,,,,,,,,,,,,,,,,,,,,,,
32094,06:54:00,,,,,,,,,,,,,,,,,,,,,,,,,
32095,06:55:00,,,,,,,,,,,,,,,,,,,,,,,,,
32096,06:56:00,,,,,,,,,,,,,,,,,,,,,,,,,
32097,06:57:00,,,,,,,,,,,,,,,,,,,,,,,,,
32098,06:58:00,,,,,,,,,,,,,,,,,,,,,,,,,
32099,06:59:00,,,,,,,,,,,,,,,,,,,,,,,,,
32100,07:00:00,,,,,,,,,,,,,,,,,,,,,,,,,
32101,07:01:00,,,,,,,,,,,,,,,,,,,,,,,,,
32102,07:02:00,,,,,,,,,,,,,,,,,,,,,,,,,
32103,07:03:00,,,,,,,,,,,,,,,,,,,,,,,,,
32104,07:04:00,,,,,,,,,,,,,,,,,,,,,,,,,
32105,07:05:00,,,,,,,,,,,,,,,,,,,,,,,,,
32106,07:06:00,,,,,,,,,,,,,,,,,,,,,,,,,
32107,07:07:00,,,,,,,,,,,,,,,,,,,,,,,,,
32108,07:08:00,,,,,,,,,,,,,,,,,,,,,,,,,
32109,07:09:00,,,,,,,,,,,,,,,,,,,,,,,,,
32110,07:10:00,,,,,,,,,,,,,,,,,,,,,,,,,
32111,07:11:00,,,,,,,,,,,,,,,,,,,,,,,,,
32112,07:12:00,,,,,,,,,,,,,,,,,,,,,,,,,
32113,07:13:00,,,,,,,,,,,,,,,,,,,,,,,,,
32114,07:14:00,,,,,,,,,,,,,,,,,,,,,,,,,
32115,07:15:00,,,,,,,,,,,,,,,,,,,,,,,,,
32116,07:16:00,,,,,,,,,,,,,,,,,,,,,,,,,
32117,07:17:00,,,,,,,,,,,,,,,,,,,,,,,,,
32118,07:18:00,,,,,,,,,,,,,,,,,,,,,,,,,
32119,07:19:00,,,,,,,,,,,,,,,,,,,,,,,,,
32120,07:20:00,,,,,,,,,,,,,,,,,,,,,,,,,
32121,07:21:00,,,,,,,,,,,,,,,,,,,,,,,,,
32122,07:22:00,,,,,,,,,,,,,,,,,,,,,,,,,
32123,07:23:00,,,,,,,,,,,,,,,,,,,,,,,,,
32124,07:24:00,,,,,,,,,,,,,,,,,,,,,,,,,
32125,07:25:00,,,,,,,,,,,,,,,,,,,,,,,,,
32126,07:26:00,,,,,,,,,,,,,,,,,,,,,,,,,
32127,07:27:00,,,,,,,,,,,,,,,,,,,,,,,,,
32128,07:28:00,,,,,,,,,,,,,,,,,,,,,,,,,
32129,07:29:00,,,,,,,,,,,,,,,,,,,,,,,,,
32130,07:30:00,,,,,,,,,,,,,,,,,,,,,,,,,
32131,07:31:00,,,,,,,,,,,,,,,,,,,,,,,,,
32132,07:32:00,,,,,,,,,,,,,,,,,,,,,,,,,
32133,07:33:00,,,,,,,,,,,,,,,,,,,,,,,,,
32134,07:34:00,,,,,,,,,,,,,,,,,,,,,,,,,
32135,07:35:00,,,,,,,,,,,,,,,,,,,,,,,,,
32136,07:36:00,,,,,,,,,,,,,,,,,,,,,,,,,
32137,07:37:00,,,,,,,,,,,,,,,,,,,,,,,,,
32138,07:38:00,,,,,,,,,,,,,,,,,,,,,,,,,
32139,07:39:00,,,,,,,,,,,,,,,,,,,,,,,,,
32140,07:40:00,,,,,,,,,,,,,,,,,,,,,,,,,
32141,07:41:00,,,,,,,,,,,,,,,,,,,,,,,,,
32142,07:42:00,,,,,,,,,,,,,,,,,,,,,,,,,
32143,07:43:00,,,,,,,,,,,,,,,,,,,,,,,,,
32144,07:44:00,,,,,,,,,,,,,,,,,,,,,,,,,
32145,07:45:00,,,,,,,,,,,,,,,,,,,,,,,,,
32146,07:46:00,,,,,,,,,,,,,,,,,,,,,,,,,
32147,07:47:00,,,,,,,,,,,,,,,,,,,,,,,,,
32148,07:48:00,,,,,,,,,,,,,,,,,,,,,,,,,
32149,07:49:00,,,,,,,,,,,,,,,,,,,,,,,,,
32150,07:50:00,,,,,,,,,,,,,,,,,,,,,,,,,
32151,07:51:00,,,,,,,,,,,,,,,,,,,,,,,,,
32152,07:52:00,,,,,,,,,,,,,,,,,,,,,,,,,
32153,07:53:00,,,,,,,,,,,,,,,,,,,,,,,,,
32154,07:54:00,,,,,,,,,,,,,,,,,,,,,,,,,
32155,07:55:00,,,,,,,,,,,,,,,,,,,,,,,,,
32156,07:56:00,,,,,,,,,,,,,,,,,,,,,,,,,
32157,07:57:00,,,,,,,,,,,,,,,,,,,,,,,,,
32158,07:58:00,,,,,,,,,,,,,,,,,,,,,,,,,
32159,07:59:00,,,,,,,,,,,,,,,,,,,,,,,,,
32160,08:00:00,,,,,,,,,,,,,,,,,,,,,,,,,
32161,08:01:00,,,,,,,,,,,,,,,,,,,,,,,,,
32162,08:02:00,,,,,,,,,,,,,,,,,,,,,,,,,
32163,08:03:00,,,,,,,,,,,,,,,,,,,,,,,,,
32164,08:04:00,,,,,,,,,,,,,,,,,,,,,,,,,
32165,08:05:00,,,,,,,,,,,,,,,,,,,,,,,,,
32166,08:06:00,,,,,,,,,,,,,,,,,,,,,,,,,
32167,08:07:00,,,,,,,,,,,,,,,,,,,,,,,,,
32168,08:08:00,,,,,,,,,,,,,,,,,,,,,,,,,
32169,08:09:00,,,,,,,,,,,,,,,,,,,,,,,,,
32170,08:10:00,,,,,,,,,,,,,,,,,,,,,,,,,
32171,08:11:00,,,,,,,,,,,,,,,,,,,,,,,,,
32172,08:12:00,,,,,,,,,,,,,,,,,,,,,,,,,
32173,08:13:00,,,,,,,,,,,,,,,,,,,,,,,,,
32174,08:14:00,,,,,,,,,,,,,,,,,,,,,,,,,
32175,08:15:00,,,,,,,,,,,,,,,,,,,,,,,,,
32176,08:16:00,,,,,,,,,,,,,,,,,,,,,,,,,
32177,08:17:00,,,,,,,,,,,,,,,,,,,,,,,,,
32178,08:18:00,,,,,,,,,,,,,,,,,,,,,,,,,
32179,08:19:00,,,,,,,,,,,,,,,,,,,,,,,,,
32180,08:20:00,,,,,,,,,,,,,,,,,,,,,,,,,
32181,08:21:00,,,,,,,,,,,,,,,,,,,,,,,,,
32182,08:22:00,,,,,,,,,,,,,,,,,,,,,,,,,
32183,08:23:00,,,,,,,,,,,,,,,,,,,,,,,,,
32184,08:24:00,,,,,,,,,,,,,,,,,,,,,,,,,
32185,08:25:00,,,,,,,,,,,,,,,,,,,,,,,,,
32186,08:26:00,,,,,,,,,,,,,,,,,,,,,,,,,
32187,08:27:00,,,,,,,,,,,,,,,,,,,,,,,,,
32188,08:28:00,,,,,,,,,,,,,,,,,,,,,,,,,
32189,08:29:00,,,,,,,,,,,,,,,,,,,,,,,,,
32190,08:30:00,,,,,,,,,,,,,,,,,,,,,,,,,
32191,08:31:00,,,,,,,,,,,,,,,,,,,,,,,,,
32192,08:32:00,,,,,,,,,,,,,,,,,,,,,,,,,
32193,08:33:00,,,,,,,,,,,,,,,,,,,,,,,,,
32194,08:34:00,,,,,,,,,,,,,,,,,,,,,,,,,
32195,08:35:00,,,,,,,,,,,,,,,,,,,,,,,,,
32196,08:36:00,,,,,,,,,,,,,,,,,,,,,,,,,
32197,08:37:00,,,,,,,,,,,,,,,,,,,,,,,,,
32198,08:38:00,,,,,,,,,,,,,,,,,,,,,,,,,
32199,08:39:00,,,,,,,,,,,,,,,,,,,,,,,,,
32200,08:40:00,,,,,,,,,,,,,,,,,,,,,,,,,
32201,08:41:00,,,,,,,,,,,,,,,,,,,,,,,,,
32202,08:42:00,,,,,,,,,,,,,,,,,,,,,,,,,
32203,08:43:00,,,,,,,,,,,,,,,,,,,,,,,,,
32204,08:44:00,,,,,,,,,,,,,,,,,,,,,,,,,
32205,08:45:00,,,,,,,,,,,,,,,,,,,,,,,,,
32206,08:46:00,,,,,,,,,,,,,,,,,,,,,,,,,
32207,08:47:00,,,,,,,,,,,,,,,,,,,,,,,,,
32208,08:48:00,,,,,,,,,,,,,,,,,,,,,,,,,
32209,08:49:00,,,,,,,,,,,,,,,,,,,,,,,,,
32210,08:50:00,,,,,,,,,,,,,,,,,,,,,,,,,
32211,08:51:00,,,,,,,,,,,,,,,,,,,,,,,,,
32212,08:52:00,,,,,,,,,,,,,,,,,,,,,,,,,
32213,08:53:00,,,,,,,,,,,,,,,,,,,,,,,,,
32214,08:54:00,,,,,,,,,,,,,,,,,,,,,,,,,
32215,08:55:00,,,,,,,,,,,,,,,,,,,,,,,,,
32216,08:56:00,,,,,,,,,,,,,,,,,,,,,,,,,
32217,08:57:00,,,,,,,,,,,,,,,,,,,,,,,,,
32218,08:58:00,,,,,,,,,,,,,,,,,,,,,,,,,
32219,08:59:00,,,,,,,,,,,,,,,,,,,,,,,,,
32220,09:00:00,,,,,,,,,,,,,,,,,,,,,,,,,
32221,09:01:00,,,,,,,,,,,,,,,,,,,,,,,,,
32222,09:02:00,,,,,,,,,,,,,,,,,,,,,,,,,
32223,09:03:00,,,,,,,,,,,,,,,,,,,,,,,,,
32224,09:04:00,,,,,,,,,,,,,,,,,,,,,,,,,
32225,09:05:00,,,,,,,,,,,,,,,,,,,,,,,,,
32226,09:06:00,,,,,,,,,,,,,,,,,,,,,,,,,
32227,09:07:00,,,,,,,,,,,,,,,,,,,,,,,,,
32228,09:08:00,,,,,,,,,,,,,,,,,,,,,,,,,
32229,09:09:00,,,,,,,,,,,,,,,,,,,,,,,,,
32230,09:10:00,,,,,,,,,,,,,,,,,,,,,,,,,
32231,09:11:00,,,,,,,,,,,,,,,,,,,,,,,,,
32232,09:12:00,,,,,,,,,,,,,,,,,,,,,,,,,
32233,09:13:00,,,,,,,,,,,,,,,,,,,,,,,,,
32234,09:14:00,,,,,,,,,,,,,,,,,,,,,,,,,
32235,09:15:00,,,,,,,,,,,,,,,,,,,,,,,,,
32236,09:16:00,,,,,,,,,,,,,,,,,,,,,,,,,
32237,09:17:00,,,,,,,,,,,,,,,,,,,,,,,,,
32238,09:18:00,,,,,,,,,,,,,,,,,,,,,,,,,
32239,09:19:00,,,,,,,,,,,,,,,,,,,,,,,,,
32240,09:20:00,,,,,,,,,,,,,,,,,,,,,,,,,
32241,09:21:00,,,,,,,,,,,,,,,,,,,,,,,,,
32242,09:22:00,,,,,,,,,,,,,,,,,,,,,,,,,
32243,09:23:00,,,,,,,,,,,,,,,,,,,,,,,,,
32244,09:24:00,,,,,,,,,,,,,,,,,,,,,,,,,
32245,09:25:00,,,,,,,,,,,,,,,,,,,,,,,,,
32246,09:26:00,,,,,,,,,,,,,,,,,,,,,,,,,
32247,09:27:00,,,,,,,,,,,,,,,,,,,,,,,,,
32248,09:28:00,,,,,,,,,,,,,,,,,,,,,,,,,
32249,09:29:00,,,,,,,,,,,,,,,,,,,,,,,,,
32250,09:30:00,,,,,,,,,,,,,,,,,,,,,,,,,
32251,09:31:00,,,,,,,,,,,,,,,,,,,,,,,,,
32252,09:32:00,,,,,,,,,,,,,,,,,,,,,,,,,
32253,09:33:00,,,,,,,,,,,,,,,,,,,,,,,,,
32254,09:34:00,,,,,,,,,,,,,,,,,,,,,,,,,
32255,09:35:00,,,,,,,,,,,,,,,,,,,,,,,,,
32256,09:36:00,,,,,,,,,,,,,,,,,,,,,,,,,
32257,09:37:00,,,,,,,,,,,,,,,,,,,,,,,,,
32258,09:38:00,,,,,,,,,,,,,,,,,,,,,,,,,
32259,09:39:00,,,,,,,,,,,,,,,,,,,,,,,,,
32260,09:40:00,,,,,,,,,,,,,,,,,,,,,,,,,
32261,09:41:00,,,,,,,,,,,,,,,,,,,,,,,,,
32262,09:42:00,,,,,,,,,,,,,,,,,,,,,,,,,
32263,09:43:00,,,,,,,,,,,,,,,,,,,,,,,,,
32264,09:44:00,,,,,,,,,,,,,,,,,,,,,,,,,
32265,09:45:00,,,,,,,,,,,,,,,,,,,,,,,,,
32266,09:46:00,,,,,,,,,,,,,,,,,,,,,,,,,
32267,09:47:00,,,,,,,,,,,,,,,,,,,,,,,,,
32268,09:48:00,,,,,,,,,,,,,,,,,,,,,,,,,
32269,09:49:00,,,,,,,,,,,,,,,,,,,,,,,,,
32270,09:50:00,,,,,,,,,,,,,,,,,,,,,,,,,
32271,09:51:00,,,,,,,,,,,,,,,,,,,,,,,,,
32272,09:52:00,,,,,,,,,,,,,,,,,,,,,,,,,
32273,09:53:00,,,,,,,,,,,,,,,,,,,,,,,,,
32274,09:54:00,,,,,,,,,,,,,,,,,,,,,,,,,
32275,09:55:00,,,,,,,,,,,,,,,,,,,,,,,,,
32276,09:56:00,,,,,,,,,,,,,,,,,,,,,,,,,
32277,09:57:00,,,,,,,,,,,,,,,,,,,,,,,,,
32278,09:58:00,,,,,,,,,,,,,,,,,,,,,,,,,
32279,09:59:00,,,,,,,,,,,,,,,,,,,,,,,,,
32280,10:00:00,,,,,,,,,,,,,,,,,,,,,,,,,
32281,10:01:00,,,,,,,,,,,,,,,,,,,,,,,,,
32282,10:02:00,,,,,,,,,,,,,,,,,,,,,,,,,
32283,10:03:00,,,,,,,,,,,,,,,,,,,,,,,,,
32284,10:04:00,,,,,,,,,,,,,,,,,,,,,,,,,
32285,10:05:00,,,,,,,,,,,,,,,,,,,,,,,,,
32286,10:06:00,,,,,,,,,,,,,,,,,,,,,,,,,
32287,10:07:00,,,,,,,,,,,,,,,,,,,,,,,,,
32288,10:08:00,,,,,,,,,,,,,,,,,,,,,,,,,
32289,10:09:00,,,,,,,,,,,,,,,,,,,,,,,,,
32290,10:10:00,,,,,,,,,,,,,,,,,,,,,,,,,
32291,10:11:00,,,,,,,,,,,,,,,,,,,,,,,,,
32292,10:12:00,,,,,,,,,,,,,,,,,,,,,,,,,
32293,10:13:00,,,,,,,,,,,,,,,,,,,,,,,,,
32294,10:14:00,,,,,,,,,,,,,,,,,,,,,,,,,
32295,10:15:00,,,,,,,,,,,,,,,,,,,,,,,,,
32296,10:16:00,,,,,,,,,,,,,,,,,,,,,,,,,
32297,10:17:00,,,,,,,,,,,,,,,,,,,,,,,,,
32298,10:18:00,,,,,,,,,,,,,,,,,,,,,,,,,
32299,10:19:00,,,,,,,,,,,,,,,,,,,,,,,,,
32300,10:20:00,,,,,,,,,,,,,,,,,,,,,,,,,
32301,10:21:00,,,,,,,,,,,,,,,,,,,,,,,,,
32302,10:22:00,,,,,,,,,,,,,,,,,,,,,,,,,
32303,10:23:00,,,,,,,,,,,,,,,,,,,,,,,,,
32304,10:24:00,,,,,,,,,,,,,,,,,,,,,,,,,
32305,10:25:00,,,,,,,,,,,,,,,,,,,,,,,,,
32306,10:26:00,,,,,,,,,,,,,,,,,,,,,,,,,
32307,10:27:00,,,,,,,,,,,,,,,,,,,,,,,,,
32308,10:28:00,,,,,,,,,,,,,,,,,,,,,,,,,
32309,10:29:00,,,,,,,,,,,,,,,,,,,,,,,,,
32310,10:30:00,,,,,,,,,,,,,,,,,,,,,,,,,
32311,10:31:00,,,,,,,,,,,,,,,,,,,,,,,,,
32312,10:32:00,,,,,,,,,,,,,,,,,,,,,,,,,
32313,10:33:00,,,,,,,,,,,,,,,,,,,,,,,,,
32314,10:34:00,,,,,,,,,,,,,,,,,,,,,,,,,
32315,10:35:00,,,,,,,,,,,,,,,,,,,,,,,,,
32316,10:36:00,,,,,,,,,,,,,,,,,,,,,,,,,
32317,10:37:00,,,,,,,,,,,,,,,,,,,,,,,,,
32318,10:38:00,,,,,,,,,,,,,,,,,,,,,,,,,
32319,10:39:00,,,,,,,,,,,,,,,,,,,,,,,,,
32320,10:40:00,,,,,,,,,,,,,,,,,,,,,,,,,
32321,10:41:00,,,,,,,,,,,,,,,,,,,,,,,,,
32322,10:42:00,,,,,,,,,,,,,,,,,,,,,,,,,
32323,10:43:00,,,,,,,,,,,,,,,,,,,,,,,,,
32324,10:44:00,,,,,,,,,,,,,,,,,,,,,,,,,
32325,10:45:00,,,,,,,,,,,,,,,,,,,,,,,,,
32326,10:46:00,,,,,,,,,,,,,,,,,,,,,,,,,
32327,10:47:00,,,,,,,,,,,,,,,,,,,,,,,,,
32328,10:48:00,,,,,,,,,,,,,,,,,,,,,,,,,
32329,10:49:00,,,,,,,,,,,,,,,,,,,,,,,,,
32330,10:50:00,,,,,,,,,,,,,,,,,,,,,,,,,
32331,10:51:00,,,,,,,,,,,,,,,,,,,,,,,,,
32332,10:52:00,,,,,,,,,,,,,,,,,,,,,,,,,
32333,10:53:00,,,,,,,,,,,,,,,,,,,,,,,,,
32334,10:54:00,,,,,,,,,,,,,,,,,,,,,,,,,
32335,10:55:00,,,,,,,,,,,,,,,,,,,,,,,,,
32336,10:56:00,,,,,,,,,,,,,,,,,,,,,,,,,
32337,10:57:00,,,,,,,,,,,,,,,,,,,,,,,,,
32338,10:58:00,,,,,,,,,,,,,,,,,,,,,,,,,
32339,10:59:00,,,,,,,,,,,,,,,,,,,,,,,,,
32340,11:00:00,,,,,,,,,,,,,,,,,,,,,,,,,
32341,11:01:00,,,,,,,,,,,,,,,,,,,,,,,,,
32342,11:02:00,,,,,,,,,,,,,,,,,,,,,,,,,
32343,11:03:00,,,,,,,,,,,,,,,,,,,,,,,,,
32344,11:04:00,,,,,,,,,,,,,,,,,,,,,,,,,
32345,11:05:00,,,,,,,,,,,,,,,,,,,,,,,,,
32346,11:06:00,,,,,,,,,,,,,,,,,,,,,,,,,
32347,11:07:00,,,,,,,,,,,,,,,,,,,,,,,,,
32348,11:08:00,,,,,,,,,,,,,,,,,,,,,,,,,
32349,11:09:00,,,,,,,,,,,,,,,,,,,,,,,,,
32350,11:10:00,,,,,,,,,,,,,,,,,,,,,,,,,
32351,11:11:00,,,,,,,,,,,,,,,,,,,,,,,,,
32352,11:12:00,,,,,,,,,,,,,,,,,,,,,,,,,
32353,11:13:00,,,,,,,,,,,,,,,,,,,,,,,,,
32354,11:14:00,,,,,,,,,,,,,,,,,,,,,,,,,
32355,11:15:00,,,,,,,,,,,,,,,,,,,,,,,,,
32356,11:16:00,,,,,,,,,,,,,,,,,,,,,,,,,
32357,11:17:00,,,,,,,,,,,,,,,,,,,,,,,,,
32358,11:18:00,,,,,,,,,,,,,,,,,,,,,,,,,
32359,11:19:00,,,,,,,,,,,,,,,,,,,,,,,,,
32360,11:20:00,,,,,,,,,,,,,,,,,,,,,,,,,
32361,11:21:00,,,,,,,,,,,,,,,,,,,,,,,,,
32362,11:22:00,,,,,,,,,,,,,,,,,,,,,,,,,
32363,11:23:00,,,,,,,,,,,,,,,,,,,,,,,,,
32364,11:24:00,,,,,,,,,,,,,,,,,,,,,,,,,
32365,11:25:00,,,,,,,,,,,,,,,,,,,,,,,,,
32366,11:26:00,,,,,,,,,,,,,,,,,,,,,,,,,
32367,11:27:00,,,,,,,,,,,,,,,,,,,,,,,,,
32368,11:28:00,,,,,,,,,,,,,,,,,,,,,,,,,
32369,11:29:00,,,,,,,,,,,,,,,,,,,,,,,,,
32370,11:30:00,,,,,,,,,,,,,,,,,,,,,,,,,
32371,11:31:00,,,,,,,,,,,,,,,,,,,,,,,,,
32372,11:32:00,,,,,,,,,,,,,,,,,,,,,,,,,
32373,11:33:00,,,,,,,,,,,,,,,,,,,,,,,,,
32374,11:34:00,,,,,,,,,,,,,,,,,,,,,,,,,
32375,11:35:00,,,,,,,,,,,,,,,,,,,,,,,,,
32376,11:36:00,,,,,,,,,,,,,,,,,,,,,,,,,
32377,11:37:00,,,,,,,,,,,,,,,,,,,,,,,,,
32378,11:38:00,,,,,,,,,,,,,,,,,,,,,,,,,
32379,11:39:00,,,,,,,,,,,,,,,,,,,,,,,,,
32380,11:40:00,,,,,,,,,,,,,,,,,,,,,,,,,
32381,11:41:00,,,,,,,,,,,,,,,,,,,,,,,,,
32382,11:42:00,,,,,,,,,,,,,,,,,,,,,,,,,
32383,11:43:00,,,,,,,,,,,,,,,,,,,,,,,,,
32384,11:44:00,,,,,,,,,,,,,,,,,,,,,,,,,
32385,11:45:00,,,,,,,,,,,,,,,,,,,,,,,,,
32386,11:46:00,,,,,,,,,,,,,,,,,,,,,,,,,
32387,11:47:00,,,,,,,,,,,,,,,,,,,,,,,,,
32388,11:48:00,,,,,,,,,,,,,,,,,,,,,,,,,
32389,11:49:00,,,,,,,,,,,,,,,,,,,,,,,,,
32390,11:50:00,,,,,,,,,,,,,,,,,,,,,,,,,
32391,11:51:00,,,,,,,,,,,,,,,,,,,,,,,,,
32392,11:52:00,,,,,,,,,,,,,,,,,,,,,,,,,
32393,11:53:00,,,,,,,,,,,,,,,,,,,,,,,,,
32394,11:54:00,,,,,,,,,,,,,,,,,,,,,,,,,
32395,11:55:00,,,,,,,,,,,,,,,,,,,,,,,,,
32396,11:56:00,,,,,,,,,,,,,,,,,,,,,,,,,
32397,11:57:00,,,,,,,,,,,,,,,,,,,,,,,,,
32398,11:58:00,,,,,,,,,,,,,,,,,,,,,,,,,
32399,11:59:00,,,,,,,,,,,,,,,,,,,,,,,,,
32400,12:00:00,,,,,,,,,,,,,,,,,,,,,,,,,
32401,12:01:00,,,,,,,,,,,,,,,,,,,,,,,,,
32402,12:02:00,,,,,,,,,,,,,,,,,,,,,,,,,
32403,12:03:00,,,,,,,,,,,,,,,,,,,,,,,,,
32404,12:04:00,,,,,,,,,,,,,,,,,,,,,,,,,
32405,12:05:00,,,,,,,,,,,,,,,,,,,,,,,,,
32406,12:06:00,,,,,,,,,,,,,,,,,,,,,,,,,
32407,12:07:00,,,,,,,,,,,,,,,,,,,,,,,,,
32408,12:08:00,,,,,,,,,,,,,,,,,,,,,,,,,
32409,12:09:00,,,,,,,,,,,,,,,,,,,,,,,,,
32410,12:10:00,,,,,,,,,,,,,,,,,,,,,,,,,
32411,12:11:00,,,,,,,,,,,,,,,,,,,,,,,,,
32412,12:12:00,,,,,,,,,,,,,,,,,,,,,,,,,
32413,12:13:00,,,,,,,,,,,,,,,,,,,,,,,,,
32414,12:14:00,,,,,,,,,,,,,,,,,,,,,,,,,
32415,12:15:00,,,,,,,,,,,,,,,,,,,,,,,,,
32416,12:16:00,,,,,,,,,,,,,,,,,,,,,,,,,
32417,12:17:00,,,,,,,,,,,,,,,,,,,,,,,,,
32418,12:18:00,,,,,,,,,,,,,,,,,,,,,,,,,
32419,12:19:00,,,,,,,,,,,,,,,,,,,,,,,,,
32420,12:20:00,,,,,,,,,,,,,,,,,,,,,,,,,
32421,12:21:00,,,,,,,,,,,,,,,,,,,,,,,,,
32422,12:22:00,,,,,,,,,,,,,,,,,,,,,,,,,
32423,12:23:00,,,,,,,,,,,,,,,,,,,,,,,,,
32424,12:24:00,,,,,,,,,,,,,,,,,,,,,,,,,
32425,12:25:00,,,,,,,,,,,,,,,,,,,,,,,,,
32426,12:26:00,,,,,,,,,,,,,,,,,,,,,,,,,
32427,12:27:00,,,,,,,,,,,,,,,,,,,,,,,,,
32428,12:28:00,,,,,,,,,,,,,,,,,,,,,,,,,
32429,12:29:00,,,,,,,,,,,,,,,,,,,,,,,,,
32430,12:30:00,,,,,,,,,,,,,,,,,,,,,,,,,
32431,12:31:00,,,,,,,,,,,,,,,,,,,,,,,,,
32432,12:32:00,,,,,,,,,,,,,,,,,,,,,,,,,
32433,12:33:00,,,,,,,,,,,,,,,,,,,,,,,,,
32434,12:34:00,,,,,,,,,,,,,,,,,,,,,,,,,
32435,12:35:00,,,,,,,,,,,,,,,,,,,,,,,,,
32436,12:36:00,,,,,,,,,,,,,,,,,,,,,,,,,
32437,12:37:00,,,,,,,,,,,,,,,,,,,,,,,,,
32438,12:38:00,,,,,,,,,,,,,,,,,,,,,,,,,
32439,12:39:00,,,,,,,,,,,,,,,,,,,,,,,,,
32440,12:40:00,,,,,,,,,,,,,,,,,,,,,,,,,
32441,12:41:00,,,,,,,,,,,,,,,,,,,,,,,,,
32442,12:42:00,,,,,,,,,,,,,,,,,,,,,,,,,
32443,12:43:00,,,,,,,,,,,,,,,,,,,,,,,,,
32444,12:44:00,,,,,,,,,,,,,,,,,,,,,,,,,
32445,12:45:00,,,,,,,,,,,,,,,,,,,,,,,,,
32446,12:46:00,,,,,,,,,,,,,,,,,,,,,,,,,
32447,12:47:00,,,,,,,,,,,,,,,,,,,,,,,,,
32448,12:48:00,,,,,,,,,,,,,,,,,,,,,,,,,
32449,12:49:00,,,,,,,,,,,,,,,,,,,,,,,,,
32450,12:50:00,,,,,,,,,,,,,,,,,,,,,,,,,
32451,12:51:00,,,,,,,,,,,,,,,,,,,,,,,,,
32452,12:52:00,,,,,,,,,,,,,,,,,,,,,,,,,
32453,12:53:00,,,,,,,,,,,,,,,,,,,,,,,,,
32454,12:54:00,,,,,,,,,,,,,,,,,,,,,,,,,
32455,12:55:00,,,,,,,,,,,,,,,,,,,,,,,,,
32456,12:56:00,,,,,,,,,,,,,,,,,,,,,,,,,
32457,12:57:00,,,,,,,,,,,,,,,,,,,,,,,,,
32458,12:58:00,,,,,,,,,,,,,,,,,,,,,,,,,
32459,12:59:00,,,,,,,,,,,,,,,,,,,,,,,,,
32460,13:00:00,,,,,,,,,,,,,,,,,,,,,,,,,
32461,13:01:00,,,,,,,,,,,,,,,,,,,,,,,,,
32462,13:02:00,,,,,,,,,,,,,,,,,,,,,,,,,
32463,13:03:00,,,,,,,,,,,,,,,,,,,,,,,,,
32464,13:04:00,,,,,,,,,,,,,,,,,,,,,,,,,
32465,13:05:00,,,,,,,,,,,,,,,,,,,,,,,,,
32466,13:06:00,,,,,,,,,,,,,,,,,,,,,,,,,
32467,13:07:00,,,,,,,,,,,,,,,,,,,,,,,,,
32468,13:08:00,,,,,,,,,,,,,,,,,,,,,,,,,
32469,13:09:00,,,,,,,,,,,,,,,,,,,,,,,,,
32470,13:10:00,,,,,,,,,,,,,,,,,,,,,,,,,
32471,13:11:00,,,,,,,,,,,,,,,,,,,,,,,,,
32472,13:12:00,,,,,,,,,,,,,,,,,,,,,,,,,
32473,13:13:00,,,,,,,,,,,,,,,,,,,,,,,,,
32474,13:14:00,,,,,,,,,,,,,,,,,,,,,,,,,
32475,13:15:00,,,,,,,,,,,,,,,,,,,,,,,,,
32476,13:16:00,,,,,,,,,,,,,,,,,,,,,,,,,
32477,13:17:00,,,,,,,,,,,,,,,,,,,,,,,,,
32478,13:18:00,,,,,,,,,,,,,,,,,,,,,,,,,
32479,13:19:00,,,,,,,,,,,,,,,,,,,,,,,,,
32480,13:20:00,,,,,,,,,,,,,,,,,,,,,,,,,
32481,13:21:00,,,,,,,,,,,,,,,,,,,,,,,,,
32482,13:22:00,,,,,,,,,,,,,,,,,,,,,,,,,
32483,13:23:00,,,,,,,,,,,,,,,,,,,,,,,,,
32484,13:24:00,,,,,,,,,,,,,,,,,,,,,,,,,
32485,13:25:00,,,,,,,,,,,,,,,,,,,,,,,,,
32486,13:26:00,,,,,,,,,,,,,,,,,,,,,,,,,
32487,13:27:00,,,,,,,,,,,,,,,,,,,,,,,,,
32488,13:28:00,,,,,,,,,,,,,,,,,,,,,,,,,
32489,13:29:00,,,,,,,,,,,,,,,,,,,,,,,,,
32490,13:30:00,,,,,,,,,,,,,,,,,,,,,,,,,
32491,13:31:00,,,,,,,,,,,,,,,,,,,,,,,,,
32492,13:32:00,,,,,,,,,,,,,,,,,,,,,,,,,
32493,13:33:00,,,,,,,,,,,,,,,,,,,,,,,,,
32494,13:34:00,,,,,,,,,,,,,,,,,,,,,,,,,
32495,13:35:00,,,,,,,,,,,,,,,,,,,,,,,,,
32496,13:36:00,,,,,,,,,,,,,,,,,,,,,,,,,
32497,13:37:00,,,,,,,,,,,,,,,,,,,,,,,,,
32498,13:38:00,,,,,,,,,,,,,,,,,,,,,,,,,
32499,13:39:00,,,,,,,,,,,,,,,,,,,,,,,,,
32500,13:40:00,,,,,,,,,,,,,,,,,,,,,,,,,
32501,13:41:00,,,,,,,,,,,,,,,,,,,,,,,,,
32502,13:42:00,,,,,,,,,,,,,,,,,,,,,,,,,
32503,13:43:00,,,,,,,,,,,,,,,,,,,,,,,,,
32504,13:44:00,,,,,,,,,,,,,,,,,,,,,,,,,
32505,13:45:00,,,,,,,,,,,,,,,,,,,,,,,,,
32506,13:46:00,,,,,,,,,,,,,,,,,,,,,,,,,
32507,13:47:00,,,,,,,,,,,,,,,,,,,,,,,,,
32508,13:48:00,,,,,,,,,,,,,,,,,,,,,,,,,
32509,13:49:00,,,,,,,,,,,,,,,,,,,,,,,,,
32510,13:50:00,,,,,,,,,,,,,,,,,,,,,,,,,
32511,13:51:00,,,,,,,,,,,,,,,,,,,,,,,,,
32512,13:52:00,,,,,,,,,,,,,,,,,,,,,,,,,
32513,13:53:00,,,,,,,,,,,,,,,,,,,,,,,,,
32514,13:54:00,,,,,,,,,,,,,,,,,,,,,,,,,
32515,13:55:00,,,,,,,,,,,,,,,,,,,,,,,,,
32516,13:56:00,,,,,,,,,,,,,,,,,,,,,,,,,
32517,13:57:00,,,,,,,,,,,,,,,,,,,,,,,,,
32518,13:58:00,,,,,,,,,,,,,,,,,,,,,,,,,
32519,13:59:00,,,,,,,,,,,,,,,,,,,,,,,,,
32520,14:00:00,,,,,,,,,,,,,,,,,,,,,,,,,
32521,14:01:00,,,,,,,,,,,,,,,,,,,,,,,,,
32522,14:02:00,,,,,,,,,,,,,,,,,,,,,,,,,
32523,14:03:00,,,,,,,,,,,,,,,,,,,,,,,,,
32524,14:04:00,,,,,,,,,,,,,,,,,,,,,,,,,
32525,14:05:00,,,,,,,,,,,,,,,,,,,,,,,,,
32526,14:06:00,,,,,,,,,,,,,,,,,,,,,,,,,
32527,14:07:00,,,,,,,,,,,,,,,,,,,,,,,,,
32528,14:08:00,,,,,,,,,,,,,,,,,,,,,,,,,
32529,14:09:00,,,,,,,,,,,,,,,,,,,,,,,,,
32530,14:10:00,,,,,,,,,,,,,,,,,,,,,,,,,
32531,14:11:00,,,,,,,,,,,,,,,,,,,,,,,,,
32532,14:12:00,,,,,,,,,,,,,,,,,,,,,,,,,
32533,14:13:00,,,,,,,,,,,,,,,,,,,,,,,,,
32534,14:14:00,,,,,,,,,,,,,,,,,,,,,,,,,
32535,14:15:00,,,,,,,,,,,,,,,,,,,,,,,,,
32536,14:16:00,,,,,,,,,,,,,,,,,,,,,,,,,
32537,14:17:00,,,,,,,,,,,,,,,,,,,,,,,,,
32538,14:18:00,,,,,,,,,,,,,,,,,,,,,,,,,
32539,14:19:00,,,,,,,,,,,,,,,,,,,,,,,,,
32540,14:20:00,,,,,,,,,,,,,,,,,,,,,,,,,
32541,14:21:00,,,,,,,,,,,,,,,,,,,,,,,,,
32542,14:22:00,,,,,,,,,,,,,,,,,,,,,,,,,
32543,14:23:00,,,,,,,,,,,,,,,,,,,,,,,,,
32544,14:24:00,,,,,,,,,,,,,,,,,,,,,,,,,
32545,14:25:00,,,,,,,,,,,,,,,,,,,,,,,,,
32546,14:26:00,,,,,,,,,,,,,,,,,,,,,,,,,
32547,14:27:00,,,,,,,,,,,,,,,,,,,,,,,,,
32548,14:28:00,,,,,,,,,,,,,,,,,,,,,,,,,
32549,14:29:00,,,,,,,,,,,,,,,,,,,,,,,,,
32550,14:30:00,,,,,,,,,,,,,,,,,,,,,,,,,
32551,14:31:00,,,,,,,,,,,,,,,,,,,,,,,,,
32552,14:32:00,,,,,,,,,,,,,,,,,,,,,,,,,
32553,14:33:00,,,,,,,,,,,,,,,,,,,,,,,,,
32554,14:34:00,,,,,,,,,,,,,,,,,,,,,,,,,
32555,14:35:00,,,,,,,,,,,,,,,,,,,,,,,,,
32556,14:36:00,,,,,,,,,,,,,,,,,,,,,,,,,
32557,14:37:00,,,,,,,,,,,,,,,,,,,,,,,,,
32558,14:38:00,,,,,,,,,,,,,,,,,,,,,,,,,
32559,14:39:00,,,,,,,,,,,,,,,,,,,,,,,,,
32560,14:40:00,,,,,,,,,,,,,,,,,,,,,,,,,
32561,14:41:00,,,,,,,,,,,,,,,,,,,,,,,,,
32562,14:42:00,,,,,,,,,,,,,,,,,,,,,,,,,
32563,14:43:00,,,,,,,,,,,,,,,,,,,,,,,,,
32564,14:44:00,,,,,,,,,,,,,,,,,,,,,,,,,
32565,14:45:00,,,,,,,,,,,,,,,,,,,,,,,,,
32566,14:46:00,,,,,,,,,,,,,,,,,,,,,,,,,
32567,14:47:00,,,,,,,,,,,,,,,,,,,,,,,,,
32568,14:48:00,,,,,,,,,,,,,,,,,,,,,,,,,
32569,14:49:00,,,,,,,,,,,,,,,,,,,,,,,,,
32570,14:50:00,,,,,,,,,,,,,,,,,,,,,,,,,
32571,14:51:00,,,,,,,,,,,,,,,,,,,,,,,,,
32572,14:52:00,,,,,,,,,,,,,,,,,,,,,,,,,
32573,14:53:00,,,,,,,,,,,,,,,,,,,,,,,,,
32574,14:54:00,,,,,,,,,,,,,,,,,,,,,,,,,
32575,14:55:00,,,,,,,,,,,,,,,,,,,,,,,,,
32576,14:56:00,,,,,,,,,,,,,,,,,,,,,,,,,
32577,14:57:00,,,,,,,,,,,,,,,,,,,,,,,,,
32578,14:58:00,,,,,,,,,,,,,,,,,,,,,,,,,
32579,14:59:00,,,,,,,,,,,,,,,,,,,,,,,,,
32580,15:00:00,,,,,,,,,,,,,,,,,,,,,,,,,
32581,15:01:00,,,,,,,,,,,,,,,,,,,,,,,,,
32582,15:02:00,,,,,,,,,,,,,,,,,,,,,,,,,
32583,15:03:00,,,,,,,,,,,,,,,,,,,,,,,,,
32584,15:04:00,,,,,,,,,,,,,,,,,,,,,,,,,
32585,15:05:00,,,,,,,,,,,,,,,,,,,,,,,,,
32586,15:06:00,,,,,,,,,,,,,,,,,,,,,,,,,
32587,15:07:00,,,,,,,,,,,,,,,,,,,,,,,,,
32588,15:08:00,,,,,,,,,,,,,,,,,,,,,,,,,
32589,15:09:00,,,,,,,,,,,,,,,,,,,,,,,,,
32590,15:10:00,,,,,,,,,,,,,,,,,,,,,,,,,
32591,15:11:00,,,,,,,,,,,,,,,,,,,,,,,,,
32592,15:12:00,,,,,,,,,,,,,,,,,,,,,,,,,
32593,15:13:00,,,,,,,,,,,,,,,,,,,,,,,,,
32594,15:14:00,,,,,,,,,,,,,,,,,,,,,,,,,
32595,15:15:00,,,,,,,,,,,,,,,,,,,,,,,,,
32596,15:16:00,,,,,,,,,,,,,,,,,,,,,,,,,
32597,15:17:00,,,,,,,,,,,,,,,,,,,,,,,,,
32598,15:18:00,,,,,,,,,,,,,,,,,,,,,,,,,
32599,15:19:00,,,,,,,,,,,,,,,,,,,,,,,,,
32600,15:20:00,,,,,,,,,,,,,,,,,,,,,,,,,
32601,15:21:00,,,,,,,,,,,,,,,,,,,,,,,,,
32602,15:22:00,,,,,,,,,,,,,,,,,,,,,,,,,
32603,15:23:00,,,,,,,,,,,,,,,,,,,,,,,,,
32604,15:24:00,,,,,,,,,,,,,,,,,,,,,,,,,
32605,15:25:00,,,,,,,,,,,,,,,,,,,,,,,,,
32606,15:26:00,,,,,,,,,,,,,,,,,,,,,,,,,
32607,15:27:00,,,,,,,,,,,,,,,,,,,,,,,,,
32608,15:28:00,,,,,,,,,,,,,,,,,,,,,,,,,
32609,15:29:00,,,,,,,,,,,,,,,,,,,,,,,,,
32610,15:30:00,,,,,,,,,,,,,,,,,,,,,,,,,
32611,15:31:00,,,,,,,,,,,,,,,,,,,,,,,,,
32612,15:32:00,,,,,,,,,,,,,,,,,,,,,,,,,
32613,15:33:00,,,,,,,,,,,,,,,,,,,,,,,,,
32614,15:34:00,,,,,,,,,,,,,,,,,,,,,,,,,
32615,15:35:00,,,,,,,,,,,,,,,,,,,,,,,,,
32616,15:36:00,,,,,,,,,,,,,,,,,,,,,,,,,
32617,15:37:00,,,,,,,,,,,,,,,,,,,,,,,,,
32618,15:38:00,,,,,,,,,,,,,,,,,,,,,,,,,
32619,15:39:00,,,,,,,,,,,,,,,,,,,,,,,,,
32620,15:40:00,,,,,,,,,,,,,,,,,,,,,,,,,
32621,15:41:00,,,,,,,,,,,,,,,,,,,,,,,,,
32622,15:42:00,,,,,,,,,,,,,,,,,,,,,,,,,
32623,15:43:00,,,,,,,,,,,,,,,,,,,,,,,,,
32624,15:44:00,,,,,,,,,,,,,,,,,,,,,,,,,
32625,15:45:00,,,,,,,,,,,,,,,,,,,,,,,,,
32626,15:46:00,,,,,,,,,,,,,,,,,,,,,,,,,
32627,15:47:00,,,,,,,,,,,,,,,,,,,,,,,,,
32628,15:48:00,,,,,,,,,,,,,,,,,,,,,,,,,
32629,15:49:00,,,,,,,,,,,,,,,,,,,,,,,,,
32630,15:50:00,,,,,,,,,,,,,,,,,,,,,,,,,
32631,15:51:00,,,,,,,,,,,,,,,,,,,,,,,,,
32632,15:52:00,,,,,,,,,,,,,,,,,,,,,,,,,
32633,15:53:00,,,,,,,,,,,,,,,,,,,,,,,,,
32634,15:54:00,,,,,,,,,,,,,,,,,,,,,,,,,
32635,15:55:00,,,,,,,,,,,,,,,,,,,,,,,,,
32636,15:56:00,,,,,,,,,,,,,,,,,,,,,,,,,
32637,15:57:00,,,,,,,,,,,,,,,,,,,,,,,,,
32638,15:58:00,,,,,,,,,,,,,,,,,,,,,,,,,
32639,15:59:00,,,,,,,,,,,,,,,,,,,,,,,,,
32640,16:00:00,,,,,,,,,,,,,,,,,,,,,,,,,
32641,16:01:00,,,,,,,,,,,,,,,,,,,,,,,,,
32642,16:02:00,,,,,,,,,,,,,,,,,,,,,,,,,
32643,16:03:00,,,,,,,,,,,,,,,,,,,,,,,,,
32644,16:04:00,,,,,,,,,,,,,,,,,,,,,,,,,
32645,16:05:00,,,,,,,,,,,,,,,,,,,,,,,,,
32646,16:06:00,,,,,,,,,,,,,,,,,,,,,,,,,
32647,16:07:00,,,,,,,,,,,,,,,,,,,,,,,,,
32648,16:08:00,,,,,,,,,,,,,,,,,,,,,,,,,
32649,16:09:00,,,,,,,,,,,,,,,,,,,,,,,,,
32650,16:10:00,,,,,,,,,,,,,,,,,,,,,,,,,
32651,16:11:00,,,,,,,,,,,,,,,,,,,,,,,,,
32652,16:12:00,,,,,,,,,,,,,,,,,,,,,,,,,
32653,16:13:00,,,,,,,,,,,,,,,,,,,,,,,,,
32654,16:14:00,,,,,,,,,,,,,,,,,,,,,,,,,
32655,16:15:00,,,,,,,,,,,,,,,,,,,,,,,,,
32656,16:16:00,,,,,,,,,,,,,,,,,,,,,,,,,
32657,16:17:00,,,,,,,,,,,,,,,,,,,,,,,,,
32658,16:18:00,,,,,,,,,,,,,,,,,,,,,,,,,
32659,16:19:00,,,,,,,,,,,,,,,,,,,,,,,,,
32660,16:20:00,,,,,,,,,,,,,,,,,,,,,,,,,
32661,16:21:00,,,,,,,,,,,,,,,,,,,,,,,,,
32662,16:22:00,,,,,,,,,,,,,,,,,,,,,,,,,
32663,16:23:00,,,,,,,,,,,,,,,,,,,,,,,,,
32664,16:24:00,,,,,,,,,,,,,,,,,,,,,,,,,
32665,16:25:00,,,,,,,,,,,,,,,,,,,,,,,,,
32666,16:26:00,,,,,,,,,,,,,,,,,,,,,,,,,
32667,16:27:00,,,,,,,,,,,,,,,,,,,,,,,,,
32668,16:28:00,,,,,,,,,,,,,,,,,,,,,,,,,
32669,16:29:00,,,,,,,,,,,,,,,,,,,,,,,,,
32670,16:30:00,,,,,,,,,,,,,,,,,,,,,,,,,
32671,16:31:00,,,,,,,,,,,,,,,,,,,,,,,,,
32672,16:32:00,,,,,,,,,,,,,,,,,,,,,,,,,
32673,16:33:00,,,,,,,,,,,,,,,,,,,,,,,,,
32674,16:34:00,,,,,,,,,,,,,,,,,,,,,,,,,
32675,16:35:00,,,,,,,,,,,,,,,,,,,,,,,,,
32676,16:36:00,,,,,,,,,,,,,,,,,,,,,,,,,
32677,16:37:00,,,,,,,,,,,,,,,,,,,,,,,,,
32678,16:38:00,,,,,,,,,,,,,,,,,,,,,,,,,
32679,16:39:00,,,,,,,,,,,,,,,,,,,,,,,,,
32680,16:40:00,,,,,,,,,,,,,,,,,,,,,,,,,
32681,16:41:00,,,,,,,,,,,,,,,,,,,,,,,,,
32682,16:42:00,,,,,,,,,,,,,,,,,,,,,,,,,
32683,16:43:00,,,,,,,,,,,,,,,,,,,,,,,,,
32684,16:44:00,,,,,,,,,,,,,,,,,,,,,,,,,
32685,16:45:00,,,,,,,,,,,,,,,,,,,,,,,,,
32686,16:46:00,,,,,,,,,,,,,,,,,,,,,,,,,
32687,16:47:00,,,,,,,,,,,,,,,,,,,,,,,,,
32688,16:48:00,,,,,,,,,,,,,,,,,,,,,,,,,
32689,16:49:00,,,,,,,,,,,,,,,,,,,,,,,,,
32690,16:50:00,,,,,,,,,,,,,,,,,,,,,,,,,
32691,16:51:00,,,,,,,,,,,,,,,,,,,,,,,,,
32692,16:52:00,,,,,,,,,,,,,,,,,,,,,,,,,
32693,16:53:00,,,,,,,,,,,,,,,,,,,,,,,,,
32694,16:54:00,,,,,,,,,,,,,,,,,,,,,,,,,
32695,16:55:00,,,,,,,,,,,,,,,,,,,,,,,,,
32696,16:56:00,,,,,,,,,,,,,,,,,,,,,,,,,
32697,16:57:00,,,,,,,,,,,,,,,,,,,,,,,,,
32698,16:58:00,,,,,,,,,,,,,,,,,,,,,,,,,
32699,16:59:00,,,,,,,,,,,,,,,,,,,,,,,,,
32700,17:00:00,,,,,,,,,,,,,,,,,,,,,,,,,
32701,17:01:00,,,,,,,,,,,,,,,,,,,,,,,,,
32702,17:02:00,,,,,,,,,,,,,,,,,,,,,,,,,
32703,17:03:00,,,,,,,,,,,,,,,,,,,,,,,,,
32704,17:04:00,,,,,,,,,,,,,,,,,,,,,,,,,
32705,17:05:00,,,,,,,,,,,,,,,,,,,,,,,,,
32706,17:06:00,,,,,,,,,,,,,,,,,,,,,,,,,
32707,17:07:00,,,,,,,,,,,,,,,,,,,,,,,,,
32708,17:08:00,,,,,,,,,,,,,,,,,,,,,,,,,
32709,17:09:00,,,,,,,,,,,,,,,,,,,,,,,,,
32710,17:10:00,,,,,,,,,,,,,,,,,,,,,,,,,
32711,17:11:00,,,,,,,,,,,,,,,,,,,,,,,,,
32712,17:12:00,,,,,,,,,,,,,,,,,,,,,,,,,
32713,17:13:00,,,,,,,,,,,,,,,,,,,,,,,,,
32714,17:14:00,,,,,,,,,,,,,,,,,,,,,,,,,
32715,17:15:00,,,,,,,,,,,,,,,,,,,,,,,,,
32716,17:16:00,,,,,,,,,,,,,,,,,,,,,,,,,
32717,17:17:00,,,,,,,,,,,,,,,,,,,,,,,,,
32718,17:18:00,,,,,,,,,,,,,,,,,,,,,,,,,
32719,17:19:00,,,,,,,,,,,,,,,,,,,,,,,,,
32720,17:20:00,,,,,,,,,,,,,,,,,,,,,,,,,
32721,17:21:00,,,,,,,,,,,,,,,,,,,,,,,,,
32722,17:22:00,,,,,,,,,,,,,,,,,,,,,,,,,
32723,17:23:00,,,,,,,,,,,,,,,,,,,,,,,,,
32724,17:24:00,,,,,,,,,,,,,,,,,,,,,,,,,
32725,17:25:00,,,,,,,,,,,,,,,,,,,,,,,,,
32726,17:26:00,,,,,,,,,,,,,,,,,,,,,,,,,
32727,17:27:00,,,,,,,,,,,,,,,,,,,,,,,,,
32728,17:28:00,,,,,,,,,,,,,,,,,,,,,,,,,
32729,17:29:00,,,,,,,,,,,,,,,,,,,,,,,,,
32730,17:30:00,,,,,,,,,,,,,,,,,,,,,,,,,
32731,17:31:00,,,,,,,,,,,,,,,,,,,,,,,,,
32732,17:32:00,,,,,,,,,,,,,,,,,,,,,,,,,
32733,17:33:00,,,,,,,,,,,,,,,,,,,,,,,,,
32734,17:34:00,,,,,,,,,,,,,,,,,,,,,,,,,
32735,17:35:00,,,,,,,,,,,,,,,,,,,,,,,,,
32736,17:36:00,,,,,,,,,,,,,,,,,,,,,,,,,
32737,17:37:00,,,,,,,,,,,,,,,,,,,,,,,,,
32738,17:38:00,,,,,,,,,,,,,,,,,,,,,,,,,
32739,17:39:00,,,,,,,,,,,,,,,,,,,,,,,,,
32740,17:40:00,,,,,,,,,,,,,,,,,,,,,,,,,
32741,17:41:00,,,,,,,,,,,,,,,,,,,,,,,,,
32742,17:42:00,,,,,,,,,,,,,,,,,,,,,,,,,
32743,17:43:00,,,,,,,,,,,,,,,,,,,,,,,,,
32744,17:44:00,,,,,,,,,,,,,,,,,,,,,,,,,
32745,17:45:00,,,,,,,,,,,,,,,,,,,,,,,,,
32746,17:46:00,,,,,,,,,,,,,,,,,,,,,,,,,
32747,17:47:00,,,,,,,,,,,,,,,,,,,,,,,,,
32748,17:48:00,,,,,,,,,,,,,,,,,,,,,,,,,
32749,17:49:00,,,,,,,,,,,,,,,,,,,,,,,,,
32750,17:50:00,,,,,,,,,,,,,,,,,,,,,,,,,
32751,17:51:00,,,,,,,,,,,,,,,,,,,,,,,,,
32752,17:52:00,,,,,,,,,,,,,,,,,,,,,,,,,
32753,17:53:00,,,,,,,,,,,,,,,,,,,,,,,,,
32754,17:54:00,,,,,,,,,,,,,,,,,,,,,,,,,
32755,17:55:00,,,,,,,,,,,,,,,,,,,,,,,,,
32756,17:56:00,,,,,,,,,,,,,,,,,,,,,,,,,
32757,17:57:00,,,,,,,,,,,,,,,,,,,,,,,,,
32758,17:58:00,,,,,,,,,,,,,,,,,,,,,,,,,
32759,17:59:00,,,,,,,,,,,,,,,,,,,,,,,,,
32760,18:00:00,,,,,,,,,,,,,,,,,,,,,,,,,
32761,18:01:00,,,,,,,,,,,,,,,,,,,,,,,,,
32762,18:02:00,,,,,,,,,,,,,,,,,,,,,,,,,
32763,18:03:00,,,,,,,,,,,,,,,,,,,,,,,,,
32764,18:04:00,,,,,,,,,,,,,,,,,,,,,,,,,
32765,18:05:00,,,,,,,,,,,,,,,,,,,,,,,,,
32766,18:06:00,,,,,,,,,,,,,,,,,,,,,,,,,
32767,18:07:00,,,,,,,,,,,,,,,,,,,,,,,,,
32768,18:08:00,,,,,,,,,,,,,,,,,,,,,,,,,
32769,18:09:00,,,,,,,,,,,,,,,,,,,,,,,,,
32770,18:10:00,,,,,,,,,,,,,,,,,,,,,,,,,
32771,18:11:00,,,,,,,,,,,,,,,,,,,,,,,,,
32772,18:12:00,,,,,,,,,,,,,,,,,,,,,,,,,
32773,18:13:00,,,,,,,,,,,,,,,,,,,,,,,,,
32774,18:14:00,,,,,,,,,,,,,,,,,,,,,,,,,
32775,18:15:00,,,,,,,,,,,,,,,,,,,,,,,,,
32776,18:16:00,,,,,,,,,,,,,,,,,,,,,,,,,
32777,18:17:00,,,,,,,,,,,,,,,,,,,,,,,,,
32778,18:18:00,,,,,,,,,,,,,,,,,,,,,,,,,
32779,18:19:00,,,,,,,,,,,,,,,,,,,,,,,,,
32780,18:20:00,,,,,,,,,,,,,,,,,,,,,,,,,
32781,18:21:00,,,,,,,,,,,,,,,,,,,,,,,,,
32782,18:22:00,,,,,,,,,,,,,,,,,,,,,,,,,
32783,18:23:00,,,,,,,,,,,,,,,,,,,,,,,,,
32784,18:24:00,,,,,,,,,,,,,,,,,,,,,,,,,
32785,18:25:00,,,,,,,,,,,,,,,,,,,,,,,,,
32786,18:26:00,,,,,,,,,,,,,,,,,,,,,,,,,
32787,18:27:00,,,,,,,,,,,,,,,,,,,,,,,,,
32788,18:28:00,,,,,,,,,,,,,,,,,,,,,,,,,
32789,18:29:00,,,,,,,,,,,,,,,,,,,,,,,,,
32790,18:30:00,,,,,,,,,,,,,,,,,,,,,,,,,
32791,18:31:00,,,,,,,,,,,,,,,,,,,,,,,,,
32792,18:32:00,,,,,,,,,,,,,,,,,,,,,,,,,
32793,18:33:00,,,,,,,,,,,,,,,,,,,,,,,,,
32794,18:34:00,,,,,,,,,,,,,,,,,,,,,,,,,
32795,18:35:00,,,,,,,,,,,,,,,,,,,,,,,,,
32796,18:36:00,,,,,,,,,,,,,,,,,,,,,,,,,
32797,18:37:00,,,,,,,,,,,,,,,,,,,,,,,,,
32798,18:38:00,,,,,,,,,,,,,,,,,,,,,,,,,
32799,18:39:00,,,,,,,,,,,,,,,,,,,,,,,,,
32800,18:40:00,,,,,,,,,,,,,,,,,,,,,,,,,
32801,18:41:00,,,,,,,,,,,,,,,,,,,,,,,,,
32802,18:42:00,,,,,,,,,,,,,,,,,,,,,,,,,
32803,18:43:00,,,,,,,,,,,,,,,,,,,,,,,,,
32804,18:44:00,,,,,,,,,,,,,,,,,,,,,,,,,
32805,18:45:00,,,,,,,,,,,,,,,,,,,,,,,,,
32806,18:46:00,,,,,,,,,,,,,,,,,,,,,,,,,
32807,18:47:00,,,,,,,,,,,,,,,,,,,,,,,,,
32808,18:48:00,,,,,,,,,,,,,,,,,,,,,,,,,
32809,18:49:00,,,,,,,,,,,,,,,,,,,,,,,,,
32810,18:50:00,,,,,,,,,,,,,,,,,,,,,,,,,
32811,18:51:00,,,,,,,,,,,,,,,,,,,,,,,,,
32812,18:52:00,,,,,,,,,,,,,,,,,,,,,,,,,
32813,18:53:00,,,,,,,,,,,,,,,,,,,,,,,,,
32814,18:54:00,,,,,,,,,,,,,,,,,,,,,,,,,
32815,18:55:00,,,,,,,,,,,,,,,,,,,,,,,,,
32816,18:56:00,,,,,,,,,,,,,,,,,,,,,,,,,
32817,18:57:00,,,,,,,,,,,,,,,,,,,,,,,,,
32818,18:58:00,,,,,,,,,,,,,,,,,,,,,,,,,
32819,18:59:00,,,,,,,,,,,,,,,,,,,,,,,,,
32820,19:00:00,,,,,,,,,,,,,,,,,,,,,,,,,
32821,19:01:00,,,,,,,,,,,,,,,,,,,,,,,,,
32822,19:02:00,,,,,,,,,,,,,,,,,,,,,,,,,
32823,19:03:00,,,,,,,,,,,,,,,,,,,,,,,,,
32824,19:04:00,,,,,,,,,,,,,,,,,,,,,,,,,
32825,19:05:00,,,,,,,,,,,,,,,,,,,,,,,,,
32826,19:06:00,,,,,,,,,,,,,,,,,,,,,,,,,
32827,19:07:00,,,,,,,,,,,,,,,,,,,,,,,,,
32828,19:08:00,,,,,,,,,,,,,,,,,,,,,,,,,
32829,19:09:00,,,,,,,,,,,,,,,,,,,,,,,,,
32830,19:10:00,,,,,,,,,,,,,,,,,,,,,,,,,
32831,19:11:00,,,,,,,,,,,,,,,,,,,,,,,,,
32832,19:12:00,,,,,,,,,,,,,,,,,,,,,,,,,
32833,19:13:00,,,,,,,,,,,,,,,,,,,,,,,,,
32834,19:14:00,,,,,,,,,,,,,,,,,,,,,,,,,
32835,19:15:00,,,,,,,,,,,,,,,,,,,,,,,,,
32836,19:16:00,,,,,,,,,,,,,,,,,,,,,,,,,
32837,19:17:00,,,,,,,,,,,,,,,,,,,,,,,,,
32838,19:18:00,,,,,,,,,,,,,,,,,,,,,,,,,
32839,19:19:00,,,,,,,,,,,,,,,,,,,,,,,,,
32840,19:20:00,,,,,,,,,,,,,,,,,,,,,,,,,
32841,19:21:00,,,,,,,,,,,,,,,,,,,,,,,,,
32842,19:22:00,,,,,,,,,,,,,,,,,,,,,,,,,
32843,19:23:00,,,,,,,,,,,,,,,,,,,,,,,,,
32844,19:24:00,,,,,,,,,,,,,,,,,,,,,,,,,
32845,19:25:00,,,,,,,,,,,,,,,,,,,,,,,,,
32846,19:26:00,,,,,,,,,,,,,,,,,,,,,,,,,
32847,19:27:00,,,,,,,,,,,,,,,,,,,,,,,,,
32848,19:28:00,,,,,,,,,,,,,,,,,,,,,,,,,
32849,19:29:00,,,,,,,,,,,,,,,,,,,,,,,,,
32850,19:30:00,,,,,,,,,,,,,,,,,,,,,,,,,
32851,19:31:00,,,,,,,,,,,,,,,,,,,,,,,,,
32852,19:32:00,,,,,,,,,,,,,,,,,,,,,,,,,
32853,19:33:00,,,,,,,,,,,,,,,,,,,,,,,,,
32854,19:34:00,,,,,,,,,,,,,,,,,,,,,,,,,
32855,19:35:00,,,,,,,,,,,,,,,,,,,,,,,,,
32856,19:36:00,,,,,,,,,,,,,,,,,,,,,,,,,
32857,19:37:00,,,,,,,,,,,,,,,,,,,,,,,,,
32858,19:38:00,,,,,,,,,,,,,,,,,,,,,,,,,
32859,19:39:00,,,,,,,,,,,,,,,,,,,,,,,,,
32860,19:40:00,,,,,,,,,,,,,,,,,,,,,,,,,
32861,19:41:00,,,,,,,,,,,,,,,,,,,,,,,,,
32862,19:42:00,,,,,,,,,,,,,,,,,,,,,,,,,
32863,19:43:00,,,,,,,,,,,,,,,,,,,,,,,,,
32864,19:44:00,,,,,,,,,,,,,,,,,,,,,,,,,
32865,19:45:00,,,,,,,,,,,,,,,,,,,,,,,,,
32866,19:46:00,,,,,,,,,,,,,,,,,,,,,,,,,
32867,19:47:00,,,,,,,,,,,,,,,,,,,,,,,,,
32868,19:48:00,,,,,,,,,,,,,,,,,,,,,,,,,
32869,19:49:00,,,,,,,,,,,,,,,,,,,,,,,,,
32870,19:50:00,,,,,,,,,,,,,,,,,,,,,,,,,
32871,19:51:00,,,,,,,,,,,,,,,,,,,,,,,,,
32872,19:52:00,,,,,,,,,,,,,,,,,,,,,,,,,
32873,19:53:00,,,,,,,,,,,,,,,,,,,,,,,,,
32874,19:54:00,,,,,,,,,,,,,,,,,,,,,,,,,
32875,19:55:00,,,,,,,,,,,,,,,,,,,,,,,,,
32876,19:56:00,,,,,,,,,,,,,,,,,,,,,,,,,
32877,19:57:00,,,,,,,,,,,,,,,,,,,,,,,,,
32878,19:58:00,,,,,,,,,,,,,,,,,,,,,,,,,
32879,19:59:00,,,,,,,,,,,,,,,,,,,,,,,,,
32880,20:00:00,,,,,,,,,,,,,,,,,,,,,,,,,
32881,20:01:00,,,,,,,,,,,,,,,,,,,,,,,,,
32882,20:02:00,,,,,,,,,,,,,,,,,,,,,,,,,
32883,20:03:00,,,,,,,,,,,,,,,,,,,,,,,,,
32884,20:04:00,,,,,,,,,,,,,,,,,,,,,,,,,
32885,20:05:00,,,,,,,,,,,,,,,,,,,,,,,,,
32886,20:06:00,,,,,,,,,,,,,,,,,,,,,,,,,
32887,20:07:00,,,,,,,,,,,,,,,,,,,,,,,,,
32888,20:08:00,,,,,,,,,,,,,,,,,,,,,,,,,
32889,20:09:00,,,,,,,,,,,,,,,,,,,,,,,,,
32890,20:10:00,,,,,,,,,,,,,,,,,,,,,,,,,
32891,20:11:00,,,,,,,,,,,,,,,,,,,,,,,,,
32892,20:12:00,,,,,,,,,,,,,,,,,,,,,,,,,
32893,20:13:00,,,,,,,,,,,,,,,,,,,,,,,,,
32894,20:14:00,,,,,,,,,,,,,,,,,,,,,,,,,
32895,20:15:00,,,,,,,,,,,,,,,,,,,,,,,,,
32896,20:16:00,,,,,,,,,,,,,,,,,,,,,,,,,
32897,20:17:00,,,,,,,,,,,,,,,,,,,,,,,,,
32898,20:18:00,,,,,,,,,,,,,,,,,,,,,,,,,
32899,20:19:00,,,,,,,,,,,,,,,,,,,,,,,,,
32900,20:20:00,,,,,,,,,,,,,,,,,,,,,,,,,
32901,20:21:00,,,,,,,,,,,,,,,,,,,,,,,,,
32902,20:22:00,,,,,,,,,,,,,,,,,,,,,,,,,
32903,20:23:00,,,,,,,,,,,,,,,,,,,,,,,,,
32904,20:24:00,,,,,,,,,,,,,,,,,,,,,,,,,
32905,20:25:00,,,,,,,,,,,,,,,,,,,,,,,,,
32906,20:26:00,,,,,,,,,,,,,,,,,,,,,,,,,
32907,20:27:00,,,,,,,,,,,,,,,,,,,,,,,,,
32908,20:28:00,,,,,,,,,,,,,,,,,,,,,,,,,
32909,20:29:00,,,,,,,,,,,,,,,,,,,,,,,,,
32910,20:30:00,,,,,,,,,,,,,,,,,,,,,,,,,
32911,20:31:00,,,,,,,,,,,,,,,,,,,,,,,,,
32912,20:32:00,,,,,,,,,,,,,,,,,,,,,,,,,
32913,20:33:00,,,,,,,,,,,,,,,,,,,,,,,,,
32914,20:34:00,,,,,,,,,,,,,,,,,,,,,,,,,
32915,20:35:00,,,,,,,,,,,,,,,,,,,,,,,,,
32916,20:36:00,,,,,,,,,,,,,,,,,,,,,,,,,
32917,20:37:00,,,,,,,,,,,,,,,,,,,,,,,,,
32918,20:38:00,,,,,,,,,,,,,,,,,,,,,,,,,
32919,20:39:00,,,,,,,,,,,,,,,,,,,,,,,,,
32920,20:40:00,,,,,,,,,,,,,,,,,,,,,,,,,
32921,20:41:00,,,,,,,,,,,,,,,,,,,,,,,,,
32922,20:42:00,,,,,,,,,,,,,,,,,,,,,,,,,
32923,20:43:00,,,,,,,,,,,,,,,,,,,,,,,,,
32924,20:44:00,,,,,,,,,,,,,,,,,,,,,,,,,
32925,20:45:00,,,,,,,,,,,,,,,,,,,,,,,,,
32926,20:46:00,,,,,,,,,,,,,,,,,,,,,,,,,
32927,20:47:00,,,,,,,,,,,,,,,,,,,,,,,,,
32928,20:48:00,,,,,,,,,,,,,,,,,,,,,,,,,
32929,20:49:00,,,,,,,,,,,,,,,,,,,,,,,,,
32930,20:50:00,,,,,,,,,,,,,,,,,,,,,,,,,
32931,20:51:00,,,,,,,,,,,,,,,,,,,,,,,,,
32932,20:52:00,,,,,,,,,,,,,,,,,,,,,,,,,
32933,20:53:00,,,,,,,,,,,,,,,,,,,,,,,,,
32934,20:54:00,,,,,,,,,,,,,,,,,,,,,,,,,
32935,20:55:00,,,,,,,,,,,,,,,,,,,,,,,,,
32936,20:56:00,,,,,,,,,,,,,,,,,,,,,,,,,
32937,20:57:00,,,,,,,,,,,,,,,,,,,,,,,,,
32938,20:58:00,,,,,,,,,,,,,,,,,,,,,,,,,
32939,20:59:00,,,,,,,,,,,,,,,,,,,,,,,,,
32940,21:00:00,,,,,,,,,,,,,,,,,,,,,,,,,
32941,21:01:00,,,,,,,,,,,,,,,,,,,,,,,,,
32942,21:02:00,,,,,,,,,,,,,,,,,,,,,,,,,
32943,21:03:00,,,,,,,,,,,,,,,,,,,,,,,,,
32944,21:04:00,,,,,,,,,,,,,,,,,,,,,,,,,
32945,21:05:00,,,,,,,,,,,,,,,,,,,,,,,,,
32946,21:06:00,,,,,,,,,,,,,,,,,,,,,,,,,
32947,21:07:00,,,,,,,,,,,,,,,,,,,,,,,,,
32948,21:08:00,,,,,,,,,,,,,,,,,,,,,,,,,
32949,21:09:00,,,,,,,,,,,,,,,,,,,,,,,,,
32950,21:10:00,,,,,,,,,,,,,,,,,,,,,,,,,
32951,21:11:00,,,,,,,,,,,,,,,,,,,,,,,,,
32952,21:12:00,,,,,,,,,,,,,,,,,,,,,,,,,
32953,21:13:00,,,,,,,,,,,,,,,,,,,,,,,,,
32954,21:14:00,,,,,,,,,,,,,,,,,,,,,,,,,
32955,21:15:00,,,,,,,,,,,,,,,,,,,,,,,,,
32956,21:16:00,,,,,,,,,,,,,,,,,,,,,,,,,
32957,21:17:00,,,,,,,,,,,,,,,,,,,,,,,,,
32958,21:18:00,,,,,,,,,,,,,,,,,,,,,,,,,
32959,21:19:00,,,,,,,,,,,,,,,,,,,,,,,,,
32960,21:20:00,,,,,,,,,,,,,,,,,,,,,,,,,
32961,21:21:00,,,,,,,,,,,,,,,,,,,,,,,,,
32962,21:22:00,,,,,,,,,,,,,,,,,,,,,,,,,
32963,21:23:00,,,,,,,,,,,,,,,,,,,,,,,,,
32964,21:24:00,,,,,,,,,,,,,,,,,,,,,,,,,
32965,21:25:00,,,,,,,,,,,,,,,,,,,,,,,,,
32966,21:26:00,,,,,,,,,,,,,,,,,,,,,,,,,
32967,21:27:00,,,,,,,,,,,,,,,,,,,,,,,,,
32968,21:28:00,,,,,,,,,,,,,,,,,,,,,,,,,
32969,21:29:00,,,,,,,,,,,,,,,,,,,,,,,,,
32970,21:30:00,,,,,,,,,,,,,,,,,,,,,,,,,
32971,21:31:00,,,,,,,,,,,,,,,,,,,,,,,,,
32972,21:32:00,,,,,,,,,,,,,,,,,,,,,,,,,
32973,21:33:00,,,,,,,,,,,,,,,,,,,,,,,,,
32974,21:34:00,,,,,,,,,,,,,,,,,,,,,,,,,
32975,21:35:00,,,,,,,,,,,,,,,,,,,,,,,,,
32976,21:36:00,,,,,,,,,,,,,,,,,,,,,,,,,
32977,21:37:00,,,,,,,,,,,,,,,,,,,,,,,,,
32978,21:38:00,,,,,,,,,,,,,,,,,,,,,,,,,
32979,21:39:00,,,,,,,,,,,,,,,,,,,,,,,,,
32980,21:40:00,,,,,,,,,,,,,,,,,,,,,,,,,
32981,21:41:00,,,,,,,,,,,,,,,,,,,,,,,,,
32982,21:42:00,,,,,,,,,,,,,,,,,,,,,,,,,
32983,21:43:00,,,,,,,,,,,,,,,,,,,,,,,,,
32984,21:44:00,,,,,,,,,,,,,,,,,,,,,,,,,
32985,21:45:00,,,,,,,,,,,,,,,,,,,,,,,,,
32986,21:46:00,,,,,,,,,,,,,,,,,,,,,,,,,
32987,21:47:00,,,,,,,,,,,,,,,,,,,,,,,,,
32988,21:48:00,,,,,,,,,,,,,,,,,,,,,,,,,
32989,21:49:00,,,,,,,,,,,,,,,,,,,,,,,,,
32990,21:50:00,,,,,,,,,,,,,,,,,,,,,,,,,
32991,21:51:00,,,,,,,,,,,,,,,,,,,,,,,,,
32992,21:52:00,,,,,,,,,,,,,,,,,,,,,,,,,
32993,21:53:00,,,,,,,,,,,,,,,,,,,,,,,,,
32994,21:54:00,,,,,,,,,,,,,,,,,,,,,,,,,
32995,21:55:00,,,,,,,,,,,,,,,,,,,,,,,,,
32996,21:56:00,,,,,,,,,,,,,,,,,,,,,,,,,
32997,21:57:00,,,,,,,,,,,,,,,,,,,,,,,,,
32998,21:58:00,,,,,,,,,,,,,,,,,,,,,,,,,
32999,21:59:00,,,,,,,,,,,,,,,,,,,,,,,,,
33000,22:00:00,,,,,,,,,,,,,,,,,,,,,,,,,
33001,22:01:00,,,,,,,,,,,,,,,,,,,,,,,,,
33002,22:02:00,,,,,,,,,,,,,,,,,,,,,,,,,
33003,22:03:00,,,,,,,,,,,,,,,,,,,,,,,,,
33004,22:04:00,,,,,,,,,,,,,,,,,,,,,,,,,
33005,22:05:00,,,,,,,,,,,,,,,,,,,,,,,,,
33006,22:06:00,,,,,,,,,,,,,,,,,,,,,,,,,
33007,22:07:00,,,,,,,,,,,,,,,,,,,,,,,,,
33008,22:08:00,,,,,,,,,,,,,,,,,,,,,,,,,
33009,22:09:00,,,,,,,,,,,,,,,,,,,,,,,,,
33010,22:10:00,,,,,,,,,,,,,,,,,,,,,,,,,
33011,22:11:00,,,,,,,,,,,,,,,,,,,,,,,,,
33012,22:12:00,,,,,,,,,,,,,,,,,,,,,,,,,
33013,22:13:00,,,,,,,,,,,,,,,,,,,,,,,,,
33014,22:14:00,,,,,,,,,,,,,,,,,,,,,,,,,
33015,22:15:00,,,,,,,,,,,,,,,,,,,,,,,,,
33016,22:16:00,,,,,,,,,,,,,,,,,,,,,,,,,
33017,22:17:00,,,,,,,,,,,,,,,,,,,,,,,,,
33018,22:18:00,,,,,,,,,,,,,,,,,,,,,,,,,
33019,22:19:00,,,,,,,,,,,,,,,,,,,,,,,,,
33020,22:20:00,,,,,,,,,,,,,,,,,,,,,,,,,
33021,22:21:00,,,,,,,,,,,,,,,,,,,,,,,,,
33022,22:22:00,,,,,,,,,,,,,,,,,,,,,,,,,
33023,22:23:00,,,,,,,,,,,,,,,,,,,,,,,,,
33024,22:24:00,,,,,,,,,,,,,,,,,,,,,,,,,
33025,22:25:00,,,,,,,,,,,,,,,,,,,,,,,,,
33026,22:26:00,,,,,,,,,,,,,,,,,,,,,,,,,
33027,22:27:00,,,,,,,,,,,,,,,,,,,,,,,,,
33028,22:28:00,,,,,,,,,,,,,,,,,,,,,,,,,
33029,22:29:00,,,,,,,,,,,,,,,,,,,,,,,,,
33030,22:30:00,,,,,,,,,,,,,,,,,,,,,,,,,
33031,22:31:00,,,,,,,,,,,,,,,,,,,,,,,,,
33032,22:32:00,,,,,,,,,,,,,,,,,,,,,,,,,
33033,22:33:00,,,,,,,,,,,,,,,,,,,,,,,,,
33034,22:34:00,,,,,,,,,,,,,,,,,,,,,,,,,
33035,22:35:00,,,,,,,,,,,,,,,,,,,,,,,,,
33036,22:36:00,,,,,,,,,,,,,,,,,,,,,,,,,
33037,22:37:00,,,,,,,,,,,,,,,,,,,,,,,,,
33038,22:38:00,,,,,,,,,,,,,,,,,,,,,,,,,
33039,22:39:00,,,,,,,,,,,,,,,,,,,,,,,,,
33040,22:40:00,,,,,,,,,,,,,,,,,,,,,,,,,
33041,22:41:00,,,,,,,,,,,,,,,,,,,,,,,,,
33042,22:42:00,,,,,,,,,,,,,,,,,,,,,,,,,
33043,22:43:00,,,,,,,,,,,,,,,,,,,,,,,,,
33044,22:44:00,,,,,,,,,,,,,,,,,,,,,,,,,
33045,22:45:00,,,,,,,,,,,,,,,,,,,,,,,,,
33046,22:46:00,,,,,,,,,,,,,,,,,,,,,,,,,
33047,22:47:00,,,,,,,,,,,,,,,,,,,,,,,,,
33048,22:48:00,,,,,,,,,,,,,,,,,,,,,,,,,
33049,22:49:00,,,,,,,,,,,,,,,,,,,,,,,,,
33050,22:50:00,,,,,,,,,,,,,,,,,,,,,,,,,
33051,22:51:00,,,,,,,,,,,,,,,,,,,,,,,,,
33052,22:52:00,,,,,,,,,,,,,,,,,,,,,,,,,
33053,22:53:00,,,,,,,,,,,,,,,,,,,,,,,,,
33054,22:54:00,,,,,,,,,,,,,,,,,,,,,,,,,
33055,22:55:00,,,,,,,,,,,,,,,,,,,,,,,,,
33056,22:56:00,,,,,,,,,,,,,,,,,,,,,,,,,
33057,22:57:00,,,,,,,,,,,,,,,,,,,,,,,,,
33058,22:58:00,,,,,,,,,,,,,,,,,,,,,,,,,
33059,22:59:00,,,,,,,,,,,,,,,,,,,,,,,,,
33060,23:00:00,,,,,,,,,,,,,,,,,,,,,,,,,
33061,23:01:00,,,,,,,,,,,,,,,,,,,,,,,,,
33062,23:02:00,,,,,,,,,,,,,,,,,,,,,,,,,
33063,23:03:00,,,,,,,,,,,,,,,,,,,,,,,,,
33064,23:04:00,,,,,,,,,,,,,,,,,,,,,,,,,
33065,23:05:00,,,,,,,,,,,,,,,,,,,,,,,,,
33066,23:06:00,,,,,,,,,,,,,,,,,,,,,,,,,
33067,23:07:00,,,,,,,,,,,,,,,,,,,,,,,,,
33068,23:08:00,,,,,,,,,,,,,,,,,,,,,,,,,
33069,23:09:00,,,,,,,,,,,,,,,,,,,,,,,,,
33070,23:10:00,,,,,,,,,,,,,,,,,,,,,,,,,
33071,23:11:00,,,,,,,,,,,,,,,,,,,,,,,,,
33072,23:12:00,,,,,,,,,,,,,,,,,,,,,,,,,
33073,23:13:00,,,,,,,,,,,,,,,,,,,,,,,,,
33074,23:14:00,,,,,,,,,,,,,,,,,,,,,,,,,
33075,23:15:00,,,,,,,,,,,,,,,,,,,,,,,,,
33076,23:16:00,,,,,,,,,,,,,,,,,,,,,,,,,
33077,23:17:00,,,,,,,,,,,,,,,,,,,,,,,,,
33078,23:18:00,,,,,,,,,,,,,,,,,,,,,,,,,
33079,23:19:00,,,,,,,,,,,,,,,,,,,,,,,,,
33080,23:20:00,,,,,,,,,,,,,,,,,,,,,,,,,
33081,23:21:00,,,,,,,,,,,,,,,,,,,,,,,,,
33082,23:22:00,,,,,,,,,,,,,,,,,,,,,,,,,
33083,23:23:00,,,,,,,,,,,,,,,,,,,,,,,,,
33084,23:24:00,,,,,,,,,,,,,,,,,,,,,,,,,
33085,23:25:00,,,,,,,,,,,,,,,,,,,,,,,,,
33086,23:26:00,,,,,,,,,,,,,,,,,,,,,,,,,
33087,23:27:00,,,,,,,,,,,,,,,,,,,,,,,,,
33088,23:28:00,,,,,,,,,,,,,,,,,,,,,,,,,
33089,23:29:00,,,,,,,,,,,,,,,,,,,,,,,,,
33090,23:30:00,,,,,,,,,,,,,,,,,,,,,,,,,
33091,23:31:00,,,,,,,,,,,,,,,,,,,,,,,,,
33092,23:32:00,,,,,,,,,,,,,,,,,,,,,,,,,
33093,23:33:00,,,,,,,,,,,,,,,,,,,,,,,,,
33094,23:34:00,,,,,,,,,,,,,,,,,,,,,,,,,
33095,23:35:00,,,,,,,,,,,,,,,,,,,,,,,,,
33096,23:36:00,,,,,,,,,,,,,,,,,,,,,,,,,
33097,23:37:00,,,,,,,,,,,,,,,,,,,,,,,,,
33098,23:38:00,,,,,,,,,,,,,,,,,,,,,,,,,
33099,23:39:00,,,,,,,,,,,,,,,,,,,,,,,,,
33100,23:40:00,,,,,,,,,,,,,,,,,,,,,,,,,
33101,23:41:00,,,,,,,,,,,,,,,,,,,,,,,,,
33102,23:42:00,,,,,,,,,,,,,,,,,,,,,,,,,
33103,23:43:00,,,,,,,,,,,,,,,,,,,,,,,,,
33104,23:44:00,,,,,,,,,,,,,,,,,,,,,,,,,
33105,23:45:00,,,,,,,,,,,,,,,,,,,,,,,,,
33106,23:46:00,,,,,,,,,,,,,,,,,,,,,,,,,
33107,23:47:00,,,,,,,,,,,,,,,,,,,,,,,,,
33108,23:48:00,,,,,,,,,,,,,,,,,,,,,,,,,
33109,23:49:00,,,,,,,,,,,,,,,,,,,,,,,,,
33110,23:50:00,,,,,,,,,,,,,,,,,,,,,,,,,
33111,23:51:00,,,,,,,,,,,,,,,,,,,,,,,,,
33112,23:52:00,,,,,,,,,,,,,,,,,,,,,,,,,
33113,23:53:00,,,,,,,,,,,,,,,,,,,,,,,,,
33114,23:54:00,,,,,,,,,,,,,,,,,,,,,,,,,
33115,23:55:00,,,,,,,,,,,,,,,,,,,,,,,,,
33116,23:56:00,,,,,,,,,,,,,,,,,,,,,,,,,
33117,23:57:00,,,,,,,,,,,,,,,,,,,,,,,,,
33118,23:58:00,,,,,,,,,,,,,,,,,,,,,,,,,
33119,23:59:00,,,,,,,,,,,,,,,,,,,,,,,,,
33120,00:00:00,,,,,,,,,,,,,,,,,,,,,,,,,
33121,00:01:00,,,,,,,,,,,,,,,,,,,,,,,,,
33122,00:02:00,,,,,,,,,,,,,,,,,,,,,,,,,
33123,00:03:00,,,,,,,,,,,,,,,,,,,,,,,,,
33124,00:04:00,,,,,,,,,,,,,,,,,,,,,,,,,
33125,00:05:00,,,,,,,,,,,,,,,,,,,,,,,,,
33126,00:06:00,,,,,,,,,,,,,,,,,,,,,,,,,
33127,00:07:00,,,,,,,,,,,,,,,,,,,,,,,,,
33128,00:08:00,,,,,,,,,,,,,,,,,,,,,,,,,
33129,00:09:00,,,,,,,,,,,,,,,,,,,,,,,,,
33130,00:10:00,,,,,,,,,,,,,,,,,,,,,,,,,
33131,00:11:00,,,,,,,,,,,,,,,,,,,,,,,,,
33132,00:12:00,,,,,,,,,,,,,,,,,,,,,,,,,
33133,00:13:00,,,,,,,,,,,,,,,,,,,,,,,,,
33134,00:14:00,,,,,,,,,,,,,,,,,,,,,,,,,
33135,00:15:00,,,,,,,,,,,,,,,,,,,,,,,,,
33136,00:16:00,,,,,,,,,,,,,,,,,,,,,,,,,
33137,00:17:00,,,,,,,,,,,,,,,,,,,,,,,,,
33138,00:18:00,,,,,,,,,,,,,,,,,,,,,,,,,
33139,00:19:00,,,,,,,,,,,,,,,,,,,,,,,,,
33140,00:20:00,,,,,,,,,,,,,,,,,,,,,,,,,
33141,00:21:00,,,,,,,,,,,,,,,,,,,,,,,,,
33142,00:22:00,,,,,,,,,,,,,,,,,,,,,,,,,
33143,00:23:00,,,,,,,,,,,,,,,,,,,,,,,,,
33144,00:24:00,,,,,,,,,,,,,,,,,,,,,,,,,
33145,00:25:00,,,,,,,,,,,,,,,,,,,,,,,,,
33146,00:26:00,,,,,,,,,,,,,,,,,,,,,,,,,
33147,00:27:00,,,,,,,,,,,,,,,,,,,,,,,,,
33148,00:28:00,,,,,,,,,,,,,,,,,,,,,,,,,
33149,00:29:00,,,,,,,,,,,,,,,,,,,,,,,,,
33150,00:30:00,,,,,,,,,,,,,,,,,,,,,,,,,
33151,00:31:00,,,,,,,,,,,,,,,,,,,,,,,,,
33152,00:32:00,,,,,,,,,,,,,,,,,,,,,,,,,
33153,00:33:00,,,,,,,,,,,,,,,,,,,,,,,,,
33154,00:34:00,,,,,,,,,,,,,,,,,,,,,,,,,
33155,00:35:00,,,,,,,,,,,,,,,,,,,,,,,,,
33156,00:36:00,,,,,,,,,,,,,,,,,,,,,,,,,
33157,00:37:00,,,,,,,,,,,,,,,,,,,,,,,,,
33158,00:38:00,,,,,,,,,,,,,,,,,,,,,,,,,
33159,00:39:00,,,,,,,,,,,,,,,,,,,,,,,,,
33160,00:40:00,,,,,,,,,,,,,,,,,,,,,,,,,
33161,00:41:00,,,,,,,,,,,,,,,,,,,,,,,,,
33162,00:42:00,,,,,,,,,,,,,,,,,,,,,,,,,
33163,00:43:00,,,,,,,,,,,,,,,,,,,,,,,,,
33164,00:44:00,,,,,,,,,,,,,,,,,,,,,,,,,
33165,00:45:00,,,,,,,,,,,,,,,,,,,,,,,,,
33166,00:46:00,,,,,,,,,,,,,,,,,,,,,,,,,
33167,00:47:00,,,,,,,,,,,,,,,,,,,,,,,,,
33168,00:48:00,,,,,,,,,,,,,,,,,,,,,,,,,
33169,00:49:00,,,,,,,,,,,,,,,,,,,,,,,,,
33170,00:50:00,,,,,,,,,,,,,,,,,,,,,,,,,
33171,00:51:00,,,,,,,,,,,,,,,,,,,,,,,,,
33172,00:52:00,,,,,,,,,,,,,,,,,,,,,,,,,
33173,00:53:00,,,,,,,,,,,,,,,,,,,,,,,,,
33174,00:54:00,,,,,,,,,,,,,,,,,,,,,,,,,
33175,00:55:00,,,,,,,,,,,,,,,,,,,,,,,,,
33176,00:56:00,,,,,,,,,,,,,,,,,,,,,,,,,
33177,00:57:00,,,,,,,,,,,,,,,,,,,,,,,,,
33178,00:58:00,,,,,,,,,,,,,,,,,,,,,,,,,
33179,00:59:00,,,,,,,,,,,,,,,,,,,,,,,,,
33180,01:00:00,,,,,,,,,,,,,,,,,,,,,,,,,
33181,01:01:00,,,,,,,,,,,,,,,,,,,,,,,,,
33182,01:02:00,,,,,,,,,,,,,,,,,,,,,,,,,
33183,01:03:00,,,,,,,,,,,,,,,,,,,,,,,,,
33184,01:04:00,,,,,,,,,,,,,,,,,,,,,,,,,
33185,01:05:00,,,,,,,,,,,,,,,,,,,,,,,,,
33186,01:06:00,,,,,,,,,,,,,,,,,,,,,,,,,
33187,01:07:00,,,,,,,,,,,,,,,,,,,,,,,,,
33188,01:08:00,,,,,,,,,,,,,,,,,,,,,,,,,
33189,01:09:00,,,,,,,,,,,,,,,,,,,,,,,,,
33190,01:10:00,,,,,,,,,,,,,,,,,,,,,,,,,
33191,01:11:00,,,,,,,,,,,,,,,,,,,,,,,,,
33192,01:12:00,,,,,,,,,,,,,,,,,,,,,,,,,
33193,01:13:00,,,,,,,,,,,,,,,,,,,,,,,,,
33194,01:14:00,,,,,,,,,,,,,,,,,,,,,,,,,
33195,01:15:00,,,,,,,,,,,,,,,,,,,,,,,,,
33196,01:16:00,,,,,,,,,,,,,,,,,,,,,,,,,
33197,01:17:00,,,,,,,,,,,,,,,,,,,,,,,,,
33198,01:18:00,,,,,,,,,,,,,,,,,,,,,,,,,
33199,01:19:00,,,,,,,,,,,,,,,,,,,,,,,,,
33200,01:20:00,,,,,,,,,,,,,,,,,,,,,,,,,
33201,01:21:00,,,,,,,,,,,,,,,,,,,,,,,,,
33202,01:22:00,,,,,,,,,,,,,,,,,,,,,,,,,
33203,01:23:00,,,,,,,,,,,,,,,,,,,,,,,,,
33204,01:24:00,,,,,,,,,,,,,,,,,,,,,,,,,
33205,01:25:00,,,,,,,,,,,,,,,,,,,,,,,,,
33206,01:26:00,,,,,,,,,,,,,,,,,,,,,,,,,
33207,01:27:00,,,,,,,,,,,,,,,,,,,,,,,,,
33208,01:28:00,,,,,,,,,,,,,,,,,,,,,,,,,
33209,01:29:00,,,,,,,,,,,,,,,,,,,,,,,,,
33210,01:30:00,,,,,,,,,,,,,,,,,,,,,,,,,
33211,01:31:00,,,,,,,,,,,,,,,,,,,,,,,,,
33212,01:32:00,,,,,,,,,,,,,,,,,,,,,,,,,
33213,01:33:00,,,,,,,,,,,,,,,,,,,,,,,,,
33214,01:34:00,,,,,,,,,,,,,,,,,,,,,,,,,
33215,01:35:00,,,,,,,,,,,,,,,,,,,,,,,,,
33216,01:36:00,,,,,,,,,,,,,,,,,,,,,,,,,
33217,01:37:00,,,,,,,,,,,,,,,,,,,,,,,,,
33218,01:38:00,,,,,,,,,,,,,,,,,,,,,,,,,
33219,01:39:00,,,,,,,,,,,,,,,,,,,,,,,,,
33220,01:40:00,,,,,,,,,,,,,,,,,,,,,,,,,
33221,01:41:00,,,,,,,,,,,,,,,,,,,,,,,,,
33222,01:42:00,,,,,,,,,,,,,,,,,,,,,,,,,
33223,01:43:00,,,,,,,,,,,,,,,,,,,,,,,,,
33224,01:44:00,,,,,,,,,,,,,,,,,,,,,,,,,
33225,01:45:00,,,,,,,,,,,,,,,,,,,,,,,,,
33226,01:46:00,,,,,,,,,,,,,,,,,,,,,,,,,
33227,01:47:00,,,,,,,,,,,,,,,,,,,,,,,,,
33228,01:48:00,,,,,,,,,,,,,,,,,,,,,,,,,
33229,01:49:00,,,,,,,,,,,,,,,,,,,,,,,,,
33230,01:50:00,,,,,,,,,,,,,,,,,,,,,,,,,
33231,01:51:00,,,,,,,,,,,,,,,,,,,,,,,,,
33232,01:52:00,,,,,,,,,,,,,,,,,,,,,,,,,
33233,01:53:00,,,,,,,,,,,,,,,,,,,,,,,,,
33234,01:54:00,,,,,,,,,,,,,,,,,,,,,,,,,
33235,01:55:00,,,,,,,,,,,,,,,,,,,,,,,,,
33236,01:56:00,,,,,,,,,,,,,,,,,,,,,,,,,
33237,01:57:00,,,,,,,,,,,,,,,,,,,,,,,,,
33238,01:58:00,,,,,,,,,,,,,,,,,,,,,,,,,
33239,01:59:00,,,,,,,,,,,,,,,,,,,,,,,,,
33240,02:00:00,,,,,,,,,,,,,,,,,,,,,,,,,
33241,02:01:00,,,,,,,,,,,,,,,,,,,,,,,,,
33242,02:02:00,,,,,,,,,,,,,,,,,,,,,,,,,
33243,02:03:00,,,,,,,,,,,,,,,,,,,,,,,,,
33244,02:04:00,,,,,,,,,,,,,,,,,,,,,,,,,
33245,02:05:00,,,,,,,,,,,,,,,,,,,,,,,,,
33246,02:06:00,,,,,,,,,,,,,,,,,,,,,,,,,
33247,02:07:00,,,,,,,,,,,,,,,,,,,,,,,,,
33248,02:08:00,,,,,,,,,,,,,,,,,,,,,,,,,
33249,02:09:00,,,,,,,,,,,,,,,,,,,,,,,,,
33250,02:10:00,,,,,,,,,,,,,,,,,,,,,,,,,
33251,02:11:00,,,,,,,,,,,,,,,,,,,,,,,,,
33252,02:12:00,,,,,,,,,,,,,,,,,,,,,,,,,
33253,02:13:00,,,,,,,,,,,,,,,,,,,,,,,,,
33254,02:14:00,,,,,,,,,,,,,,,,,,,,,,,,,
33255,02:15:00,,,,,,,,,,,,,,,,,,,,,,,,,
33256,02:16:00,,,,,,,,,,,,,,,,,,,,,,,,,
33257,02:17:00,,,,,,,,,,,,,,,,,,,,,,,,,
33258,02:18:00,,,,,,,,,,,,,,,,,,,,,,,,,
33259,02:19:00,,,,,,,,,,,,,,,,,,,,,,,,,
33260,02:20:00,,,,,,,,,,,,,,,,,,,,,,,,,
33261,02:21:00,,,,,,,,,,,,,,,,,,,,,,,,,
33262,02:22:00,,,,,,,,,,,,,,,,,,,,,,,,,
33263,02:23:00,,,,,,,,,,,,,,,,,,,,,,,,,
33264,02:24:00,,,,,,,,,,,,,,,,,,,,,,,,,
33265,02:25:00,,,,,,,,,,,,,,,,,,,,,,,,,
33266,02:26:00,,,,,,,,,,,,,,,,,,,,,,,,,
33267,02:27:00,,,,,,,,,,,,,,,,,,,,,,,,,
33268,02:28:00,,,,,,,,,,,,,,,,,,,,,,,,,
33269,02:29:00,,,,,,,,,,,,,,,,,,,,,,,,,
33270,02:30:00,,,,,,,,,,,,,,,,,,,,,,,,,
33271,02:31:00,,,,,,,,,,,,,,,,,,,,,,,,,
33272,02:32:00,,,,,,,,,,,,,,,,,,,,,,,,,
33273,02:33:00,,,,,,,,,,,,,,,,,,,,,,,,,
33274,02:34:00,,,,,,,,,,,,,,,,,,,,,,,,,
33275,02:35:00,,,,,,,,,,,,,,,,,,,,,,,,,
33276,02:36:00,,,,,,,,,,,,,,,,,,,,,,,,,
33277,02:37:00,,,,,,,,,,,,,,,,,,,,,,,,,
33278,02:38:00,,,,,,,,,,,,,,,,,,,,,,,,,
33279,02:39:00,,,,,,,,,,,,,,,,,,,,,,,,,
33280,02:40:00,,,,,,,,,,,,,,,,,,,,,,,,,
33281,02:41:00,,,,,,,,,,,,,,,,,,,,,,,,,
33282,02:42:00,,,,,,,,,,,,,,,,,,,,,,,,,
33283,02:43:00,,,,,,,,,,,,,,,,,,,,,,,,,
33284,02:44:00,,,,,,,,,,,,,,,,,,,,,,,,,
33285,02:45:00,,,,,,,,,,,,,,,,,,,,,,,,,
33286,02:46:00,,,,,,,,,,,,,,,,,,,,,,,,,
33287,02:47:00,,,,,,,,,,,,,,,,,,,,,,,,,
33288,02:48:00,,,,,,,,,,,,,,,,,,,,,,,,,
33289,02:49:00,,,,,,,,,,,,,,,,,,,,,,,,,
33290,02:50:00,,,,,,,,,,,,,,,,,,,,,,,,,
33291,02:51:00,,,,,,,,,,,,,,,,,,,,,,,,,
33292,02:52:00,,,,,,,,,,,,,,,,,,,,,,,,,
33293,02:53:00,,,,,,,,,,,,,,,,,,,,,,,,,
33294,02:54:00,,,,,,,,,,,,,,,,,,,,,,,,,
33295,02:55:00,,,,,,,,,,,,,,,,,,,,,,,,,
33296,02:56:00,,,,,,,,,,,,,,,,,,,,,,,,,
33297,02:57:00,,,,,,,,,,,,,,,,,,,,,,,,,
33298,02:58:00,,,,,,,,,,,,,,,,,,,,,,,,,
33299,02:59:00,,,,,,,,,,,,,,,,,,,,,,,,,
33300,03:00:00,,,,,,,,,,,,,,,,,,,,,,,,,
33301,03:01:00,,,,,,,,,,,,,,,,,,,,,,,,,
33302,03:02:00,,,,,,,,,,,,,,,,,,,,,,,,,
33303,03:03:00,,,,,,,,,,,,,,,,,,,,,,,,,
33304,03:04:00,,,,,,,,,,,,,,,,,,,,,,,,,
33305,03:05:00,,,,,,,,,,,,,,,,,,,,,,,,,
33306,03:06:00,,,,,,,,,,,,,,,,,,,,,,,,,
33307,03:07:00,,,,,,,,,,,,,,,,,,,,,,,,,
33308,03:08:00,,,,,,,,,,,,,,,,,,,,,,,,,
33309,03:09:00,,,,,,,,,,,,,,,,,,,,,,,,,
33310,03:10:00,,,,,,,,,,,,,,,,,,,,,,,,,
33311,03:11:00,,,,,,,,,,,,,,,,,,,,,,,,,
33312,03:12:00,,,,,,,,,,,,,,,,,,,,,,,,,
33313,03:13:00,,,,,,,,,,,,,,,,,,,,,,,,,
33314,03:14:00,,,,,,,,,,,,,,,,,,,,,,,,,
33315,03:15:00,,,,,,,,,,,,,,,,,,,,,,,,,
33316,03:16:00,,,,,,,,,,,,,,,,,,,,,,,,,
33317,03:17:00,,,,,,,,,,,,,,,,,,,,,,,,,
33318,03:18:00,,,,,,,,,,,,,,,,,,,,,,,,,
33319,03:19:00,,,,,,,,,,,,,,,,,,,,,,,,,
33320,03:20:00,,,,,,,,,,,,,,,,,,,,,,,,,
33321,03:21:00,,,,,,,,,,,,,,,,,,,,,,,,,
33322,03:22:00,,,,,,,,,,,,,,,,,,,,,,,,,
33323,03:23:00,,,,,,,,,,,,,,,,,,,,,,,,,
33324,03:24:00,,,,,,,,,,,,,,,,,,,,,,,,,
33325,03:25:00,,,,,,,,,,,,,,,,,,,,,,,,,
33326,03:26:00,,,,,,,,,,,,,,,,,,,,,,,,,
33327,03:27:00,,,,,,,,,,,,,,,,,,,,,,,,,
33328,03:28:00,,,,,,,,,,,,,,,,,,,,,,,,,
33329,03:29:00,,,,,,,,,,,,,,,,,,,,,,,,,
33330,03:30:00,,,,,,,,,,,,,,,,,,,,,,,,,
33331,03:31:00,,,,,,,,,,,,,,,,,,,,,,,,,
33332,03:32:00,,,,,,,,,,,,,,,,,,,,,,,,,
33333,03:33:00,,,,,,,,,,,,,,,,,,,,,,,,,
33334,03:34:00,,,,,,,,,,,,,,,,,,,,,,,,,
33335,03:35:00,,,,,,,,,,,,,,,,,,,,,,,,,
33336,03:36:00,,,,,,,,,,,,,,,,,,,,,,,,,
33337,03:37:00,,,,,,,,,,,,,,,,,,,,,,,,,
33338,03:38:00,,,,,,,,,,,,,,,,,,,,,,,,,
33339,03:39:00,,,,,,,,,,,,,,,,,,,,,,,,,
33340,03:40:00,,,,,,,,,,,,,,,,,,,,,,,,,
33341,03:41:00,,,,,,,,,,,,,,,,,,,,,,,,,
33342,03:42:00,,,,,,,,,,,,,,,,,,,,,,,,,
33343,03:43:00,,,,,,,,,,,,,,,,,,,,,,,,,
33344,03:44:00,,,,,,,,,,,,,,,,,,,,,,,,,
33345,03:45:00,,,,,,,,,,,,,,,,,,,,,,,,,
33346,03:46:00,,,,,,,,,,,,,,,,,,,,,,,,,
33347,03:47:00,,,,,,,,,,,,,,,,,,,,,,,,,
33348,03:48:00,,,,,,,,,,,,,,,,,,,,,,,,,
33349,03:49:00,,,,,,,,,,,,,,,,,,,,,,,,,
33350,03:50:00,,,,,,,,,,,,,,,,,,,,,,,,,
33351,03:51:00,,,,,,,,,,,,,,,,,,,,,,,,,
33352,03:52:00,,,,,,,,,,,,,,,,,,,,,,,,,
33353,03:53:00,,,,,,,,,,,,,,,,,,,,,,,,,
33354,03:54:00,,,,,,,,,,,,,,,,,,,,,,,,,
33355,03:55:00,,,,,,,,,,,,,,,,,,,,,,,,,
33356,03:56:00,,,,,,,,,,,,,,,,,,,,,,,,,
33357,03:57:00,,,,,,,,,,,,,,,,,,,,,,,,,
33358,03:58:00,,,,,,,,,,,,,,,,,,,,,,,,,
33359,03:59:00,,,,,,,,,,,,,,,,,,,,,,,,,
33360,04:00:00,,,,,,,,,,,,,,,,,,,,,,,,,
33361,04:01:00,,,,,,,,,,,,,,,,,,,,,,,,,
33362,04:02:00,,,,,,,,,,,,,,,,,,,,,,,,,
33363,04:03:00,,,,,,,,,,,,,,,,,,,,,,,,,
33364,04:04:00,,,,,,,,,,,,,,,,,,,,,,,,,
33365,04:05:00,,,,,,,,,,,,,,,,,,,,,,,,,
33366,04:06:00,,,,,,,,,,,,,,,,,,,,,,,,,
33367,04:07:00,,,,,,,,,,,,,,,,,,,,,,,,,
33368,04:08:00,,,,,,,,,,,,,,,,,,,,,,,,,
33369,04:09:00,,,,,,,,,,,,,,,,,,,,,,,,,
33370,04:10:00,,,,,,,,,,,,,,,,,,,,,,,,,
33371,04:11:00,,,,,,,,,,,,,,,,,,,,,,,,,
33372,04:12:00,,,,,,,,,,,,,,,,,,,,,,,,,
33373,04:13:00,,,,,,,,,,,,,,,,,,,,,,,,,
33374,04:14:00,,,,,,,,,,,,,,,,,,,,,,,,,
33375,04:15:00,,,,,,,,,,,,,,,,,,,,,,,,,
33376,04:16:00,,,,,,,,,,,,,,,,,,,,,,,,,
33377,04:17:00,,,,,,,,,,,,,,,,,,,,,,,,,
33378,04:18:00,,,,,,,,,,,,,,,,,,,,,,,,,
33379,04:19:00,,,,,,,,,,,,,,,,,,,,,,,,,
33380,04:20:00,,,,,,,,,,,,,,,,,,,,,,,,,
33381,04:21:00,,,,,,,,,,,,,,,,,,,,,,,,,
33382,04:22:00,,,,,,,,,,,,,,,,,,,,,,,,,
33383,04:23:00,,,,,,,,,,,,,,,,,,,,,,,,,
33384,04:24:00,,,,,,,,,,,,,,,,,,,,,,,,,
33385,04:25:00,,,,,,,,,,,,,,,,,,,,,,,,,
33386,04:26:00,,,,,,,,,,,,,,,,,,,,,,,,,
33387,04:27:00,,,,,,,,,,,,,,,,,,,,,,,,,
33388,04:28:00,,,,,,,,,,,,,,,,,,,,,,,,,
33389,04:29:00,,,,,,,,,,,,,,,,,,,,,,,,,
33390,04:30:00,,,,,,,,,,,,,,,,,,,,,,,,,
33391,04:31:00,,,,,,,,,,,,,,,,,,,,,,,,,
33392,04:32:00,,,,,,,,,,,,,,,,,,,,,,,,,
33393,04:33:00,,,,,,,,,,,,,,,,,,,,,,,,,
33394,04:34:00,,,,,,,,,,,,,,,,,,,,,,,,,
33395,04:35:00,,,,,,,,,,,,,,,,,,,,,,,,,
33396,04:36:00,,,,,,,,,,,,,,,,,,,,,,,,,
33397,04:37:00,,,,,,,,,,,,,,,,,,,,,,,,,
33398,04:38:00,,,,,,,,,,,,,,,,,,,,,,,,,
33399,04:39:00,,,,,,,,,,,,,,,,,,,,,,,,,
33400,04:40:00,,,,,,,,,,,,,,,,,,,,,,,,,
33401,04:41:00,,,,,,,,,,,,,,,,,,,,,,,,,
33402,04:42:00,,,,,,,,,,,,,,,,,,,,,,,,,
33403,04:43:00,,,,,,,,,,,,,,,,,,,,,,,,,
33404,04:44:00,,,,,,,,,,,,,,,,,,,,,,,,,
33405,04:45:00,,,,,,,,,,,,,,,,,,,,,,,,,
33406,04:46:00,,,,,,,,,,,,,,,,,,,,,,,,,
33407,04:47:00,,,,,,,,,,,,,,,,,,,,,,,,,
33408,04:48:00,,,,,,,,,,,,,,,,,,,,,,,,,
33409,04:49:00,,,,,,,,,,,,,,,,,,,,,,,,,
33410,04:50:00,,,,,,,,,,,,,,,,,,,,,,,,,
33411,04:51:00,,,,,,,,,,,,,,,,,,,,,,,,,
33412,04:52:00,,,,,,,,,,,,,,,,,,,,,,,,,
33413,04:53:00,,,,,,,,,,,,,,,,,,,,,,,,,
33414,04:54:00,,,,,,,,,,,,,,,,,,,,,,,,,
33415,04:55:00,,,,,,,,,,,,,,,,,,,,,,,,,
33416,04:56:00,,,,,,,,,,,,,,,,,,,,,,,,,
33417,04:57:00,,,,,,,,,,,,,,,,,,,,,,,,,
33418,04:58:00,,,,,,,,,,,,,,,,,,,,,,,,,
33419,04:59:00,,,,,,,,,,,,,,,,,,,,,,,,,
33420,05:00:00,,,,,,,,,,,,,,,,,,,,,,,,,
33421,05:01:00,,,,,,,,,,,,,,,,,,,,,,,,,
33422,05:02:00,,,,,,,,,,,,,,,,,,,,,,,,,
33423,05:03:00,,,,,,,,,,,,,,,,,,,,,,,,,
33424,05:04:00,,,,,,,,,,,,,,,,,,,,,,,,,
33425,05:05:00,,,,,,,,,,,,,,,,,,,,,,,,,
33426,05:06:00,,,,,,,,,,,,,,,,,,,,,,,,,
33427,05:07:00,,,,,,,,,,,,,,,,,,,,,,,,,
33428,05:08:00,,,,,,,,,,,,,,,,,,,,,,,,,
33429,05:09:00,,,,,,,,,,,,,,,,,,,,,,,,,
33430,05:10:00,,,,,,,,,,,,,,,,,,,,,,,,,
33431,05:11:00,,,,,,,,,,,,,,,,,,,,,,,,,
33432,05:12:00,,,,,,,,,,,,,,,,,,,,,,,,,
33433,05:13:00,,,,,,,,,,,,,,,,,,,,,,,,,
33434,05:14:00,,,,,,,,,,,,,,,,,,,,,,,,,
33435,05:15:00,,,,,,,,,,,,,,,,,,,,,,,,,
33436,05:16:00,,,,,,,,,,,,,,,,,,,,,,,,,
33437,05:17:00,,,,,,,,,,,,,,,,,,,,,,,,,
33438,05:18:00,,,,,,,,,,,,,,,,,,,,,,,,,
33439,05:19:00,,,,,,,,,,,,,,,,,,,,,,,,,
33440,05:20:00,,,,,,,,,,,,,,,,,,,,,,,,,
33441,05:21:00,,,,,,,,,,,,,,,,,,,,,,,,,
33442,05:22:00,,,,,,,,,,,,,,,,,,,,,,,,,
33443,05:23:00,,,,,,,,,,,,,,,,,,,,,,,,,
33444,05:24:00,,,,,,,,,,,,,,,,,,,,,,,,,
33445,05:25:00,,,,,,,,,,,,,,,,,,,,,,,,,
33446,05:26:00,,,,,,,,,,,,,,,,,,,,,,,,,
33447,05:27:00,,,,,,,,,,,,,,,,,,,,,,,,,
33448,05:28:00,,,,,,,,,,,,,,,,,,,,,,,,,
33449,05:29:00,,,,,,,,,,,,,,,,,,,,,,,,,
33450,05:30:00,,,,,,,,,,,,,,,,,,,,,,,,,
33451,05:31:00,,,,,,,,,,,,,,,,,,,,,,,,,
33452,05:32:00,,,,,,,,,,,,,,,,,,,,,,,,,
33453,05:33:00,,,,,,,,,,,,,,,,,,,,,,,,,
33454,05:34:00,,,,,,,,,,,,,,,,,,,,,,,,,
33455,05:35:00,,,,,,,,,,,,,,,,,,,,,,,,,
33456,05:36:00,,,,,,,,,,,,,,,,,,,,,,,,,
33457,05:37:00,,,,,,,,,,,,,,,,,,,,,,,,,
33458,05:38:00,,,,,,,,,,,,,,,,,,,,,,,,,
33459,05:39:00,,,,,,,,,,,,,,,,,,,,,,,,,
33460,05:40:00,,,,,,,,,,,,,,,,,,,,,,,,,
33461,05:41:00,,,,,,,,,,,,,,,,,,,,,,,,,
33462,05:42:00,,,,,,,,,,,,,,,,,,,,,,,,,
33463,05:43:00,,,,,,,,,,,,,,,,,,,,,,,,,
33464,05:44:00,,,,,,,,,,,,,,,,,,,,,,,,,
33465,05:45:00,,,,,,,,,,,,,,,,,,,,,,,,,
33466,05:46:00,,,,,,,,,,,,,,,,,,,,,,,,,
33467,05:47:00,,,,,,,,,,,,,,,,,,,,,,,,,
33468,05:48:00,,,,,,,,,,,,,,,,,,,,,,,,,
33469,05:49:00,,,,,,,,,,,,,,,,,,,,,,,,,
33470,05:50:00,,,,,,,,,,,,,,,,,,,,,,,,,
33471,05:51:00,,,,,,,,,,,,,,,,,,,,,,,,,
33472,05:52:00,,,,,,,,,,,,,,,,,,,,,,,,,
33473,05:53:00,,,,,,,,,,,,,,,,,,,,,,,,,
33474,05:54:00,,,,,,,,,,,,,,,,,,,,,,,,,
33475,05:55:00,,,,,,,,,,,,,,,,,,,,,,,,,
33476,05:56:00,,,,,,,,,,,,,,,,,,,,,,,,,
33477,05:57:00,,,,,,,,,,,,,,,,,,,,,,,,,
33478,05:58:00,,,,,,,,,,,,,,,,,,,,,,,,,
33479,05:59:00,,,,,,,,,,,,,,,,,,,,,,,,,
33480,06:00:00,,,,,,,,,,,,,,,,,,,,,,,,,
33481,06:01:00,,,,,,,,,,,,,,,,,,,,,,,,,
33482,06:02:00,,,,,,,,,,,,,,,,,,,,,,,,,
33483,06:03:00,,,,,,,,,,,,,,,,,,,,,,,,,
33484,06:04:00,,,,,,,,,,,,,,,,,,,,,,,,,
33485,06:05:00,,,,,,,,,,,,,,,,,,,,,,,,,
33486,06:06:00,,,,,,,,,,,,,,,,,,,,,,,,,
33487,06:07:00,,,,,,,,,,,,,,,,,,,,,,,,,
33488,06:08:00,,,,,,,,,,,,,,,,,,,,,,,,,
33489,06:09:00,,,,,,,,,,,,,,,,,,,,,,,,,
33490,06:10:00,,,,,,,,,,,,,,,,,,,,,,,,,
33491,06:11:00,,,,,,,,,,,,,,,,,,,,,,,,,
33492,06:12:00,,,,,,,,,,,,,,,,,,,,,,,,,
33493,06:13:00,,,,,,,,,,,,,,,,,,,,,,,,,
33494,06:14:00,,,,,,,,,,,,,,,,,,,,,,,,,
33495,06:15:00,,,,,,,,,,,,,,,,,,,,,,,,,
33496,06:16:00,,,,,,,,,,,,,,,,,,,,,,,,,
33497,06:17:00,,,,,,,,,,,,,,,,,,,,,,,,,
33498,06:18:00,,,,,,,,,,,,,,,,,,,,,,,,,
33499,06:19:00,,,,,,,,,,,,,,,,,,,,,,,,,
33500,06:20:00,,,,,,,,,,,,,,,,,,,,,,,,,
33501,06:21:00,,,,,,,,,,,,,,,,,,,,,,,,,
33502,06:22:00,,,,,,,,,,,,,,,,,,,,,,,,,
33503,06:23:00,,,,,,,,,,,,,,,,,,,,,,,,,
33504,06:24:00,,,,,,,,,,,,,,,,,,,,,,,,,
33505,06:25:00,,,,,,,,,,,,,,,,,,,,,,,,,
33506,06:26:00,,,,,,,,,,,,,,,,,,,,,,,,,
33507,06:27:00,,,,,,,,,,,,,,,,,,,,,,,,,
33508,06:28:00,,,,,,,,,,,,,,,,,,,,,,,,,
33509,06:29:00,,,,,,,,,,,,,,,,,,,,,,,,,
33510,06:30:00,,,,,,,,,,,,,,,,,,,,,,,,,
33511,06:31:00,,,,,,,,,,,,,,,,,,,,,,,,,
33512,06:32:00,,,,,,,,,,,,,,,,,,,,,,,,,
33513,06:33:00,,,,,,,,,,,,,,,,,,,,,,,,,
33514,06:34:00,,,,,,,,,,,,,,,,,,,,,,,,,
33515,06:35:00,,,,,,,,,,,,,,,,,,,,,,,,,
33516,06:36:00,,,,,,,,,,,,,,,,,,,,,,,,,
33517,06:37:00,,,,,,,,,,,,,,,,,,,,,,,,,
33518,06:38:00,,,,,,,,,,,,,,,,,,,,,,,,,
33519,06:39:00,,,,,,,,,,,,,,,,,,,,,,,,,
33520,06:40:00,,,,,,,,,,,,,,,,,,,,,,,,,
33521,06:41:00,,,,,,,,,,,,,,,,,,,,,,,,,
33522,06:42:00,,,,,,,,,,,,,,,,,,,,,,,,,
33523,06:43:00,,,,,,,,,,,,,,,,,,,,,,,,,
33524,06:44:00,,,,,,,,,,,,,,,,,,,,,,,,,
33525,06:45:00,,,,,,,,,,,,,,,,,,,,,,,,,
33526,06:46:00,,,,,,,,,,,,,,,,,,,,,,,,,
33527,06:47:00,,,,,,,,,,,,,,,,,,,,,,,,,
33528,06:48:00,,,,,,,,,,,,,,,,,,,,,,,,,
33529,06:49:00,,,,,,,,,,,,,,,,,,,,,,,,,
33530,06:50:00,,,,,,,,,,,,,,,,,,,,,,,,,
33531,06:51:00,,,,,,,,,,,,,,,,,,,,,,,,,
33532,06:52:00,,,,,,,,,,,,,,,,,,,,,,,,,
33533,06:53:00,,,,,,,,,,,,,,,,,,,,,,,,,
33534,06:54:00,,,,,,,,,,,,,,,,,,,,,,,,,
33535,06:55:00,,,,,,,,,,,,,,,,,,,,,,,,,
33536,06:56:00,,,,,,,,,,,,,,,,,,,,,,,,,
33537,06:57:00,,,,,,,,,,,,,,,,,,,,,,,,,
33538,06:58:00,,,,,,,,,,,,,,,,,,,,,,,,,
33539,06:59:00,,,,,,,,,,,,,,,,,,,,,,,,,
33540,07:00:00,,,,,,,,,,,,,,,,,,,,,,,,,
33541,07:01:00,,,,,,,,,,,,,,,,,,,,,,,,,
33542,07:02:00,,,,,,,,,,,,,,,,,,,,,,,,,
33543,07:03:00,,,,,,,,,,,,,,,,,,,,,,,,,
33544,07:04:00,,,,,,,,,,,,,,,,,,,,,,,,,
33545,07:05:00,,,,,,,,,,,,,,,,,,,,,,,,,
33546,07:06:00,,,,,,,,,,,,,,,,,,,,,,,,,
33547,07:07:00,,,,,,,,,,,,,,,,,,,,,,,,,
33548,07:08:00,,,,,,,,,,,,,,,,,,,,,,,,,
33549,07:09:00,,,,,,,,,,,,,,,,,,,,,,,,,
33550,07:10:00,,,,,,,,,,,,,,,,,,,,,,,,,
33551,07:11:00,,,,,,,,,,,,,,,,,,,,,,,,,
33552,07:12:00,,,,,,,,,,,,,,,,,,,,,,,,,
33553,07:13:00,,,,,,,,,,,,,,,,,,,,,,,,,
33554,07:14:00,,,,,,,,,,,,,,,,,,,,,,,,,
33555,07:15:00,,,,,,,,,,,,,,,,,,,,,,,,,
33556,07:16:00,,,,,,,,,,,,,,,,,,,,,,,,,
33557,07:17:00,,,,,,,,,,,,,,,,,,,,,,,,,
33558,07:18:00,,,,,,,,,,,,,,,,,,,,,,,,,
33559,07:19:00,,,,,,,,,,,,,,,,,,,,,,,,,
33560,07:20:00,,,,,,,,,,,,,,,,,,,,,,,,,
33561,07:21:00,,,,,,,,,,,,,,,,,,,,,,,,,
33562,07:22:00,,,,,,,,,,,,,,,,,,,,,,,,,
33563,07:23:00,,,,,,,,,,,,,,,,,,,,,,,,,
33564,07:24:00,,,,,,,,,,,,,,,,,,,,,,,,,
33565,07:25:00,,,,,,,,,,,,,,,,,,,,,,,,,
33566,07:26:00,,,,,,,,,,,,,,,,,,,,,,,,,
33567,07:27:00,,,,,,,,,,,,,,,,,,,,,,,,,
33568,07:28:00,,,,,,,,,,,,,,,,,,,,,,,,,
33569,07:29:00,,,,,,,,,,,,,,,,,,,,,,,,,
33570,07:30:00,,,,,,,,,,,,,,,,,,,,,,,,,
33571,07:31:00,,,,,,,,,,,,,,,,,,,,,,,,,
33572,07:32:00,,,,,,,,,,,,,,,,,,,,,,,,,
33573,07:33:00,,,,,,,,,,,,,,,,,,,,,,,,,
33574,07:34:00,,,,,,,,,,,,,,,,,,,,,,,,,
33575,07:35:00,,,,,,,,,,,,,,,,,,,,,,,,,
33576,07:36:00,,,,,,,,,,,,,,,,,,,,,,,,,
33577,07:37:00,,,,,,,,,,,,,,,,,,,,,,,,,
33578,07:38:00,,,,,,,,,,,,,,,,,,,,,,,,,
33579,07:39:00,,,,,,,,,,,,,,,,,,,,,,,,,
33580,07:40:00,,,,,,,,,,,,,,,,,,,,,,,,,
33581,07:41:00,,,,,,,,,,,,,,,,,,,,,,,,,
33582,07:42:00,,,,,,,,,,,,,,,,,,,,,,,,,
33583,07:43:00,,,,,,,,,,,,,,,,,,,,,,,,,
33584,07:44:00,,,,,,,,,,,,,,,,,,,,,,,,,
33585,07:45:00,,,,,,,,,,,,,,,,,,,,,,,,,
33586,07:46:00,,,,,,,,,,,,,,,,,,,,,,,,,
33587,07:47:00,,,,,,,,,,,,,,,,,,,,,,,,,
33588,07:48:00,,,,,,,,,,,,,,,,,,,,,,,,,
33589,07:49:00,,,,,,,,,,,,,,,,,,,,,,,,,
33590,07:50:00,,,,,,,,,,,,,,,,,,,,,,,,,
33591,07:51:00,,,,,,,,,,,,,,,,,,,,,,,,,
33592,07:52:00,,,,,,,,,,,,,,,,,,,,,,,,,
33593,07:53:00,,,,,,,,,,,,,,,,,,,,,,,,,
33594,07:54:00,,,,,,,,,,,,,,,,,,,,,,,,,
33595,07:55:00,,,,,,,,,,,,,,,,,,,,,,,,,
33596,07:56:00,,,,,,,,,,,,,,,,,,,,,,,,,
33597,07:57:00,,,,,,,,,,,,,,,,,,,,,,,,,
33598,07:58:00,,,,,,,,,,,,,,,,,,,,,,,,,
33599,07:59:00,,,,,,,,,,,,,,,,,,,,,,,,,
33600,08:00:00,,,,,,,,,,,,,,,,,,,,,,,,,
33601,08:01:00,,,,,,,,,,,,,,,,,,,,,,,,,
33602,08:02:00,,,,,,,,,,,,,,,,,,,,,,,,,
33603,08:03:00,,,,,,,,,,,,,,,,,,,,,,,,,
33604,08:04:00,,,,,,,,,,,,,,,,,,,,,,,,,
33605,08:05:00,,,,,,,,,,,,,,,,,,,,,,,,,
33606,08:06:00,,,,,,,,,,,,,,,,,,,,,,,,,
33607,08:07:00,,,,,,,,,,,,,,,,,,,,,,,,,
33608,08:08:00,,,,,,,,,,,,,,,,,,,,,,,,,
33609,08:09:00,,,,,,,,,,,,,,,,,,,,,,,,,
33610,08:10:00,,,,,,,,,,,,,,,,,,,,,,,,,
33611,08:11:00,,,,,,,,,,,,,,,,,,,,,,,,,
33612,08:12:00,,,,,,,,,,,,,,,,,,,,,,,,,
33613,08:13:00,,,,,,,,,,,,,,,,,,,,,,,,,
33614,08:14:00,,,,,,,,,,,,,,,,,,,,,,,,,
33615,08:15:00,,,,,,,,,,,,,,,,,,,,,,,,,
33616,08:16:00,,,,,,,,,,,,,,,,,,,,,,,,,
33617,08:17:00,,,,,,,,,,,,,,,,,,,,,,,,,
33618,08:18:00,,,,,,,,,,,,,,,,,,,,,,,,,
33619,08:19:00,,,,,,,,,,,,,,,,,,,,,,,,,
33620,08:20:00,,,,,,,,,,,,,,,,,,,,,,,,,
33621,08:21:00,,,,,,,,,,,,,,,,,,,,,,,,,
33622,08:22:00,,,,,,,,,,,,,,,,,,,,,,,,,
33623,08:23:00,,,,,,,,,,,,,,,,,,,,,,,,,
33624,08:24:00,,,,,,,,,,,,,,,,,,,,,,,,,
33625,08:25:00,,,,,,,,,,,,,,,,,,,,,,,,,
33626,08:26:00,,,,,,,,,,,,,,,,,,,,,,,,,
33627,08:27:00,,,,,,,,,,,,,,,,,,,,,,,,,
33628,08:28:00,,,,,,,,,,,,,,,,,,,,,,,,,
33629,08:29:00,,,,,,,,,,,,,,,,,,,,,,,,,
33630,08:30:00,,,,,,,,,,,,,,,,,,,,,,,,,
33631,08:31:00,,,,,,,,,,,,,,,,,,,,,,,,,
33632,08:32:00,,,,,,,,,,,,,,,,,,,,,,,,,
33633,08:33:00,,,,,,,,,,,,,,,,,,,,,,,,,
33634,08:34:00,,,,,,,,,,,,,,,,,,,,,,,,,
33635,08:35:00,,,,,,,,,,,,,,,,,,,,,,,,,
33636,08:36:00,,,,,,,,,,,,,,,,,,,,,,,,,
33637,08:37:00,,,,,,,,,,,,,,,,,,,,,,,,,
33638,08:38:00,,,,,,,,,,,,,,,,,,,,,,,,,
33639,08:39:00,,,,,,,,,,,,,,,,,,,,,,,,,
33640,08:40:00,,,,,,,,,,,,,,,,,,,,,,,,,
33641,08:41:00,,,,,,,,,,,,,,,,,,,,,,,,,
33642,08:42:00,,,,,,,,,,,,,,,,,,,,,,,,,
33643,08:43:00,,,,,,,,,,,,,,,,,,,,,,,,,
33644,08:44:00,,,,,,,,,,,,,,,,,,,,,,,,,
33645,08:45:00,,,,,,,,,,,,,,,,,,,,,,,,,
33646,08:46:00,,,,,,,,,,,,,,,,,,,,,,,,,
33647,08:47:00,,,,,,,,,,,,,,,,,,,,,,,,,
33648,08:48:00,,,,,,,,,,,,,,,,,,,,,,,,,
33649,08:49:00,,,,,,,,,,,,,,,,,,,,,,,,,
33650,08:50:00,,,,,,,,,,,,,,,,,,,,,,,,,
33651,08:51:00,,,,,,,,,,,,,,,,,,,,,,,,,
33652,08:52:00,,,,,,,,,,,,,,,,,,,,,,,,,
33653,08:53:00,,,,,,,,,,,,,,,,,,,,,,,,,
33654,08:54:00,,,,,,,,,,,,,,,,,,,,,,,,,
33655,08:55:00,,,,,,,,,,,,,,,,,,,,,,,,,
33656,08:56:00,,,,,,,,,,,,,,,,,,,,,,,,,
33657,08:57:00,,,,,,,,,,,,,,,,,,,,,,,,,
33658,08:58:00,,,,,,,,,,,,,,,,,,,,,,,,,
33659,08:59:00,,,,,,,,,,,,,,,,,,,,,,,,,
33660,09:00:00,,,,,,,,,,,,,,,,,,,,,,,,,
33661,09:01:00,,,,,,,,,,,,,,,,,,,,,,,,,
33662,09:02:00,,,,,,,,,,,,,,,,,,,,,,,,,
33663,09:03:00,,,,,,,,,,,,,,,,,,,,,,,,,
33664,09:04:00,,,,,,,,,,,,,,,,,,,,,,,,,
33665,09:05:00,,,,,,,,,,,,,,,,,,,,,,,,,
33666,09:06:00,,,,,,,,,,,,,,,,,,,,,,,,,
33667,09:07:00,,,,,,,,,,,,,,,,,,,,,,,,,
33668,09:08:00,,,,,,,,,,,,,,,,,,,,,,,,,
33669,09:09:00,,,,,,,,,,,,,,,,,,,,,,,,,
33670,09:10:00,,,,,,,,,,,,,,,,,,,,,,,,,
33671,09:11:00,,,,,,,,,,,,,,,,,,,,,,,,,
33672,09:12:00,,,,,,,,,,,,,,,,,,,,,,,,,
33673,09:13:00,,,,,,,,,,,,,,,,,,,,,,,,,
33674,09:14:00,,,,,,,,,,,,,,,,,,,,,,,,,
33675,09:15:00,,,,,,,,,,,,,,,,,,,,,,,,,
33676,09:16:00,,,,,,,,,,,,,,,,,,,,,,,,,
33677,09:17:00,,,,,,,,,,,,,,,,,,,,,,,,,
33678,09:18:00,,,,,,,,,,,,,,,,,,,,,,,,,
33679,09:19:00,,,,,,,,,,,,,,,,,,,,,,,,,
33680,09:20:00,,,,,,,,,,,,,,,,,,,,,,,,,
33681,09:21:00,,,,,,,,,,,,,,,,,,,,,,,,,
33682,09:22:00,,,,,,,,,,,,,,,,,,,,,,,,,
33683,09:23:00,,,,,,,,,,,,,,,,,,,,,,,,,
33684,09:24:00,,,,,,,,,,,,,,,,,,,,,,,,,
33685,09:25:00,,,,,,,,,,,,,,,,,,,,,,,,,
33686,09:26:00,,,,,,,,,,,,,,,,,,,,,,,,,
33687,09:27:00,,,,,,,,,,,,,,,,,,,,,,,,,
33688,09:28:00,,,,,,,,,,,,,,,,,,,,,,,,,
33689,09:29:00,,,,,,,,,,,,,,,,,,,,,,,,,
33690,09:30:00,,,,,,,,,,,,,,,,,,,,,,,,,
33691,09:31:00,,,,,,,,,,,,,,,,,,,,,,,,,
33692,09:32:00,,,,,,,,,,,,,,,,,,,,,,,,,
33693,09:33:00,,,,,,,,,,,,,,,,,,,,,,,,,
33694,09:34:00,,,,,,,,,,,,,,,,,,,,,,,,,
33695,09:35:00,,,,,,,,,,,,,,,,,,,,,,,,,
33696,09:36:00,,,,,,,,,,,,,,,,,,,,,,,,,
33697,09:37:00,,,,,,,,,,,,,,,,,,,,,,,,,
33698,09:38:00,,,,,,,,,,,,,,,,,,,,,,,,,
33699,09:39:00,,,,,,,,,,,,,,,,,,,,,,,,,
33700,09:40:00,,,,,,,,,,,,,,,,,,,,,,,,,
33701,09:41:00,,,,,,,,,,,,,,,,,,,,,,,,,
33702,09:42:00,,,,,,,,,,,,,,,,,,,,,,,,,
33703,09:43:00,,,,,,,,,,,,,,,,,,,,,,,,,
33704,09:44:00,,,,,,,,,,,,,,,,,,,,,,,,,
33705,09:45:00,,,,,,,,,,,,,,,,,,,,,,,,,
33706,09:46:00,,,,,,,,,,,,,,,,,,,,,,,,,
33707,09:47:00,,,,,,,,,,,,,,,,,,,,,,,,,
33708,09:48:00,,,,,,,,,,,,,,,,,,,,,,,,,
33709,09:49:00,,,,,,,,,,,,,,,,,,,,,,,,,
33710,09:50:00,,,,,,,,,,,,,,,,,,,,,,,,,
33711,09:51:00,,,,,,,,,,,,,,,,,,,,,,,,,
33712,09:52:00,,,,,,,,,,,,,,,,,,,,,,,,,
33713,09:53:00,,,,,,,,,,,,,,,,,,,,,,,,,
33714,09:54:00,,,,,,,,,,,,,,,,,,,,,,,,,
33715,09:55:00,,,,,,,,,,,,,,,,,,,,,,,,,
33716,09:56:00,,,,,,,,,,,,,,,,,,,,,,,,,
33717,09:57:00,,,,,,,,,,,,,,,,,,,,,,,,,
33718,09:58:00,,,,,,,,,,,,,,,,,,,,,,,,,
33719,09:59:00,,,,,,,,,,,,,,,,,,,,,,,,,
33720,10:00:00,,,,,,,,,,,,,,,,,,,,,,,,,
33721,10:01:00,,,,,,,,,,,,,,,,,,,,,,,,,
33722,10:02:00,,,,,,,,,,,,,,,,,,,,,,,,,
33723,10:03:00,,,,,,,,,,,,,,,,,,,,,,,,,
33724,10:04:00,,,,,,,,,,,,,,,,,,,,,,,,,
33725,10:05:00,,,,,,,,,,,,,,,,,,,,,,,,,
33726,10:06:00,,,,,,,,,,,,,,,,,,,,,,,,,
33727,10:07:00,,,,,,,,,,,,,,,,,,,,,,,,,
33728,10:08:00,,,,,,,,,,,,,,,,,,,,,,,,,
33729,10:09:00,,,,,,,,,,,,,,,,,,,,,,,,,
33730,10:10:00,,,,,,,,,,,,,,,,,,,,,,,,,
33731,10:11:00,,,,,,,,,,,,,,,,,,,,,,,,,
33732,10:12:00,,,,,,,,,,,,,,,,,,,,,,,,,
33733,10:13:00,,,,,,,,,,,,,,,,,,,,,,,,,
33734,10:14:00,,,,,,,,,,,,,,,,,,,,,,,,,
33735,10:15:00,,,,,,,,,,,,,,,,,,,,,,,,,
33736,10:16:00,,,,,,,,,,,,,,,,,,,,,,,,,
33737,10:17:00,,,,,,,,,,,,,,,,,,,,,,,,,
33738,10:18:00,,,,,,,,,,,,,,,,,,,,,,,,,
33739,10:19:00,,,,,,,,,,,,,,,,,,,,,,,,,
33740,10:20:00,,,,,,,,,,,,,,,,,,,,,,,,,
33741,10:21:00,,,,,,,,,,,,,,,,,,,,,,,,,
33742,10:22:00,,,,,,,,,,,,,,,,,,,,,,,,,
33743,10:23:00,,,,,,,,,,,,,,,,,,,,,,,,,
33744,10:24:00,,,,,,,,,,,,,,,,,,,,,,,,,
33745,10:25:00,,,,,,,,,,,,,,,,,,,,,,,,,
33746,10:26:00,,,,,,,,,,,,,,,,,,,,,,,,,
33747,10:27:00,,,,,,,,,,,,,,,,,,,,,,,,,
33748,10:28:00,,,,,,,,,,,,,,,,,,,,,,,,,
33749,10:29:00,,,,,,,,,,,,,,,,,,,,,,,,,
33750,10:30:00,,,,,,,,,,,,,,,,,,,,,,,,,
33751,10:31:00,,,,,,,,,,,,,,,,,,,,,,,,,
33752,10:32:00,,,,,,,,,,,,,,,,,,,,,,,,,
33753,10:33:00,,,,,,,,,,,,,,,,,,,,,,,,,
33754,10:34:00,,,,,,,,,,,,,,,,,,,,,,,,,
33755,10:35:00,,,,,,,,,,,,,,,,,,,,,,,,,
33756,10:36:00,,,,,,,,,,,,,,,,,,,,,,,,,
33757,10:37:00,,,,,,,,,,,,,,,,,,,,,,,,,
33758,10:38:00,,,,,,,,,,,,,,,,,,,,,,,,,
33759,10:39:00,,,,,,,,,,,,,,,,,,,,,,,,,
33760,10:40:00,,,,,,,,,,,,,,,,,,,,,,,,,
33761,10:41:00,,,,,,,,,,,,,,,,,,,,,,,,,
33762,10:42:00,,,,,,,,,,,,,,,,,,,,,,,,,
33763,10:43:00,,,,,,,,,,,,,,,,,,,,,,,,,
33764,10:44:00,,,,,,,,,,,,,,,,,,,,,,,,,
33765,10:45:00,,,,,,,,,,,,,,,,,,,,,,,,,
33766,10:46:00,,,,,,,,,,,,,,,,,,,,,,,,,
33767,10:47:00,,,,,,,,,,,,,,,,,,,,,,,,,
33768,10:48:00,,,,,,,,,,,,,,,,,,,,,,,,,
33769,10:49:00,,,,,,,,,,,,,,,,,,,,,,,,,
33770,10:50:00,,,,,,,,,,,,,,,,,,,,,,,,,
33771,10:51:00,,,,,,,,,,,,,,,,,,,,,,,,,
33772,10:52:00,,,,,,,,,,,,,,,,,,,,,,,,,
33773,10:53:00,,,,,,,,,,,,,,,,,,,,,,,,,
33774,10:54:00,,,,,,,,,,,,,,,,,,,,,,,,,
33775,10:55:00,,,,,,,,,,,,,,,,,,,,,,,,,
33776,10:56:00,,,,,,,,,,,,,,,,,,,,,,,,,
33777,10:57:00,,,,,,,,,,,,,,,,,,,,,,,,,
33778,10:58:00,,,,,,,,,,,,,,,,,,,,,,,,,
33779,10:59:00,,,,,,,,,,,,,,,,,,,,,,,,,
33780,11:00:00,,,,,,,,,,,,,,,,,,,,,,,,,
33781,11:01:00,,,,,,,,,,,,,,,,,,,,,,,,,
33782,11:02:00,,,,,,,,,,,,,,,,,,,,,,,,,
33783,11:03:00,,,,,,,,,,,,,,,,,,,,,,,,,
33784,11:04:00,,,,,,,,,,,,,,,,,,,,,,,,,
33785,11:05:00,,,,,,,,,,,,,,,,,,,,,,,,,
33786,11:06:00,,,,,,,,,,,,,,,,,,,,,,,,,
33787,11:07:00,,,,,,,,,,,,,,,,,,,,,,,,,
33788,11:08:00,,,,,,,,,,,,,,,,,,,,,,,,,
33789,11:09:00,,,,,,,,,,,,,,,,,,,,,,,,,
33790,11:10:00,,,,,,,,,,,,,,,,,,,,,,,,,
33791,11:11:00,,,,,,,,,,,,,,,,,,,,,,,,,
33792,11:12:00,,,,,,,,,,,,,,,,,,,,,,,,,
33793,11:13:00,,,,,,,,,,,,,,,,,,,,,,,,,
33794,11:14:00,,,,,,,,,,,,,,,,,,,,,,,,,
33795,11:15:00,,,,,,,,,,,,,,,,,,,,,,,,,
33796,11:16:00,,,,,,,,,,,,,,,,,,,,,,,,,
33797,11:17:00,,,,,,,,,,,,,,,,,,,,,,,,,
33798,11:18:00,,,,,,,,,,,,,,,,,,,,,,,,,
33799,11:19:00,,,,,,,,,,,,,,,,,,,,,,,,,
33800,11:20:00,,,,,,,,,,,,,,,,,,,,,,,,,
33801,11:21:00,,,,,,,,,,,,,,,,,,,,,,,,,
33802,11:22:00,,,,,,,,,,,,,,,,,,,,,,,,,
33803,11:23:00,,,,,,,,,,,,,,,,,,,,,,,,,
33804,11:24:00,,,,,,,,,,,,,,,,,,,,,,,,,
33805,11:25:00,,,,,,,,,,,,,,,,,,,,,,,,,
33806,11:26:00,,,,,,,,,,,,,,,,,,,,,,,,,
33807,11:27:00,,,,,,,,,,,,,,,,,,,,,,,,,
33808,11:28:00,,,,,,,,,,,,,,,,,,,,,,,,,
33809,11:29:00,,,,,,,,,,,,,,,,,,,,,,,,,
33810,11:30:00,,,,,,,,,,,,,,,,,,,,,,,,,
33811,11:31:00,,,,,,,,,,,,,,,,,,,,,,,,,
33812,11:32:00,,,,,,,,,,,,,,,,,,,,,,,,,
33813,11:33:00,,,,,,,,,,,,,,,,,,,,,,,,,
33814,11:34:00,,,,,,,,,,,,,,,,,,,,,,,,,
33815,11:35:00,,,,,,,,,,,,,,,,,,,,,,,,,
33816,11:36:00,,,,,,,,,,,,,,,,,,,,,,,,,
33817,11:37:00,,,,,,,,,,,,,,,,,,,,,,,,,
33818,11:38:00,,,,,,,,,,,,,,,,,,,,,,,,,
33819,11:39:00,,,,,,,,,,,,,,,,,,,,,,,,,
33820,11:40:00,,,,,,,,,,,,,,,,,,,,,,,,,
33821,11:41:00,,,,,,,,,,,,,,,,,,,,,,,,,
33822,11:42:00,,,,,,,,,,,,,,,,,,,,,,,,,
33823,11:43:00,,,,,,,,,,,,,,,,,,,,,,,,,
33824,11:44:00,,,,,,,,,,,,,,,,,,,,,,,,,
33825,11:45:00,,,,,,,,,,,,,,,,,,,,,,,,,
33826,11:46:00,,,,,,,,,,,,,,,,,,,,,,,,,
33827,11:47:00,,,,,,,,,,,,,,,,,,,,,,,,,
33828,11:48:00,,,,,,,,,,,,,,,,,,,,,,,,,
33829,11:49:00,,,,,,,,,,,,,,,,,,,,,,,,,
33830,11:50:00,,,,,,,,,,,,,,,,,,,,,,,,,
33831,11:51:00,,,,,,,,,,,,,,,,,,,,,,,,,
33832,11:52:00,,,,,,,,,,,,,,,,,,,,,,,,,
33833,11:53:00,,,,,,,,,,,,,,,,,,,,,,,,,
33834,11:54:00,,,,,,,,,,,,,,,,,,,,,,,,,
33835,11:55:00,,,,,,,,,,,,,,,,,,,,,,,,,
33836,11:56:00,,,,,,,,,,,,,,,,,,,,,,,,,
33837,11:57:00,,,,,,,,,,,,,,,,,,,,,,,,,
33838,11:58:00,,,,,,,,,,,,,,,,,,,,,,,,,
33839,11:59:00,,,,,,,,,,,,,,,,,,,,,,,,,
33840,12:00:00,,,,,,,,,,,,,,,,,,,,,,,,,
33841,12:01:00,,,,,,,,,,,,,,,,,,,,,,,,,
33842,12:02:00,,,,,,,,,,,,,,,,,,,,,,,,,
33843,12:03:00,,,,,,,,,,,,,,,,,,,,,,,,,
33844,12:04:00,,,,,,,,,,,,,,,,,,,,,,,,,
33845,12:05:00,,,,,,,,,,,,,,,,,,,,,,,,,
33846,12:06:00,,,,,,,,,,,,,,,,,,,,,,,,,
33847,12:07:00,,,,,,,,,,,,,,,,,,,,,,,,,
33848,12:08:00,,,,,,,,,,,,,,,,,,,,,,,,,
33849,12:09:00,,,,,,,,,,,,,,,,,,,,,,,,,
33850,12:10:00,,,,,,,,,,,,,,,,,,,,,,,,,
33851,12:11:00,,,,,,,,,,,,,,,,,,,,,,,,,
33852,12:12:00,,,,,,,,,,,,,,,,,,,,,,,,,
33853,12:13:00,,,,,,,,,,,,,,,,,,,,,,,,,
33854,12:14:00,,,,,,,,,,,,,,,,,,,,,,,,,
33855,12:15:00,,,,,,,,,,,,,,,,,,,,,,,,,
33856,12:16:00,,,,,,,,,,,,,,,,,,,,,,,,,
33857,12:17:00,,,,,,,,,,,,,,,,,,,,,,,,,
33858,12:18:00,,,,,,,,,,,,,,,,,,,,,,,,,
33859,12:19:00,,,,,,,,,,,,,,,,,,,,,,,,,
33860,12:20:00,,,,,,,,,,,,,,,,,,,,,,,,,
33861,12:21:00,,,,,,,,,,,,,,,,,,,,,,,,,
33862,12:22:00,,,,,,,,,,,,,,,,,,,,,,,,,
33863,12:23:00,,,,,,,,,,,,,,,,,,,,,,,,,
33864,12:24:00,,,,,,,,,,,,,,,,,,,,,,,,,
33865,12:25:00,,,,,,,,,,,,,,,,,,,,,,,,,
33866,12:26:00,,,,,,,,,,,,,,,,,,,,,,,,,
33867,12:27:00,,,,,,,,,,,,,,,,,,,,,,,,,
33868,12:28:00,,,,,,,,,,,,,,,,,,,,,,,,,
33869,12:29:00,,,,,,,,,,,,,,,,,,,,,,,,,
33870,12:30:00,,,,,,,,,,,,,,,,,,,,,,,,,
33871,12:31:00,,,,,,,,,,,,,,,,,,,,,,,,,
33872,12:32:00,,,,,,,,,,,,,,,,,,,,,,,,,
33873,12:33:00,,,,,,,,,,,,,,,,,,,,,,,,,
33874,12:34:00,,,,,,,,,,,,,,,,,,,,,,,,,
33875,12:35:00,,,,,,,,,,,,,,,,,,,,,,,,,
33876,12:36:00,,,,,,,,,,,,,,,,,,,,,,,,,
33877,12:37:00,,,,,,,,,,,,,,,,,,,,,,,,,
33878,12:38:00,,,,,,,,,,,,,,,,,,,,,,,,,
33879,12:39:00,,,,,,,,,,,,,,,,,,,,,,,,,
33880,12:40:00,,,,,,,,,,,,,,,,,,,,,,,,,
33881,12:41:00,,,,,,,,,,,,,,,,,,,,,,,,,
33882,12:42:00,,,,,,,,,,,,,,,,,,,,,,,,,
33883,12:43:00,,,,,,,,,,,,,,,,,,,,,,,,,
33884,12:44:00,,,,,,,,,,,,,,,,,,,,,,,,,
33885,12:45:00,,,,,,,,,,,,,,,,,,,,,,,,,
33886,12:46:00,,,,,,,,,,,,,,,,,,,,,,,,,
33887,12:47:00,,,,,,,,,,,,,,,,,,,,,,,,,
33888,12:48:00,,,,,,,,,,,,,,,,,,,,,,,,,
33889,12:49:00,,,,,,,,,,,,,,,,,,,,,,,,,
33890,12:50:00,,,,,,,,,,,,,,,,,,,,,,,,,
33891,12:51:00,,,,,,,,,,,,,,,,,,,,,,,,,
33892,12:52:00,,,,,,,,,,,,,,,,,,,,,,,,,
33893,12:53:00,,,,,,,,,,,,,,,,,,,,,,,,,
33894,12:54:00,,,,,,,,,,,,,,,,,,,,,,,,,
33895,12:55:00,,,,,,,,,,,,,,,,,,,,,,,,,
33896,12:56:00,,,,,,,,,,,,,,,,,,,,,,,,,
33897,12:57:00,,,,,,,,,,,,,,,,,,,,,,,,,
33898,12:58:00,,,,,,,,,,,,,,,,,,,,,,,,,
33899,12:59:00,,,,,,,,,,,,,,,,,,,,,,,,,
33900,13:00:00,,,,,,,,,,,,,,,,,,,,,,,,,
33901,13:01:00,,,,,,,,,,,,,,,,,,,,,,,,,
33902,13:02:00,,,,,,,,,,,,,,,,,,,,,,,,,
33903,13:03:00,,,,,,,,,,,,,,,,,,,,,,,,,
33904,13:04:00,,,,,,,,,,,,,,,,,,,,,,,,,
33905,13:05:00,,,,,,,,,,,,,,,,,,,,,,,,,
33906,13:06:00,,,,,,,,,,,,,,,,,,,,,,,,,
33907,13:07:00,,,,,,,,,,,,,,,,,,,,,,,,,
33908,13:08:00,,,,,,,,,,,,,,,,,,,,,,,,,
33909,13:09:00,,,,,,,,,,,,,,,,,,,,,,,,,
33910,13:10:00,,,,,,,,,,,,,,,,,,,,,,,,,
33911,13:11:00,,,,,,,,,,,,,,,,,,,,,,,,,
33912,13:12:00,,,,,,,,,,,,,,,,,,,,,,,,,
33913,13:13:00,,,,,,,,,,,,,,,,,,,,,,,,,
33914,13:14:00,,,,,,,,,,,,,,,,,,,,,,,,,
33915,13:15:00,,,,,,,,,,,,,,,,,,,,,,,,,
33916,13:16:00,,,,,,,,,,,,,,,,,,,,,,,,,
33917,13:17:00,,,,,,,,,,,,,,,,,,,,,,,,,
33918,13:18:00,,,,,,,,,,,,,,,,,,,,,,,,,
33919,13:19:00,,,,,,,,,,,,,,,,,,,,,,,,,
33920,13:20:00,,,,,,,,,,,,,,,,,,,,,,,,,
33921,13:21:00,,,,,,,,,,,,,,,,,,,,,,,,,
33922,13:22:00,,,,,,,,,,,,,,,,,,,,,,,,,
33923,13:23:00,,,,,,,,,,,,,,,,,,,,,,,,,
33924,13:24:00,,,,,,,,,,,,,,,,,,,,,,,,,
33925,13:25:00,,,,,,,,,,,,,,,,,,,,,,,,,
33926,13:26:00,,,,,,,,,,,,,,,,,,,,,,,,,
33927,13:27:00,,,,,,,,,,,,,,,,,,,,,,,,,
33928,13:28:00,,,,,,,,,,,,,,,,,,,,,,,,,
33929,13:29:00,,,,,,,,,,,,,,,,,,,,,,,,,
33930,13:30:00,,,,,,,,,,,,,,,,,,,,,,,,,
33931,13:31:00,,,,,,,,,,,,,,,,,,,,,,,,,
33932,13:32:00,,,,,,,,,,,,,,,,,,,,,,,,,
33933,13:33:00,,,,,,,,,,,,,,,,,,,,,,,,,
33934,13:34:00,,,,,,,,,,,,,,,,,,,,,,,,,
33935,13:35:00,,,,,,,,,,,,,,,,,,,,,,,,,
33936,13:36:00,,,,,,,,,,,,,,,,,,,,,,,,,
33937,13:37:00,,,,,,,,,,,,,,,,,,,,,,,,,
33938,13:38:00,,,,,,,,,,,,,,,,,,,,,,,,,
33939,13:39:00,,,,,,,,,,,,,,,,,,,,,,,,,
33940,13:40:00,,,,,,,,,,,,,,,,,,,,,,,,,
33941,13:41:00,,,,,,,,,,,,,,,,,,,,,,,,,
33942,13:42:00,,,,,,,,,,,,,,,,,,,,,,,,,
33943,13:43:00,,,,,,,,,,,,,,,,,,,,,,,,,
33944,13:44:00,,,,,,,,,,,,,,,,,,,,,,,,,
33945,13:45:00,,,,,,,,,,,,,,,,,,,,,,,,,
33946,13:46:00,,,,,,,,,,,,,,,,,,,,,,,,,
33947,13:47:00,,,,,,,,,,,,,,,,,,,,,,,,,
33948,13:48:00,,,,,,,,,,,,,,,,,,,,,,,,,
33949,13:49:00,,,,,,,,,,,,,,,,,,,,,,,,,
33950,13:50:00,,,,,,,,,,,,,,,,,,,,,,,,,
33951,13:51:00,,,,,,,,,,,,,,,,,,,,,,,,,
33952,13:52:00,,,,,,,,,,,,,,,,,,,,,,,,,
33953,13:53:00,,,,,,,,,,,,,,,,,,,,,,,,,
33954,13:54:00,,,,,,,,,,,,,,,,,,,,,,,,,
33955,13:55:00,,,,,,,,,,,,,,,,,,,,,,,,,
33956,13:56:00,,,,,,,,,,,,,,,,,,,,,,,,,
33957,13:57:00,,,,,,,,,,,,,,,,,,,,,,,,,
33958,13:58:00,,,,,,,,,,,,,,,,,,,,,,,,,
33959,13:59:00,,,,,,,,,,,,,,,,,,,,,,,,,
33960,14:00:00,,,,,,,,,,,,,,,,,,,,,,,,,
33961,14:01:00,,,,,,,,,,,,,,,,,,,,,,,,,
33962,14:02:00,,,,,,,,,,,,,,,,,,,,,,,,,
33963,14:03:00,,,,,,,,,,,,,,,,,,,,,,,,,
33964,14:04:00,,,,,,,,,,,,,,,,,,,,,,,,,
33965,14:05:00,,,,,,,,,,,,,,,,,,,,,,,,,
33966,14:06:00,,,,,,,,,,,,,,,,,,,,,,,,,
33967,14:07:00,,,,,,,,,,,,,,,,,,,,,,,,,
33968,14:08:00,,,,,,,,,,,,,,,,,,,,,,,,,
33969,14:09:00,,,,,,,,,,,,,,,,,,,,,,,,,
33970,14:10:00,,,,,,,,,,,,,,,,,,,,,,,,,
33971,14:11:00,,,,,,,,,,,,,,,,,,,,,,,,,
33972,14:12:00,,,,,,,,,,,,,,,,,,,,,,,,,
33973,14:13:00,,,,,,,,,,,,,,,,,,,,,,,,,
33974,14:14:00,,,,,,,,,,,,,,,,,,,,,,,,,
33975,14:15:00,,,,,,,,,,,,,,,,,,,,,,,,,
33976,14:16:00,,,,,,,,,,,,,,,,,,,,,,,,,
33977,14:17:00,,,,,,,,,,,,,,,,,,,,,,,,,
33978,14:18:00,,,,,,,,,,,,,,,,,,,,,,,,,
33979,14:19:00,,,,,,,,,,,,,,,,,,,,,,,,,
33980,14:20:00,,,,,,,,,,,,,,,,,,,,,,,,,
33981,14:21:00,,,,,,,,,,,,,,,,,,,,,,,,,
33982,14:22:00,,,,,,,,,,,,,,,,,,,,,,,,,
33983,14:23:00,,,,,,,,,,,,,,,,,,,,,,,,,
33984,14:24:00,,,,,,,,,,,,,,,,,,,,,,,,,
33985,14:25:00,,,,,,,,,,,,,,,,,,,,,,,,,
33986,14:26:00,,,,,,,,,,,,,,,,,,,,,,,,,
33987,14:27:00,,,,,,,,,,,,,,,,,,,,,,,,,
33988,14:28:00,,,,,,,,,,,,,,,,,,,,,,,,,
33989,14:29:00,,,,,,,,,,,,,,,,,,,,,,,,,
33990,14:30:00,,,,,,,,,,,,,,,,,,,,,,,,,
33991,14:31:00,,,,,,,,,,,,,,,,,,,,,,,,,
33992,14:32:00,,,,,,,,,,,,,,,,,,,,,,,,,
33993,14:33:00,,,,,,,,,,,,,,,,,,,,,,,,,
33994,14:34:00,,,,,,,,,,,,,,,,,,,,,,,,,
33995,14:35:00,,,,,,,,,,,,,,,,,,,,,,,,,
33996,14:36:00,,,,,,,,,,,,,,,,,,,,,,,,,
33997,14:37:00,,,,,,,,,,,,,,,,,,,,,,,,,
33998,14:38:00,,,,,,,,,,,,,,,,,,,,,,,,,
33999,14:39:00,,,,,,,,,,,,,,,,,,,,,,,,,
34000,14:40:00,,,,,,,,,,,,,,,,,,,,,,,,,
34001,14:41:00,,,,,,,,,,,,,,,,,,,,,,,,,
34002,14:42:00,,,,,,,,,,,,,,,,,,,,,,,,,
34003,14:43:00,,,,,,,,,,,,,,,,,,,,,,,,,
34004,14:44:00,,,,,,,,,,,,,,,,,,,,,,,,,
34005,14:45:00,,,,,,,,,,,,,,,,,,,,,,,,,
34006,14:46:00,,,,,,,,,,,,,,,,,,,,,,,,,
34007,14:47:00,,,,,,,,,,,,,,,,,,,,,,,,,
34008,14:48:00,,,,,,,,,,,,,,,,,,,,,,,,,
34009,14:49:00,,,,,,,,,,,,,,,,,,,,,,,,,
34010,14:50:00,,,,,,,,,,,,,,,,,,,,,,,,,
34011,14:51:00,,,,,,,,,,,,,,,,,,,,,,,,,
34012,14:52:00,,,,,,,,,,,,,,,,,,,,,,,,,
34013,14:53:00,,,,,,,,,,,,,,,,,,,,,,,,,
34014,14:54:00,,,,,,,,,,,,,,,,,,,,,,,,,
34015,14:55:00,,,,,,,,,,,,,,,,,,,,,,,,,
34016,14:56:00,,,,,,,,,,,,,,,,,,,,,,,,,
34017,14:57:00,,,,,,,,,,,,,,,,,,,,,,,,,
34018,14:58:00,,,,,,,,,,,,,,,,,,,,,,,,,
34019,14:59:00,,,,,,,,,,,,,,,,,,,,,,,,,
34020,15:00:00,,,,,,,,,,,,,,,,,,,,,,,,,
34021,15:01:00,,,,,,,,,,,,,,,,,,,,,,,,,
34022,15:02:00,,,,,,,,,,,,,,,,,,,,,,,,,
34023,15:03:00,,,,,,,,,,,,,,,,,,,,,,,,,
34024,15:04:00,,,,,,,,,,,,,,,,,,,,,,,,,
34025,15:05:00,,,,,,,,,,,,,,,,,,,,,,,,,
34026,15:06:00,,,,,,,,,,,,,,,,,,,,,,,,,
34027,15:07:00,,,,,,,,,,,,,,,,,,,,,,,,,
34028,15:08:00,,,,,,,,,,,,,,,,,,,,,,,,,
34029,15:09:00,,,,,,,,,,,,,,,,,,,,,,,,,
34030,15:10:00,,,,,,,,,,,,,,,,,,,,,,,,,
34031,15:11:00,,,,,,,,,,,,,,,,,,,,,,,,,
34032,15:12:00,,,,,,,,,,,,,,,,,,,,,,,,,
34033,15:13:00,,,,,,,,,,,,,,,,,,,,,,,,,
34034,15:14:00,,,,,,,,,,,,,,,,,,,,,,,,,
34035,15:15:00,,,,,,,,,,,,,,,,,,,,,,,,,
34036,15:16:00,,,,,,,,,,,,,,,,,,,,,,,,,
34037,15:17:00,,,,,,,,,,,,,,,,,,,,,,,,,
34038,15:18:00,,,,,,,,,,,,,,,,,,,,,,,,,
34039,15:19:00,,,,,,,,,,,,,,,,,,,,,,,,,
34040,15:20:00,,,,,,,,,,,,,,,,,,,,,,,,,
34041,15:21:00,,,,,,,,,,,,,,,,,,,,,,,,,
34042,15:22:00,,,,,,,,,,,,,,,,,,,,,,,,,
34043,15:23:00,,,,,,,,,,,,,,,,,,,,,,,,,
34044,15:24:00,,,,,,,,,,,,,,,,,,,,,,,,,
34045,15:25:00,,,,,,,,,,,,,,,,,,,,,,,,,
34046,15:26:00,,,,,,,,,,,,,,,,,,,,,,,,,
34047,15:27:00,,,,,,,,,,,,,,,,,,,,,,,,,
34048,15:28:00,,,,,,,,,,,,,,,,,,,,,,,,,
34049,15:29:00,,,,,,,,,,,,,,,,,,,,,,,,,
34050,15:30:00,,,,,,,,,,,,,,,,,,,,,,,,,
34051,15:31:00,,,,,,,,,,,,,,,,,,,,,,,,,
34052,15:32:00,,,,,,,,,,,,,,,,,,,,,,,,,
34053,15:33:00,,,,,,,,,,,,,,,,,,,,,,,,,
34054,15:34:00,,,,,,,,,,,,,,,,,,,,,,,,,
34055,15:35:00,,,,,,,,,,,,,,,,,,,,,,,,,
34056,15:36:00,,,,,,,,,,,,,,,,,,,,,,,,,
34057,15:37:00,,,,,,,,,,,,,,,,,,,,,,,,,
34058,15:38:00,,,,,,,,,,,,,,,,,,,,,,,,,
34059,15:39:00,,,,,,,,,,,,,,,,,,,,,,,,,
34060,15:40:00,,,,,,,,,,,,,,,,,,,,,,,,,
34061,15:41:00,,,,,,,,,,,,,,,,,,,,,,,,,
34062,15:42:00,,,,,,,,,,,,,,,,,,,,,,,,,
34063,15:43:00,,,,,,,,,,,,,,,,,,,,,,,,,
34064,15:44:00,,,,,,,,,,,,,,,,,,,,,,,,,
34065,15:45:00,,,,,,,,,,,,,,,,,,,,,,,,,
34066,15:46:00,,,,,,,,,,,,,,,,,,,,,,,,,
34067,15:47:00,,,,,,,,,,,,,,,,,,,,,,,,,
34068,15:48:00,,,,,,,,,,,,,,,,,,,,,,,,,
34069,15:49:00,,,,,,,,,,,,,,,,,,,,,,,,,
34070,15:50:00,,,,,,,,,,,,,,,,,,,,,,,,,
34071,15:51:00,,,,,,,,,,,,,,,,,,,,,,,,,
34072,15:52:00,,,,,,,,,,,,,,,,,,,,,,,,,
34073,15:53:00,,,,,,,,,,,,,,,,,,,,,,,,,
34074,15:54:00,,,,,,,,,,,,,,,,,,,,,,,,,
34075,15:55:00,,,,,,,,,,,,,,,,,,,,,,,,,
34076,15:56:00,,,,,,,,,,,,,,,,,,,,,,,,,
34077,15:57:00,,,,,,,,,,,,,,,,,,,,,,,,,
34078,15:58:00,,,,,,,,,,,,,,,,,,,,,,,,,
34079,15:59:00,,,,,,,,,,,,,,,,,,,,,,,,,
34080,16:00:00,,,,,,,,,,,,,,,,,,,,,,,,,
34081,16:01:00,,,,,,,,,,,,,,,,,,,,,,,,,
34082,16:02:00,,,,,,,,,,,,,,,,,,,,,,,,,
34083,16:03:00,,,,,,,,,,,,,,,,,,,,,,,,,
34084,16:04:00,,,,,,,,,,,,,,,,,,,,,,,,,
34085,16:05:00,,,,,,,,,,,,,,,,,,,,,,,,,
34086,16:06:00,,,,,,,,,,,,,,,,,,,,,,,,,
34087,16:07:00,,,,,,,,,,,,,,,,,,,,,,,,,
34088,16:08:00,,,,,,,,,,,,,,,,,,,,,,,,,
34089,16:09:00,,,,,,,,,,,,,,,,,,,,,,,,,
34090,16:10:00,,,,,,,,,,,,,,,,,,,,,,,,,
34091,16:11:00,,,,,,,,,,,,,,,,,,,,,,,,,
34092,16:12:00,,,,,,,,,,,,,,,,,,,,,,,,,
34093,16:13:00,,,,,,,,,,,,,,,,,,,,,,,,,
34094,16:14:00,,,,,,,,,,,,,,,,,,,,,,,,,
34095,16:15:00,,,,,,,,,,,,,,,,,,,,,,,,,
34096,16:16:00,,,,,,,,,,,,,,,,,,,,,,,,,
34097,16:17:00,,,,,,,,,,,,,,,,,,,,,,,,,
34098,16:18:00,,,,,,,,,,,,,,,,,,,,,,,,,
34099,16:19:00,,,,,,,,,,,,,,,,,,,,,,,,,
34100,16:20:00,,,,,,,,,,,,,,,,,,,,,,,,,
34101,16:21:00,,,,,,,,,,,,,,,,,,,,,,,,,
34102,16:22:00,,,,,,,,,,,,,,,,,,,,,,,,,
34103,16:23:00,,,,,,,,,,,,,,,,,,,,,,,,,
34104,16:24:00,,,,,,,,,,,,,,,,,,,,,,,,,
34105,16:25:00,,,,,,,,,,,,,,,,,,,,,,,,,
34106,16:26:00,,,,,,,,,,,,,,,,,,,,,,,,,
34107,16:27:00,,,,,,,,,,,,,,,,,,,,,,,,,
34108,16:28:00,,,,,,,,,,,,,,,,,,,,,,,,,
34109,16:29:00,,,,,,,,,,,,,,,,,,,,,,,,,
34110,16:30:00,,,,,,,,,,,,,,,,,,,,,,,,,
34111,16:31:00,,,,,,,,,,,,,,,,,,,,,,,,,
34112,16:32:00,,,,,,,,,,,,,,,,,,,,,,,,,
34113,16:33:00,,,,,,,,,,,,,,,,,,,,,,,,,
34114,16:34:00,,,,,,,,,,,,,,,,,,,,,,,,,
34115,16:35:00,,,,,,,,,,,,,,,,,,,,,,,,,
34116,16:36:00,,,,,,,,,,,,,,,,,,,,,,,,,
34117,16:37:00,,,,,,,,,,,,,,,,,,,,,,,,,
34118,16:38:00,,,,,,,,,,,,,,,,,,,,,,,,,
34119,16:39:00,,,,,,,,,,,,,,,,,,,,,,,,,
34120,16:40:00,,,,,,,,,,,,,,,,,,,,,,,,,
34121,16:41:00,,,,,,,,,,,,,,,,,,,,,,,,,
34122,16:42:00,,,,,,,,,,,,,,,,,,,,,,,,,
34123,16:43:00,,,,,,,,,,,,,,,,,,,,,,,,,
34124,16:44:00,,,,,,,,,,,,,,,,,,,,,,,,,
34125,16:45:00,,,,,,,,,,,,,,,,,,,,,,,,,
34126,16:46:00,,,,,,,,,,,,,,,,,,,,,,,,,
34127,16:47:00,,,,,,,,,,,,,,,,,,,,,,,,,
34128,16:48:00,,,,,,,,,,,,,,,,,,,,,,,,,
34129,16:49:00,,,,,,,,,,,,,,,,,,,,,,,,,
34130,16:50:00,,,,,,,,,,,,,,,,,,,,,,,,,
34131,16:51:00,,,,,,,,,,,,,,,,,,,,,,,,,
34132,16:52:00,,,,,,,,,,,,,,,,,,,,,,,,,
34133,16:53:00,,,,,,,,,,,,,,,,,,,,,,,,,
34134,16:54:00,,,,,,,,,,,,,,,,,,,,,,,,,
34135,16:55:00,,,,,,,,,,,,,,,,,,,,,,,,,
34136,16:56:00,,,,,,,,,,,,,,,,,,,,,,,,,
34137,16:57:00,,,,,,,,,,,,,,,,,,,,,,,,,
34138,16:58:00,,,,,,,,,,,,,,,,,,,,,,,,,
34139,16:59:00,,,,,,,,,,,,,,,,,,,,,,,,,
34140,17:00:00,,,,,,,,,,,,,,,,,,,,,,,,,
34141,17:01:00,,,,,,,,,,,,,,,,,,,,,,,,,
34142,17:02:00,,,,,,,,,,,,,,,,,,,,,,,,,
34143,17:03:00,,,,,,,,,,,,,,,,,,,,,,,,,
34144,17:04:00,,,,,,,,,,,,,,,,,,,,,,,,,
34145,17:05:00,,,,,,,,,,,,,,,,,,,,,,,,,
34146,17:06:00,,,,,,,,,,,,,,,,,,,,,,,,,
34147,17:07:00,,,,,,,,,,,,,,,,,,,,,,,,,
34148,17:08:00,,,,,,,,,,,,,,,,,,,,,,,,,
34149,17:09:00,,,,,,,,,,,,,,,,,,,,,,,,,
34150,17:10:00,,,,,,,,,,,,,,,,,,,,,,,,,
34151,17:11:00,,,,,,,,,,,,,,,,,,,,,,,,,
34152,17:12:00,,,,,,,,,,,,,,,,,,,,,,,,,
34153,17:13:00,,,,,,,,,,,,,,,,,,,,,,,,,
34154,17:14:00,,,,,,,,,,,,,,,,,,,,,,,,,
34155,17:15:00,,,,,,,,,,,,,,,,,,,,,,,,,
34156,17:16:00,,,,,,,,,,,,,,,,,,,,,,,,,
34157,17:17:00,,,,,,,,,,,,,,,,,,,,,,,,,
34158,17:18:00,,,,,,,,,,,,,,,,,,,,,,,,,
34159,17:19:00,,,,,,,,,,,,,,,,,,,,,,,,,
34160,17:20:00,,,,,,,,,,,,,,,,,,,,,,,,,
34161,17:21:00,,,,,,,,,,,,,,,,,,,,,,,,,
34162,17:22:00,,,,,,,,,,,,,,,,,,,,,,,,,
34163,17:23:00,,,,,,,,,,,,,,,,,,,,,,,,,
34164,17:24:00,,,,,,,,,,,,,,,,,,,,,,,,,
34165,17:25:00,,,,,,,,,,,,,,,,,,,,,,,,,
34166,17:26:00,,,,,,,,,,,,,,,,,,,,,,,,,
34167,17:27:00,,,,,,,,,,,,,,,,,,,,,,,,,
34168,17:28:00,,,,,,,,,,,,,,,,,,,,,,,,,
34169,17:29:00,,,,,,,,,,,,,,,,,,,,,,,,,
34170,17:30:00,,,,,,,,,,,,,,,,,,,,,,,,,
34171,17:31:00,,,,,,,,,,,,,,,,,,,,,,,,,
34172,17:32:00,,,,,,,,,,,,,,,,,,,,,,,,,
34173,17:33:00,,,,,,,,,,,,,,,,,,,,,,,,,
34174,17:34:00,,,,,,,,,,,,,,,,,,,,,,,,,
34175,17:35:00,,,,,,,,,,,,,,,,,,,,,,,,,
34176,17:36:00,,,,,,,,,,,,,,,,,,,,,,,,,
34177,17:37:00,,,,,,,,,,,,,,,,,,,,,,,,,
34178,17:38:00,,,,,,,,,,,,,,,,,,,,,,,,,
34179,17:39:00,,,,,,,,,,,,,,,,,,,,,,,,,
34180,17:40:00,,,,,,,,,,,,,,,,,,,,,,,,,
34181,17:41:00,,,,,,,,,,,,,,,,,,,,,,,,,
34182,17:42:00,,,,,,,,,,,,,,,,,,,,,,,,,
34183,17:43:00,,,,,,,,,,,,,,,,,,,,,,,,,
34184,17:44:00,,,,,,,,,,,,,,,,,,,,,,,,,
34185,17:45:00,,,,,,,,,,,,,,,,,,,,,,,,,
34186,17:46:00,,,,,,,,,,,,,,,,,,,,,,,,,
34187,17:47:00,,,,,,,,,,,,,,,,,,,,,,,,,
34188,17:48:00,,,,,,,,,,,,,,,,,,,,,,,,,
34189,17:49:00,,,,,,,,,,,,,,,,,,,,,,,,,
34190,17:50:00,,,,,,,,,,,,,,,,,,,,,,,,,
34191,17:51:00,,,,,,,,,,,,,,,,,,,,,,,,,
34192,17:52:00,,,,,,,,,,,,,,,,,,,,,,,,,
34193,17:53:00,,,,,,,,,,,,,,,,,,,,,,,,,
34194,17:54:00,,,,,,,,,,,,,,,,,,,,,,,,,
34195,17:55:00,,,,,,,,,,,,,,,,,,,,,,,,,
34196,17:56:00,,,,,,,,,,,,,,,,,,,,,,,,,
34197,17:57:00,,,,,,,,,,,,,,,,,,,,,,,,,
34198,17:58:00,,,,,,,,,,,,,,,,,,,,,,,,,
34199,17:59:00,,,,,,,,,,,,,,,,,,,,,,,,,
34200,18:00:00,,,,,,,,,,,,,,,,,,,,,,,,,
34201,18:01:00,,,,,,,,,,,,,,,,,,,,,,,,,
34202,18:02:00,,,,,,,,,,,,,,,,,,,,,,,,,
34203,18:03:00,,,,,,,,,,,,,,,,,,,,,,,,,
34204,18:04:00,,,,,,,,,,,,,,,,,,,,,,,,,
34205,18:05:00,,,,,,,,,,,,,,,,,,,,,,,,,
34206,18:06:00,,,,,,,,,,,,,,,,,,,,,,,,,
34207,18:07:00,,,,,,,,,,,,,,,,,,,,,,,,,
34208,18:08:00,,,,,,,,,,,,,,,,,,,,,,,,,
34209,18:09:00,,,,,,,,,,,,,,,,,,,,,,,,,
34210,18:10:00,,,,,,,,,,,,,,,,,,,,,,,,,
34211,18:11:00,,,,,,,,,,,,,,,,,,,,,,,,,
34212,18:12:00,,,,,,,,,,,,,,,,,,,,,,,,,
34213,18:13:00,,,,,,,,,,,,,,,,,,,,,,,,,
34214,18:14:00,,,,,,,,,,,,,,,,,,,,,,,,,
34215,18:15:00,,,,,,,,,,,,,,,,,,,,,,,,,
34216,18:16:00,,,,,,,,,,,,,,,,,,,,,,,,,
34217,18:17:00,,,,,,,,,,,,,,,,,,,,,,,,,
34218,18:18:00,,,,,,,,,,,,,,,,,,,,,,,,,
34219,18:19:00,,,,,,,,,,,,,,,,,,,,,,,,,
34220,18:20:00,,,,,,,,,,,,,,,,,,,,,,,,,
34221,18:21:00,,,,,,,,,,,,,,,,,,,,,,,,,
34222,18:22:00,,,,,,,,,,,,,,,,,,,,,,,,,
34223,18:23:00,,,,,,,,,,,,,,,,,,,,,,,,,
34224,18:24:00,,,,,,,,,,,,,,,,,,,,,,,,,
34225,18:25:00,,,,,,,,,,,,,,,,,,,,,,,,,
34226,18:26:00,,,,,,,,,,,,,,,,,,,,,,,,,
34227,18:27:00,,,,,,,,,,,,,,,,,,,,,,,,,
34228,18:28:00,,,,,,,,,,,,,,,,,,,,,,,,,
34229,18:29:00,,,,,,,,,,,,,,,,,,,,,,,,,
34230,18:30:00,,,,,,,,,,,,,,,,,,,,,,,,,
34231,18:31:00,,,,,,,,,,,,,,,,,,,,,,,,,
34232,18:32:00,,,,,,,,,,,,,,,,,,,,,,,,,
34233,18:33:00,,,,,,,,,,,,,,,,,,,,,,,,,
34234,18:34:00,,,,,,,,,,,,,,,,,,,,,,,,,
34235,18:35:00,,,,,,,,,,,,,,,,,,,,,,,,,
34236,18:36:00,,,,,,,,,,,,,,,,,,,,,,,,,
34237,18:37:00,,,,,,,,,,,,,,,,,,,,,,,,,
34238,18:38:00,,,,,,,,,,,,,,,,,,,,,,,,,
34239,18:39:00,,,,,,,,,,,,,,,,,,,,,,,,,
34240,18:40:00,,,,,,,,,,,,,,,,,,,,,,,,,
34241,18:41:00,,,,,,,,,,,,,,,,,,,,,,,,,
34242,18:42:00,,,,,,,,,,,,,,,,,,,,,,,,,
34243,18:43:00,,,,,,,,,,,,,,,,,,,,,,,,,
34244,18:44:00,,,,,,,,,,,,,,,,,,,,,,,,,
34245,18:45:00,,,,,,,,,,,,,,,,,,,,,,,,,
34246,18:46:00,,,,,,,,,,,,,,,,,,,,,,,,,
34247,18:47:00,,,,,,,,,,,,,,,,,,,,,,,,,
34248,18:48:00,,,,,,,,,,,,,,,,,,,,,,,,,
34249,18:49:00,,,,,,,,,,,,,,,,,,,,,,,,,
34250,18:50:00,,,,,,,,,,,,,,,,,,,,,,,,,
34251,18:51:00,,,,,,,,,,,,,,,,,,,,,,,,,
34252,18:52:00,,,,,,,,,,,,,,,,,,,,,,,,,
34253,18:53:00,,,,,,,,,,,,,,,,,,,,,,,,,
34254,18:54:00,,,,,,,,,,,,,,,,,,,,,,,,,
34255,18:55:00,,,,,,,,,,,,,,,,,,,,,,,,,
34256,18:56:00,,,,,,,,,,,,,,,,,,,,,,,,,
34257,18:57:00,,,,,,,,,,,,,,,,,,,,,,,,,
34258,18:58:00,,,,,,,,,,,,,,,,,,,,,,,,,
34259,18:59:00,,,,,,,,,,,,,,,,,,,,,,,,,
34260,19:00:00,,,,,,,,,,,,,,,,,,,,,,,,,
34261,19:01:00,,,,,,,,,,,,,,,,,,,,,,,,,
34262,19:02:00,,,,,,,,,,,,,,,,,,,,,,,,,
34263,19:03:00,,,,,,,,,,,,,,,,,,,,,,,,,
34264,19:04:00,,,,,,,,,,,,,,,,,,,,,,,,,
34265,19:05:00,,,,,,,,,,,,,,,,,,,,,,,,,
34266,19:06:00,,,,,,,,,,,,,,,,,,,,,,,,,
34267,19:07:00,,,,,,,,,,,,,,,,,,,,,,,,,
34268,19:08:00,,,,,,,,,,,,,,,,,,,,,,,,,
34269,19:09:00,,,,,,,,,,,,,,,,,,,,,,,,,
34270,19:10:00,,,,,,,,,,,,,,,,,,,,,,,,,
34271,19:11:00,,,,,,,,,,,,,,,,,,,,,,,,,
34272,19:12:00,,,,,,,,,,,,,,,,,,,,,,,,,
34273,19:13:00,,,,,,,,,,,,,,,,,,,,,,,,,
34274,19:14:00,,,,,,,,,,,,,,,,,,,,,,,,,
34275,19:15:00,,,,,,,,,,,,,,,,,,,,,,,,,
34276,19:16:00,,,,,,,,,,,,,,,,,,,,,,,,,
34277,19:17:00,,,,,,,,,,,,,,,,,,,,,,,,,
34278,19:18:00,,,,,,,,,,,,,,,,,,,,,,,,,
34279,19:19:00,,,,,,,,,,,,,,,,,,,,,,,,,
34280,19:20:00,,,,,,,,,,,,,,,,,,,,,,,,,
34281,19:21:00,,,,,,,,,,,,,,,,,,,,,,,,,
34282,19:22:00,,,,,,,,,,,,,,,,,,,,,,,,,
34283,19:23:00,,,,,,,,,,,,,,,,,,,,,,,,,
34284,19:24:00,,,,,,,,,,,,,,,,,,,,,,,,,
34285,19:25:00,,,,,,,,,,,,,,,,,,,,,,,,,
34286,19:26:00,,,,,,,,,,,,,,,,,,,,,,,,,
34287,19:27:00,,,,,,,,,,,,,,,,,,,,,,,,,
34288,19:28:00,,,,,,,,,,,,,,,,,,,,,,,,,
34289,19:29:00,,,,,,,,,,,,,,,,,,,,,,,,,
34290,19:30:00,,,,,,,,,,,,,,,,,,,,,,,,,
34291,19:31:00,,,,,,,,,,,,,,,,,,,,,,,,,
34292,19:32:00,,,,,,,,,,,,,,,,,,,,,,,,,
34293,19:33:00,,,,,,,,,,,,,,,,,,,,,,,,,
34294,19:34:00,,,,,,,,,,,,,,,,,,,,,,,,,
34295,19:35:00,,,,,,,,,,,,,,,,,,,,,,,,,
34296,19:36:00,,,,,,,,,,,,,,,,,,,,,,,,,
34297,19:37:00,,,,,,,,,,,,,,,,,,,,,,,,,
34298,19:38:00,,,,,,,,,,,,,,,,,,,,,,,,,
34299,19:39:00,,,,,,,,,,,,,,,,,,,,,,,,,
34300,19:40:00,,,,,,,,,,,,,,,,,,,,,,,,,
34301,19:41:00,,,,,,,,,,,,,,,,,,,,,,,,,
34302,19:42:00,,,,,,,,,,,,,,,,,,,,,,,,,
34303,19:43:00,,,,,,,,,,,,,,,,,,,,,,,,,
34304,19:44:00,,,,,,,,,,,,,,,,,,,,,,,,,
34305,19:45:00,,,,,,,,,,,,,,,,,,,,,,,,,
34306,19:46:00,,,,,,,,,,,,,,,,,,,,,,,,,
34307,19:47:00,,,,,,,,,,,,,,,,,,,,,,,,,
34308,19:48:00,,,,,,,,,,,,,,,,,,,,,,,,,
34309,19:49:00,,,,,,,,,,,,,,,,,,,,,,,,,
34310,19:50:00,,,,,,,,,,,,,,,,,,,,,,,,,
34311,19:51:00,,,,,,,,,,,,,,,,,,,,,,,,,
34312,19:52:00,,,,,,,,,,,,,,,,,,,,,,,,,
34313,19:53:00,,,,,,,,,,,,,,,,,,,,,,,,,
34314,19:54:00,,,,,,,,,,,,,,,,,,,,,,,,,
34315,19:55:00,,,,,,,,,,,,,,,,,,,,,,,,,
34316,19:56:00,,,,,,,,,,,,,,,,,,,,,,,,,
34317,19:57:00,,,,,,,,,,,,,,,,,,,,,,,,,
34318,19:58:00,,,,,,,,,,,,,,,,,,,,,,,,,
34319,19:59:00,,,,,,,,,,,,,,,,,,,,,,,,,
34320,20:00:00,,,,,,,,,,,,,,,,,,,,,,,,,
34321,20:01:00,,,,,,,,,,,,,,,,,,,,,,,,,
34322,20:02:00,,,,,,,,,,,,,,,,,,,,,,,,,
34323,20:03:00,,,,,,,,,,,,,,,,,,,,,,,,,
34324,20:04:00,,,,,,,,,,,,,,,,,,,,,,,,,
34325,20:05:00,,,,,,,,,,,,,,,,,,,,,,,,,
34326,20:06:00,,,,,,,,,,,,,,,,,,,,,,,,,
34327,20:07:00,,,,,,,,,,,,,,,,,,,,,,,,,
34328,20:08:00,,,,,,,,,,,,,,,,,,,,,,,,,
34329,20:09:00,,,,,,,,,,,,,,,,,,,,,,,,,
34330,20:10:00,,,,,,,,,,,,,,,,,,,,,,,,,
34331,20:11:00,,,,,,,,,,,,,,,,,,,,,,,,,
34332,20:12:00,,,,,,,,,,,,,,,,,,,,,,,,,
34333,20:13:00,,,,,,,,,,,,,,,,,,,,,,,,,
34334,20:14:00,,,,,,,,,,,,,,,,,,,,,,,,,
34335,20:15:00,,,,,,,,,,,,,,,,,,,,,,,,,
34336,20:16:00,,,,,,,,,,,,,,,,,,,,,,,,,
34337,20:17:00,,,,,,,,,,,,,,,,,,,,,,,,,
34338,20:18:00,,,,,,,,,,,,,,,,,,,,,,,,,
34339,20:19:00,,,,,,,,,,,,,,,,,,,,,,,,,
34340,20:20:00,,,,,,,,,,,,,,,,,,,,,,,,,
34341,20:21:00,,,,,,,,,,,,,,,,,,,,,,,,,
34342,20:22:00,,,,,,,,,,,,,,,,,,,,,,,,,
34343,20:23:00,,,,,,,,,,,,,,,,,,,,,,,,,
34344,20:24:00,,,,,,,,,,,,,,,,,,,,,,,,,
34345,20:25:00,,,,,,,,,,,,,,,,,,,,,,,,,
34346,20:26:00,,,,,,,,,,,,,,,,,,,,,,,,,
34347,20:27:00,,,,,,,,,,,,,,,,,,,,,,,,,
34348,20:28:00,,,,,,,,,,,,,,,,,,,,,,,,,
34349,20:29:00,,,,,,,,,,,,,,,,,,,,,,,,,
34350,20:30:00,,,,,,,,,,,,,,,,,,,,,,,,,
34351,20:31:00,,,,,,,,,,,,,,,,,,,,,,,,,
34352,20:32:00,,,,,,,,,,,,,,,,,,,,,,,,,
34353,20:33:00,,,,,,,,,,,,,,,,,,,,,,,,,
34354,20:34:00,,,,,,,,,,,,,,,,,,,,,,,,,
34355,20:35:00,,,,,,,,,,,,,,,,,,,,,,,,,
34356,20:36:00,,,,,,,,,,,,,,,,,,,,,,,,,
34357,20:37:00,,,,,,,,,,,,,,,,,,,,,,,,,
34358,20:38:00,,,,,,,,,,,,,,,,,,,,,,,,,
34359,20:39:00,,,,,,,,,,,,,,,,,,,,,,,,,
34360,20:40:00,,,,,,,,,,,,,,,,,,,,,,,,,
34361,20:41:00,,,,,,,,,,,,,,,,,,,,,,,,,
34362,20:42:00,,,,,,,,,,,,,,,,,,,,,,,,,
34363,20:43:00,,,,,,,,,,,,,,,,,,,,,,,,,
34364,20:44:00,,,,,,,,,,,,,,,,,,,,,,,,,
34365,20:45:00,,,,,,,,,,,,,,,,,,,,,,,,,
34366,20:46:00,,,,,,,,,,,,,,,,,,,,,,,,,
34367,20:47:00,,,,,,,,,,,,,,,,,,,,,,,,,
34368,20:48:00,,,,,,,,,,,,,,,,,,,,,,,,,
34369,20:49:00,,,,,,,,,,,,,,,,,,,,,,,,,
34370,20:50:00,,,,,,,,,,,,,,,,,,,,,,,,,
34371,20:51:00,,,,,,,,,,,,,,,,,,,,,,,,,
34372,20:52:00,,,,,,,,,,,,,,,,,,,,,,,,,
34373,20:53:00,,,,,,,,,,,,,,,,,,,,,,,,,
34374,20:54:00,,,,,,,,,,,,,,,,,,,,,,,,,
34375,20:55:00,,,,,,,,,,,,,,,,,,,,,,,,,
34376,20:56:00,,,,,,,,,,,,,,,,,,,,,,,,,
34377,20:57:00,,,,,,,,,,,,,,,,,,,,,,,,,
34378,20:58:00,,,,,,,,,,,,,,,,,,,,,,,,,
34379,20:59:00,,,,,,,,,,,,,,,,,,,,,,,,,
34380,21:00:00,,,,,,,,,,,,,,,,,,,,,,,,,
34381,21:01:00,,,,,,,,,,,,,,,,,,,,,,,,,
34382,21:02:00,,,,,,,,,,,,,,,,,,,,,,,,,
34383,21:03:00,,,,,,,,,,,,,,,,,,,,,,,,,
34384,21:04:00,,,,,,,,,,,,,,,,,,,,,,,,,
34385,21:05:00,,,,,,,,,,,,,,,,,,,,,,,,,
34386,21:06:00,,,,,,,,,,,,,,,,,,,,,,,,,
34387,21:07:00,,,,,,,,,,,,,,,,,,,,,,,,,
34388,21:08:00,,,,,,,,,,,,,,,,,,,,,,,,,
34389,21:09:00,,,,,,,,,,,,,,,,,,,,,,,,,
34390,21:10:00,,,,,,,,,,,,,,,,,,,,,,,,,
34391,21:11:00,,,,,,,,,,,,,,,,,,,,,,,,,
34392,21:12:00,,,,,,,,,,,,,,,,,,,,,,,,,
34393,21:13:00,,,,,,,,,,,,,,,,,,,,,,,,,
34394,21:14:00,,,,,,,,,,,,,,,,,,,,,,,,,
34395,21:15:00,,,,,,,,,,,,,,,,,,,,,,,,,
34396,21:16:00,,,,,,,,,,,,,,,,,,,,,,,,,
34397,21:17:00,,,,,,,,,,,,,,,,,,,,,,,,,
34398,21:18:00,,,,,,,,,,,,,,,,,,,,,,,,,
34399,21:19:00,,,,,,,,,,,,,,,,,,,,,,,,,
34400,21:20:00,,,,,,,,,,,,,,,,,,,,,,,,,
34401,21:21:00,,,,,,,,,,,,,,,,,,,,,,,,,
34402,21:22:00,,,,,,,,,,,,,,,,,,,,,,,,,
34403,21:23:00,,,,,,,,,,,,,,,,,,,,,,,,,
34404,21:24:00,,,,,,,,,,,,,,,,,,,,,,,,,
34405,21:25:00,,,,,,,,,,,,,,,,,,,,,,,,,
34406,21:26:00,,,,,,,,,,,,,,,,,,,,,,,,,
34407,21:27:00,,,,,,,,,,,,,,,,,,,,,,,,,
34408,21:28:00,,,,,,,,,,,,,,,,,,,,,,,,,
34409,21:29:00,,,,,,,,,,,,,,,,,,,,,,,,,
34410,21:30:00,,,,,,,,,,,,,,,,,,,,,,,,,
34411,21:31:00,,,,,,,,,,,,,,,,,,,,,,,,,
34412,21:32:00,,,,,,,,,,,,,,,,,,,,,,,,,
34413,21:33:00,,,,,,,,,,,,,,,,,,,,,,,,,
34414,21:34:00,,,,,,,,,,,,,,,,,,,,,,,,,
34415,21:35:00,,,,,,,,,,,,,,,,,,,,,,,,,
34416,21:36:00,,,,,,,,,,,,,,,,,,,,,,,,,
34417,21:37:00,,,,,,,,,,,,,,,,,,,,,,,,,
34418,21:38:00,,,,,,,,,,,,,,,,,,,,,,,,,
34419,21:39:00,,,,,,,,,,,,,,,,,,,,,,,,,
34420,21:40:00,,,,,,,,,,,,,,,,,,,,,,,,,
34421,21:41:00,,,,,,,,,,,,,,,,,,,,,,,,,
34422,21:42:00,,,,,,,,,,,,,,,,,,,,,,,,,
34423,21:43:00,,,,,,,,,,,,,,,,,,,,,,,,,
34424,21:44:00,,,,,,,,,,,,,,,,,,,,,,,,,
34425,21:45:00,,,,,,,,,,,,,,,,,,,,,,,,,
34426,21:46:00,,,,,,,,,,,,,,,,,,,,,,,,,
34427,21:47:00,,,,,,,,,,,,,,,,,,,,,,,,,
34428,21:48:00,,,,,,,,,,,,,,,,,,,,,,,,,
34429,21:49:00,,,,,,,,,,,,,,,,,,,,,,,,,
34430,21:50:00,,,,,,,,,,,,,,,,,,,,,,,,,
34431,21:51:00,,,,,,,,,,,,,,,,,,,,,,,,,
34432,21:52:00,,,,,,,,,,,,,,,,,,,,,,,,,
34433,21:53:00,,,,,,,,,,,,,,,,,,,,,,,,,
34434,21:54:00,,,,,,,,,,,,,,,,,,,,,,,,,
34435,21:55:00,,,,,,,,,,,,,,,,,,,,,,,,,
34436,21:56:00,,,,,,,,,,,,,,,,,,,,,,,,,
34437,21:57:00,,,,,,,,,,,,,,,,,,,,,,,,,
34438,21:58:00,,,,,,,,,,,,,,,,,,,,,,,,,
34439,21:59:00,,,,,,,,,,,,,,,,,,,,,,,,,
34440,22:00:00,,,,,,,,,,,,,,,,,,,,,,,,,
34441,22:01:00,,,,,,,,,,,,,,,,,,,,,,,,,
34442,22:02:00,,,,,,,,,,,,,,,,,,,,,,,,,
34443,22:03:00,,,,,,,,,,,,,,,,,,,,,,,,,
34444,22:04:00,,,,,,,,,,,,,,,,,,,,,,,,,
34445,22:05:00,,,,,,,,,,,,,,,,,,,,,,,,,
34446,22:06:00,,,,,,,,,,,,,,,,,,,,,,,,,
34447,22:07:00,,,,,,,,,,,,,,,,,,,,,,,,,
34448,22:08:00,,,,,,,,,,,,,,,,,,,,,,,,,
34449,22:09:00,,,,,,,,,,,,,,,,,,,,,,,,,
34450,22:10:00,,,,,,,,,,,,,,,,,,,,,,,,,
34451,22:11:00,,,,,,,,,,,,,,,,,,,,,,,,,
34452,22:12:00,,,,,,,,,,,,,,,,,,,,,,,,,
34453,22:13:00,,,,,,,,,,,,,,,,,,,,,,,,,
34454,22:14:00,,,,,,,,,,,,,,,,,,,,,,,,,
34455,22:15:00,,,,,,,,,,,,,,,,,,,,,,,,,
34456,22:16:00,,,,,,,,,,,,,,,,,,,,,,,,,
34457,22:17:00,,,,,,,,,,,,,,,,,,,,,,,,,
34458,22:18:00,,,,,,,,,,,,,,,,,,,,,,,,,
34459,22:19:00,,,,,,,,,,,,,,,,,,,,,,,,,
34460,22:20:00,,,,,,,,,,,,,,,,,,,,,,,,,
34461,22:21:00,,,,,,,,,,,,,,,,,,,,,,,,,
34462,22:22:00,,,,,,,,,,,,,,,,,,,,,,,,,
34463,22:23:00,,,,,,,,,,,,,,,,,,,,,,,,,
34464,22:24:00,,,,,,,,,,,,,,,,,,,,,,,,,
34465,22:25:00,,,,,,,,,,,,,,,,,,,,,,,,,
34466,22:26:00,,,,,,,,,,,,,,,,,,,,,,,,,
34467,22:27:00,,,,,,,,,,,,,,,,,,,,,,,,,
34468,22:28:00,,,,,,,,,,,,,,,,,,,,,,,,,
34469,22:29:00,,,,,,,,,,,,,,,,,,,,,,,,,
34470,22:30:00,,,,,,,,,,,,,,,,,,,,,,,,,
34471,22:31:00,,,,,,,,,,,,,,,,,,,,,,,,,
34472,22:32:00,,,,,,,,,,,,,,,,,,,,,,,,,
34473,22:33:00,,,,,,,,,,,,,,,,,,,,,,,,,
34474,22:34:00,,,,,,,,,,,,,,,,,,,,,,,,,
34475,22:35:00,,,,,,,,,,,,,,,,,,,,,,,,,
34476,22:36:00,,,,,,,,,,,,,,,,,,,,,,,,,
34477,22:37:00,,,,,,,,,,,,,,,,,,,,,,,,,
34478,22:38:00,,,,,,,,,,,,,,,,,,,,,,,,,
34479,22:39:00,,,,,,,,,,,,,,,,,,,,,,,,,
34480,22:40:00,,,,,,,,,,,,,,,,,,,,,,,,,
34481,22:41:00,,,,,,,,,,,,,,,,,,,,,,,,,
34482,22:42:00,,,,,,,,,,,,,,,,,,,,,,,,,
34483,22:43:00,,,,,,,,,,,,,,,,,,,,,,,,,
34484,22:44:00,,,,,,,,,,,,,,,,,,,,,,,,,
34485,22:45:00,,,,,,,,,,,,,,,,,,,,,,,,,
34486,22:46:00,,,,,,,,,,,,,,,,,,,,,,,,,
34487,22:47:00,,,,,,,,,,,,,,,,,,,,,,,,,
34488,22:48:00,,,,,,,,,,,,,,,,,,,,,,,,,
34489,22:49:00,,,,,,,,,,,,,,,,,,,,,,,,,
34490,22:50:00,,,,,,,,,,,,,,,,,,,,,,,,,
34491,22:51:00,,,,,,,,,,,,,,,,,,,,,,,,,
34492,22:52:00,,,,,,,,,,,,,,,,,,,,,,,,,
34493,22:53:00,,,,,,,,,,,,,,,,,,,,,,,,,
34494,22:54:00,,,,,,,,,,,,,,,,,,,,,,,,,
34495,22:55:00,,,,,,,,,,,,,,,,,,,,,,,,,
34496,22:56:00,,,,,,,,,,,,,,,,,,,,,,,,,
34497,22:57:00,,,,,,,,,,,,,,,,,,,,,,,,,
34498,22:58:00,,,,,,,,,,,,,,,,,,,,,,,,,
34499,22:59:00,,,,,,,,,,,,,,,,,,,,,,,,,
34500,23:00:00,,,,,,,,,,,,,,,,,,,,,,,,,
34501,23:01:00,,,,,,,,,,,,,,,,,,,,,,,,,
34502,23:02:00,,,,,,,,,,,,,,,,,,,,,,,,,
34503,23:03:00,,,,,,,,,,,,,,,,,,,,,,,,,
34504,23:04:00,,,,,,,,,,,,,,,,,,,,,,,,,
34505,23:05:00,,,,,,,,,,,,,,,,,,,,,,,,,
34506,23:06:00,,,,,,,,,,,,,,,,,,,,,,,,,
34507,23:07:00,,,,,,,,,,,,,,,,,,,,,,,,,
34508,23:08:00,,,,,,,,,,,,,,,,,,,,,,,,,
34509,23:09:00,,,,,,,,,,,,,,,,,,,,,,,,,
34510,23:10:00,,,,,,,,,,,,,,,,,,,,,,,,,
34511,23:11:00,,,,,,,,,,,,,,,,,,,,,,,,,
34512,23:12:00,,,,,,,,,,,,,,,,,,,,,,,,,
34513,23:13:00,,,,,,,,,,,,,,,,,,,,,,,,,
34514,23:14:00,,,,,,,,,,,,,,,,,,,,,,,,,
34515,23:15:00,,,,,,,,,,,,,,,,,,,,,,,,,
34516,23:16:00,,,,,,,,,,,,,,,,,,,,,,,,,
34517,23:17:00,,,,,,,,,,,,,,,,,,,,,,,,,
34518,23:18:00,,,,,,,,,,,,,,,,,,,,,,,,,
34519,23:19:00,,,,,,,,,,,,,,,,,,,,,,,,,
34520,23:20:00,,,,,,,,,,,,,,,,,,,,,,,,,
34521,23:21:00,,,,,,,,,,,,,,,,,,,,,,,,,
34522,23:22:00,,,,,,,,,,,,,,,,,,,,,,,,,
34523,23:23:00,,,,,,,,,,,,,,,,,,,,,,,,,
34524,23:24:00,,,,,,,,,,,,,,,,,,,,,,,,,
34525,23:25:00,,,,,,,,,,,,,,,,,,,,,,,,,
34526,23:26:00,,,,,,,,,,,,,,,,,,,,,,,,,
34527,23:27:00,,,,,,,,,,,,,,,,,,,,,,,,,
34528,23:28:00,,,,,,,,,,,,,,,,,,,,,,,,,
34529,23:29:00,,,,,,,,,,,,,,,,,,,,,,,,,
34530,23:30:00,,,,,,,,,,,,,,,,,,,,,,,,,
34531,23:31:00,,,,,,,,,,,,,,,,,,,,,,,,,
34532,23:32:00,,,,,,,,,,,,,,,,,,,,,,,,,
34533,23:33:00,,,,,,,,,,,,,,,,,,,,,,,,,
34534,23:34:00,,,,,,,,,,,,,,,,,,,,,,,,,
34535,23:35:00,,,,,,,,,,,,,,,,,,,,,,,,,
34536,23:36:00,,,,,,,,,,,,,,,,,,,,,,,,,
34537,23:37:00,,,,,,,,,,,,,,,,,,,,,,,,,
34538,23:38:00,,,,,,,,,,,,,,,,,,,,,,,,,
34539,23:39:00,,,,,,,,,,,,,,,,,,,,,,,,,
34540,23:40:00,,,,,,,,,,,,,,,,,,,,,,,,,
34541,23:41:00,,,,,,,,,,,,,,,,,,,,,,,,,
34542,23:42:00,,,,,,,,,,,,,,,,,,,,,,,,,
34543,23:43:00,,,,,,,,,,,,,,,,,,,,,,,,,
34544,23:44:00,,,,,,,,,,,,,,,,,,,,,,,,,
34545,23:45:00,,,,,,,,,,,,,,,,,,,,,,,,,
34546,23:46:00,,,,,,,,,,,,,,,,,,,,,,,,,
34547,23:47:00,,,,,,,,,,,,,,,,,,,,,,,,,
34548,23:48:00,,,,,,,,,,,,,,,,,,,,,,,,,
34549,23:49:00,,,,,,,,,,,,,,,,,,,,,,,,,
34550,23:50:00,,,,,,,,,,,,,,,,,,,,,,,,,
34551,23:51:00,,,,,,,,,,,,,,,,,,,,,,,,,
34552,23:52:00,,,,,,,,,,,,,,,,,,,,,,,,,
34553,23:53:00,,,,,,,,,,,,,,,,,,,,,,,,,
34554,23:54:00,,,,,,,,,,,,,,,,,,,,,,,,,
34555,23:55:00,,,,,,,,,,,,,,,,,,,,,,,,,
34556,23:56:00,,,,,,,,,,,,,,,,,,,,,,,,,
34557,23:57:00,,,,,,,,,,,,,,,,,,,,,,,,,
34558,23:58:00,,,,,,,,,,,,,,,,,,,,,,,,,
34559,23:59:00,,,,,,,,,,,,,,,,,,,,,,,,,
34560,00:00:00,,,,,,,,,,,,,,,,,,,,,,,,,
34561,00:01:00,,,,,,,,,,,,,,,,,,,,,,,,,
34562,00:02:00,,,,,,,,,,,,,,,,,,,,,,,,,
34563,00:03:00,,,,,,,,,,,,,,,,,,,,,,,,,
34564,00:04:00,,,,,,,,,,,,,,,,,,,,,,,,,
34565,00:05:00,,,,,,,,,,,,,,,,,,,,,,,,,
34566,00:06:00,,,,,,,,,,,,,,,,,,,,,,,,,
34567,00:07:00,,,,,,,,,,,,,,,,,,,,,,,,,
34568,00:08:00,,,,,,,,,,,,,,,,,,,,,,,,,
34569,00:09:00,,,,,,,,,,,,,,,,,,,,,,,,,
34570,00:10:00,,,,,,,,,,,,,,,,,,,,,,,,,
34571,00:11:00,,,,,,,,,,,,,,,,,,,,,,,,,
34572,00:12:00,,,,,,,,,,,,,,,,,,,,,,,,,
34573,00:13:00,,,,,,,,,,,,,,,,,,,,,,,,,
34574,00:14:00,,,,,,,,,,,,,,,,,,,,,,,,,
34575,00:15:00,,,,,,,,,,,,,,,,,,,,,,,,,
34576,00:16:00,,,,,,,,,,,,,,,,,,,,,,,,,
34577,00:17:00,,,,,,,,,,,,,,,,,,,,,,,,,
34578,00:18:00,,,,,,,,,,,,,,,,,,,,,,,,,
34579,00:19:00,,,,,,,,,,,,,,,,,,,,,,,,,
34580,00:20:00,,,,,,,,,,,,,,,,,,,,,,,,,
34581,00:21:00,,,,,,,,,,,,,,,,,,,,,,,,,
34582,00:22:00,,,,,,,,,,,,,,,,,,,,,,,,,
34583,00:23:00,,,,,,,,,,,,,,,,,,,,,,,,,
34584,00:24:00,,,,,,,,,,,,,,,,,,,,,,,,,
34585,00:25:00,,,,,,,,,,,,,,,,,,,,,,,,,
34586,00:26:00,,,,,,,,,,,,,,,,,,,,,,,,,
34587,00:27:00,,,,,,,,,,,,,,,,,,,,,,,,,
34588,00:28:00,,,,,,,,,,,,,,,,,,,,,,,,,
34589,00:29:00,,,,,,,,,,,,,,,,,,,,,,,,,
34590,00:30:00,,,,,,,,,,,,,,,,,,,,,,,,,
34591,00:31:00,,,,,,,,,,,,,,,,,,,,,,,,,
34592,00:32:00,,,,,,,,,,,,,,,,,,,,,,,,,
34593,00:33:00,,,,,,,,,,,,,,,,,,,,,,,,,
34594,00:34:00,,,,,,,,,,,,,,,,,,,,,,,,,
34595,00:35:00,,,,,,,,,,,,,,,,,,,,,,,,,
34596,00:36:00,,,,,,,,,,,,,,,,,,,,,,,,,
34597,00:37:00,,,,,,,,,,,,,,,,,,,,,,,,,
34598,00:38:00,,,,,,,,,,,,,,,,,,,,,,,,,
34599,00:39:00,,,,,,,,,,,,,,,,,,,,,,,,,
34600,00:40:00,,,,,,,,,,,,,,,,,,,,,,,,,
34601,00:41:00,,,,,,,,,,,,,,,,,,,,,,,,,
34602,00:42:00,,,,,,,,,,,,,,,,,,,,,,,,,
34603,00:43:00,,,,,,,,,,,,,,,,,,,,,,,,,
34604,00:44:00,,,,,,,,,,,,,,,,,,,,,,,,,
34605,00:45:00,,,,,,,,,,,,,,,,,,,,,,,,,
34606,00:46:00,,,,,,,,,,,,,,,,,,,,,,,,,
34607,00:47:00,,,,,,,,,,,,,,,,,,,,,,,,,
34608,00:48:00,,,,,,,,,,,,,,,,,,,,,,,,,
34609,00:49:00,,,,,,,,,,,,,,,,,,,,,,,,,
34610,00:50:00,,,,,,,,,,,,,,,,,,,,,,,,,
34611,00:51:00,,,,,,,,,,,,,,,,,,,,,,,,,
34612,00:52:00,,,,,,,,,,,,,,,,,,,,,,,,,
34613,00:53:00,,,,,,,,,,,,,,,,,,,,,,,,,
34614,00:54:00,,,,,,,,,,,,,,,,,,,,,,,,,
34615,00:55:00,,,,,,,,,,,,,,,,,,,,,,,,,
34616,00:56:00,,,,,,,,,,,,,,,,,,,,,,,,,
34617,00:57:00,,,,,,,,,,,,,,,,,,,,,,,,,
34618,00:58:00,,,,,,,,,,,,,,,,,,,,,,,,,
34619,00:59:00,,,,,,,,,,,,,,,,,,,,,,,,,
34620,01:00:00,,,,,,,,,,,,,,,,,,,,,,,,,
34621,01:01:00,,,,,,,,,,,,,,,,,,,,,,,,,
34622,01:02:00,,,,,,,,,,,,,,,,,,,,,,,,,
34623,01:03:00,,,,,,,,,,,,,,,,,,,,,,,,,
34624,01:04:00,,,,,,,,,,,,,,,,,,,,,,,,,
34625,01:05:00,,,,,,,,,,,,,,,,,,,,,,,,,
34626,01:06:00,,,,,,,,,,,,,,,,,,,,,,,,,
34627,01:07:00,,,,,,,,,,,,,,,,,,,,,,,,,
34628,01:08:00,,,,,,,,,,,,,,,,,,,,,,,,,
34629,01:09:00,,,,,,,,,,,,,,,,,,,,,,,,,
34630,01:10:00,,,,,,,,,,,,,,,,,,,,,,,,,
34631,01:11:00,,,,,,,,,,,,,,,,,,,,,,,,,
34632,01:12:00,,,,,,,,,,,,,,,,,,,,,,,,,
34633,01:13:00,,,,,,,,,,,,,,,,,,,,,,,,,
34634,01:14:00,,,,,,,,,,,,,,,,,,,,,,,,,
34635,01:15:00,,,,,,,,,,,,,,,,,,,,,,,,,
34636,01:16:00,,,,,,,,,,,,,,,,,,,,,,,,,
34637,01:17:00,,,,,,,,,,,,,,,,,,,,,,,,,
34638,01:18:00,,,,,,,,,,,,,,,,,,,,,,,,,
34639,01:19:00,,,,,,,,,,,,,,,,,,,,,,,,,
34640,01:20:00,,,,,,,,,,,,,,,,,,,,,,,,,
34641,01:21:00,,,,,,,,,,,,,,,,,,,,,,,,,
34642,01:22:00,,,,,,,,,,,,,,,,,,,,,,,,,
34643,01:23:00,,,,,,,,,,,,,,,,,,,,,,,,,
34644,01:24:00,,,,,,,,,,,,,,,,,,,,,,,,,
34645,01:25:00,,,,,,,,,,,,,,,,,,,,,,,,,
34646,01:26:00,,,,,,,,,,,,,,,,,,,,,,,,,
34647,01:27:00,,,,,,,,,,,,,,,,,,,,,,,,,
34648,01:28:00,,,,,,,,,,,,,,,,,,,,,,,,,
34649,01:29:00,,,,,,,,,,,,,,,,,,,,,,,,,
34650,01:30:00,,,,,,,,,,,,,,,,,,,,,,,,,
34651,01:31:00,,,,,,,,,,,,,,,,,,,,,,,,,
34652,01:32:00,,,,,,,,,,,,,,,,,,,,,,,,,
34653,01:33:00,,,,,,,,,,,,,,,,,,,,,,,,,
34654,01:34:00,,,,,,,,,,,,,,,,,,,,,,,,,
34655,01:35:00,,,,,,,,,,,,,,,,,,,,,,,,,
34656,01:36:00,,,,,,,,,,,,,,,,,,,,,,,,,
34657,01:37:00,,,,,,,,,,,,,,,,,,,,,,,,,
34658,01:38:00,,,,,,,,,,,,,,,,,,,,,,,,,
34659,01:39:00,,,,,,,,,,,,,,,,,,,,,,,,,
34660,01:40:00,,,,,,,,,,,,,,,,,,,,,,,,,
34661,01:41:00,,,,,,,,,,,,,,,,,,,,,,,,,
34662,01:42:00,,,,,,,,,,,,,,,,,,,,,,,,,
34663,01:43:00,,,,,,,,,,,,,,,,,,,,,,,,,
34664,01:44:00,,,,,,,,,,,,,,,,,,,,,,,,,
34665,01:45:00,,,,,,,,,,,,,,,,,,,,,,,,,
34666,01:46:00,,,,,,,,,,,,,,,,,,,,,,,,,
34667,01:47:00,,,,,,,,,,,,,,,,,,,,,,,,,
34668,01:48:00,,,,,,,,,,,,,,,,,,,,,,,,,
34669,01:49:00,,,,,,,,,,,,,,,,,,,,,,,,,
34670,01:50:00,,,,,,,,,,,,,,,,,,,,,,,,,
34671,01:51:00,,,,,,,,,,,,,,,,,,,,,,,,,
34672,01:52:00,,,,,,,,,,,,,,,,,,,,,,,,,
34673,01:53:00,,,,,,,,,,,,,,,,,,,,,,,,,
34674,01:54:00,,,,,,,,,,,,,,,,,,,,,,,,,
34675,01:55:00,,,,,,,,,,,,,,,,,,,,,,,,,
34676,01:56:00,,,,,,,,,,,,,,,,,,,,,,,,,
34677,01:57:00,,,,,,,,,,,,,,,,,,,,,,,,,
34678,01:58:00,,,,,,,,,,,,,,,,,,,,,,,,,
34679,01:59:00,,,,,,,,,,,,,,,,,,,,,,,,,
34680,02:00:00,,,,,,,,,,,,,,,,,,,,,,,,,
34681,02:01:00,,,,,,,,,,,,,,,,,,,,,,,,,
34682,02:02:00,,,,,,,,,,,,,,,,,,,,,,,,,
34683,02:03:00,,,,,,,,,,,,,,,,,,,,,,,,,
34684,02:04:00,,,,,,,,,,,,,,,,,,,,,,,,,
34685,02:05:00,,,,,,,,,,,,,,,,,,,,,,,,,
34686,02:06:00,,,,,,,,,,,,,,,,,,,,,,,,,
34687,02:07:00,,,,,,,,,,,,,,,,,,,,,,,,,
34688,02:08:00,,,,,,,,,,,,,,,,,,,,,,,,,
34689,02:09:00,,,,,,,,,,,,,,,,,,,,,,,,,
34690,02:10:00,,,,,,,,,,,,,,,,,,,,,,,,,
34691,02:11:00,,,,,,,,,,,,,,,,,,,,,,,,,
34692,02:12:00,,,,,,,,,,,,,,,,,,,,,,,,,
34693,02:13:00,,,,,,,,,,,,,,,,,,,,,,,,,
34694,02:14:00,,,,,,,,,,,,,,,,,,,,,,,,,
34695,02:15:00,,,,,,,,,,,,,,,,,,,,,,,,,
34696,02:16:00,,,,,,,,,,,,,,,,,,,,,,,,,
34697,02:17:00,,,,,,,,,,,,,,,,,,,,,,,,,
34698,02:18:00,,,,,,,,,,,,,,,,,,,,,,,,,
34699,02:19:00,,,,,,,,,,,,,,,,,,,,,,,,,
34700,02:20:00,,,,,,,,,,,,,,,,,,,,,,,,,
34701,02:21:00,,,,,,,,,,,,,,,,,,,,,,,,,
34702,02:22:00,,,,,,,,,,,,,,,,,,,,,,,,,
34703,02:23:00,,,,,,,,,,,,,,,,,,,,,,,,,
34704,02:24:00,,,,,,,,,,,,,,,,,,,,,,,,,
34705,02:25:00,,,,,,,,,,,,,,,,,,,,,,,,,
34706,02:26:00,,,,,,,,,,,,,,,,,,,,,,,,,
34707,02:27:00,,,,,,,,,,,,,,,,,,,,,,,,,
34708,02:28:00,,,,,,,,,,,,,,,,,,,,,,,,,
34709,02:29:00,,,,,,,,,,,,,,,,,,,,,,,,,
34710,02:30:00,,,,,,,,,,,,,,,,,,,,,,,,,
34711,02:31:00,,,,,,,,,,,,,,,,,,,,,,,,,
34712,02:32:00,,,,,,,,,,,,,,,,,,,,,,,,,
34713,02:33:00,,,,,,,,,,,,,,,,,,,,,,,,,
34714,02:34:00,,,,,,,,,,,,,,,,,,,,,,,,,
34715,02:35:00,,,,,,,,,,,,,,,,,,,,,,,,,
34716,02:36:00,,,,,,,,,,,,,,,,,,,,,,,,,
34717,02:37:00,,,,,,,,,,,,,,,,,,,,,,,,,
34718,02:38:00,,,,,,,,,,,,,,,,,,,,,,,,,
34719,02:39:00,,,,,,,,,,,,,,,,,,,,,,,,,
34720,02:40:00,,,,,,,,,,,,,,,,,,,,,,,,,
34721,02:41:00,,,,,,,,,,,,,,,,,,,,,,,,,
34722,02:42:00,,,,,,,,,,,,,,,,,,,,,,,,,
34723,02:43:00,,,,,,,,,,,,,,,,,,,,,,,,,
34724,02:44:00,,,,,,,,,,,,,,,,,,,,,,,,,
34725,02:45:00,,,,,,,,,,,,,,,,,,,,,,,,,
34726,02:46:00,,,,,,,,,,,,,,,,,,,,,,,,,
34727,02:47:00,,,,,,,,,,,,,,,,,,,,,,,,,
34728,02:48:00,,,,,,,,,,,,,,,,,,,,,,,,,
34729,02:49:00,,,,,,,,,,,,,,,,,,,,,,,,,
34730,02:50:00,,,,,,,,,,,,,,,,,,,,,,,,,
34731,02:51:00,,,,,,,,,,,,,,,,,,,,,,,,,
34732,02:52:00,,,,,,,,,,,,,,,,,,,,,,,,,
34733,02:53:00,,,,,,,,,,,,,,,,,,,,,,,,,
34734,02:54:00,,,,,,,,,,,,,,,,,,,,,,,,,
34735,02:55:00,,,,,,,,,,,,,,,,,,,,,,,,,
34736,02:56:00,,,,,,,,,,,,,,,,,,,,,,,,,
34737,02:57:00,,,,,,,,,,,,,,,,,,,,,,,,,
34738,02:58:00,,,,,,,,,,,,,,,,,,,,,,,,,
34739,02:59:00,,,,,,,,,,,,,,,,,,,,,,,,,
34740,03:00:00,,,,,,,,,,,,,,,,,,,,,,,,,
34741,03:01:00,,,,,,,,,,,,,,,,,,,,,,,,,
34742,03:02:00,,,,,,,,,,,,,,,,,,,,,,,,,
34743,03:03:00,,,,,,,,,,,,,,,,,,,,,,,,,
34744,03:04:00,,,,,,,,,,,,,,,,,,,,,,,,,
34745,03:05:00,,,,,,,,,,,,,,,,,,,,,,,,,
34746,03:06:00,,,,,,,,,,,,,,,,,,,,,,,,,
34747,03:07:00,,,,,,,,,,,,,,,,,,,,,,,,,
34748,03:08:00,,,,,,,,,,,,,,,,,,,,,,,,,
34749,03:09:00,,,,,,,,,,,,,,,,,,,,,,,,,
34750,03:10:00,,,,,,,,,,,,,,,,,,,,,,,,,
34751,03:11:00,,,,,,,,,,,,,,,,,,,,,,,,,
34752,03:12:00,,,,,,,,,,,,,,,,,,,,,,,,,
34753,03:13:00,,,,,,,,,,,,,,,,,,,,,,,,,
34754,03:14:00,,,,,,,,,,,,,,,,,,,,,,,,,
34755,03:15:00,,,,,,,,,,,,,,,,,,,,,,,,,
34756,03:16:00,,,,,,,,,,,,,,,,,,,,,,,,,
34757,03:17:00,,,,,,,,,,,,,,,,,,,,,,,,,
34758,03:18:00,,,,,,,,,,,,,,,,,,,,,,,,,
34759,03:19:00,,,,,,,,,,,,,,,,,,,,,,,,,
34760,03:20:00,,,,,,,,,,,,,,,,,,,,,,,,,
34761,03:21:00,,,,,,,,,,,,,,,,,,,,,,,,,
34762,03:22:00,,,,,,,,,,,,,,,,,,,,,,,,,
34763,03:23:00,,,,,,,,,,,,,,,,,,,,,,,,,
34764,03:24:00,,,,,,,,,,,,,,,,,,,,,,,,,
34765,03:25:00,,,,,,,,,,,,,,,,,,,,,,,,,
34766,03:26:00,,,,,,,,,,,,,,,,,,,,,,,,,
34767,03:27:00,,,,,,,,,,,,,,,,,,,,,,,,,
34768,03:28:00,,,,,,,,,,,,,,,,,,,,,,,,,
34769,03:29:00,,,,,,,,,,,,,,,,,,,,,,,,,
34770,03:30:00,,,,,,,,,,,,,,,,,,,,,,,,,
34771,03:31:00,,,,,,,,,,,,,,,,,,,,,,,,,
34772,03:32:00,,,,,,,,,,,,,,,,,,,,,,,,,
34773,03:33:00,,,,,,,,,,,,,,,,,,,,,,,,,
34774,03:34:00,,,,,,,,,,,,,,,,,,,,,,,,,
34775,03:35:00,,,,,,,,,,,,,,,,,,,,,,,,,
34776,03:36:00,,,,,,,,,,,,,,,,,,,,,,,,,
34777,03:37:00,,,,,,,,,,,,,,,,,,,,,,,,,
34778,03:38:00,,,,,,,,,,,,,,,,,,,,,,,,,
34779,03:39:00,,,,,,,,,,,,,,,,,,,,,,,,,
34780,03:40:00,,,,,,,,,,,,,,,,,,,,,,,,,
34781,03:41:00,,,,,,,,,,,,,,,,,,,,,,,,,
34782,03:42:00,,,,,,,,,,,,,,,,,,,,,,,,,
34783,03:43:00,,,,,,,,,,,,,,,,,,,,,,,,,
34784,03:44:00,,,,,,,,,,,,,,,,,,,,,,,,,
34785,03:45:00,,,,,,,,,,,,,,,,,,,,,,,,,
34786,03:46:00,,,,,,,,,,,,,,,,,,,,,,,,,
34787,03:47:00,,,,,,,,,,,,,,,,,,,,,,,,,
34788,03:48:00,,,,,,,,,,,,,,,,,,,,,,,,,
34789,03:49:00,,,,,,,,,,,,,,,,,,,,,,,,,
34790,03:50:00,,,,,,,,,,,,,,,,,,,,,,,,,
34791,03:51:00,,,,,,,,,,,,,,,,,,,,,,,,,
34792,03:52:00,,,,,,,,,,,,,,,,,,,,,,,,,
34793,03:53:00,,,,,,,,,,,,,,,,,,,,,,,,,
34794,03:54:00,,,,,,,,,,,,,,,,,,,,,,,,,
34795,03:55:00,,,,,,,,,,,,,,,,,,,,,,,,,
34796,03:56:00,,,,,,,,,,,,,,,,,,,,,,,,,
34797,03:57:00,,,,,,,,,,,,,,,,,,,,,,,,,
34798,03:58:00,,,,,,,,,,,,,,,,,,,,,,,,,
34799,03:59:00,,,,,,,,,,,,,,,,,,,,,,,,,
34800,04:00:00,,,,,,,,,,,,,,,,,,,,,,,,,
34801,04:01:00,,,,,,,,,,,,,,,,,,,,,,,,,
34802,04:02:00,,,,,,,,,,,,,,,,,,,,,,,,,
34803,04:03:00,,,,,,,,,,,,,,,,,,,,,,,,,
34804,04:04:00,,,,,,,,,,,,,,,,,,,,,,,,,
34805,04:05:00,,,,,,,,,,,,,,,,,,,,,,,,,
34806,04:06:00,,,,,,,,,,,,,,,,,,,,,,,,,
34807,04:07:00,,,,,,,,,,,,,,,,,,,,,,,,,
34808,04:08:00,,,,,,,,,,,,,,,,,,,,,,,,,
34809,04:09:00,,,,,,,,,,,,,,,,,,,,,,,,,
34810,04:10:00,,,,,,,,,,,,,,,,,,,,,,,,,
34811,04:11:00,,,,,,,,,,,,,,,,,,,,,,,,,
34812,04:12:00,,,,,,,,,,,,,,,,,,,,,,,,,
34813,04:13:00,,,,,,,,,,,,,,,,,,,,,,,,,
34814,04:14:00,,,,,,,,,,,,,,,,,,,,,,,,,
34815,04:15:00,,,,,,,,,,,,,,,,,,,,,,,,,
34816,04:16:00,,,,,,,,,,,,,,,,,,,,,,,,,
34817,04:17:00,,,,,,,,,,,,,,,,,,,,,,,,,
34818,04:18:00,,,,,,,,,,,,,,,,,,,,,,,,,
34819,04:19:00,,,,,,,,,,,,,,,,,,,,,,,,,
34820,04:20:00,,,,,,,,,,,,,,,,,,,,,,,,,
34821,04:21:00,,,,,,,,,,,,,,,,,,,,,,,,,
34822,04:22:00,,,,,,,,,,,,,,,,,,,,,,,,,
34823,04:23:00,,,,,,,,,,,,,,,,,,,,,,,,,
34824,04:24:00,,,,,,,,,,,,,,,,,,,,,,,,,
34825,04:25:00,,,,,,,,,,,,,,,,,,,,,,,,,
34826,04:26:00,,,,,,,,,,,,,,,,,,,,,,,,,
34827,04:27:00,,,,,,,,,,,,,,,,,,,,,,,,,
34828,04:28:00,,,,,,,,,,,,,,,,,,,,,,,,,
34829,04:29:00,,,,,,,,,,,,,,,,,,,,,,,,,
34830,04:30:00,,,,,,,,,,,,,,,,,,,,,,,,,
34831,04:31:00,,,,,,,,,,,,,,,,,,,,,,,,,
34832,04:32:00,,,,,,,,,,,,,,,,,,,,,,,,,
34833,04:33:00,,,,,,,,,,,,,,,,,,,,,,,,,
34834,04:34:00,,,,,,,,,,,,,,,,,,,,,,,,,
34835,04:35:00,,,,,,,,,,,,,,,,,,,,,,,,,
34836,04:36:00,,,,,,,,,,,,,,,,,,,,,,,,,
34837,04:37:00,,,,,,,,,,,,,,,,,,,,,,,,,
34838,04:38:00,,,,,,,,,,,,,,,,,,,,,,,,,
34839,04:39:00,,,,,,,,,,,,,,,,,,,,,,,,,
34840,04:40:00,,,,,,,,,,,,,,,,,,,,,,,,,
34841,04:41:00,,,,,,,,,,,,,,,,,,,,,,,,,
34842,04:42:00,,,,,,,,,,,,,,,,,,,,,,,,,
34843,04:43:00,,,,,,,,,,,,,,,,,,,,,,,,,
34844,04:44:00,,,,,,,,,,,,,,,,,,,,,,,,,
34845,04:45:00,,,,,,,,,,,,,,,,,,,,,,,,,
34846,04:46:00,,,,,,,,,,,,,,,,,,,,,,,,,
34847,04:47:00,,,,,,,,,,,,,,,,,,,,,,,,,
34848,04:48:00,,,,,,,,,,,,,,,,,,,,,,,,,
34849,04:49:00,,,,,,,,,,,,,,,,,,,,,,,,,
34850,04:50:00,,,,,,,,,,,,,,,,,,,,,,,,,
34851,04:51:00,,,,,,,,,,,,,,,,,,,,,,,,,
34852,04:52:00,,,,,,,,,,,,,,,,,,,,,,,,,
34853,04:53:00,,,,,,,,,,,,,,,,,,,,,,,,,
34854,04:54:00,,,,,,,,,,,,,,,,,,,,,,,,,
34855,04:55:00,,,,,,,,,,,,,,,,,,,,,,,,,
34856,04:56:00,,,,,,,,,,,,,,,,,,,,,,,,,
34857,04:57:00,,,,,,,,,,,,,,,,,,,,,,,,,
34858,04:58:00,,,,,,,,,,,,,,,,,,,,,,,,,
34859,04:59:00,,,,,,,,,,,,,,,,,,,,,,,,,
34860,05:00:00,,,,,,,,,,,,,,,,,,,,,,,,,
34861,05:01:00,,,,,,,,,,,,,,,,,,,,,,,,,
34862,05:02:00,,,,,,,,,,,,,,,,,,,,,,,,,
34863,05:03:00,,,,,,,,,,,,,,,,,,,,,,,,,
34864,05:04:00,,,,,,,,,,,,,,,,,,,,,,,,,
34865,05:05:00,,,,,,,,,,,,,,,,,,,,,,,,,
34866,05:06:00,,,,,,,,,,,,,,,,,,,,,,,,,
34867,05:07:00,,,,,,,,,,,,,,,,,,,,,,,,,
34868,05:08:00,,,,,,,,,,,,,,,,,,,,,,,,,
34869,05:09:00,,,,,,,,,,,,,,,,,,,,,,,,,
34870,05:10:00,,,,,,,,,,,,,,,,,,,,,,,,,
34871,05:11:00,,,,,,,,,,,,,,,,,,,,,,,,,
34872,05:12:00,,,,,,,,,,,,,,,,,,,,,,,,,
34873,05:13:00,,,,,,,,,,,,,,,,,,,,,,,,,
34874,05:14:00,,,,,,,,,,,,,,,,,,,,,,,,,
34875,05:15:00,,,,,,,,,,,,,,,,,,,,,,,,,
34876,05:16:00,,,,,,,,,,,,,,,,,,,,,,,,,
34877,05:17:00,,,,,,,,,,,,,,,,,,,,,,,,,
34878,05:18:00,,,,,,,,,,,,,,,,,,,,,,,,,
34879,05:19:00,,,,,,,,,,,,,,,,,,,,,,,,,
34880,05:20:00,,,,,,,,,,,,,,,,,,,,,,,,,
34881,05:21:00,,,,,,,,,,,,,,,,,,,,,,,,,
34882,05:22:00,,,,,,,,,,,,,,,,,,,,,,,,,
34883,05:23:00,,,,,,,,,,,,,,,,,,,,,,,,,
34884,05:24:00,,,,,,,,,,,,,,,,,,,,,,,,,
34885,05:25:00,,,,,,,,,,,,,,,,,,,,,,,,,
34886,05:26:00,,,,,,,,,,,,,,,,,,,,,,,,,
34887,05:27:00,,,,,,,,,,,,,,,,,,,,,,,,,
34888,05:28:00,,,,,,,,,,,,,,,,,,,,,,,,,
34889,05:29:00,,,,,,,,,,,,,,,,,,,,,,,,,
34890,05:30:00,,,,,,,,,,,,,,,,,,,,,,,,,
34891,05:31:00,,,,,,,,,,,,,,,,,,,,,,,,,
34892,05:32:00,,,,,,,,,,,,,,,,,,,,,,,,,
34893,05:33:00,,,,,,,,,,,,,,,,,,,,,,,,,
34894,05:34:00,,,,,,,,,,,,,,,,,,,,,,,,,
34895,05:35:00,,,,,,,,,,,,,,,,,,,,,,,,,
34896,05:36:00,,,,,,,,,,,,,,,,,,,,,,,,,
34897,05:37:00,,,,,,,,,,,,,,,,,,,,,,,,,
34898,05:38:00,,,,,,,,,,,,,,,,,,,,,,,,,
34899,05:39:00,,,,,,,,,,,,,,,,,,,,,,,,,
34900,05:40:00,,,,,,,,,,,,,,,,,,,,,,,,,
34901,05:41:00,,,,,,,,,,,,,,,,,,,,,,,,,
34902,05:42:00,,,,,,,,,,,,,,,,,,,,,,,,,
34903,05:43:00,,,,,,,,,,,,,,,,,,,,,,,,,
34904,05:44:00,,,,,,,,,,,,,,,,,,,,,,,,,
34905,05:45:00,,,,,,,,,,,,,,,,,,,,,,,,,
34906,05:46:00,,,,,,,,,,,,,,,,,,,,,,,,,
34907,05:47:00,,,,,,,,,,,,,,,,,,,,,,,,,
34908,05:48:00,,,,,,,,,,,,,,,,,,,,,,,,,
34909,05:49:00,,,,,,,,,,,,,,,,,,,,,,,,,
34910,05:50:00,,,,,,,,,,,,,,,,,,,,,,,,,
34911,05:51:00,,,,,,,,,,,,,,,,,,,,,,,,,
34912,05:52:00,,,,,,,,,,,,,,,,,,,,,,,,,
34913,05:53:00,,,,,,,,,,,,,,,,,,,,,,,,,
34914,05:54:00,,,,,,,,,,,,,,,,,,,,,,,,,
34915,05:55:00,,,,,,,,,,,,,,,,,,,,,,,,,
34916,05:56:00,,,,,,,,,,,,,,,,,,,,,,,,,
34917,05:57:00,,,,,,,,,,,,,,,,,,,,,,,,,
34918,05:58:00,,,,,,,,,,,,,,,,,,,,,,,,,
34919,05:59:00,,,,,,,,,,,,,,,,,,,,,,,,,
34920,06:00:00,,,,,,,,,,,,,,,,,,,,,,,,,
34921,06:01:00,,,,,,,,,,,,,,,,,,,,,,,,,
34922,06:02:00,,,,,,,,,,,,,,,,,,,,,,,,,
34923,06:03:00,,,,,,,,,,,,,,,,,,,,,,,,,
34924,06:04:00,,,,,,,,,,,,,,,,,,,,,,,,,
34925,06:05:00,,,,,,,,,,,,,,,,,,,,,,,,,
34926,06:06:00,,,,,,,,,,,,,,,,,,,,,,,,,
34927,06:07:00,,,,,,,,,,,,,,,,,,,,,,,,,
34928,06:08:00,,,,,,,,,,,,,,,,,,,,,,,,,
34929,06:09:00,,,,,,,,,,,,,,,,,,,,,,,,,
34930,06:10:00,,,,,,,,,,,,,,,,,,,,,,,,,
34931,06:11:00,,,,,,,,,,,,,,,,,,,,,,,,,
34932,06:12:00,,,,,,,,,,,,,,,,,,,,,,,,,
34933,06:13:00,,,,,,,,,,,,,,,,,,,,,,,,,
34934,06:14:00,,,,,,,,,,,,,,,,,,,,,,,,,
34935,06:15:00,,,,,,,,,,,,,,,,,,,,,,,,,
34936,06:16:00,,,,,,,,,,,,,,,,,,,,,,,,,
34937,06:17:00,,,,,,,,,,,,,,,,,,,,,,,,,
34938,06:18:00,,,,,,,,,,,,,,,,,,,,,,,,,
34939,06:19:00,,,,,,,,,,,,,,,,,,,,,,,,,
34940,06:20:00,,,,,,,,,,,,,,,,,,,,,,,,,
34941,06:21:00,,,,,,,,,,,,,,,,,,,,,,,,,
34942,06:22:00,,,,,,,,,,,,,,,,,,,,,,,,,
34943,06:23:00,,,,,,,,,,,,,,,,,,,,,,,,,
34944,06:24:00,,,,,,,,,,,,,,,,,,,,,,,,,
34945,06:25:00,,,,,,,,,,,,,,,,,,,,,,,,,
34946,06:26:00,,,,,,,,,,,,,,,,,,,,,,,,,
34947,06:27:00,,,,,,,,,,,,,,,,,,,,,,,,,
34948,06:28:00,,,,,,,,,,,,,,,,,,,,,,,,,
34949,06:29:00,,,,,,,,,,,,,,,,,,,,,,,,,
34950,06:30:00,,,,,,,,,,,,,,,,,,,,,,,,,
34951,06:31:00,,,,,,,,,,,,,,,,,,,,,,,,,
34952,06:32:00,,,,,,,,,,,,,,,,,,,,,,,,,
34953,06:33:00,,,,,,,,,,,,,,,,,,,,,,,,,
34954,06:34:00,,,,,,,,,,,,,,,,,,,,,,,,,
34955,06:35:00,,,,,,,,,,,,,,,,,,,,,,,,,
34956,06:36:00,,,,,,,,,,,,,,,,,,,,,,,,,
34957,06:37:00,,,,,,,,,,,,,,,,,,,,,,,,,
34958,06:38:00,,,,,,,,,,,,,,,,,,,,,,,,,
34959,06:39:00,,,,,,,,,,,,,,,,,,,,,,,,,
34960,06:40:00,,,,,,,,,,,,,,,,,,,,,,,,,
34961,06:41:00,,,,,,,,,,,,,,,,,,,,,,,,,
34962,06:42:00,,,,,,,,,,,,,,,,,,,,,,,,,
34963,06:43:00,,,,,,,,,,,,,,,,,,,,,,,,,
34964,06:44:00,,,,,,,,,,,,,,,,,,,,,,,,,
34965,06:45:00,,,,,,,,,,,,,,,,,,,,,,,,,
34966,06:46:00,,,,,,,,,,,,,,,,,,,,,,,,,
34967,06:47:00,,,,,,,,,,,,,,,,,,,,,,,,,
34968,06:48:00,,,,,,,,,,,,,,,,,,,,,,,,,
34969,06:49:00,,,,,,,,,,,,,,,,,,,,,,,,,
34970,06:50:00,,,,,,,,,,,,,,,,,,,,,,,,,
34971,06:51:00,,,,,,,,,,,,,,,,,,,,,,,,,
34972,06:52:00,,,,,,,,,,,,,,,,,,,,,,,,,
34973,06:53:00,,,,,,,,,,,,,,,,,,,,,,,,,
34974,06:54:00,,,,,,,,,,,,,,,,,,,,,,,,,
34975,06:55:00,,,,,,,,,,,,,,,,,,,,,,,,,
34976,06:56:00,,,,,,,,,,,,,,,,,,,,,,,,,
34977,06:57:00,,,,,,,,,,,,,,,,,,,,,,,,,
34978,06:58:00,,,,,,,,,,,,,,,,,,,,,,,,,
34979,06:59:00,,,,,,,,,,,,,,,,,,,,,,,,,
34980,07:00:00,,,,,,,,,,,,,,,,,,,,,,,,,
34981,07:01:00,,,,,,,,,,,,,,,,,,,,,,,,,
34982,07:02:00,,,,,,,,,,,,,,,,,,,,,,,,,
34983,07:03:00,,,,,,,,,,,,,,,,,,,,,,,,,
34984,07:04:00,,,,,,,,,,,,,,,,,,,,,,,,,
34985,07:05:00,,,,,,,,,,,,,,,,,,,,,,,,,
34986,07:06:00,,,,,,,,,,,,,,,,,,,,,,,,,
34987,07:07:00,,,,,,,,,,,,,,,,,,,,,,,,,
34988,07:08:00,,,,,,,,,,,,,,,,,,,,,,,,,
34989,07:09:00,,,,,,,,,,,,,,,,,,,,,,,,,
34990,07:10:00,,,,,,,,,,,,,,,,,,,,,,,,,
34991,07:11:00,,,,,,,,,,,,,,,,,,,,,,,,,
34992,07:12:00,,,,,,,,,,,,,,,,,,,,,,,,,
34993,07:13:00,,,,,,,,,,,,,,,,,,,,,,,,,
34994,07:14:00,,,,,,,,,,,,,,,,,,,,,,,,,
34995,07:15:00,,,,,,,,,,,,,,,,,,,,,,,,,
34996,07:16:00,,,,,,,,,,,,,,,,,,,,,,,,,
34997,07:17:00,,,,,,,,,,,,,,,,,,,,,,,,,
34998,07:18:00,,,,,,,,,,,,,,,,,,,,,,,,,
34999,07:19:00,,,,,,,,,,,,,,,,,,,,,,,,,
35000,07:20:00,,,,,,,,,,,,,,,,,,,,,,,,,
35001,07:21:00,,,,,,,,,,,,,,,,,,,,,,,,,
35002,07:22:00,,,,,,,,,,,,,,,,,,,,,,,,,
35003,07:23:00,,,,,,,,,,,,,,,,,,,,,,,,,
35004,07:24:00,,,,,,,,,,,,,,,,,,,,,,,,,
35005,07:25:00,,,,,,,,,,,,,,,,,,,,,,,,,
35006,07:26:00,,,,,,,,,,,,,,,,,,,,,,,,,
35007,07:27:00,,,,,,,,,,,,,,,,,,,,,,,,,
35008,07:28:00,,,,,,,,,,,,,,,,,,,,,,,,,
35009,07:29:00,,,,,,,,,,,,,,,,,,,,,,,,,
35010,07:30:00,,,,,,,,,,,,,,,,,,,,,,,,,
35011,07:31:00,,,,,,,,,,,,,,,,,,,,,,,,,
35012,07:32:00,,,,,,,,,,,,,,,,,,,,,,,,,
35013,07:33:00,,,,,,,,,,,,,,,,,,,,,,,,,
35014,07:34:00,,,,,,,,,,,,,,,,,,,,,,,,,
35015,07:35:00,,,,,,,,,,,,,,,,,,,,,,,,,
35016,07:36:00,,,,,,,,,,,,,,,,,,,,,,,,,
35017,07:37:00,,,,,,,,,,,,,,,,,,,,,,,,,
35018,07:38:00,,,,,,,,,,,,,,,,,,,,,,,,,
35019,07:39:00,,,,,,,,,,,,,,,,,,,,,,,,,
35020,07:40:00,,,,,,,,,,,,,,,,,,,,,,,,,
35021,07:41:00,,,,,,,,,,,,,,,,,,,,,,,,,
35022,07:42:00,,,,,,,,,,,,,,,,,,,,,,,,,
35023,07:43:00,,,,,,,,,,,,,,,,,,,,,,,,,
35024,07:44:00,,,,,,,,,,,,,,,,,,,,,,,,,
35025,07:45:00,,,,,,,,,,,,,,,,,,,,,,,,,
35026,07:46:00,,,,,,,,,,,,,,,,,,,,,,,,,
35027,07:47:00,,,,,,,,,,,,,,,,,,,,,,,,,
35028,07:48:00,,,,,,,,,,,,,,,,,,,,,,,,,
35029,07:49:00,,,,,,,,,,,,,,,,,,,,,,,,,
35030,07:50:00,,,,,,,,,,,,,,,,,,,,,,,,,
35031,07:51:00,,,,,,,,,,,,,,,,,,,,,,,,,
35032,07:52:00,,,,,,,,,,,,,,,,,,,,,,,,,
35033,07:53:00,,,,,,,,,,,,,,,,,,,,,,,,,
35034,07:54:00,,,,,,,,,,,,,,,,,,,,,,,,,
35035,07:55:00,,,,,,,,,,,,,,,,,,,,,,,,,
35036,07:56:00,,,,,,,,,,,,,,,,,,,,,,,,,
35037,07:57:00,,,,,,,,,,,,,,,,,,,,,,,,,
35038,07:58:00,,,,,,,,,,,,,,,,,,,,,,,,,
35039,07:59:00,,,,,,,,,,,,,,,,,,,,,,,,,
35040,08:00:00,,,,,,,,,,,,,,,,,,,,,,,,,
35041,08:01:00,,,,,,,,,,,,,,,,,,,,,,,,,
35042,08:02:00,,,,,,,,,,,,,,,,,,,,,,,,,
35043,08:03:00,,,,,,,,,,,,,,,,,,,,,,,,,
35044,08:04:00,,,,,,,,,,,,,,,,,,,,,,,,,
35045,08:05:00,,,,,,,,,,,,,,,,,,,,,,,,,
35046,08:06:00,,,,,,,,,,,,,,,,,,,,,,,,,
35047,08:07:00,,,,,,,,,,,,,,,,,,,,,,,,,
35048,08:08:00,,,,,,,,,,,,,,,,,,,,,,,,,
35049,08:09:00,,,,,,,,,,,,,,,,,,,,,,,,,
35050,08:10:00,,,,,,,,,,,,,,,,,,,,,,,,,
35051,08:11:00,,,,,,,,,,,,,,,,,,,,,,,,,
35052,08:12:00,,,,,,,,,,,,,,,,,,,,,,,,,
35053,08:13:00,,,,,,,,,,,,,,,,,,,,,,,,,
35054,08:14:00,,,,,,,,,,,,,,,,,,,,,,,,,
35055,08:15:00,,,,,,,,,,,,,,,,,,,,,,,,,
35056,08:16:00,,,,,,,,,,,,,,,,,,,,,,,,,
35057,08:17:00,,,,,,,,,,,,,,,,,,,,,,,,,
35058,08:18:00,,,,,,,,,,,,,,,,,,,,,,,,,
35059,08:19:00,,,,,,,,,,,,,,,,,,,,,,,,,
35060,08:20:00,,,,,,,,,,,,,,,,,,,,,,,,,
35061,08:21:00,,,,,,,,,,,,,,,,,,,,,,,,,
35062,08:22:00,,,,,,,,,,,,,,,,,,,,,,,,,
35063,08:23:00,,,,,,,,,,,,,,,,,,,,,,,,,
35064,08:24:00,,,,,,,,,,,,,,,,,,,,,,,,,
35065,08:25:00,,,,,,,,,,,,,,,,,,,,,,,,,
35066,08:26:00,,,,,,,,,,,,,,,,,,,,,,,,,
35067,08:27:00,,,,,,,,,,,,,,,,,,,,,,,,,
35068,08:28:00,,,,,,,,,,,,,,,,,,,,,,,,,
35069,08:29:00,,,,,,,,,,,,,,,,,,,,,,,,,
35070,08:30:00,,,,,,,,,,,,,,,,,,,,,,,,,
35071,08:31:00,,,,,,,,,,,,,,,,,,,,,,,,,
35072,08:32:00,,,,,,,,,,,,,,,,,,,,,,,,,
35073,08:33:00,,,,,,,,,,,,,,,,,,,,,,,,,
35074,08:34:00,,,,,,,,,,,,,,,,,,,,,,,,,
35075,08:35:00,,,,,,,,,,,,,,,,,,,,,,,,,
35076,08:36:00,,,,,,,,,,,,,,,,,,,,,,,,,
35077,08:37:00,,,,,,,,,,,,,,,,,,,,,,,,,
35078,08:38:00,,,,,,,,,,,,,,,,,,,,,,,,,
35079,08:39:00,,,,,,,,,,,,,,,,,,,,,,,,,
35080,08:40:00,,,,,,,,,,,,,,,,,,,,,,,,,
35081,08:41:00,,,,,,,,,,,,,,,,,,,,,,,,,
35082,08:42:00,,,,,,,,,,,,,,,,,,,,,,,,,
35083,08:43:00,,,,,,,,,,,,,,,,,,,,,,,,,
35084,08:44:00,,,,,,,,,,,,,,,,,,,,,,,,,
35085,08:45:00,,,,,,,,,,,,,,,,,,,,,,,,,
35086,08:46:00,,,,,,,,,,,,,,,,,,,,,,,,,
35087,08:47:00,,,,,,,,,,,,,,,,,,,,,,,,,
35088,08:48:00,,,,,,,,,,,,,,,,,,,,,,,,,
35089,08:49:00,,,,,,,,,,,,,,,,,,,,,,,,,
35090,08:50:00,,,,,,,,,,,,,,,,,,,,,,,,,
35091,08:51:00,,,,,,,,,,,,,,,,,,,,,,,,,
35092,08:52:00,,,,,,,,,,,,,,,,,,,,,,,,,
35093,08:53:00,,,,,,,,,,,,,,,,,,,,,,,,,
35094,08:54:00,,,,,,,,,,,,,,,,,,,,,,,,,
35095,08:55:00,,,,,,,,,,,,,,,,,,,,,,,,,
35096,08:56:00,,,,,,,,,,,,,,,,,,,,,,,,,
35097,08:57:00,,,,,,,,,,,,,,,,,,,,,,,,,
35098,08:58:00,,,,,,,,,,,,,,,,,,,,,,,,,
35099,08:59:00,,,,,,,,,,,,,,,,,,,,,,,,,
35100,09:00:00,,,,,,,,,,,,,,,,,,,,,,,,,
35101,09:01:00,,,,,,,,,,,,,,,,,,,,,,,,,
35102,09:02:00,,,,,,,,,,,,,,,,,,,,,,,,,
35103,09:03:00,,,,,,,,,,,,,,,,,,,,,,,,,
35104,09:04:00,,,,,,,,,,,,,,,,,,,,,,,,,
35105,09:05:00,,,,,,,,,,,,,,,,,,,,,,,,,
35106,09:06:00,,,,,,,,,,,,,,,,,,,,,,,,,
35107,09:07:00,,,,,,,,,,,,,,,,,,,,,,,,,
35108,09:08:00,,,,,,,,,,,,,,,,,,,,,,,,,
35109,09:09:00,,,,,,,,,,,,,,,,,,,,,,,,,
35110,09:10:00,,,,,,,,,,,,,,,,,,,,,,,,,
35111,09:11:00,,,,,,,,,,,,,,,,,,,,,,,,,
35112,09:12:00,,,,,,,,,,,,,,,,,,,,,,,,,
35113,09:13:00,,,,,,,,,,,,,,,,,,,,,,,,,
35114,09:14:00,,,,,,,,,,,,,,,,,,,,,,,,,
35115,09:15:00,,,,,,,,,,,,,,,,,,,,,,,,,
35116,09:16:00,,,,,,,,,,,,,,,,,,,,,,,,,
35117,09:17:00,,,,,,,,,,,,,,,,,,,,,,,,,
35118,09:18:00,,,,,,,,,,,,,,,,,,,,,,,,,
35119,09:19:00,,,,,,,,,,,,,,,,,,,,,,,,,
35120,09:20:00,,,,,,,,,,,,,,,,,,,,,,,,,
35121,09:21:00,,,,,,,,,,,,,,,,,,,,,,,,,
35122,09:22:00,,,,,,,,,,,,,,,,,,,,,,,,,
35123,09:23:00,,,,,,,,,,,,,,,,,,,,,,,,,
35124,09:24:00,,,,,,,,,,,,,,,,,,,,,,,,,
35125,09:25:00,,,,,,,,,,,,,,,,,,,,,,,,,
35126,09:26:00,,,,,,,,,,,,,,,,,,,,,,,,,
35127,09:27:00,,,,,,,,,,,,,,,,,,,,,,,,,
35128,09:28:00,,,,,,,,,,,,,,,,,,,,,,,,,
35129,09:29:00,,,,,,,,,,,,,,,,,,,,,,,,,
35130,09:30:00,,,,,,,,,,,,,,,,,,,,,,,,,
35131,09:31:00,,,,,,,,,,,,,,,,,,,,,,,,,
35132,09:32:00,,,,,,,,,,,,,,,,,,,,,,,,,
35133,09:33:00,,,,,,,,,,,,,,,,,,,,,,,,,
35134,09:34:00,,,,,,,,,,,,,,,,,,,,,,,,,
35135,09:35:00,,,,,,,,,,,,,,,,,,,,,,,,,
35136,09:36:00,,,,,,,,,,,,,,,,,,,,,,,,,
35137,09:37:00,,,,,,,,,,,,,,,,,,,,,,,,,
35138,09:38:00,,,,,,,,,,,,,,,,,,,,,,,,,
35139,09:39:00,,,,,,,,,,,,,,,,,,,,,,,,,
35140,09:40:00,,,,,,,,,,,,,,,,,,,,,,,,,
35141,09:41:00,,,,,,,,,,,,,,,,,,,,,,,,,
35142,09:42:00,,,,,,,,,,,,,,,,,,,,,,,,,
35143,09:43:00,,,,,,,,,,,,,,,,,,,,,,,,,
35144,09:44:00,,,,,,,,,,,,,,,,,,,,,,,,,
35145,09:45:00,,,,,,,,,,,,,,,,,,,,,,,,,
35146,09:46:00,,,,,,,,,,,,,,,,,,,,,,,,,
35147,09:47:00,,,,,,,,,,,,,,,,,,,,,,,,,
35148,09:48:00,,,,,,,,,,,,,,,,,,,,,,,,,
35149,09:49:00,,,,,,,,,,,,,,,,,,,,,,,,,
35150,09:50:00,,,,,,,,,,,,,,,,,,,,,,,,,
35151,09:51:00,,,,,,,,,,,,,,,,,,,,,,,,,
35152,09:52:00,,,,,,,,,,,,,,,,,,,,,,,,,
35153,09:53:00,,,,,,,,,,,,,,,,,,,,,,,,,
35154,09:54:00,,,,,,,,,,,,,,,,,,,,,,,,,
35155,09:55:00,,,,,,,,,,,,,,,,,,,,,,,,,
35156,09:56:00,,,,,,,,,,,,,,,,,,,,,,,,,
35157,09:57:00,,,,,,,,,,,,,,,,,,,,,,,,,
35158,09:58:00,,,,,,,,,,,,,,,,,,,,,,,,,
35159,09:59:00,,,,,,,,,,,,,,,,,,,,,,,,,
35160,10:00:00,,,,,,,,,,,,,,,,,,,,,,,,,
35161,10:01:00,,,,,,,,,,,,,,,,,,,,,,,,,
35162,10:02:00,,,,,,,,,,,,,,,,,,,,,,,,,
35163,10:03:00,,,,,,,,,,,,,,,,,,,,,,,,,
35164,10:04:00,,,,,,,,,,,,,,,,,,,,,,,,,
35165,10:05:00,,,,,,,,,,,,,,,,,,,,,,,,,
35166,10:06:00,,,,,,,,,,,,,,,,,,,,,,,,,
35167,10:07:00,,,,,,,,,,,,,,,,,,,,,,,,,
35168,10:08:00,,,,,,,,,,,,,,,,,,,,,,,,,
35169,10:09:00,,,,,,,,,,,,,,,,,,,,,,,,,
35170,10:10:00,,,,,,,,,,,,,,,,,,,,,,,,,
35171,10:11:00,,,,,,,,,,,,,,,,,,,,,,,,,
35172,10:12:00,,,,,,,,,,,,,,,,,,,,,,,,,
35173,10:13:00,,,,,,,,,,,,,,,,,,,,,,,,,
35174,10:14:00,,,,,,,,,,,,,,,,,,,,,,,,,
35175,10:15:00,,,,,,,,,,,,,,,,,,,,,,,,,
35176,10:16:00,,,,,,,,,,,,,,,,,,,,,,,,,
35177,10:17:00,,,,,,,,,,,,,,,,,,,,,,,,,
35178,10:18:00,,,,,,,,,,,,,,,,,,,,,,,,,
35179,10:19:00,,,,,,,,,,,,,,,,,,,,,,,,,
35180,10:20:00,,,,,,,,,,,,,,,,,,,,,,,,,
35181,10:21:00,,,,,,,,,,,,,,,,,,,,,,,,,
35182,10:22:00,,,,,,,,,,,,,,,,,,,,,,,,,
35183,10:23:00,,,,,,,,,,,,,,,,,,,,,,,,,
35184,10:24:00,,,,,,,,,,,,,,,,,,,,,,,,,
35185,10:25:00,,,,,,,,,,,,,,,,,,,,,,,,,
35186,10:26:00,,,,,,,,,,,,,,,,,,,,,,,,,
35187,10:27:00,,,,,,,,,,,,,,,,,,,,,,,,,
35188,10:28:00,,,,,,,,,,,,,,,,,,,,,,,,,
35189,10:29:00,,,,,,,,,,,,,,,,,,,,,,,,,
35190,10:30:00,,,,,,,,,,,,,,,,,,,,,,,,,
35191,10:31:00,,,,,,,,,,,,,,,,,,,,,,,,,
35192,10:32:00,,,,,,,,,,,,,,,,,,,,,,,,,
35193,10:33:00,,,,,,,,,,,,,,,,,,,,,,,,,
35194,10:34:00,,,,,,,,,,,,,,,,,,,,,,,,,
35195,10:35:00,,,,,,,,,,,,,,,,,,,,,,,,,
35196,10:36:00,,,,,,,,,,,,,,,,,,,,,,,,,
35197,10:37:00,,,,,,,,,,,,,,,,,,,,,,,,,
35198,10:38:00,,,,,,,,,,,,,,,,,,,,,,,,,
35199,10:39:00,,,,,,,,,,,,,,,,,,,,,,,,,
35200,10:40:00,,,,,,,,,,,,,,,,,,,,,,,,,
35201,10:41:00,,,,,,,,,,,,,,,,,,,,,,,,,
35202,10:42:00,,,,,,,,,,,,,,,,,,,,,,,,,
35203,10:43:00,,,,,,,,,,,,,,,,,,,,,,,,,
35204,10:44:00,,,,,,,,,,,,,,,,,,,,,,,,,
35205,10:45:00,,,,,,,,,,,,,,,,,,,,,,,,,
35206,10:46:00,,,,,,,,,,,,,,,,,,,,,,,,,
35207,10:47:00,,,,,,,,,,,,,,,,,,,,,,,,,
35208,10:48:00,,,,,,,,,,,,,,,,,,,,,,,,,
35209,10:49:00,,,,,,,,,,,,,,,,,,,,,,,,,
35210,10:50:00,,,,,,,,,,,,,,,,,,,,,,,,,
35211,10:51:00,,,,,,,,,,,,,,,,,,,,,,,,,
35212,10:52:00,,,,,,,,,,,,,,,,,,,,,,,,,
35213,10:53:00,,,,,,,,,,,,,,,,,,,,,,,,,
35214,10:54:00,,,,,,,,,,,,,,,,,,,,,,,,,
35215,10:55:00,,,,,,,,,,,,,,,,,,,,,,,,,
35216,10:56:00,,,,,,,,,,,,,,,,,,,,,,,,,
35217,10:57:00,,,,,,,,,,,,,,,,,,,,,,,,,
35218,10:58:00,,,,,,,,,,,,,,,,,,,,,,,,,
35219,10:59:00,,,,,,,,,,,,,,,,,,,,,,,,,
35220,11:00:00,,,,,,,,,,,,,,,,,,,,,,,,,
35221,11:01:00,,,,,,,,,,,,,,,,,,,,,,,,,
35222,11:02:00,,,,,,,,,,,,,,,,,,,,,,,,,
35223,11:03:00,,,,,,,,,,,,,,,,,,,,,,,,,
35224,11:04:00,,,,,,,,,,,,,,,,,,,,,,,,,
35225,11:05:00,,,,,,,,,,,,,,,,,,,,,,,,,
35226,11:06:00,,,,,,,,,,,,,,,,,,,,,,,,,
35227,11:07:00,,,,,,,,,,,,,,,,,,,,,,,,,
35228,11:08:00,,,,,,,,,,,,,,,,,,,,,,,,,
35229,11:09:00,,,,,,,,,,,,,,,,,,,,,,,,,
35230,11:10:00,,,,,,,,,,,,,,,,,,,,,,,,,
35231,11:11:00,,,,,,,,,,,,,,,,,,,,,,,,,
35232,11:12:00,,,,,,,,,,,,,,,,,,,,,,,,,
35233,11:13:00,,,,,,,,,,,,,,,,,,,,,,,,,
35234,11:14:00,,,,,,,,,,,,,,,,,,,,,,,,,
35235,11:15:00,,,,,,,,,,,,,,,,,,,,,,,,,
35236,11:16:00,,,,,,,,,,,,,,,,,,,,,,,,,
35237,11:17:00,,,,,,,,,,,,,,,,,,,,,,,,,
35238,11:18:00,,,,,,,,,,,,,,,,,,,,,,,,,
35239,11:19:00,,,,,,,,,,,,,,,,,,,,,,,,,
35240,11:20:00,,,,,,,,,,,,,,,,,,,,,,,,,
35241,11:21:00,,,,,,,,,,,,,,,,,,,,,,,,,
35242,11:22:00,,,,,,,,,,,,,,,,,,,,,,,,,
35243,11:23:00,,,,,,,,,,,,,,,,,,,,,,,,,
35244,11:24:00,,,,,,,,,,,,,,,,,,,,,,,,,
35245,11:25:00,,,,,,,,,,,,,,,,,,,,,,,,,
35246,11:26:00,,,,,,,,,,,,,,,,,,,,,,,,,
35247,11:27:00,,,,,,,,,,,,,,,,,,,,,,,,,
35248,11:28:00,,,,,,,,,,,,,,,,,,,,,,,,,
35249,11:29:00,,,,,,,,,,,,,,,,,,,,,,,,,
35250,11:30:00,,,,,,,,,,,,,,,,,,,,,,,,,
35251,11:31:00,,,,,,,,,,,,,,,,,,,,,,,,,
35252,11:32:00,,,,,,,,,,,,,,,,,,,,,,,,,
35253,11:33:00,,,,,,,,,,,,,,,,,,,,,,,,,
35254,11:34:00,,,,,,,,,,,,,,,,,,,,,,,,,
35255,11:35:00,,,,,,,,,,,,,,,,,,,,,,,,,
35256,11:36:00,,,,,,,,,,,,,,,,,,,,,,,,,
35257,11:37:00,,,,,,,,,,,,,,,,,,,,,,,,,
35258,11:38:00,,,,,,,,,,,,,,,,,,,,,,,,,
35259,11:39:00,,,,,,,,,,,,,,,,,,,,,,,,,
35260,11:40:00,,,,,,,,,,,,,,,,,,,,,,,,,
35261,11:41:00,,,,,,,,,,,,,,,,,,,,,,,,,
35262,11:42:00,,,,,,,,,,,,,,,,,,,,,,,,,
35263,11:43:00,,,,,,,,,,,,,,,,,,,,,,,,,
35264,11:44:00,,,,,,,,,,,,,,,,,,,,,,,,,
35265,11:45:00,,,,,,,,,,,,,,,,,,,,,,,,,
35266,11:46:00,,,,,,,,,,,,,,,,,,,,,,,,,
35267,11:47:00,,,,,,,,,,,,,,,,,,,,,,,,,
35268,11:48:00,,,,,,,,,,,,,,,,,,,,,,,,,
35269,11:49:00,,,,,,,,,,,,,,,,,,,,,,,,,
35270,11:50:00,,,,,,,,,,,,,,,,,,,,,,,,,
35271,11:51:00,,,,,,,,,,,,,,,,,,,,,,,,,
35272,11:52:00,,,,,,,,,,,,,,,,,,,,,,,,,
35273,11:53:00,,,,,,,,,,,,,,,,,,,,,,,,,
35274,11:54:00,,,,,,,,,,,,,,,,,,,,,,,,,
35275,11:55:00,,,,,,,,,,,,,,,,,,,,,,,,,
35276,11:56:00,,,,,,,,,,,,,,,,,,,,,,,,,
35277,11:57:00,,,,,,,,,,,,,,,,,,,,,,,,,
35278,11:58:00,,,,,,,,,,,,,,,,,,,,,,,,,
35279,11:59:00,,,,,,,,,,,,,,,,,,,,,,,,,
35280,12:00:00,,,,,,,,,,,,,,,,,,,,,,,,,
35281,12:01:00,,,,,,,,,,,,,,,,,,,,,,,,,
35282,12:02:00,,,,,,,,,,,,,,,,,,,,,,,,,
35283,12:03:00,,,,,,,,,,,,,,,,,,,,,,,,,
35284,12:04:00,,,,,,,,,,,,,,,,,,,,,,,,,
35285,12:05:00,,,,,,,,,,,,,,,,,,,,,,,,,
35286,12:06:00,,,,,,,,,,,,,,,,,,,,,,,,,
35287,12:07:00,,,,,,,,,,,,,,,,,,,,,,,,,
35288,12:08:00,,,,,,,,,,,,,,,,,,,,,,,,,
35289,12:09:00,,,,,,,,,,,,,,,,,,,,,,,,,
35290,12:10:00,,,,,,,,,,,,,,,,,,,,,,,,,
35291,12:11:00,,,,,,,,,,,,,,,,,,,,,,,,,
35292,12:12:00,,,,,,,,,,,,,,,,,,,,,,,,,
35293,12:13:00,,,,,,,,,,,,,,,,,,,,,,,,,
35294,12:14:00,,,,,,,,,,,,,,,,,,,,,,,,,
35295,12:15:00,,,,,,,,,,,,,,,,,,,,,,,,,
35296,12:16:00,,,,,,,,,,,,,,,,,,,,,,,,,
35297,12:17:00,,,,,,,,,,,,,,,,,,,,,,,,,
35298,12:18:00,,,,,,,,,,,,,,,,,,,,,,,,,
35299,12:19:00,,,,,,,,,,,,,,,,,,,,,,,,,
35300,12:20:00,,,,,,,,,,,,,,,,,,,,,,,,,
35301,12:21:00,,,,,,,,,,,,,,,,,,,,,,,,,
35302,12:22:00,,,,,,,,,,,,,,,,,,,,,,,,,
35303,12:23:00,,,,,,,,,,,,,,,,,,,,,,,,,
35304,12:24:00,,,,,,,,,,,,,,,,,,,,,,,,,
35305,12:25:00,,,,,,,,,,,,,,,,,,,,,,,,,
35306,12:26:00,,,,,,,,,,,,,,,,,,,,,,,,,
35307,12:27:00,,,,,,,,,,,,,,,,,,,,,,,,,
35308,12:28:00,,,,,,,,,,,,,,,,,,,,,,,,,
35309,12:29:00,,,,,,,,,,,,,,,,,,,,,,,,,
35310,12:30:00,,,,,,,,,,,,,,,,,,,,,,,,,
35311,12:31:00,,,,,,,,,,,,,,,,,,,,,,,,,
35312,12:32:00,,,,,,,,,,,,,,,,,,,,,,,,,
35313,12:33:00,,,,,,,,,,,,,,,,,,,,,,,,,
35314,12:34:00,,,,,,,,,,,,,,,,,,,,,,,,,
35315,12:35:00,,,,,,,,,,,,,,,,,,,,,,,,,
35316,12:36:00,,,,,,,,,,,,,,,,,,,,,,,,,
35317,12:37:00,,,,,,,,,,,,,,,,,,,,,,,,,
35318,12:38:00,,,,,,,,,,,,,,,,,,,,,,,,,
35319,12:39:00,,,,,,,,,,,,,,,,,,,,,,,,,
35320,12:40:00,,,,,,,,,,,,,,,,,,,,,,,,,
35321,12:41:00,,,,,,,,,,,,,,,,,,,,,,,,,
35322,12:42:00,,,,,,,,,,,,,,,,,,,,,,,,,
35323,12:43:00,,,,,,,,,,,,,,,,,,,,,,,,,
35324,12:44:00,,,,,,,,,,,,,,,,,,,,,,,,,
35325,12:45:00,,,,,,,,,,,,,,,,,,,,,,,,,
35326,12:46:00,,,,,,,,,,,,,,,,,,,,,,,,,
35327,12:47:00,,,,,,,,,,,,,,,,,,,,,,,,,
35328,12:48:00,,,,,,,,,,,,,,,,,,,,,,,,,
35329,12:49:00,,,,,,,,,,,,,,,,,,,,,,,,,
35330,12:50:00,,,,,,,,,,,,,,,,,,,,,,,,,
35331,12:51:00,,,,,,,,,,,,,,,,,,,,,,,,,
35332,12:52:00,,,,,,,,,,,,,,,,,,,,,,,,,
35333,12:53:00,,,,,,,,,,,,,,,,,,,,,,,,,
35334,12:54:00,,,,,,,,,,,,,,,,,,,,,,,,,
35335,12:55:00,,,,,,,,,,,,,,,,,,,,,,,,,
35336,12:56:00,,,,,,,,,,,,,,,,,,,,,,,,,
35337,12:57:00,,,,,,,,,,,,,,,,,,,,,,,,,
35338,12:58:00,,,,,,,,,,,,,,,,,,,,,,,,,
35339,12:59:00,,,,,,,,,,,,,,,,,,,,,,,,,
35340,13:00:00,,,,,,,,,,,,,,,,,,,,,,,,,
35341,13:01:00,,,,,,,,,,,,,,,,,,,,,,,,,
35342,13:02:00,,,,,,,,,,,,,,,,,,,,,,,,,
35343,13:03:00,,,,,,,,,,,,,,,,,,,,,,,,,
35344,13:04:00,,,,,,,,,,,,,,,,,,,,,,,,,
35345,13:05:00,,,,,,,,,,,,,,,,,,,,,,,,,
35346,13:06:00,,,,,,,,,,,,,,,,,,,,,,,,,
35347,13:07:00,,,,,,,,,,,,,,,,,,,,,,,,,
35348,13:08:00,,,,,,,,,,,,,,,,,,,,,,,,,
35349,13:09:00,,,,,,,,,,,,,,,,,,,,,,,,,
35350,13:10:00,,,,,,,,,,,,,,,,,,,,,,,,,
35351,13:11:00,,,,,,,,,,,,,,,,,,,,,,,,,
35352,13:12:00,,,,,,,,,,,,,,,,,,,,,,,,,
35353,13:13:00,,,,,,,,,,,,,,,,,,,,,,,,,
35354,13:14:00,,,,,,,,,,,,,,,,,,,,,,,,,
35355,13:15:00,,,,,,,,,,,,,,,,,,,,,,,,,
35356,13:16:00,,,,,,,,,,,,,,,,,,,,,,,,,
35357,13:17:00,,,,,,,,,,,,,,,,,,,,,,,,,
35358,13:18:00,,,,,,,,,,,,,,,,,,,,,,,,,
35359,13:19:00,,,,,,,,,,,,,,,,,,,,,,,,,
35360,13:20:00,,,,,,,,,,,,,,,,,,,,,,,,,
35361,13:21:00,,,,,,,,,,,,,,,,,,,,,,,,,
35362,13:22:00,,,,,,,,,,,,,,,,,,,,,,,,,
35363,13:23:00,,,,,,,,,,,,,,,,,,,,,,,,,
35364,13:24:00,,,,,,,,,,,,,,,,,,,,,,,,,
35365,13:25:00,,,,,,,,,,,,,,,,,,,,,,,,,
35366,13:26:00,,,,,,,,,,,,,,,,,,,,,,,,,
35367,13:27:00,,,,,,,,,,,,,,,,,,,,,,,,,
35368,13:28:00,,,,,,,,,,,,,,,,,,,,,,,,,
35369,13:29:00,,,,,,,,,,,,,,,,,,,,,,,,,
35370,13:30:00,,,,,,,,,,,,,,,,,,,,,,,,,
35371,13:31:00,,,,,,,,,,,,,,,,,,,,,,,,,
35372,13:32:00,,,,,,,,,,,,,,,,,,,,,,,,,
35373,13:33:00,,,,,,,,,,,,,,,,,,,,,,,,,
35374,13:34:00,,,,,,,,,,,,,,,,,,,,,,,,,
35375,13:35:00,,,,,,,,,,,,,,,,,,,,,,,,,
35376,13:36:00,,,,,,,,,,,,,,,,,,,,,,,,,
35377,13:37:00,,,,,,,,,,,,,,,,,,,,,,,,,
35378,13:38:00,,,,,,,,,,,,,,,,,,,,,,,,,
35379,13:39:00,,,,,,,,,,,,,,,,,,,,,,,,,
35380,13:40:00,,,,,,,,,,,,,,,,,,,,,,,,,
35381,13:41:00,,,,,,,,,,,,,,,,,,,,,,,,,
35382,13:42:00,,,,,,,,,,,,,,,,,,,,,,,,,
35383,13:43:00,,,,,,,,,,,,,,,,,,,,,,,,,
35384,13:44:00,,,,,,,,,,,,,,,,,,,,,,,,,
35385,13:45:00,,,,,,,,,,,,,,,,,,,,,,,,,
35386,13:46:00,,,,,,,,,,,,,,,,,,,,,,,,,
35387,13:47:00,,,,,,,,,,,,,,,,,,,,,,,,,
35388,13:48:00,,,,,,,,,,,,,,,,,,,,,,,,,
35389,13:49:00,,,,,,,,,,,,,,,,,,,,,,,,,
35390,13:50:00,,,,,,,,,,,,,,,,,,,,,,,,,
35391,13:51:00,,,,,,,,,,,,,,,,,,,,,,,,,
35392,13:52:00,,,,,,,,,,,,,,,,,,,,,,,,,
35393,13:53:00,,,,,,,,,,,,,,,,,,,,,,,,,
35394,13:54:00,,,,,,,,,,,,,,,,,,,,,,,,,
35395,13:55:00,,,,,,,,,,,,,,,,,,,,,,,,,
35396,13:56:00,,,,,,,,,,,,,,,,,,,,,,,,,
35397,13:57:00,,,,,,,,,,,,,,,,,,,,,,,,,
35398,13:58:00,,,,,,,,,,,,,,,,,,,,,,,,,
35399,13:59:00,,,,,,,,,,,,,,,,,,,,,,,,,
35400,14:00:00,,,,,,,,,,,,,,,,,,,,,,,,,
35401,14:01:00,,,,,,,,,,,,,,,,,,,,,,,,,
35402,14:02:00,,,,,,,,,,,,,,,,,,,,,,,,,
35403,14:03:00,,,,,,,,,,,,,,,,,,,,,,,,,
35404,14:04:00,,,,,,,,,,,,,,,,,,,,,,,,,
35405,14:05:00,,,,,,,,,,,,,,,,,,,,,,,,,
35406,14:06:00,,,,,,,,,,,,,,,,,,,,,,,,,
35407,14:07:00,,,,,,,,,,,,,,,,,,,,,,,,,
35408,14:08:00,,,,,,,,,,,,,,,,,,,,,,,,,
35409,14:09:00,,,,,,,,,,,,,,,,,,,,,,,,,
35410,14:10:00,,,,,,,,,,,,,,,,,,,,,,,,,
35411,14:11:00,,,,,,,,,,,,,,,,,,,,,,,,,
35412,14:12:00,,,,,,,,,,,,,,,,,,,,,,,,,
35413,14:13:00,,,,,,,,,,,,,,,,,,,,,,,,,
35414,14:14:00,,,,,,,,,,,,,,,,,,,,,,,,,
35415,14:15:00,,,,,,,,,,,,,,,,,,,,,,,,,
35416,14:16:00,,,,,,,,,,,,,,,,,,,,,,,,,
35417,14:17:00,,,,,,,,,,,,,,,,,,,,,,,,,
35418,14:18:00,,,,,,,,,,,,,,,,,,,,,,,,,
35419,14:19:00,,,,,,,,,,,,,,,,,,,,,,,,,
35420,14:20:00,,,,,,,,,,,,,,,,,,,,,,,,,
35421,14:21:00,,,,,,,,,,,,,,,,,,,,,,,,,
35422,14:22:00,,,,,,,,,,,,,,,,,,,,,,,,,
35423,14:23:00,,,,,,,,,,,,,,,,,,,,,,,,,
35424,14:24:00,,,,,,,,,,,,,,,,,,,,,,,,,
35425,14:25:00,,,,,,,,,,,,,,,,,,,,,,,,,
35426,14:26:00,,,,,,,,,,,,,,,,,,,,,,,,,
35427,14:27:00,,,,,,,,,,,,,,,,,,,,,,,,,
35428,14:28:00,,,,,,,,,,,,,,,,,,,,,,,,,
35429,14:29:00,,,,,,,,,,,,,,,,,,,,,,,,,
35430,14:30:00,,,,,,,,,,,,,,,,,,,,,,,,,
35431,14:31:00,,,,,,,,,,,,,,,,,,,,,,,,,
35432,14:32:00,,,,,,,,,,,,,,,,,,,,,,,,,
35433,14:33:00,,,,,,,,,,,,,,,,,,,,,,,,,
35434,14:34:00,,,,,,,,,,,,,,,,,,,,,,,,,
35435,14:35:00,,,,,,,,,,,,,,,,,,,,,,,,,
35436,14:36:00,,,,,,,,,,,,,,,,,,,,,,,,,
35437,14:37:00,,,,,,,,,,,,,,,,,,,,,,,,,
35438,14:38:00,,,,,,,,,,,,,,,,,,,,,,,,,
35439,14:39:00,,,,,,,,,,,,,,,,,,,,,,,,,
35440,14:40:00,,,,,,,,,,,,,,,,,,,,,,,,,
35441,14:41:00,,,,,,,,,,,,,,,,,,,,,,,,,
35442,14:42:00,,,,,,,,,,,,,,,,,,,,,,,,,
35443,14:43:00,,,,,,,,,,,,,,,,,,,,,,,,,
35444,14:44:00,,,,,,,,,,,,,,,,,,,,,,,,,
35445,14:45:00,,,,,,,,,,,,,,,,,,,,,,,,,
35446,14:46:00,,,,,,,,,,,,,,,,,,,,,,,,,
35447,14:47:00,,,,,,,,,,,,,,,,,,,,,,,,,
35448,14:48:00,,,,,,,,,,,,,,,,,,,,,,,,,
35449,14:49:00,,,,,,,,,,,,,,,,,,,,,,,,,
35450,14:50:00,,,,,,,,,,,,,,,,,,,,,,,,,
35451,14:51:00,,,,,,,,,,,,,,,,,,,,,,,,,
35452,14:52:00,,,,,,,,,,,,,,,,,,,,,,,,,
35453,14:53:00,,,,,,,,,,,,,,,,,,,,,,,,,
35454,14:54:00,,,,,,,,,,,,,,,,,,,,,,,,,
35455,14:55:00,,,,,,,,,,,,,,,,,,,,,,,,,
35456,14:56:00,,,,,,,,,,,,,,,,,,,,,,,,,
35457,14:57:00,,,,,,,,,,,,,,,,,,,,,,,,,
35458,14:58:00,,,,,,,,,,,,,,,,,,,,,,,,,
35459,14:59:00,,,,,,,,,,,,,,,,,,,,,,,,,
35460,15:00:00,,,,,,,,,,,,,,,,,,,,,,,,,
35461,15:01:00,,,,,,,,,,,,,,,,,,,,,,,,,
35462,15:02:00,,,,,,,,,,,,,,,,,,,,,,,,,
35463,15:03:00,,,,,,,,,,,,,,,,,,,,,,,,,
35464,15:04:00,,,,,,,,,,,,,,,,,,,,,,,,,
35465,15:05:00,,,,,,,,,,,,,,,,,,,,,,,,,
35466,15:06:00,,,,,,,,,,,,,,,,,,,,,,,,,
35467,15:07:00,,,,,,,,,,,,,,,,,,,,,,,,,
35468,15:08:00,,,,,,,,,,,,,,,,,,,,,,,,,
35469,15:09:00,,,,,,,,,,,,,,,,,,,,,,,,,
35470,15:10:00,,,,,,,,,,,,,,,,,,,,,,,,,
35471,15:11:00,,,,,,,,,,,,,,,,,,,,,,,,,
35472,15:12:00,,,,,,,,,,,,,,,,,,,,,,,,,
35473,15:13:00,,,,,,,,,,,,,,,,,,,,,,,,,
35474,15:14:00,,,,,,,,,,,,,,,,,,,,,,,,,
35475,15:15:00,,,,,,,,,,,,,,,,,,,,,,,,,
35476,15:16:00,,,,,,,,,,,,,,,,,,,,,,,,,
35477,15:17:00,,,,,,,,,,,,,,,,,,,,,,,,,
35478,15:18:00,,,,,,,,,,,,,,,,,,,,,,,,,
35479,15:19:00,,,,,,,,,,,,,,,,,,,,,,,,,
35480,15:20:00,,,,,,,,,,,,,,,,,,,,,,,,,
35481,15:21:00,,,,,,,,,,,,,,,,,,,,,,,,,
35482,15:22:00,,,,,,,,,,,,,,,,,,,,,,,,,
35483,15:23:00,,,,,,,,,,,,,,,,,,,,,,,,,
35484,15:24:00,,,,,,,,,,,,,,,,,,,,,,,,,
35485,15:25:00,,,,,,,,,,,,,,,,,,,,,,,,,
35486,15:26:00,,,,,,,,,,,,,,,,,,,,,,,,,
35487,15:27:00,,,,,,,,,,,,,,,,,,,,,,,,,
35488,15:28:00,,,,,,,,,,,,,,,,,,,,,,,,,
35489,15:29:00,,,,,,,,,,,,,,,,,,,,,,,,,
35490,15:30:00,,,,,,,,,,,,,,,,,,,,,,,,,
35491,15:31:00,,,,,,,,,,,,,,,,,,,,,,,,,
35492,15:32:00,,,,,,,,,,,,,,,,,,,,,,,,,
35493,15:33:00,,,,,,,,,,,,,,,,,,,,,,,,,
35494,15:34:00,,,,,,,,,,,,,,,,,,,,,,,,,
35495,15:35:00,,,,,,,,,,,,,,,,,,,,,,,,,
35496,15:36:00,,,,,,,,,,,,,,,,,,,,,,,,,
35497,15:37:00,,,,,,,,,,,,,,,,,,,,,,,,,
35498,15:38:00,,,,,,,,,,,,,,,,,,,,,,,,,
35499,15:39:00,,,,,,,,,,,,,,,,,,,,,,,,,
35500,15:40:00,,,,,,,,,,,,,,,,,,,,,,,,,
35501,15:41:00,,,,,,,,,,,,,,,,,,,,,,,,,
35502,15:42:00,,,,,,,,,,,,,,,,,,,,,,,,,
35503,15:43:00,,,,,,,,,,,,,,,,,,,,,,,,,
35504,15:44:00,,,,,,,,,,,,,,,,,,,,,,,,,
35505,15:45:00,,,,,,,,,,,,,,,,,,,,,,,,,
35506,15:46:00,,,,,,,,,,,,,,,,,,,,,,,,,
35507,15:47:00,,,,,,,,,,,,,,,,,,,,,,,,,
35508,15:48:00,,,,,,,,,,,,,,,,,,,,,,,,,
35509,15:49:00,,,,,,,,,,,,,,,,,,,,,,,,,
35510,15:50:00,,,,,,,,,,,,,,,,,,,,,,,,,
35511,15:51:00,,,,,,,,,,,,,,,,,,,,,,,,,
35512,15:52:00,,,,,,,,,,,,,,,,,,,,,,,,,
35513,15:53:00,,,,,,,,,,,,,,,,,,,,,,,,,
35514,15:54:00,,,,,,,,,,,,,,,,,,,,,,,,,
35515,15:55:00,,,,,,,,,,,,,,,,,,,,,,,,,
35516,15:56:00,,,,,,,,,,,,,,,,,,,,,,,,,
35517,15:57:00,,,,,,,,,,,,,,,,,,,,,,,,,
35518,15:58:00,,,,,,,,,,,,,,,,,,,,,,,,,
35519,15:59:00,,,,,,,,,,,,,,,,,,,,,,,,,
35520,16:00:00,,,,,,,,,,,,,,,,,,,,,,,,,
35521,16:01:00,,,,,,,,,,,,,,,,,,,,,,,,,
35522,16:02:00,,,,,,,,,,,,,,,,,,,,,,,,,
35523,16:03:00,,,,,,,,,,,,,,,,,,,,,,,,,
35524,16:04:00,,,,,,,,,,,,,,,,,,,,,,,,,
35525,16:05:00,,,,,,,,,,,,,,,,,,,,,,,,,
35526,16:06:00,,,,,,,,,,,,,,,,,,,,,,,,,
35527,16:07:00,,,,,,,,,,,,,,,,,,,,,,,,,
35528,16:08:00,,,,,,,,,,,,,,,,,,,,,,,,,
35529,16:09:00,,,,,,,,,,,,,,,,,,,,,,,,,
35530,16:10:00,,,,,,,,,,,,,,,,,,,,,,,,,
35531,16:11:00,,,,,,,,,,,,,,,,,,,,,,,,,
35532,16:12:00,,,,,,,,,,,,,,,,,,,,,,,,,
35533,16:13:00,,,,,,,,,,,,,,,,,,,,,,,,,
35534,16:14:00,,,,,,,,,,,,,,,,,,,,,,,,,
35535,16:15:00,,,,,,,,,,,,,,,,,,,,,,,,,
35536,16:16:00,,,,,,,,,,,,,,,,,,,,,,,,,
35537,16:17:00,,,,,,,,,,,,,,,,,,,,,,,,,
35538,16:18:00,,,,,,,,,,,,,,,,,,,,,,,,,
35539,16:19:00,,,,,,,,,,,,,,,,,,,,,,,,,
35540,16:20:00,,,,,,,,,,,,,,,,,,,,,,,,,
35541,16:21:00,,,,,,,,,,,,,,,,,,,,,,,,,
35542,16:22:00,,,,,,,,,,,,,,,,,,,,,,,,,
35543,16:23:00,,,,,,,,,,,,,,,,,,,,,,,,,
35544,16:24:00,,,,,,,,,,,,,,,,,,,,,,,,,
35545,16:25:00,,,,,,,,,,,,,,,,,,,,,,,,,
35546,16:26:00,,,,,,,,,,,,,,,,,,,,,,,,,
35547,16:27:00,,,,,,,,,,,,,,,,,,,,,,,,,
35548,16:28:00,,,,,,,,,,,,,,,,,,,,,,,,,
35549,16:29:00,,,,,,,,,,,,,,,,,,,,,,,,,
35550,16:30:00,,,,,,,,,,,,,,,,,,,,,,,,,
35551,16:31:00,,,,,,,,,,,,,,,,,,,,,,,,,
35552,16:32:00,,,,,,,,,,,,,,,,,,,,,,,,,
35553,16:33:00,,,,,,,,,,,,,,,,,,,,,,,,,
35554,16:34:00,,,,,,,,,,,,,,,,,,,,,,,,,
35555,16:35:00,,,,,,,,,,,,,,,,,,,,,,,,,
35556,16:36:00,,,,,,,,,,,,,,,,,,,,,,,,,
35557,16:37:00,,,,,,,,,,,,,,,,,,,,,,,,,
35558,16:38:00,,,,,,,,,,,,,,,,,,,,,,,,,
35559,16:39:00,,,,,,,,,,,,,,,,,,,,,,,,,
35560,16:40:00,,,,,,,,,,,,,,,,,,,,,,,,,
35561,16:41:00,,,,,,,,,,,,,,,,,,,,,,,,,
35562,16:42:00,,,,,,,,,,,,,,,,,,,,,,,,,
35563,16:43:00,,,,,,,,,,,,,,,,,,,,,,,,,
35564,16:44:00,,,,,,,,,,,,,,,,,,,,,,,,,
35565,16:45:00,,,,,,,,,,,,,,,,,,,,,,,,,
35566,16:46:00,,,,,,,,,,,,,,,,,,,,,,,,,
35567,16:47:00,,,,,,,,,,,,,,,,,,,,,,,,,
35568,16:48:00,,,,,,,,,,,,,,,,,,,,,,,,,
35569,16:49:00,,,,,,,,,,,,,,,,,,,,,,,,,
35570,16:50:00,,,,,,,,,,,,,,,,,,,,,,,,,
35571,16:51:00,,,,,,,,,,,,,,,,,,,,,,,,,
35572,16:52:00,,,,,,,,,,,,,,,,,,,,,,,,,
35573,16:53:00,,,,,,,,,,,,,,,,,,,,,,,,,
35574,16:54:00,,,,,,,,,,,,,,,,,,,,,,,,,
35575,16:55:00,,,,,,,,,,,,,,,,,,,,,,,,,
35576,16:56:00,,,,,,,,,,,,,,,,,,,,,,,,,
35577,16:57:00,,,,,,,,,,,,,,,,,,,,,,,,,
35578,16:58:00,,,,,,,,,,,,,,,,,,,,,,,,,
35579,16:59:00,,,,,,,,,,,,,,,,,,,,,,,,,
35580,17:00:00,,,,,,,,,,,,,,,,,,,,,,,,,
35581,17:01:00,,,,,,,,,,,,,,,,,,,,,,,,,
35582,17:02:00,,,,,,,,,,,,,,,,,,,,,,,,,
35583,17:03:00,,,,,,,,,,,,,,,,,,,,,,,,,
35584,17:04:00,,,,,,,,,,,,,,,,,,,,,,,,,
35585,17:05:00,,,,,,,,,,,,,,,,,,,,,,,,,
35586,17:06:00,,,,,,,,,,,,,,,,,,,,,,,,,
35587,17:07:00,,,,,,,,,,,,,,,,,,,,,,,,,
35588,17:08:00,,,,,,,,,,,,,,,,,,,,,,,,,
35589,17:09:00,,,,,,,,,,,,,,,,,,,,,,,,,
35590,17:10:00,,,,,,,,,,,,,,,,,,,,,,,,,
35591,17:11:00,,,,,,,,,,,,,,,,,,,,,,,,,
35592,17:12:00,,,,,,,,,,,,,,,,,,,,,,,,,
35593,17:13:00,,,,,,,,,,,,,,,,,,,,,,,,,
35594,17:14:00,,,,,,,,,,,,,,,,,,,,,,,,,
35595,17:15:00,,,,,,,,,,,,,,,,,,,,,,,,,
35596,17:16:00,,,,,,,,,,,,,,,,,,,,,,,,,
35597,17:17:00,,,,,,,,,,,,,,,,,,,,,,,,,
35598,17:18:00,,,,,,,,,,,,,,,,,,,,,,,,,
35599,17:19:00,,,,,,,,,,,,,,,,,,,,,,,,,
35600,17:20:00,,,,,,,,,,,,,,,,,,,,,,,,,
35601,17:21:00,,,,,,,,,,,,,,,,,,,,,,,,,
35602,17:22:00,,,,,,,,,,,,,,,,,,,,,,,,,
35603,17:23:00,,,,,,,,,,,,,,,,,,,,,,,,,
35604,17:24:00,,,,,,,,,,,,,,,,,,,,,,,,,
35605,17:25:00,,,,,,,,,,,,,,,,,,,,,,,,,
35606,17:26:00,,,,,,,,,,,,,,,,,,,,,,,,,
35607,17:27:00,,,,,,,,,,,,,,,,,,,,,,,,,
35608,17:28:00,,,,,,,,,,,,,,,,,,,,,,,,,
35609,17:29:00,,,,,,,,,,,,,,,,,,,,,,,,,
35610,17:30:00,,,,,,,,,,,,,,,,,,,,,,,,,
35611,17:31:00,,,,,,,,,,,,,,,,,,,,,,,,,
35612,17:32:00,,,,,,,,,,,,,,,,,,,,,,,,,
35613,17:33:00,,,,,,,,,,,,,,,,,,,,,,,,,
35614,17:34:00,,,,,,,,,,,,,,,,,,,,,,,,,
35615,17:35:00,,,,,,,,,,,,,,,,,,,,,,,,,
35616,17:36:00,,,,,,,,,,,,,,,,,,,,,,,,,
35617,17:37:00,,,,,,,,,,,,,,,,,,,,,,,,,
35618,17:38:00,,,,,,,,,,,,,,,,,,,,,,,,,
35619,17:39:00,,,,,,,,,,,,,,,,,,,,,,,,,
35620,17:40:00,,,,,,,,,,,,,,,,,,,,,,,,,
35621,17:41:00,,,,,,,,,,,,,,,,,,,,,,,,,
35622,17:42:00,,,,,,,,,,,,,,,,,,,,,,,,,
35623,17:43:00,,,,,,,,,,,,,,,,,,,,,,,,,
35624,17:44:00,,,,,,,,,,,,,,,,,,,,,,,,,
35625,17:45:00,,,,,,,,,,,,,,,,,,,,,,,,,
35626,17:46:00,,,,,,,,,,,,,,,,,,,,,,,,,
35627,17:47:00,,,,,,,,,,,,,,,,,,,,,,,,,
35628,17:48:00,,,,,,,,,,,,,,,,,,,,,,,,,
35629,17:49:00,,,,,,,,,,,,,,,,,,,,,,,,,
35630,17:50:00,,,,,,,,,,,,,,,,,,,,,,,,,
35631,17:51:00,,,,,,,,,,,,,,,,,,,,,,,,,
35632,17:52:00,,,,,,,,,,,,,,,,,,,,,,,,,
35633,17:53:00,,,,,,,,,,,,,,,,,,,,,,,,,
35634,17:54:00,,,,,,,,,,,,,,,,,,,,,,,,,
35635,17:55:00,,,,,,,,,,,,,,,,,,,,,,,,,
35636,17:56:00,,,,,,,,,,,,,,,,,,,,,,,,,
35637,17:57:00,,,,,,,,,,,,,,,,,,,,,,,,,
35638,17:58:00,,,,,,,,,,,,,,,,,,,,,,,,,
35639,17:59:00,,,,,,,,,,,,,,,,,,,,,,,,,
35640,18:00:00,,,,,,,,,,,,,,,,,,,,,,,,,
35641,18:01:00,,,,,,,,,,,,,,,,,,,,,,,,,
35642,18:02:00,,,,,,,,,,,,,,,,,,,,,,,,,
35643,18:03:00,,,,,,,,,,,,,,,,,,,,,,,,,
35644,18:04:00,,,,,,,,,,,,,,,,,,,,,,,,,
35645,18:05:00,,,,,,,,,,,,,,,,,,,,,,,,,
35646,18:06:00,,,,,,,,,,,,,,,,,,,,,,,,,
35647,18:07:00,,,,,,,,,,,,,,,,,,,,,,,,,
35648,18:08:00,,,,,,,,,,,,,,,,,,,,,,,,,
35649,18:09:00,,,,,,,,,,,,,,,,,,,,,,,,,
35650,18:10:00,,,,,,,,,,,,,,,,,,,,,,,,,
35651,18:11:00,,,,,,,,,,,,,,,,,,,,,,,,,
35652,18:12:00,,,,,,,,,,,,,,,,,,,,,,,,,
35653,18:13:00,,,,,,,,,,,,,,,,,,,,,,,,,
35654,18:14:00,,,,,,,,,,,,,,,,,,,,,,,,,
35655,18:15:00,,,,,,,,,,,,,,,,,,,,,,,,,
35656,18:16:00,,,,,,,,,,,,,,,,,,,,,,,,,
35657,18:17:00,,,,,,,,,,,,,,,,,,,,,,,,,
35658,18:18:00,,,,,,,,,,,,,,,,,,,,,,,,,
35659,18:19:00,,,,,,,,,,,,,,,,,,,,,,,,,
35660,18:20:00,,,,,,,,,,,,,,,,,,,,,,,,,
35661,18:21:00,,,,,,,,,,,,,,,,,,,,,,,,,
35662,18:22:00,,,,,,,,,,,,,,,,,,,,,,,,,
35663,18:23:00,,,,,,,,,,,,,,,,,,,,,,,,,
35664,18:24:00,,,,,,,,,,,,,,,,,,,,,,,,,
35665,18:25:00,,,,,,,,,,,,,,,,,,,,,,,,,
35666,18:26:00,,,,,,,,,,,,,,,,,,,,,,,,,
35667,18:27:00,,,,,,,,,,,,,,,,,,,,,,,,,
35668,18:28:00,,,,,,,,,,,,,,,,,,,,,,,,,
35669,18:29:00,,,,,,,,,,,,,,,,,,,,,,,,,
35670,18:30:00,,,,,,,,,,,,,,,,,,,,,,,,,
35671,18:31:00,,,,,,,,,,,,,,,,,,,,,,,,,
35672,18:32:00,,,,,,,,,,,,,,,,,,,,,,,,,
35673,18:33:00,,,,,,,,,,,,,,,,,,,,,,,,,
35674,18:34:00,,,,,,,,,,,,,,,,,,,,,,,,,
35675,18:35:00,,,,,,,,,,,,,,,,,,,,,,,,,
35676,18:36:00,,,,,,,,,,,,,,,,,,,,,,,,,
35677,18:37:00,,,,,,,,,,,,,,,,,,,,,,,,,
35678,18:38:00,,,,,,,,,,,,,,,,,,,,,,,,,
35679,18:39:00,,,,,,,,,,,,,,,,,,,,,,,,,
35680,18:40:00,,,,,,,,,,,,,,,,,,,,,,,,,
35681,18:41:00,,,,,,,,,,,,,,,,,,,,,,,,,
35682,18:42:00,,,,,,,,,,,,,,,,,,,,,,,,,
35683,18:43:00,,,,,,,,,,,,,,,,,,,,,,,,,
35684,18:44:00,,,,,,,,,,,,,,,,,,,,,,,,,
35685,18:45:00,,,,,,,,,,,,,,,,,,,,,,,,,
35686,18:46:00,,,,,,,,,,,,,,,,,,,,,,,,,
35687,18:47:00,,,,,,,,,,,,,,,,,,,,,,,,,
35688,18:48:00,,,,,,,,,,,,,,,,,,,,,,,,,
35689,18:49:00,,,,,,,,,,,,,,,,,,,,,,,,,
35690,18:50:00,,,,,,,,,,,,,,,,,,,,,,,,,
35691,18:51:00,,,,,,,,,,,,,,,,,,,,,,,,,
35692,18:52:00,,,,,,,,,,,,,,,,,,,,,,,,,
35693,18:53:00,,,,,,,,,,,,,,,,,,,,,,,,,
35694,18:54:00,,,,,,,,,,,,,,,,,,,,,,,,,
35695,18:55:00,,,,,,,,,,,,,,,,,,,,,,,,,
35696,18:56:00,,,,,,,,,,,,,,,,,,,,,,,,,
35697,18:57:00,,,,,,,,,,,,,,,,,,,,,,,,,
35698,18:58:00,,,,,,,,,,,,,,,,,,,,,,,,,
35699,18:59:00,,,,,,,,,,,,,,,,,,,,,,,,,
35700,19:00:00,,,,,,,,,,,,,,,,,,,,,,,,,
35701,19:01:00,,,,,,,,,,,,,,,,,,,,,,,,,
35702,19:02:00,,,,,,,,,,,,,,,,,,,,,,,,,
35703,19:03:00,,,,,,,,,,,,,,,,,,,,,,,,,
35704,19:04:00,,,,,,,,,,,,,,,,,,,,,,,,,
35705,19:05:00,,,,,,,,,,,,,,,,,,,,,,,,,
35706,19:06:00,,,,,,,,,,,,,,,,,,,,,,,,,
35707,19:07:00,,,,,,,,,,,,,,,,,,,,,,,,,
35708,19:08:00,,,,,,,,,,,,,,,,,,,,,,,,,
35709,19:09:00,,,,,,,,,,,,,,,,,,,,,,,,,
35710,19:10:00,,,,,,,,,,,,,,,,,,,,,,,,,
35711,19:11:00,,,,,,,,,,,,,,,,,,,,,,,,,
35712,19:12:00,,,,,,,,,,,,,,,,,,,,,,,,,
35713,19:13:00,,,,,,,,,,,,,,,,,,,,,,,,,
35714,19:14:00,,,,,,,,,,,,,,,,,,,,,,,,,
35715,19:15:00,,,,,,,,,,,,,,,,,,,,,,,,,
35716,19:16:00,,,,,,,,,,,,,,,,,,,,,,,,,
35717,19:17:00,,,,,,,,,,,,,,,,,,,,,,,,,
35718,19:18:00,,,,,,,,,,,,,,,,,,,,,,,,,
35719,19:19:00,,,,,,,,,,,,,,,,,,,,,,,,,
35720,19:20:00,,,,,,,,,,,,,,,,,,,,,,,,,
35721,19:21:00,,,,,,,,,,,,,,,,,,,,,,,,,
35722,19:22:00,,,,,,,,,,,,,,,,,,,,,,,,,
35723,19:23:00,,,,,,,,,,,,,,,,,,,,,,,,,
35724,19:24:00,,,,,,,,,,,,,,,,,,,,,,,,,
35725,19:25:00,,,,,,,,,,,,,,,,,,,,,,,,,
35726,19:26:00,,,,,,,,,,,,,,,,,,,,,,,,,
35727,19:27:00,,,,,,,,,,,,,,,,,,,,,,,,,
35728,19:28:00,,,,,,,,,,,,,,,,,,,,,,,,,
35729,19:29:00,,,,,,,,,,,,,,,,,,,,,,,,,
35730,19:30:00,,,,,,,,,,,,,,,,,,,,,,,,,
35731,19:31:00,,,,,,,,,,,,,,,,,,,,,,,,,
35732,19:32:00,,,,,,,,,,,,,,,,,,,,,,,,,
35733,19:33:00,,,,,,,,,,,,,,,,,,,,,,,,,
35734,19:34:00,,,,,,,,,,,,,,,,,,,,,,,,,
35735,19:35:00,,,,,,,,,,,,,,,,,,,,,,,,,
35736,19:36:00,,,,,,,,,,,,,,,,,,,,,,,,,
35737,19:37:00,,,,,,,,,,,,,,,,,,,,,,,,,
35738,19:38:00,,,,,,,,,,,,,,,,,,,,,,,,,
35739,19:39:00,,,,,,,,,,,,,,,,,,,,,,,,,
35740,19:40:00,,,,,,,,,,,,,,,,,,,,,,,,,
35741,19:41:00,,,,,,,,,,,,,,,,,,,,,,,,,
35742,19:42:00,,,,,,,,,,,,,,,,,,,,,,,,,
35743,19:43:00,,,,,,,,,,,,,,,,,,,,,,,,,
35744,19:44:00,,,,,,,,,,,,,,,,,,,,,,,,,
35745,19:45:00,,,,,,,,,,,,,,,,,,,,,,,,,
35746,19:46:00,,,,,,,,,,,,,,,,,,,,,,,,,
35747,19:47:00,,,,,,,,,,,,,,,,,,,,,,,,,
35748,19:48:00,,,,,,,,,,,,,,,,,,,,,,,,,
35749,19:49:00,,,,,,,,,,,,,,,,,,,,,,,,,
35750,19:50:00,,,,,,,,,,,,,,,,,,,,,,,,,
35751,19:51:00,,,,,,,,,,,,,,,,,,,,,,,,,
35752,19:52:00,,,,,,,,,,,,,,,,,,,,,,,,,
35753,19:53:00,,,,,,,,,,,,,,,,,,,,,,,,,
35754,19:54:00,,,,,,,,,,,,,,,,,,,,,,,,,
35755,19:55:00,,,,,,,,,,,,,,,,,,,,,,,,,
35756,19:56:00,,,,,,,,,,,,,,,,,,,,,,,,,
35757,19:57:00,,,,,,,,,,,,,,,,,,,,,,,,,
35758,19:58:00,,,,,,,,,,,,,,,,,,,,,,,,,
35759,19:59:00,,,,,,,,,,,,,,,,,,,,,,,,,
35760,20:00:00,,,,,,,,,,,,,,,,,,,,,,,,,
35761,20:01:00,,,,,,,,,,,,,,,,,,,,,,,,,
35762,20:02:00,,,,,,,,,,,,,,,,,,,,,,,,,
35763,20:03:00,,,,,,,,,,,,,,,,,,,,,,,,,
35764,20:04:00,,,,,,,,,,,,,,,,,,,,,,,,,
35765,20:05:00,,,,,,,,,,,,,,,,,,,,,,,,,
35766,20:06:00,,,,,,,,,,,,,,,,,,,,,,,,,
35767,20:07:00,,,,,,,,,,,,,,,,,,,,,,,,,
35768,20:08:00,,,,,,,,,,,,,,,,,,,,,,,,,
35769,20:09:00,,,,,,,,,,,,,,,,,,,,,,,,,
35770,20:10:00,,,,,,,,,,,,,,,,,,,,,,,,,
35771,20:11:00,,,,,,,,,,,,,,,,,,,,,,,,,
35772,20:12:00,,,,,,,,,,,,,,,,,,,,,,,,,
35773,20:13:00,,,,,,,,,,,,,,,,,,,,,,,,,
35774,20:14:00,,,,,,,,,,,,,,,,,,,,,,,,,
35775,20:15:00,,,,,,,,,,,,,,,,,,,,,,,,,
35776,20:16:00,,,,,,,,,,,,,,,,,,,,,,,,,
35777,20:17:00,,,,,,,,,,,,,,,,,,,,,,,,,
35778,20:18:00,,,,,,,,,,,,,,,,,,,,,,,,,
35779,20:19:00,,,,,,,,,,,,,,,,,,,,,,,,,
35780,20:20:00,,,,,,,,,,,,,,,,,,,,,,,,,
35781,20:21:00,,,,,,,,,,,,,,,,,,,,,,,,,
35782,20:22:00,,,,,,,,,,,,,,,,,,,,,,,,,
35783,20:23:00,,,,,,,,,,,,,,,,,,,,,,,,,
35784,20:24:00,,,,,,,,,,,,,,,,,,,,,,,,,
35785,20:25:00,,,,,,,,,,,,,,,,,,,,,,,,,
35786,20:26:00,,,,,,,,,,,,,,,,,,,,,,,,,
35787,20:27:00,,,,,,,,,,,,,,,,,,,,,,,,,
35788,20:28:00,,,,,,,,,,,,,,,,,,,,,,,,,
35789,20:29:00,,,,,,,,,,,,,,,,,,,,,,,,,
35790,20:30:00,,,,,,,,,,,,,,,,,,,,,,,,,
35791,20:31:00,,,,,,,,,,,,,,,,,,,,,,,,,
35792,20:32:00,,,,,,,,,,,,,,,,,,,,,,,,,
35793,20:33:00,,,,,,,,,,,,,,,,,,,,,,,,,
35794,20:34:00,,,,,,,,,,,,,,,,,,,,,,,,,
35795,20:35:00,,,,,,,,,,,,,,,,,,,,,,,,,
35796,20:36:00,,,,,,,,,,,,,,,,,,,,,,,,,
35797,20:37:00,,,,,,,,,,,,,,,,,,,,,,,,,
35798,20:38:00,,,,,,,,,,,,,,,,,,,,,,,,,
35799,20:39:00,,,,,,,,,,,,,,,,,,,,,,,,,
35800,20:40:00,,,,,,,,,,,,,,,,,,,,,,,,,
35801,20:41:00,,,,,,,,,,,,,,,,,,,,,,,,,
35802,20:42:00,,,,,,,,,,,,,,,,,,,,,,,,,
35803,20:43:00,,,,,,,,,,,,,,,,,,,,,,,,,
35804,20:44:00,,,,,,,,,,,,,,,,,,,,,,,,,
35805,20:45:00,,,,,,,,,,,,,,,,,,,,,,,,,
35806,20:46:00,,,,,,,,,,,,,,,,,,,,,,,,,
35807,20:47:00,,,,,,,,,,,,,,,,,,,,,,,,,
35808,20:48:00,,,,,,,,,,,,,,,,,,,,,,,,,
35809,20:49:00,,,,,,,,,,,,,,,,,,,,,,,,,
35810,20:50:00,,,,,,,,,,,,,,,,,,,,,,,,,
35811,20:51:00,,,,,,,,,,,,,,,,,,,,,,,,,
35812,20:52:00,,,,,,,,,,,,,,,,,,,,,,,,,
35813,20:53:00,,,,,,,,,,,,,,,,,,,,,,,,,
35814,20:54:00,,,,,,,,,,,,,,,,,,,,,,,,,
35815,20:55:00,,,,,,,,,,,,,,,,,,,,,,,,,
35816,20:56:00,,,,,,,,,,,,,,,,,,,,,,,,,
35817,20:57:00,,,,,,,,,,,,,,,,,,,,,,,,,
35818,20:58:00,,,,,,,,,,,,,,,,,,,,,,,,,
35819,20:59:00,,,,,,,,,,,,,,,,,,,,,,,,,
35820,21:00:00,,,,,,,,,,,,,,,,,,,,,,,,,
35821,21:01:00,,,,,,,,,,,,,,,,,,,,,,,,,
35822,21:02:00,,,,,,,,,,,,,,,,,,,,,,,,,
35823,21:03:00,,,,,,,,,,,,,,,,,,,,,,,,,
35824,21:04:00,,,,,,,,,,,,,,,,,,,,,,,,,
35825,21:05:00,,,,,,,,,,,,,,,,,,,,,,,,,
35826,21:06:00,,,,,,,,,,,,,,,,,,,,,,,,,
35827,21:07:00,,,,,,,,,,,,,,,,,,,,,,,,,
35828,21:08:00,,,,,,,,,,,,,,,,,,,,,,,,,
35829,21:09:00,,,,,,,,,,,,,,,,,,,,,,,,,
35830,21:10:00,,,,,,,,,,,,,,,,,,,,,,,,,
35831,21:11:00,,,,,,,,,,,,,,,,,,,,,,,,,
35832,21:12:00,,,,,,,,,,,,,,,,,,,,,,,,,
35833,21:13:00,,,,,,,,,,,,,,,,,,,,,,,,,
35834,21:14:00,,,,,,,,,,,,,,,,,,,,,,,,,
35835,21:15:00,,,,,,,,,,,,,,,,,,,,,,,,,
35836,21:16:00,,,,,,,,,,,,,,,,,,,,,,,,,
35837,21:17:00,,,,,,,,,,,,,,,,,,,,,,,,,
35838,21:18:00,,,,,,,,,,,,,,,,,,,,,,,,,
35839,21:19:00,,,,,,,,,,,,,,,,,,,,,,,,,
35840,21:20:00,,,,,,,,,,,,,,,,,,,,,,,,,
35841,21:21:00,,,,,,,,,,,,,,,,,,,,,,,,,
35842,21:22:00,,,,,,,,,,,,,,,,,,,,,,,,,
35843,21:23:00,,,,,,,,,,,,,,,,,,,,,,,,,
35844,21:24:00,,,,,,,,,,,,,,,,,,,,,,,,,
35845,21:25:00,,,,,,,,,,,,,,,,,,,,,,,,,
35846,21:26:00,,,,,,,,,,,,,,,,,,,,,,,,,
35847,21:27:00,,,,,,,,,,,,,,,,,,,,,,,,,
35848,21:28:00,,,,,,,,,,,,,,,,,,,,,,,,,
35849,21:29:00,,,,,,,,,,,,,,,,,,,,,,,,,
35850,21:30:00,,,,,,,,,,,,,,,,,,,,,,,,,
35851,21:31:00,,,,,,,,,,,,,,,,,,,,,,,,,
35852,21:32:00,,,,,,,,,,,,,,,,,,,,,,,,,
35853,21:33:00,,,,,,,,,,,,,,,,,,,,,,,,,
35854,21:34:00,,,,,,,,,,,,,,,,,,,,,,,,,
35855,21:35:00,,,,,,,,,,,,,,,,,,,,,,,,,
35856,21:36:00,,,,,,,,,,,,,,,,,,,,,,,,,
35857,21:37:00,,,,,,,,,,,,,,,,,,,,,,,,,
35858,21:38:00,,,,,,,,,,,,,,,,,,,,,,,,,
35859,21:39:00,,,,,,,,,,,,,,,,,,,,,,,,,
35860,21:40:00,,,,,,,,,,,,,,,,,,,,,,,,,
35861,21:41:00,,,,,,,,,,,,,,,,,,,,,,,,,
35862,21:42:00,,,,,,,,,,,,,,,,,,,,,,,,,
35863,21:43:00,,,,,,,,,,,,,,,,,,,,,,,,,
35864,21:44:00,,,,,,,,,,,,,,,,,,,,,,,,,
35865,21:45:00,,,,,,,,,,,,,,,,,,,,,,,,,
35866,21:46:00,,,,,,,,,,,,,,,,,,,,,,,,,
35867,21:47:00,,,,,,,,,,,,,,,,,,,,,,,,,
35868,21:48:00,,,,,,,,,,,,,,,,,,,,,,,,,
35869,21:49:00,,,,,,,,,,,,,,,,,,,,,,,,,
35870,21:50:00,,,,,,,,,,,,,,,,,,,,,,,,,
35871,21:51:00,,,,,,,,,,,,,,,,,,,,,,,,,
35872,21:52:00,,,,,,,,,,,,,,,,,,,,,,,,,
35873,21:53:00,,,,,,,,,,,,,,,,,,,,,,,,,
35874,21:54:00,,,,,,,,,,,,,,,,,,,,,,,,,
35875,21:55:00,,,,,,,,,,,,,,,,,,,,,,,,,
35876,21:56:00,,,,,,,,,,,,,,,,,,,,,,,,,
35877,21:57:00,,,,,,,,,,,,,,,,,,,,,,,,,
35878,21:58:00,,,,,,,,,,,,,,,,,,,,,,,,,
35879,21:59:00,,,,,,,,,,,,,,,,,,,,,,,,,
35880,22:00:00,,,,,,,,,,,,,,,,,,,,,,,,,
35881,22:01:00,,,,,,,,,,,,,,,,,,,,,,,,,
35882,22:02:00,,,,,,,,,,,,,,,,,,,,,,,,,
35883,22:03:00,,,,,,,,,,,,,,,,,,,,,,,,,
35884,22:04:00,,,,,,,,,,,,,,,,,,,,,,,,,
35885,22:05:00,,,,,,,,,,,,,,,,,,,,,,,,,
35886,22:06:00,,,,,,,,,,,,,,,,,,,,,,,,,
35887,22:07:00,,,,,,,,,,,,,,,,,,,,,,,,,
35888,22:08:00,,,,,,,,,,,,,,,,,,,,,,,,,
35889,22:09:00,,,,,,,,,,,,,,,,,,,,,,,,,
35890,22:10:00,,,,,,,,,,,,,,,,,,,,,,,,,
35891,22:11:00,,,,,,,,,,,,,,,,,,,,,,,,,
35892,22:12:00,,,,,,,,,,,,,,,,,,,,,,,,,
35893,22:13:00,,,,,,,,,,,,,,,,,,,,,,,,,
35894,22:14:00,,,,,,,,,,,,,,,,,,,,,,,,,
35895,22:15:00,,,,,,,,,,,,,,,,,,,,,,,,,
35896,22:16:00,,,,,,,,,,,,,,,,,,,,,,,,,
35897,22:17:00,,,,,,,,,,,,,,,,,,,,,,,,,
35898,22:18:00,,,,,,,,,,,,,,,,,,,,,,,,,
35899,22:19:00,,,,,,,,,,,,,,,,,,,,,,,,,
35900,22:20:00,,,,,,,,,,,,,,,,,,,,,,,,,
35901,22:21:00,,,,,,,,,,,,,,,,,,,,,,,,,
35902,22:22:00,,,,,,,,,,,,,,,,,,,,,,,,,
35903,22:23:00,,,,,,,,,,,,,,,,,,,,,,,,,
35904,22:24:00,,,,,,,,,,,,,,,,,,,,,,,,,
35905,22:25:00,,,,,,,,,,,,,,,,,,,,,,,,,
35906,22:26:00,,,,,,,,,,,,,,,,,,,,,,,,,
35907,22:27:00,,,,,,,,,,,,,,,,,,,,,,,,,
35908,22:28:00,,,,,,,,,,,,,,,,,,,,,,,,,
35909,22:29:00,,,,,,,,,,,,,,,,,,,,,,,,,
35910,22:30:00,,,,,,,,,,,,,,,,,,,,,,,,,
35911,22:31:00,,,,,,,,,,,,,,,,,,,,,,,,,
35912,22:32:00,,,,,,,,,,,,,,,,,,,,,,,,,
35913,22:33:00,,,,,,,,,,,,,,,,,,,,,,,,,
35914,22:34:00,,,,,,,,,,,,,,,,,,,,,,,,,
35915,22:35:00,,,,,,,,,,,,,,,,,,,,,,,,,
35916,22:36:00,,,,,,,,,,,,,,,,,,,,,,,,,
35917,22:37:00,,,,,,,,,,,,,,,,,,,,,,,,,
35918,22:38:00,,,,,,,,,,,,,,,,,,,,,,,,,
35919,22:39:00,,,,,,,,,,,,,,,,,,,,,,,,,
35920,22:40:00,,,,,,,,,,,,,,,,,,,,,,,,,
35921,22:41:00,,,,,,,,,,,,,,,,,,,,,,,,,
35922,22:42:00,,,,,,,,,,,,,,,,,,,,,,,,,
35923,22:43:00,,,,,,,,,,,,,,,,,,,,,,,,,
35924,22:44:00,,,,,,,,,,,,,,,,,,,,,,,,,
35925,22:45:00,,,,,,,,,,,,,,,,,,,,,,,,,
35926,22:46:00,,,,,,,,,,,,,,,,,,,,,,,,,
35927,22:47:00,,,,,,,,,,,,,,,,,,,,,,,,,
35928,22:48:00,,,,,,,,,,,,,,,,,,,,,,,,,
35929,22:49:00,,,,,,,,,,,,,,,,,,,,,,,,,
35930,22:50:00,,,,,,,,,,,,,,,,,,,,,,,,,
35931,22:51:00,,,,,,,,,,,,,,,,,,,,,,,,,
35932,22:52:00,,,,,,,,,,,,,,,,,,,,,,,,,
35933,22:53:00,,,,,,,,,,,,,,,,,,,,,,,,,
35934,22:54:00,,,,,,,,,,,,,,,,,,,,,,,,,
35935,22:55:00,,,,,,,,,,,,,,,,,,,,,,,,,
35936,22:56:00,,,,,,,,,,,,,,,,,,,,,,,,,
35937,22:57:00,,,,,,,,,,,,,,,,,,,,,,,,,
35938,22:58:00,,,,,,,,,,,,,,,,,,,,,,,,,
35939,22:59:00,,,,,,,,,,,,,,,,,,,,,,,,,
35940,23:00:00,,,,,,,,,,,,,,,,,,,,,,,,,
35941,23:01:00,,,,,,,,,,,,,,,,,,,,,,,,,
35942,23:02:00,,,,,,,,,,,,,,,,,,,,,,,,,
35943,23:03:00,,,,,,,,,,,,,,,,,,,,,,,,,
35944,23:04:00,,,,,,,,,,,,,,,,,,,,,,,,,
35945,23:05:00,,,,,,,,,,,,,,,,,,,,,,,,,
35946,23:06:00,,,,,,,,,,,,,,,,,,,,,,,,,
35947,23:07:00,,,,,,,,,,,,,,,,,,,,,,,,,
35948,23:08:00,,,,,,,,,,,,,,,,,,,,,,,,,
35949,23:09:00,,,,,,,,,,,,,,,,,,,,,,,,,
35950,23:10:00,,,,,,,,,,,,,,,,,,,,,,,,,
35951,23:11:00,,,,,,,,,,,,,,,,,,,,,,,,,
35952,23:12:00,,,,,,,,,,,,,,,,,,,,,,,,,
35953,23:13:00,,,,,,,,,,,,,,,,,,,,,,,,,
35954,23:14:00,,,,,,,,,,,,,,,,,,,,,,,,,
35955,23:15:00,,,,,,,,,,,,,,,,,,,,,,,,,
35956,23:16:00,,,,,,,,,,,,,,,,,,,,,,,,,
35957,23:17:00,,,,,,,,,,,,,,,,,,,,,,,,,
35958,23:18:00,,,,,,,,,,,,,,,,,,,,,,,,,
35959,23:19:00,,,,,,,,,,,,,,,,,,,,,,,,,
35960,23:20:00,,,,,,,,,,,,,,,,,,,,,,,,,
35961,23:21:00,,,,,,,,,,,,,,,,,,,,,,,,,
35962,23:22:00,,,,,,,,,,,,,,,,,,,,,,,,,
35963,23:23:00,,,,,,,,,,,,,,,,,,,,,,,,,
35964,23:24:00,,,,,,,,,,,,,,,,,,,,,,,,,
35965,23:25:00,,,,,,,,,,,,,,,,,,,,,,,,,
35966,23:26:00,,,,,,,,,,,,,,,,,,,,,,,,,
35967,23:27:00,,,,,,,,,,,,,,,,,,,,,,,,,
35968,23:28:00,,,,,,,,,,,,,,,,,,,,,,,,,
35969,23:29:00,,,,,,,,,,,,,,,,,,,,,,,,,
35970,23:30:00,,,,,,,,,,,,,,,,,,,,,,,,,
35971,23:31:00,,,,,,,,,,,,,,,,,,,,,,,,,
35972,23:32:00,,,,,,,,,,,,,,,,,,,,,,,,,
35973,23:33:00,,,,,,,,,,,,,,,,,,,,,,,,,
35974,23:34:00,,,,,,,,,,,,,,,,,,,,,,,,,
35975,23:35:00,,,,,,,,,,,,,,,,,,,,,,,,,
35976,23:36:00,,,,,,,,,,,,,,,,,,,,,,,,,
35977,23:37:00,,,,,,,,,,,,,,,,,,,,,,,,,
35978,23:38:00,,,,,,,,,,,,,,,,,,,,,,,,,
35979,23:39:00,,,,,,,,,,,,,,,,,,,,,,,,,
35980,23:40:00,,,,,,,,,,,,,,,,,,,,,,,,,
35981,23:41:00,,,,,,,,,,,,,,,,,,,,,,,,,
35982,23:42:00,,,,,,,,,,,,,,,,,,,,,,,,,
35983,23:43:00,,,,,,,,,,,,,,,,,,,,,,,,,
35984,23:44:00,,,,,,,,,,,,,,,,,,,,,,,,,
35985,23:45:00,,,,,,,,,,,,,,,,,,,,,,,,,
35986,23:46:00,,,,,,,,,,,,,,,,,,,,,,,,,
35987,23:47:00,,,,,,,,,,,,,,,,,,,,,,,,,
35988,23:48:00,,,,,,,,,,,,,,,,,,,,,,,,,
35989,23:49:00,,,,,,,,,,,,,,,,,,,,,,,,,
35990,23:50:00,,,,,,,,,,,,,,,,,,,,,,,,,
35991,23:51:00,,,,,,,,,,,,,,,,,,,,,,,,,
35992,23:52:00,,,,,,,,,,,,,,,,,,,,,,,,,
35993,23:53:00,,,,,,,,,,,,,,,,,,,,,,,,,
35994,23:54:00,,,,,,,,,,,,,,,,,,,,,,,,,
35995,23:55:00,,,,,,,,,,,,,,,,,,,,,,,,,
35996,23:56:00,,,,,,,,,,,,,,,,,,,,,,,,,
35997,23:57:00,,,,,,,,,,,,,,,,,,,,,,,,,
35998,23:58:00,,,,,,,,,,,,,,,,,,,,,,,,,
35999,23:59:00,,,,,,,,,,,,,,,,,,,,,,,,,
